Date,Close,High,Low,Open,Volume,RSI,MACD,MACD_Signal,OBV,EMA_200,SMA_20,SMA_50,BB_High,BB_Low
2020-01-01,672.2161865234375,680.0088516309808,670.3905321258029,675.9566705310696,14004468,51.64449275367357,-11.282663092356302,-8.258174534473154,14004468,819.4401144432687,680.3895721435547,642.8428045654297,699.4053680285247,661.3737762585847
2020-01-02,683.6602172851562,686.1761470483035,673.2848606187108,673.2848606187108,17710316,51.64449275367357,-11.282663092356302,-8.258174534473154,31714784,819.4401144432687,680.3895721435547,642.8428045654297,699.4053680285247,661.3737762585847
2020-01-03,684.4840087890625,686.4878350527088,678.1830672888824,682.6360013302883,20984698,51.64449275367357,-11.282663092356302,-8.258174534473154,52699482,819.4401144432687,680.3895721435547,642.8428045654297,699.4053680285247,661.3737762585847
2020-01-06,668.6093139648438,680.3650438391912,667.0507691289934,676.8472602327319,24519177,51.64449275367357,-11.282663092356302,-8.258174534473154,28180305,819.4401144432687,680.3895721435547,642.8428045654297,699.4053680285247,661.3737762585847
2020-01-07,678.8956909179688,683.3040975466399,673.952886932682,676.4019951208164,16683622,51.64449275367357,-11.282663092356302,-8.258174534473154,44863927,819.4401144432687,680.3895721435547,642.8428045654297,699.4053680285247,661.3737762585847
2020-01-08,673.7970581054688,683.2817936051865,672.394391396721,674.6208587574616,16047902,51.64449275367357,-11.282663092356302,-8.258174534473154,28816025,819.4401144432687,680.3895721435547,642.8428045654297,699.4053680285247,661.3737762585847
2020-01-09,689.3154907226562,690.206053788195,681.8568169732863,685.1297254143482,14982742,51.64449275367357,-11.282663092356302,-8.258174534473154,43798767,819.4401144432687,680.3895721435547,642.8428045654297,699.4053680285247,661.3737762585847
2020-01-10,689.1596069335938,693.7461255846073,685.5972357997355,691.0520831577536,12478359,51.64449275367357,-11.282663092356302,-8.258174534473154,31320408,819.4401144432687,680.3895721435547,642.8428045654297,699.4053680285247,661.3737762585847
2020-01-13,687.4007568359375,694.0801585291999,685.0407051379933,688.0019166618636,18282382,51.64449275367357,-11.282663092356302,-8.258174534473154,13038026,819.4401144432687,680.3895721435547,642.8428045654297,699.4053680285247,661.3737762585847
2020-01-14,681.0330200195312,690.2060574437152,677.6710552541097,685.7531231921615,15816535,51.64449275367357,-11.282663092356302,-8.258174534473154,-2778509,819.4401144432687,680.3895721435547,642.8428045654297,699.4053680285247,661.3737762585847
2020-01-15,678.5616455078125,685.708622508407,676.068009361063,683.9052024938248,15817859,51.64449275367357,-11.282663092356302,-8.258174534473154,-18596368,819.4401144432687,680.3895721435547,642.8428045654297,699.4053680285247,661.3737762585847
2020-01-16,684.8179321289062,687.2448055274269,680.4095262908653,680.8548672498658,12847975,51.64449275367357,-11.282663092356302,-8.258174534473154,-5748393,819.4401144432687,680.3895721435547,642.8428045654297,699.4053680285247,661.3737762585847
2020-01-17,704.0101928710938,705.7690846391494,691.6310096398801,691.7645940988411,29463471,51.64449275367357,-11.282663092356302,-8.258174534473154,23715078,819.4401144432687,680.3895721435547,642.8428045654297,699.4053680285247,661.3737762585847
2020-01-20,682.3467407226562,716.4785568422917,679.69722598457,716.4785568422917,32545850,51.64449275367357,-11.282663092356302,-8.258174534473154,-8830772,819.4401144432687,680.3895721435547,642.8428045654297,699.4053680285247,661.3737762585847
2020-01-21,683.036865234375,688.3581283514012,677.73783646965,680.6768135829059,18922720,52.074283551768964,-11.282663092356302,-8.258174534473154,10091948,819.4401144432687,680.3895721435547,642.8428045654297,699.4053680285247,661.3737762585847
2020-01-22,682.7919311523438,688.7588822425179,681.7900179448524,687.534328261155,10322817,51.89797716255872,-11.282663092356302,-8.258174534473154,-230869,819.4401144432687,680.3895721435547,642.8428045654297,699.4053680285247,661.3737762585847
2020-01-23,679.8975219726562,686.6214514994721,677.1589513580537,684.1945779592724,11247739,49.75424616412983,-11.282663092356302,-8.258174534473154,-11478608,819.4401144432687,680.3895721435547,642.8428045654297,699.4053680285247,661.3737762585847
2020-01-24,677.5374145507812,684.1277590740176,676.2015106061541,679.9642284408451,14628445,48.01270958659013,-11.282663092356302,-8.258174534473154,-26107053,819.4401144432687,680.3895721435547,642.8428045654297,699.4053680285247,661.3737762585847
2020-01-27,670.8580932617188,678.8288715307318,670.1678770715025,674.576343167049,13387750,43.38441067460364,-11.282663092356302,-8.258174534473154,-39494803,819.4401144432687,680.3895721435547,642.8428045654297,699.4053680285247,661.3737762585847
2020-01-28,655.3617553710938,672.3942783497732,651.7326219117568,671.7708247894806,24532236,34.963461712317255,-11.282663092356302,-8.258174534473154,-64027039,819.4401144432687,680.3895721435547,642.8428045654297,699.4053680285247,661.3737762585847
2020-01-29,658.96875,665.4477454950623,651.9330633649719,656.385997983268,24746565,37.98100267926655,-11.282663092356302,-8.258174534473154,-39280474,819.4401144432687,679.7272003173828,642.8428045654297,700.6617417538831,658.7926588808824
2020-01-30,642.8936157226562,658.9019342560167,641.2237800875757,658.5902371528151,22402689,31.063622373545556,-11.282663092356302,-8.258174534473154,-61683163,819.4401144432687,677.6888702392578,642.8428045654297,703.9545271595141,651.4232133190014
2020-01-31,628.599609375,647.1238564671794,626.6180767993984,647.0125063572486,34750310,26.450516437002975,-11.282663092356302,-8.258174534473154,-96433473,819.4401144432687,674.8946502685546,642.8428045654297,708.5305001512546,641.2588003858547
2020-02-03,616.9552001953125,623.3897268292178,606.9583616221806,610.0086294911721,30712290,23.401665025580172,-11.282663092356302,-8.258174534473154,-127145763,819.4401144432687,672.3119445800781,642.8428045654297,714.3617223096473,630.262166850509
2020-02-04,635.167724609375,637.8840014691701,622.4323157911366,623.411935184783,25383901,35.855398979814794,-11.282663092356302,-8.258174534473154,-101761862,819.4401144432687,670.1255462646484,642.8428045654297,715.0291310771038,625.221961452193
2020-02-05,645.0086669921875,646.9234370233874,636.9043647870463,638.9526598272524,18472100,41.39951943406365,-11.282663092356302,-8.258174534473154,-83289762,819.4401144432687,668.6861267089844,642.8428045654297,714.8545113397952,622.5177420781736
2020-02-06,649.14990234375,653.2466113131902,641.2682409254869,647.5023606854987,15538577,43.60836397247057,-10.633758381654502,-8.258174534473154,-67751185,819.4401144432687,666.677847290039,642.8428045654297,712.5756214745056,620.7800731055725
2020-02-07,638.3961181640625,646.7231209827357,636.0137726868787,646.121961162775,12209212,39.449960431096436,-10.862026552770317,-8.258174534473154,-79960397,819.4401144432687,664.1396728515625,642.8428045654297,710.3967987275252,617.8825469755999
2020-02-10,639.2642822265625,643.672687353671,628.0651271089062,635.8800244046837,15142476,39.94782446657018,-10.847830105749722,-8.258174534473154,-64817921,819.4401144432687,661.7328491210938,642.8428045654297,707.9074297748485,615.558268467339
2020-02-11,646.9012451171875,652.8904307204514,643.4724582072458,644.5188995976021,13999816,44.28745615613068,-10.103869124863309,-8.258174534473154,-50818105,819.4401144432687,660.0262603759766,642.8428045654297,705.7421011108271,614.310419641126
2020-02-12,654.7161865234375,656.742306925112,647.9031998730488,648.4153034245885,13533565,48.396957826399415,-8.782435775523481,-8.258174534473154,-37284540,819.4401144432687,658.8339874267579,642.8428045654297,703.7915152882769,613.8764595652389
2020-02-13,656.4305419921875,658.0336151395259,651.2873910883294,658.0336151395259,13565659,49.280787360268256,-7.510282307444982,-8.258174534473154,-23718881,819.4401144432687,657.4146179199219,642.8428045654297,700.7648555866988,614.0643802531449
2020-02-14,662.419677734375,668.5869752575289,647.0569900773629,657.8108654922579,21227841,52.35117601844167,-5.950227795386354,-8.258174534473154,-2491040,819.4401144432687,655.335092163086,642.8428045654297,693.1864593777041,617.4837249484679
2020-02-17,658.2562255859375,670.6799378673376,656.4973336908605,663.0431510030807,13149130,50.08145793409788,-4.992281237433531,-8.258174534473154,-15640170,819.4401144432687,654.13056640625,642.8428045654297,689.945413094935,618.3157197175649
2020-02-18,653.4247436523438,657.2097556655767,648.97180932506,657.2097556655767,11127161,47.507400634630784,-4.570278575763609,-7.520595342731246,-26767331,819.4401144432687,652.6499603271484,642.8428045654297,685.9203567878451,619.3795638664517
2020-02-19,669.6334228515625,670.8134485862718,656.8534867255756,658.7459628812005,14084409,55.728301025681255,-2.894566712970459,-6.595389616779089,-12682922,819.4401144432687,651.9920349121094,642.8428045654297,683.3156320245607,620.668437799658
2020-02-20,661.6849975585938,671.5037233050037,660.7276124968037,666.6055073331329,16892268,51.471292370208786,-2.1827629496744976,-5.712864283358171,-29575190,819.4401144432687,651.0814086914063,642.8428045654297,680.0796541377053,622.0831632451072
2020-02-24,643.4279174804688,657.699577615814,641.0233376549481,654.4711971958799,21370214,43.29111993727143,-3.056612395493403,-5.181613905785218,-50945404,819.4401144432687,649.3759338378907,642.8428045654297,675.852240177651,622.8996274981304
2020-02-25,630.7147827148438,646.3000526686237,627.8648619763386,646.3000526686237,27745062,38.68110558166018,-4.720572285680646,-5.089405581764304,-78690466,819.4401144432687,647.3687683105469,642.8428045654297,673.1026180249889,621.6349185961049
2020-02-26,619.8495483398438,628.9112950285784,617.7789594939649,627.8648537048206,29362748,35.228342363127,-6.837191212058883,-5.43896270782322,-108053214,819.4401144432687,645.5931579589844,642.8428045654297,673.6699059503804,617.5164099675884
2020-02-27,617.2891235351562,620.6510881290094,609.6077499205786,618.0683364567957,25054993,34.44799234594048,-8.62184458652348,-6.075539083563272,-133108207,819.4401144432687,643.5091766357422,642.8428045654297,673.4319814105854,613.5863718608989
2020-02-28,591.6401977539062,604.2643163833105,590.0148903377343,603.3291656588368,39315769,27.803787237049747,-11.96789080164217,-7.254009427179053,-172423976,819.4401144432687,640.9465057373047,642.8428045654297,678.4579377022393,603.4350737723702
2020-03-02,586.0740356445312,609.6077893226085,579.3723403742132,603.4181975497225,29500495,26.60454661721046,-14.897075089430132,-8.782622559629269,-201924471,819.4401144432687,638.8202270507812,642.8428045654297,683.100377329535,594.5400767720274
2020-03-03,597.9634399414062,602.883950336585,588.679050886282,592.1078381691597,27398798,33.2294042952863,-16.07381029875046,-10.240860107453507,-174525673,819.4401144432687,637.870639038086,642.8428045654297,684.7253545941076,591.0159234820644
2020-03-04,596.5606689453125,602.8393168736188,582.4003001293128,602.0378101189941,22105261,32.852623449377305,-16.924478473276622,-11.57758378061813,-196630934,819.4401144432687,635.9402862548828,642.8428045654297,686.1428847822159,585.7376877275498
2020-03-05,583.84765625,604.687430011387,581.554366792972,602.1269715894884,30510390,29.57922115925875,-18.412228301112464,-12.944512684716997,-227141324,819.4401144432687,632.8822357177735,642.8428045654297,687.7381881830465,578.0262832525004
2020-03-06,565.9689331054688,573.6057788366949,552.654658716733,565.5236515774449,33734039,25.700848864798218,-20.794241228455007,-14.5144583934646,-260875363,819.4401144432687,628.7231872558593,642.8428045654297,690.2255075555398,567.2208669561788
2020-03-09,496.1246032714844,552.610174773984,487.59722352706973,552.187127563448,88187018,16.56385247001262,-27.99514671408747,-17.210596057589175,-349062381,819.4401144432687,621.6096115112305,642.8428045654297,705.7397924168215,537.4794306056394
2020-03-11,513.669189453125,524.7569973633897,493.3860202311153,493.3860202311153,59578576,23.884134810660882,-31.918280641741603,-20.15213297441966,-289483805,819.4401144432687,615.3298568725586,642.8428045654297,711.1840979322155,519.4756158129017
2020-03-12,473.3477783203125,490.26895266015714,466.98007386558294,483.14426957764243,55970485,19.623072588724455,-37.84474280486597,-23.690654940508924,-345454290,819.4401144432687,606.6521835327148,642.8428045654297,719.4318762331974,493.8724908322323
2020-03-13,492.1836853027344,507.6353699155986,419.64527598931187,444.40361172588484,73297403,26.242914346625085,-40.55412379669485,-27.063348711746112,-272156887,819.4401144432687,598.5255584716797,639.2421545410157,719.4125664038461,477.63855053951335
2020-03-16,452.285400390625,480.78422401846996,447.52073887081747,472.2568439815697,38482258,22.09232308644839,-45.397472101837934,-30.73017338976448,-310639145,819.4401144432687,588.3183013916016,634.614658203125,721.7482667000312,454.888336083172
2020-03-17,448.85662841796875,472.0119237181846,446.7192174587202,466.3344054216944,45445979,21.77361180257944,-48.94828837175646,-34.37379638616288,-356085124,819.4401144432687,577.6401489257812,629.9021105957031,719.5527020435999,435.72759580796253
2020-03-18,431.26751708984375,461.2803576562569,427.9278160593616,456.560224275454,44730415,20.166395559725615,-52.57557167069683,-38.01415144306967,-400815539,819.4401144432687,566.2907135009766,625.1552746582031,716.6540504600605,415.9273765418927
2020-03-19,408.6465759277344,430.5995830009128,397.2915681691837,409.7152814911836,61404010,18.295929738927583,-56.62282800421508,-41.73588675529875,-462219549,819.4401144432687,554.0518051147461,619.7502923583984,713.6194602572692,394.484149972223
2020-03-20,453.28729248046875,460.8350229658722,414.123649892298,418.35394359459445,63360475,31.749369364363787,-55.587398135907506,-44.506189031420504,-398859074,819.4401144432687,543.2344985961914,615.3400970458985,699.2878722091014,387.1811249832815
2020-03-23,393.662353515625,423.02950129195114,389.9218699453738,407.9785404343475,40670949,25.66956477553164,-58.89909467347849,-47.3847701598321,-439530023,819.4401144432687,529.833366394043,609.4270343017578,688.9011356456565,370.76559714242944
2020-03-24,420.090576171875,431.9353918898189,398.8945807634273,414.1236252972025,45734887,31.89484881639484,-58.71427967280357,-49.650672062426395,-393795136,819.4401144432687,518.6664993286133,604.0456536865235,675.6114295694487,361.721569087778
2020-03-25,481.9197082519531,512.7785828326291,428.9297155932021,429.17462045473866,73130298,43.76167880279091,-52.9681345385614,-50.3141645576534,-320664838,819.4401144432687,511.22674560546875,599.9360327148438,660.1207117538074,362.3327794571301
2020-03-26,474.772705078125,497.34913321338615,464.15244304869213,487.9534251497577,45744488,42.83261643033856,-48.43267482003256,-49.937866610129234,-366409326,819.4401144432687,503.9729034423828,595.8108264160156,644.9159309756893,363.0298759090763
2020-03-27,474.50555419921875,493.0743302616386,465.86685415365895,487.59721846033517,41657940,42.79604248405163,-44.348623830670135,-48.820018054237416,-408067266,819.4401144432687,496.83372497558594,591.7297045898438,628.2362261716904,365.43122377948146
2020-03-30,458.85345458984375,478.6022562103133,454.20014346811496,463.37321097095526,30229866,40.60822110026628,-41.89207189809224,-47.43442882300838,-438297132,819.4401144432687,490.1943878173828,587.2104150390625,615.0188279746395,365.36994766012606
2020-03-31,495.94647216796875,503.0934193486525,466.668378147016,478.2237612689132,44292810,47.46278103765529,-36.531033262084236,-45.253749710823556,-394004322,819.4401144432687,485.68800964355466,583.049140625,602.5980049603538,368.7780143267555
2020-04-01,481.1181335449219,500.7778469800412,465.42151466703814,499.73140572151567,41597459,45.21614958370122,-33.09736865665633,-42.82247349999012,-435601781,819.4401144432687,479.84574432373046,579.0245684814453,584.7954515767901,374.8960370706708
2020-04-03,479.7822570800781,505.1640473665368,470.36428521360847,505.1640473665368,41367807,45.00944941053964,-30.136563243255523,-40.2852914486432,-476969588,819.4401144432687,474.00682373046874,574.9594763183594,564.3040836997887,383.70956376114873
2020-04-07,537.0693359375,540.5871191109118,489.8236031363708,490.7587239777516,54373624,54.59516296718459,-22.90349785959154,-36.80893273083287,-422595964,819.4401144432687,471.66790771484375,572.0450244140625,552.3778044866153,390.95801094307217
2020-04-08,530.8575439453125,547.2666748233642,516.5413553079427,525.4472243442474,49880330,53.50602234608885,-17.47108533490575,-32.941363251647445,-472476294,819.4401144432687,469.91233825683594,569.0642248535156,543.5595056829959,396.26517083067597
2020-04-09,543.2366943359375,548.9587106749909,531.2360300150857,540.5871800325931,33032857,55.41490024578383,-12.028310415915143,-28.758752684500987,-439443437,819.4401144432687,472.26794281005857,566.3782104492187,551.8894565490948,392.64642907102234
2020-04-13,529.5216674804688,541.0325221376103,525.4471928092958,536.1120125498173,23673784,52.82711150578355,-8.721029525792687,-24.751208052759328,-463117221,819.4401144432687,473.0605667114258,563.5514819335938,554.6072257018865,391.5139077209651
2020-04-15,512.0215454101562,550.3836477833194,508.97127785494433,533.0394274350746,35321842,49.64161409596144,-7.426491221182744,-21.286264686444014,-498439063,819.4401144432687,474.99425506591797,560.684677734375,558.2917704191877,391.69673971264814
2020-04-16,520.1259155273438,528.7646148704049,509.8619089009577,512.0215540116548,37455706,51.11184948138129,-5.681116970659389,-18.16523514328709,-460983357,819.4401144432687,476.39136657714846,557.9078210449219,561.7081083958371,391.0746247584598
2020-04-17,545.0400390625,547.7118467989294,531.0800784676695,541.4777278308106,33269335,55.420681152361034,-2.2614649884344544,-14.984481112316566,-427714022,819.4401144432687,481.0290985107422,555.9507495117188,570.5792002987823,391.4789967227021
2020-04-20,553.85693359375,559.7347681895708,535.2436321732976,545.9306852340615,36030932,56.869438811449946,1.1468632222224642,-11.75821224540876,-391683090,819.4401144432687,486.27911376953125,554.4558959960938,579.888596385235,392.6696311538275
2020-04-21,550.9848022460938,557.5083250081677,518.3224819342147,538.8059664932713,61371628,56.22838970750583,3.5750202800782063,-8.691565740311368,-453054718,819.4401144432687,492.2649780273438,553.1364880371094,586.3475110625645,398.18244499212307
2020-04-22,607.2031860351562,616.6879797457742,578.8825082607582,587.7883765401166,142683366,64.63224539043671,9.92133895780978,-4.968984800687139,-310371352,819.4401144432687,502.1928085327148,552.577197265625,600.6865984192907,403.699018646139
2020-04-23,610.453857421875,617.1110242514935,602.6166648338456,608.8730782936495,65464502,65.05008687727411,15.039775081379844,-0.9672328242737422,-244906850,819.4401144432687,510.05113677978517,551.8861010742188,616.4454711971547,403.65680236241565
2020-04-24,630.9819946289062,665.692673747736,599.9004494609227,601.2140598103026,134986308,67.64933887623917,20.516124584095223,3.329438657400051,-109920542,819.4401144432687,521.9171188354492,551.5227429199218,626.6650685892092,417.16916908168906
2020-04-27,636.6593627929688,656.8089146894805,633.6536236053566,638.5518388221476,58482901,68.35039498858674,25.02580527783914,7.66871198148787,-51437641,819.4401144432687,532.7455581665039,551.4880078125,637.9241688045465,427.56694752846124
2020-04-28,635.9470825195312,648.103567516399,619.916469231147,645.6767530581233,78453401,68.1508552164822,28.217016451662403,11.778372875522777,-129891042,819.4401144432687,540.4469268798828,551.4216638183593,651.9760860148899,428.9177677448756
2020-04-29,635.4126586914062,647.3020336819599,632.3178625081999,643.4057306477636,37494672,67.990473046117,30.353059585016467,15.493310217421516,-167385714,819.4401144432687,548.4789245605468,551.1918920898438,663.0292573939321,433.9285917271616
2020-04-30,652.8013916015625,665.6926795202014,640.3554447044901,647.4356000405522,71345899,70.42894830324678,33.06782922836862,19.00821401961094,-96039815,819.4401144432687,557.3937164306641,551.1535961914062,675.2330486473362,439.5543842139919
2020-05-04,639.0863037109375,652.3560500195231,631.1822890196224,641.2237145072914,53456868,66.14863716013002,33.723863057630524,21.951343827214856,-149496683,819.4401144432687,566.4053588867188,550.8067114257813,680.2208610857853,452.5898566876523
2020-05-05,650.4190673828125,658.5902520124664,644.4298814250894,647.3243306346986,44903763,67.88543056340232,34.757570275946705,24.512589116961227,-104592920,819.4401144432687,574.1289886474609,550.56669921875,688.7331788571815,459.5247984377403
2020-05-06,650.4635620117188,661.2396721044524,643.6728107196592,651.9107566845831,40489094,67.8923958075446,35.1749066108257,26.645052615734123,-64103826,819.4401144432687,582.5962600708008,550.4108459472657,693.4228419767649,471.7696781648367
2020-05-07,671.0361328125,674.0196380436263,643.4501981639638,647.9031324834183,50026966,71.0218627282237,36.74214264521402,28.6644706216301,-14076860,819.4401144432687,592.1589538574219,550.7630737304687,698.774755608621,485.5431521062228
2020-05-08,695.4605712890625,703.5203455803562,684.4617604589652,687.9796035544326,84262770,74.23292213452204,39.4997085033898,30.831518197982042,70185910,819.4401144432687,600.078515625,551.2796166992188,712.521047528969,487.63598372103104
2020-05-11,702.139892578125,719.1501212050276,700.1360664102885,703.5647933551589,67085063,75.04723079638492,41.742878797060825,33.0137903177978,137270973,819.4401144432687,608.6426330566406,552.0887145996094,724.7242547738657,492.5610113394156
2020-05-12,658.7015380859375,698.3773161288631,652.3561269036683,696.796477334206,100683202,61.44689731770472,39.55947819817197,34.32292789387263,36587771,819.4401144432687,614.4158752441406,552.3941870117187,728.377329383854,500.4544211044272
2020-05-13,672.677001953125,686.4096865474885,653.5950534044931,686.4096865474885,66430125,63.72463756543821,38.51286825741454,35.160915966581015,103017896,819.4401144432687,621.5736419677735,553.2334313964843,731.2082396387368,511.9390442968101
2020-05-14,645.4812622070312,672.789324791763,642.8291322565639,660.3377319199246,49266771,56.70398084913197,35.08452090804542,35.1456369548739,53751125,819.4401144432687,628.2466278076172,553.7460656738281,725.9994412477736,530.4938143674608
2020-05-15,656.0225219726562,659.3039915320402,636.1089830747022,649.0999689371046,62152260,58.60754648627744,32.839568397301264,34.684423243359376,115903385,819.4401144432687,635.0414581298828,554.5207336425781,719.8189081597538,550.2640081000118
2020-05-18,647.6390380859375,666.1815376925038,641.9077470485184,660.7873884161261,62796089,56.48069755769397,30.037694429005114,33.755077480488524,53107296,819.4401144432687,640.1714080810547,555.6407104492188,714.2904960738416,566.0523200882677
2020-05-19,633.3219604492188,657.0564195102567,630.7822503273412,654.9436803175768,42315854,52.94692667544195,26.358081059131678,32.27567819621716,10791442,819.4401144432687,644.1446594238281,556.5856689453125,706.9923927586067,581.2969260890495
2020-05-20,644.4698486328125,650.380975067575,626.1745466989224,633.8163258707098,55320985,55.292462101951514,24.064106324627005,30.633363821899128,66112427,819.4401144432687,648.8189117431641,557.5157971191406,694.9352038541887,602.7026196321395
2020-05-21,647.86376953125,656.9439458804737,640.5591310175457,645.054274887475,39167981,56.011394396553044,22.263337970977318,28.95935865171477,105280408,819.4401144432687,650.8519409179687,558.5418591308594,692.8518016517271,608.8520801842103
2020-05-22,643.5034790039062,655.3931503743523,641.233434844536,652.6061872445827,37828973,54.79233341812032,20.250936877236086,27.217674296819034,67451435,819.4401144432687,652.5044219970703,559.7349755859375,690.4183307279959,614.5905132661446
2020-05-26,640.1321411132812,651.6621989470918,636.6483627789014,650.9654432802158,33216635,53.817028757174775,18.174550811067093,25.40904959966865,34234800,819.4401144432687,652.9619293212891,561.2182397460938,690.0375131243799,615.8863455181983
2020-05-27,649.796630859375,653.5950188666403,634.7153801347918,643.2561648384756,35667956,56.222671283894925,17.111591669898644,23.749558013714648,69902756,819.4401144432687,653.6187927246094,564.2916802978516,689.9742892004665,617.2632962487523
2020-05-28,661.7987060546875,665.1700639694456,651.3474905739236,654.0445650157022,40126278,59.07377494289997,17.041215530205932,22.407889517012904,110029034,819.4401144432687,654.9113739013671,567.2542706298829,690.4917531533523,619.330994649382
2020-05-29,658.2700805664062,661.6863829805953,652.9882921441282,659.8883134336163,40022527,57.88025927474708,16.51038984870104,21.22838958335053,70006507,819.4401144432687,656.0542449951172,570.9527166748047,690.5064578919967,621.6020320982377
2020-06-01,683.42041015625,691.5116927649323,663.4619289082036,665.282470467664,39943702,63.53522228363181,17.9126422894617,20.565240124572767,109950209,819.4401144432687,657.5851959228515,574.777451171875,693.9891094295706,621.1812824161325
2020-06-02,690.3204345703125,692.2533963499591,683.622663148201,685.9601831154127,22153960,64.92650303964685,19.357569741442035,20.323706047946622,132104169,819.4401144432687,660.1469024658203,579.5381518554688,698.158386575273,622.1354183563676
2020-06-03,692.9951171875,701.243705152625,689.2640858781962,694.5009892228203,25381289,65.4763779102196,20.48240131867874,20.355445102093046,157485458,819.4401144432687,662.2757049560547,584.4209216308594,702.5698808507588,621.9815290613507
2020-06-04,710.1441650390625,714.5044764477512,692.7029788544525,694.0514864853873,34202350,68.8485905045328,22.498277154317293,20.784011512537898,191687808,819.4401144432687,665.2597351074219,589.9984545898437,710.1860683343002,620.3334018805435
2020-06-05,710.9981689453125,727.3155677405333,707.4020299835134,716.976712812966,33076685,69.01092534131996,23.889402098927917,21.405089629815905,224764493,819.4401144432687,667.2578369140625,596.0454864501953,716.3916672735296,618.1240065545954
2020-06-08,705.5140991210938,727.4954324920736,703.4913080333477,727.4954324920736,31414953,66.61041293542004,24.26959525076279,21.977990754005283,193349540,819.4401144432687,667.7605133056641,601.0900225830078,718.2258680150037,617.2951585963244
2020-06-09,690.97216796875,711.5824583092239,689.1066823058262,701.3784378119412,25857161,60.59170752074017,23.13085070228965,22.208562743662156,167492379,819.4401144432687,667.2021270751953,607.0362188720703,716.3638264337171,618.0404277166735
2020-06-10,706.7052612304688,710.0316745660456,692.2758220092561,693.6468015444327,22132647,64.34535742808981,23.23013405752863,22.412877006435455,189625026,819.4401144432687,669.6023132324219,612.7685125732422,721.4817564488383,617.7228700160056
2020-06-11,691.2194213867188,704.8172120727567,688.2076777451796,703.9406793398144,20385805,58.44449996814094,21.80785163825692,22.29187193279975,169239221,819.4401144432687,670.5294342041016,616.9545068359375,723.2514177224209,617.8074506857822
2020-06-12,714.189697265625,716.0776552194108,672.924169196797,674.2727360709879,38548899,63.75421856238624,22.277391959500733,22.28897593813995,207788120,819.4401144432687,673.9648559570312,621.7428466796875,728.6289262927212,619.3007856213412
2020-06-15,725.7647705078125,731.3387563203479,701.7381741898191,703.4912994111404,53107403,66.10453738121248,23.314759683960347,22.494132687304027,260895523,819.4401144432687,677.4519683837891,626.7680310058594,735.8624257787638,619.0415109888144
2020-06-16,727.1807861328125,741.0483050918923,712.6164520349436,738.5535392456209,51187003,66.39164554443475,23.974775418976265,22.790261233638475,312082526,819.4401144432687,681.4290557861328,632.1345776367187,741.9711199780719,620.8869915941938
2020-06-17,726.1243286132812,735.159560417052,720.1682571993283,722.9327480146142,41782053,65.94285838780334,24.134389136658683,23.05908681424252,270300473,819.4401144432687,686.0691741943359,636.738134765625,745.3641461525042,626.7742022361676
2020-06-18,744.3521728515625,748.4427585087822,721.74156125064,722.3709004133316,40471557,69.74316344505243,25.438479890185477,23.534965429431114,310772030,819.4401144432687,691.0632904052734,642.0028155517579,752.2957141827749,629.8308666277719
2020-06-19,790.8770751953125,804.092782405198,747.094304408189,750.6903840730492,105804173,76.8452405477677,29.881694429456502,24.804311229436195,416576203,819.4401144432687,698.2139556884765,648.2247119140625,770.0763260346553,626.3515853422978
2020-06-22,784.9209594726562,811.0152901303186,779.90883714488,797.1702444845414,60198705,74.4363918769011,32.547181552953134,26.352885294139583,356377498,819.4401144432687,705.2848297119141,653.1817443847656,781.8954352648366,628.6742241589916
2020-06-23,773.5706787109375,792.83240486235,771.4129953643138,786.6515522559022,37962078,69.93725421785776,33.35918261113443,27.754144757538555,318415420,819.4401144432687,711.9567565917969,658.0360070800781,787.9484884999518,635.9650246836419
2020-06-24,776.6947631835938,796.855553260014,769.4351285440347,780.313374152456,51586221,70.46638308116997,33.864418866945584,28.976199579419962,370001641,819.4401144432687,718.3016632080078,662.7051684570313,793.6617163648957,642.9416100511198
2020-06-25,772.2220458984375,786.2019827039641,770.0418905851864,776.3126312670805,39679374,68.60464036687742,33.51754197491107,29.884468058518188,330322267,819.4401144432687,723.8228302001953,667.5591760253906,797.985955622935,649.6597047774557
2020-06-26,782.8980712890625,787.5505795010465,771.8175170961591,777.1218366018753,30921913,70.60123372286016,33.715454788952,30.65066540460495,361244180,819.4401144432687,730.0542297363281,672.9767065429687,802.0500076457645,658.0584518268918
2020-06-29,774.5821533203125,782.0440974489501,771.165850862043,776.7847811125145,25621946,67.02562245471486,32.82291490741477,31.085115305166916,335622234,819.4401144432687,734.6123168945312,678.0658312988281,805.7592913392157,663.4653424498467
2020-06-30,766.018798828125,782.6058621926095,762.1754070277087,780.8078522990025,30276420,63.461390184750336,31.066464614441543,31.081385167021843,305345814,819.4401144432687,738.3972351074219,682.4854064941406,807.7478573298941,669.0466128849497
2020-07-01,781.0775146484375,786.201997392839,767.7943331649622,773.1660690211988,28464103,66.80437700232204,30.537559639921028,30.97262006160168,333809917,819.4401144432687,742.8013549804688,687.0298181152343,811.2409232523125,674.361786708625
2020-07-02,794.524169921875,797.7964291606368,783.1051378323464,786.6933471641555,28789533,69.4888113578169,30.84783668010175,30.947663385301695,362599450,819.4401144432687,747.0203552246094,691.90060546875,817.2665377480386,676.7741727011802
2020-07-03,806.9586791992188,809.2605842388523,797.9769338084662,803.3027790862244,29434266,71.76282115787282,31.731315594902185,31.104393827221795,392033716,819.4401144432687,751.8183807373047,695.8957153320313,824.6293889650584,679.0073725095509
2020-07-06,835.7996215820312,838.5979258395846,808.8543255351691,814.6766894354603,47016185,76.19456634582193,34.36259145219344,31.756033352216125,439049901,819.4401144432687,758.3326568603516,700.4026306152343,836.5212251365272,680.144088584176
2020-07-07,823.00390625,841.463914285067,815.2633981823944,839.5005827702558,35189589,70.8794403580993,35.01179505803236,32.407185693379375,403860312,819.4401144432687,764.9342437744141,704.2430688476562,841.5378691241522,688.330618424676
2020-07-08,811.5172729492188,828.1943991602055,807.9065001671087,823.2747585521189,26204095,66.40148051257373,34.20512291829368,32.76677313836224,377656217,819.4401144432687,770.1748443603516,707.7402270507813,844.4320505999973,695.9176381207059
2020-07-09,823.3650512695312,828.2170013060332,806.2139692943585,816.4820787561033,36418942,68.60467930472512,34.12843477831484,33.03910546635276,414075159,819.4401144432687,776.7821258544922,711.4885864257812,845.0357401350948,708.5285115738895
2020-07-10,847.6473999023438,850.6037089763864,823.3650271392274,825.2832912510764,43759967,72.57414596237848,35.6164768982901,33.554579752740224,457835126,819.4401144432687,783.4550109863281,715.73328125,852.0207551176328,714.8892668550235
2020-07-13,873.3515014648438,879.0835514065949,857.5544142629645,859.066414273634,69608392,76.02913978906362,38.42690572777735,34.52904494774765,527443518,819.4401144432687,790.8343475341796,720.1442834472656,864.5505999315359,717.1180951368234
2020-07-14,865.2272338867188,876.3754426124376,851.8223070969156,872.9001111198423,67331128,72.903064914789,39.54280547994381,35.53179705418688,460112390,819.4401144432687,797.736669921875,724.6671020507813,872.1679992281079,723.3053406156421
2020-07-15,832.2789916992188,893.120238943056,811.517199316064,874.6827955201464,139669773,61.8043855211788,37.33810584654202,35.89305881265791,320442617,819.4401144432687,803.0444030761719,728.3043005371094,871.1641767880556,734.9246293642882
2020-07-16,832.00830078125,843.5627139468717,818.039164673242,833.6331186808312,60961724,61.72125005216129,35.16367801669935,35.747182653466204,259480893,819.4401144432687,807.4272094726563,731.9351953125,871.0062429603427,743.8481759849699
2020-07-17,862.8351440429688,866.581298459645,829.5710262803591,832.7304674212536,49726765,67.14188066777459,35.51846219349295,35.701438561471555,309207658,819.4401144432687,811.025112915039,735.7711755371093,878.4768757997518,743.5733500303262
2020-07-20,866.5361328125,871.9974193757844,857.3964422325445,865.5883422314392,36592938,67.7326644549786,35.686893775803924,35.698529604338034,345800596,819.4401144432687,815.1058715820312,739.1926867675782,885.5554226926322,744.6563204714303
2020-07-21,889.84814453125,892.3079949125722,874.0285529843062,875.1569121232839,42173371,71.24031744923732,37.271815252035594,36.013186733877546,387973967,819.4401144432687,820.9197448730469,742.9468518066407,895.7541071998857,746.085382546208
2020-07-22,904.4942016601562,907.2022513326309,884.950961621849,895.0159382684053,59771457,73.21065767521966,39.25715925364511,36.661981237831064,447745424,819.4401144432687,827.309716796875,747.862705078125,907.5756683858333,747.0437652079167
2020-07-23,928.7764892578125,938.6608971636242,898.7846324946036,904.4715545647441,58333751,76.13046774897897,42.30230174983433,37.790045340231714,506079175,819.4401144432687,835.1374389648438,752.9846948242188,922.6000077177133,747.6748702119743
2020-07-24,968.65283203125,976.2579590026274,928.776564146926,928.8668185460966,120597372,79.98787999269342,47.38703843675444,39.70944395953626,626676547,819.4401144432687,844.4251770019531,759.4481262207031,946.0329244997149,742.8174295041913
2020-07-27,973.1888427734375,992.4161339989756,960.4158156178775,983.3892613715004,80304827,80.3763656822457,51.192630277031526,42.006081223035316,706981374,819.4401144432687,854.3555114746093,765.7914526367188,965.1259719493991,743.5850509998196
2020-07-28,982.8926391601562,990.2495658404168,970.6837629849618,973.1887401702884,55114422,81.21642964946184,54.36491954710607,44.47784888784947,762095796,819.4401144432687,865.1992034912109,772.4965246582032,981.5754724041041,748.8229345783178
2020-07-29,946.311279296875,985.1945694094204,934.4860429521891,982.9830381867582,72663399,69.19135917194987,53.312616968502766,46.24480250398013,689432397,819.4401144432687,873.4608917236328,778.7563110351563,988.2256775154243,758.6961059318413
2020-07-30,951.8177490234375,965.7416994124951,935.1856889845394,947.372003332624,72857444,69.9134863590651,52.31987473304366,47.45981694979284,762289841,819.4401144432687,881.325570678711,784.9032690429688,994.9270740357917,767.7240673216302
2020-07-31,932.9740600585938,960.9122737981927,926.5198556854664,954.3678150249528,74958061,64.35447851581023,49.44264708432843,47.85638297669996,687331780,819.4401144432687,887.6263397216796,790.6054748535156,997.9618697391577,777.2908097042016
2020-08-03,906.7509155273438,928.4154321923008,904.0879333721077,925.8427641229805,46715383,57.50235076064809,44.53308515096933,47.19172341155384,640616397,819.4401144432687,891.1739044189453,795.8704235839843,999.1532379065933,783.1945709312973
2020-08-04,970.6613159179688,978.0633706821992,902.8017056351508,911.9865832893145,92041055,66.78467334431771,45.27732828105434,46.808844385453945,732657452,819.4401144432687,898.5567749023437,802.4810070800781,1007.0728075492776,790.0407422554098
2020-08-05,959.7614135742188,991.1523973893704,956.0829496096318,978.9661424351585,74549993,64.2088139712315,44.474935922148916,46.342062692792936,658107459,819.4401144432687,905.9689819335938,808.680302734375,1009.8438714308894,802.0940924362982
2020-08-06,963.2141723632812,978.379359794549,951.3438079467057,973.549973124917,49322975,64.67362110174696,43.61487781304959,45.79662571684427,707430434,819.4401144432687,912.9614379882812,814.7086120605469,1012.3854561861195,813.5374197904429
2020-08-07,968.7882080078125,973.9109808198931,956.9404677314833,961.2733354792168,32984416,65.45360846767014,42.888659883683204,45.21503255021206,740414850,819.4401144432687,919.0184783935547,820.918974609375,1016.5301462936791,821.5068104934303
2020-08-10,956.782470703125,977.1606844285126,951.4791890501768,974.497761802115,26958997,62.26475539167076,40.87320343171234,44.34666672651212,713455853,819.4401144432687,923.1900268554688,826.3862158203125,1019.6630664937727,826.7169872171648
2020-08-11,963.0787353515625,974.9039718853056,947.9812395926484,963.5300670431569,46828306,63.275260380998844,39.33061674264536,43.34345672973877,760284159,819.4401144432687,928.0826019287109,831.8413818359375,1022.1973348508958,833.967869006526
2020-08-12,960.2804565429688,968.1339032563809,950.8925058189332,957.3015835454912,30264617,62.474528768954194,37.45060075089407,42.16488553396984,730019542,819.4401144432687,934.4826751708985,837.1870886230469,1018.5386875956149,850.426662746182
2020-08-13,957.775390625,965.3805171577782,952.3366680076899,960.4608766898883,24830322,61.72151576796355,35.35103195762258,40.80211481870039,705189220,819.4401144432687,940.771029663086,842.1397131347657,1010.8820149164801,870.6600444096919
2020-08-14,954.0518188476562,973.5498723174301,942.9713010071719,958.0010455824508,33224635,60.5531957741181,33.00617282444364,39.24292641984904,671964585,819.4401144432687,945.3318634033203,847.0007861328126,1005.7704343193508,884.8932924872898
2020-08-17,943.9192504882812,950.0800687191717,934.328167937496,950.0800687191717,30979066,57.37075529877743,29.984597704829866,37.39126067684521,640985519,819.4401144432687,949.2010192871094,851.7688891601563,997.6941636328946,900.7078749413241
2020-08-18,956.1958618164062,963.3045306935902,939.8571872924176,941.053237291092,30547672,60.106461339037644,28.254892771708455,35.56398709581786,671533191,819.4401144432687,952.5184051513672,857.0733630371094,992.6780573995711,912.3587529031633
2020-08-19,962.0632934570312,972.1960222688781,957.4596022824518,966.3285305970708,34087543,61.38203456876288,27.045774988922858,33.86034467443886,705620734,819.4401144432687,955.396859741211,862.1805236816406,989.1105338179708,921.6831856644511
2020-08-20,946.4917602539062,958.6103827292058,942.4070922309022,956.8501235506358,22537845,56.242373330608935,24.54807293789952,31.997890327130996,683082889,819.4401144432687,956.2826232910156,867.2859704589844,988.0254153221275,924.5398312599037
2020-08-21,939.6314086914062,957.7529046597705,937.4423813079499,955.9475181738237,25280895,54.0933707384354,21.764169235526197,29.951146108810036,657801994,819.4401144432687,954.8315521240235,871.7948046875,986.8320301279028,922.8310741201441
2020-08-24,945.9050903320312,949.854317250222,934.5086218851164,943.9417586729289,32717218,55.75818956721555,19.835488012855876,27.928014489619205,690519212,819.4401144432687,953.4673645019532,876.1976110839844,984.533823602264,922.4009054016424
2020-08-25,939.7442626953125,952.9235547016002,937.8937489378307,950.5313951315512,19388008,53.69871363420773,17.606905499710933,25.863792691637553,671131204,819.4401144432687,951.309945678711,880.4488806152344,979.7880496186276,922.8318417387943
2020-08-26,964.658447265625,969.4652701628314,923.9020783795879,941.0531605726751,59870421,60.11457006624541,17.647672892460264,24.220568731802096,731001625,819.4401144432687,952.2273040771485,885.2195629882813,981.1802898315012,923.2743183227957
2020-08-27,952.6074829101562,970.3904635913942,949.290096731151,969.4877405831154,28085062,56.0675707787632,16.517169586144405,22.679888902670562,702916563,819.4401144432687,952.2667907714844,889.3846691894531,981.2195886918279,923.3139928511408
2020-08-28,955.112548828125,962.6725488024437,950.6442396447251,956.8501848269598,27166900,56.7198361442568,15.643052087915635,21.272521539719577,730083463,819.4401144432687,953.3737152099609,892.6693786621094,980.9516258755214,925.7958045444004
2020-08-31,939.1123657226562,981.2227882057733,929.9274882908779,981.2227882057733,62076132,51.4640955352616,13.503565913221337,19.71873041441993,668007331,819.4401144432687,954.9917877197265,895.7532067871093,973.8599792038335,936.1235962356195
2020-09-01,942.0686645507812,957.9333821236513,930.8527051045198,947.8232778251647,38616258,52.34278551118197,11.909273621180546,18.156839055772053,706623589,819.4401144432687,953.5621551513672,899.1231665039063,971.786530379498,935.3377799232363
2020-09-02,960.5512084960938,964.9743904615849,941.0531538410881,944.2125354209737,26949439,57.52062690792415,11.998856970675774,16.9252426387528,733573028,819.4401144432687,953.6016448974609,902.8002954101562,971.8829147392402,935.3203750556817
2020-09-03,953.28466796875,965.3129780000348,949.177435785477,960.4610275654427,18586429,54.99096731447662,11.352637194216527,15.810721549845546,714986599,819.4401144432687,953.1051696777344,906.4215478515625,970.8466136570494,935.3637256984193
2020-09-04,937.5551147460938,946.4466050798669,935.2758331669374,940.3986056664972,28475945,49.87748892937679,9.462185691260743,14.541014378128587,686510654,819.4401144432687,951.5435150146484,909.5146887207031,968.9840733986875,934.1029566306092
2020-09-07,939.992431640625,950.4184857636033,922.6607820696723,940.6017681981718,21926473,50.64335180740692,8.067661380630966,13.246343778629063,708437127,819.4401144432687,950.7040130615235,912.8228942871094,968.6636955952275,932.7443305278194
2020-09-08,951.0277709960938,957.3014062568692,939.021967129638,944.2124303119926,27397082,54.065622893215135,7.7634581641279965,12.14976665572885,735834209,819.4401144432687,950.10146484375,916.5230737304687,967.1452951873489,933.0576345001512
2020-09-09,975.51318359375,978.42436533271,939.4507631107281,941.0530770623151,55310877,60.594416358572175,9.389902140024105,11.597793752587902,791145086,819.4401144432687,950.8631011962891,920.411787109375,970.7779325691785,930.9482698233998
2020-09-10,1044.4110107421875,1058.3801472724467,981.8320607367515,985.3300156152798,140304404,72.4571877807119,16.05329713993183,12.488894430056689,931449490,819.4401144432687,955.1948822021484,925.4095239257813,1000.6066596275258,909.783104776771
2020-09-11,1047.0062255859375,1055.175562246342,1032.269926063605,1043.5083899488072,59470807,72.78947814150034,21.297987886484066,14.250713121342166,990920297,819.4401144432687,959.8426025390625,930.2104748535156,1020.3523335550909,899.332871523034
2020-09-14,1039.2430419921875,1065.1727948098135,1029.967851123539,1049.3757689779331,44063445,70.06633731420459,24.545078664634957,16.309586230000725,946856852,819.4401144432687,964.6087921142578,934.2793432617187,1033.7516632169868,895.4659210115287
2020-09-15,1046.60009765625,1049.7143521325797,1032.7437783357252,1043.4858431799203,27178393,71.16720984487881,27.396267291206755,18.526922442241933,974035245,819.4401144432687,969.12900390625,938.7512670898437,1046.7780008309207,891.4800069815792
2020-09-16,1049.1724853515625,1069.3926909721251,1042.8537233256836,1047.118839939509,33952295,71.56103909091061,29.5231010764237,20.72615816907829,1007987540,819.4401144432687,973.4844635009765,943.5043713378906,1058.4838372741353,888.4850897278177
2020-09-17,1037.5281982421875,1053.3026639496802,1034.4138240791433,1047.1191622141462,25828669,67.0935526169217,29.9240892461288,22.56574438448839,982158871,819.4401144432687,978.0362854003906,947.7876342773437,1066.447913581399,889.6246572193822
2020-09-18,1040.6649169921875,1046.8708623526327,1027.5081886685462,1044.5238896915514,33074915,67.67890849677357,30.147461082836344,24.082087724157983,1015233786,819.4401144432687,983.0879608154297,951.6479846191406,1073.6640089055677,892.5119127252916
2020-09-21,1018.165283203125,1054.3404610706277,1014.3287552558285,1038.092044133767,33627381,59.502563357811226,28.18406411608271,24.90248300254293,981606405,819.4401144432687,986.7009704589843,954.5442602539063,1076.8196459407643,896.5822949772044
2020-09-22,997.9902954101562,1027.7112740343982,993.6573676500885,1027.7112740343982,34792254,53.28611356779019,24.715203487807116,24.86502709959577,946814151,819.4401144432687,989.6132720947265,957.199521484375,1077.2029573213001,902.0235868681528
2020-09-23,1006.859130859375,1027.5984225615102,995.3499037941469,1020.0384225209982,42988708,55.48764710693474,22.423265897639453,24.376674859204506,989802859,819.4401144432687,991.7233062744141,960.6911242675782,1078.8386278521266,904.6079846967015
2020-09-24,984.4724731445312,1004.6926220511629,982.1480045429355,996.5233454684201,29826318,49.18633341514635,18.586222259741135,23.218584339311832,959976541,819.4401144432687,993.3165557861328,963.7404077148437,1078.6595746352725,907.9735369369929
2020-09-25,993.7250366210938,998.7349916951074,978.1988318727759,987.9929866283342,28374935,51.63121305557773,16.10627892037587,21.79612325552464,988351476,819.4401144432687,995.2471801757813,966.3582055664062,1078.77349798004,911.7208623715226
2020-09-28,1000.2921142578125,1010.1088922605071,996.1397551110359,1005.1440644113056,19666849,53.34695400012353,14.503625472572821,20.33762369893428,1008018325,819.4401144432687,998.3061676025391,969.0333251953125,1077.7673716134957,918.8449635915825
2020-09-29,1013.2908325195312,1021.8437503790619,1000.2921093414723,1004.2413960622814,25842539,56.62657248966538,14.119636615854915,19.09402628231841,1033860864,819.4401144432687,1001.8672760009765,971.5021789550781,1077.204741165427,926.5298108365259
2020-09-30,1008.4614868164062,1023.1977860425367,1004.2413772750692,1020.0384044786468,24465159,55.077436693534146,13.27263615503341,17.92974825686141,1009395705,819.4401144432687,1004.2627899169922,973.5815246582031,1077.2016200841917,931.3239597497926
2020-10-01,1004.354248046875,1021.753530546787,999.2766020471888,1021.753530546787,20783227,53.731137492823706,12.130133713743021,16.76982534823773,988612478,819.4401144432687,1006.8162689208984,975.0930798339843,1075.912143005463,937.720394836334
2020-10-05,998.464111328125,1015.1412378353376,995.665807141331,1012.8168289308439,18922799,51.77652411043392,10.626907120196506,15.541241702629488,969689679,819.4401144432687,1009.86171875,975.6893054199219,1071.438264354876,948.2851731451238
2020-10-06,997.629150390625,1008.2582772733267,993.7024274130506,1004.3541775876134,18412175,51.490575464290615,9.261454561917162,14.285284274487024,951277504,819.4401144432687,1012.7435546875,976.1781115722656,1065.7721766255218,959.7149327494783
2020-10-07,1018.91015625,1042.154366526615,1001.9847094184659,1008.7548642742527,53170865,57.87607222505453,9.783742004333135,13.384975820456248,1004448369,819.4401144432687,1016.1376739501953,976.8984619140625,1060.9906823889312,971.2846655114596
2020-10-08,1010.6730346679688,1023.6492546738874,1002.9325253755236,1019.5870900273933,21077808,54.86558631264793,9.424353612168375,12.592851378798674,983370561,819.4401144432687,1017.8956665039062,978.1856970214844,1058.8264963010467,976.9648367067657
2020-10-09,1008.0552368164062,1016.8790372265936,1000.6757456073183,1008.7548278164428,18545499,53.90592200647839,8.826554289838555,11.83959196100665,964825062,819.4401144432687,1016.0778778076171,979.3104467773437,1055.3317886978339,976.8239669174005
2020-10-12,1009.6799926757812,1018.1200919736274,1004.8055389601913,1008.7547657275612,14226473,54.4385858288058,8.387215638164548,11.149116696438231,979051535,819.4401144432687,1014.2115661621094,980.8445654296875,1050.869595175098,977.5535371491209
2020-10-13,1029.3812255859375,1031.6605072221917,1004.6248985869269,1006.7687986300785,23112012,60.41246585843982,9.519031962157214,10.823099749582028,1002163547,819.4401144432687,1013.7184753417969,983.2971716308593,1049.2648857632366,978.1720649203572
2020-10-14,1032.4503173828125,1039.897498590876,1023.8747175024403,1028.5687815922101,26742011,61.26452423827595,10.542131482276318,10.766906096120886,1028905558,819.4401144432687,1013.010986328125,984.5329516601563,1046.409808089909,979.6121645663411
2020-10-15,995.8914794921875,1033.5787209899615,990.7010157207518,1033.5787209899615,20036197,48.0089081540311,8.307192397279778,10.274963356352666,1008869361,819.4401144432687,1010.3469360351562,985.2555529785157,1040.0820556710053,980.6118163993073
2020-10-16,982.0352172851562,1007.6263990747995,980.6134716986062,999.7279451318866,21583600,44.113106078958815,5.356160033290962,9.291202691740326,987285761,819.4401144432687,1007.5722869873047,985.6319738769531,1036.9989604500936,978.1456135245159
2020-10-19,982.2157592773438,1005.9113606750328,972.7149909324551,988.466891534098,31200385,44.176669552105714,2.997460989277215,8.032454351247704,1018486146,819.4401144432687,1004.6498291015625,985.9005249023437,1031.877247967166,977.422410235959
2020-10-20,973.053466796875,989.798344269808,971.40602552376,983.4795214556434,18482288,41.59136660581581,0.3844231815448893,6.502848117307141,1000003858,820.9686055114638,1002.39423828125,986.2259448242188,1032.128294522399,972.6601820401007
2020-10-21,958.9263916015625,989.3470196032074,946.8077683832299,978.5147603722606,34082321,37.90771255184242,-2.7941557225043425,4.643447349344845,965921537,822.3413198009176,1000.4410430908204,986.1428979492188,1035.6953479510148,965.1867382306259
2020-10-22,950.9600219726562,962.4918709189672,943.7611001149209,960.190025787683,30802210,35.97287852067265,-5.888146962769042,2.537128486922067,935119327,823.6211078822286,997.6460876464844,985.9564892578124,1038.7928351180706,956.4993401748982
2020-10-23,953.71337890625,963.6203515996452,946.198506037611,950.5313739814042,23422125,37.166574202688686,-8.025471774965922,0.4246084345444694,958541452,824.9155583401791,996.1081329345703,985.8752490234375,1041.2180139402715,950.9982519288692
2020-10-26,915.822998046875,948.7034169019341,911.0387387404159,948.7034169019341,37324416,29.12056418099486,-12.631150123446787,-2.186543277053782,921217036,825.8201099790517,992.2130310058594,985.1106726074219,1049.3288679986542,935.0971940130645
2020-10-27,918.26025390625,929.7017897460652,904.9455811340416,918.4407627043238,36478896,30.16779075607576,-15.901217876369628,-4.929478196916952,957695932,826.7399124061881,988.1114379882813,984.5974926757813,1053.500083066541,922.7227929100217
2020-10-28,907.8568115234375,928.7314851710537,906.0288613850042,921.555066223106,29924017,28.249179999544666,-19.111930546646136,-7.765968666862789,927771915,827.5470457307379,982.8397369384766,983.6307116699219,1055.8183105703774,909.8611633065757
2020-10-29,914.8300170898438,921.645358569465,898.6267852210569,901.3348351173212,30655304,31.398501897433093,-20.8533792824868,-10.383450789987592,958427219,828.4155330079429,978.1581634521484,982.6860461425781,1055.8239427473543,900.4923841569425
2020-10-30,927.287109375,932.0713684328344,912.5281277212341,917.8088456567091,34021563,36.740285705678154,-20.986388687734234,-12.504038369536921,992448782,829.3993297877147,974.3048065185546,982.301953125,1054.0099236307333,894.5996894063759
2020-11-02,847.3766479492188,914.8751840367496,839.1170566069392,914.8751840367496,99366895,23.88946678853928,-27.22606091455475,-15.448442878540488,893081887,829.5782085753914,966.7504333496094,980.4568579101563,1062.8235750893666,870.6772916098521
2020-11-03,835.1677856445312,861.6165651396491,828.2622490237949,853.0410235222982,88691623,22.58944657096002,-32.77835083834009,-18.91442447050041,804390264,829.6338262576714,958.6273651123047,978.2421118164062,1069.2538140998397,848.0009161247696
2020-11-04,863.5120849609375,870.6433759833506,829.1196689111366,829.1196689111366,80180117,31.86028807478658,-34.49380937061437,-22.030301450523204,884570381,829.9709233591965,950.8574615478516,976.7174682617188,1065.2222547849858,836.4926683107174
2020-11-05,882.37841796875,885.0639044213495,871.9974897863348,882.355854367001,37205373,37.247413290496,-33.93973112182289,-24.41218738478314,921775754,830.4923909672517,944.4427307128906,975.0718676757813,1059.0595103299977,829.8259510957835
2020-11-06,915.8455810546875,920.7426584675038,892.8270071314915,898.175475948344,66674086,45.48152185579036,-30.44910146566565,-25.619570200959643,988449840,831.3416764407585,939.8322479248047,974.3366296386719,1051.2155014721861,828.4489943774232
2020-11-09,925.5719604492188,933.8315508837121,918.9371879060812,930.7172966945931,35838510,47.63215649157146,-26.591385840729117,-25.81393332891354,1024288350,832.279291207012,935.6268463134766,973.7458178710938,1042.3995826761256,828.8541099508275
2020-11-10,940.8500366210938,943.3098869382017,921.2842908558239,937.4423956918613,36934242,50.908089370457084,-22.047159421831566,-25.060578547497144,1061222592,833.3595971315303,931.2002868652344,973.7805712890626,1029.0242058882293,833.3763678422395
2020-11-11,901.4249877929688,945.5664886118119,892.8043204833926,942.8584390211519,56724780,43.36871792195349,-21.380636528108994,-24.324590143619517,1004497812,834.036864700301,924.6490203857422,972.9676977539062,1011.3948716645361,837.9031691069483
2020-11-12,893.6619262695312,906.502703689629,886.8917719189561,894.1133176465529,40046527,42.04820906893565,-21.234053567340084,-23.706482828363633,964451285,834.6301488950197,919.5375427246094,971.629912109375,1000.7611618449627,838.313923604256
2020-11-13,901.0640258789062,919.2306494130244,894.4518760870695,894.5646940909385,45388670,43.80519185599918,-20.286744970350583,-23.022535256761024,1009839955,835.2911824968495,915.4889831542969,970.5854992675781,991.7698802679597,839.208086040634
2020-11-14,903.7269287109375,909.5944198559474,900.5901107359409,909.4139110537326,5226220,44.45758662352373,-19.10093835111877,-22.238215875632577,1015066175,835.9721351954972,911.5645416259765,969.908935546875,981.5241510718491,841.6049321801039
2020-11-17,899.6422729492188,941.0531655438715,895.9186819311539,941.0531655438715,46542562,43.62103061237547,-18.28005455520679,-21.446583611547418,968523613,836.6056689044896,907.8939819335938,969.1019323730469,972.0243603383975,843.76360352879
2020-11-18,896.9116821289062,905.6226647867821,884.6802404612616,899.6422957138947,30402290,43.03800568056544,-17.646417178774186,-20.686550324992773,938121323,837.2057287375683,904.793246459961,968.0196105957032,964.6055195059643,844.9809734139577
2020-11-19,890.5703125,907.405445431904,888.3361577898231,896.9116993129645,27796343,41.64589262798872,-17.454743111467337,-20.040188882287687,910324980,837.7367196207766,901.7737609863282,966.3207531738282,957.9451324727506,845.6023894999057
2020-11-20,857.3287963867188,895.377116449163,855.297714134409,891.4052660410506,57471248,35.21548530900077,-19.75740154513278,-19.983631414856706,852853732,837.9316656582487,896.9545318603516,962.5791088867187,950.9716522103815,842.9374115103217
2020-11-23,880.4375,889.1484217109697,869.402109859794,880.5728815874659,45327567,41.92837803131091,-19.492893744294065,-19.88548388074418,898181299,838.3546092835397,895.1852569580078,959.247734375,948.9317602976497,841.4387536183659
2020-11-24,886.4630737304688,890.953946718642,871.9974772270936,886.4405101290448,30936268,43.57030452121379,-18.582844500245756,-19.624956004644496,929117567,838.8333004720664,893.5953979492188,956.1921350097656,946.3902860898853,840.8005098085522
2020-11-25,879.1286010742188,899.5068137121415,876.6011198738435,893.6618865906463,32637879,42.013155327346816,-18.24315878588891,-19.348596560893377,896479688,839.2342487367645,892.1589874267578,952.842705078125,944.8868469695731,839.4311278839425
2020-11-26,881.295166015625,886.891834503416,871.1173701719107,881.4982981188252,25838637,42.665004195602314,-17.596292617937138,-18.99813577230213,922318325,839.6527653266039,890.4822448730469,949.4851586914062,942.3454371729317,838.619052573162
2020-11-27,871.0044555664062,882.8748194602481,867.2131737985623,875.8338420233673,47336811,40.34511760382267,-17.709872463861984,-18.7404831106141,874981514,839.9647224434178,887.6681121826172,946.1546838378906,937.2974441284614,838.0387802367729
2020-12-01,882.3331909179688,887.4559636242224,871.1172913559293,875.7661090949532,19750687,43.95780868357303,-16.69332083403333,-18.331050655297947,894732201,840.3862992441597,889.4159393310547,942.9880493164062,935.5880396665744,843.2438389955349
2020-12-02,883.800048828125,885.53774439738,873.3514311978975,883.957994019848,22188887,44.427096436258815,-15.58962566872458,-17.782765657983273,916921088,840.8182768519603,891.8475524902344,940.3007446289063,930.9109252160831,852.7841797643857
2020-12-03,886.4630737304688,894.1585153494483,884.0257869322113,890.0512832775495,27785372,45.3222683851167,-14.334812647640547,-17.093175055914728,944706460,841.2724539353285,892.9951019287109,938.0702001953125,929.9531644881268,856.037039369295
2020-12-04,878.6547241210938,888.6971374121213,875.6081607043218,888.6971374121213,18464552,43.12856891712398,-13.811225632466403,-16.436785171225065,926241908,841.644416822749,892.8089172363282,935.5061120605469,930.0157206553117,855.6021138173446
2020-12-07,883.8226318359375,886.8917588790096,875.8789913444388,875.8789913444388,18242188,45.025142879668124,-12.831360254351466,-15.715700187850345,944484096,842.0641005542235,891.2077697753906,933.493115234375,927.042175267538,855.3733642832432
2020-12-08,899.8678588867188,909.1204263018327,880.1215470992155,885.1540651059471,43403061,50.54012881099198,-10.637471999590957,-14.700054550198468,987887157,842.6392623286763,889.9225646972657,931.6159716796875,922.4236034061142,857.4215259884171
2020-12-09,914.8526000976562,917.9443506509773,902.3503953551077,907.1797819467947,29175254,55.0730227978597,-7.602024956959326,-13.280448631550641,1017062411,843.3578030029946,888.6226928710937,929.9071813964844,914.2183703147296,863.0270154274579
2020-12-10,905.8482666015625,915.552166728337,903.1402167199674,912.437912349106,16065507,51.989647008835334,-5.855487353936837,-11.79545637602788,1000996904,843.9795986606919,888.8438568115234,927.758330078125,914.9495530646383,862.7381605584086
2020-12-11,905.3067626953125,919.8400506046492,891.0668016166311,908.5563989714369,26944202,51.801816024560544,-4.463585129230296,-10.329082126668364,974052702,844.5898191983498,889.4260986328125,925.6952355957031,916.4393185459091,862.4128787197158
2020-12-14,898.7621459960938,909.4590234227397,896.5279914527346,906.2770186070177,17312747,49.475299696431854,-3.844274061614783,-9.032120513657649,956739955,845.1288473256906,889.3110046386719,923.5833935546875,916.1439163241411,862.4780929532027
2020-12-15,891.1119384765625,898.0400384687348,885.1315694222841,898.0400384687348,18551265,46.82778477452096,-3.9255224112047244,-8.010800893167064,938188690,845.5863905212217,888.6802551269532,921.4363500976563,914.7090597268628,862.6514505270435
2020-12-16,892.1048583984375,900.4096365369544,887.2077809533278,897.2727587493416,18561011,47.222536636968286,-3.8652359402074126,-7.181687902575134,956749701,846.0492608483582,888.3033843994141,919.3258642578126,913.9010983068209,862.7056704920072
2020-12-17,896.1895141601562,904.9456238899453,892.3756687000254,895.6930552499342,20252358,48.903118790907214,-3.4481131920215375,-6.434972960464416,977002059,846.5481688415106,888.2672760009766,916.8714514160156,913.8183110598629,862.7162409420903
2020-12-18,898.8749389648438,904.9004347378007,886.8917576008947,893.7070987327945,18466344,50.02970737165438,-2.8677909611086534,-5.721536560593263,995468403,847.0688332208473,888.6825073242187,914.6354895019531,914.6364941405262,862.7285205079112
2020-12-21,875.4727783203125,912.6184341659626,837.3567682633857,907.2023343255363,44135540,41.452444146927924,-4.247280193876122,-5.4266852872498355,951332863,847.351459540245,889.5897064208984,911.9838403320313,912.1419954625428,867.0374173792541
2020-12-22,874.1187744140625,884.13862467934,852.3413781920493,879.6703154945026,28140001,41.01431226844751,-5.387686255444692,-5.418885480888807,923192862,847.6178009817755,889.2737701416015,909.2726159667968,912.4971172097019,866.0504230735012
2020-12-23,877.3458862304688,880.7760906412614,866.8746448149003,871.0947542977892,19501410,42.57226814723557,-5.962335232795681,-5.527575431270183,942694272,847.9136028250462,888.8179107666016,906.2319091796875,912.5953685369925,865.0404529962107
2020-12-24,900.048583984375,902.147297408828,878.2711864494689,878.7676453803593,20776988,52.14772004555215,-4.533570534023511,-5.328774451820848,963471260,848.4323588564823,889.8639099121094,903.5838745117187,913.6849111692989,866.04290865492
2020-12-28,904.17822265625,910.8129948797642,900.5674500804482,905.7127860779514,17221499,53.66128435302066,-3.0330735052174305,-4.869634262500165,980692759,848.9870440684203,891.0080627441406,901.749609375,915.2670609418723,866.7490645464089
2020-12-29,898.197998046875,908.2404117114976,894.8128611333499,906.7509753463718,18611939,51.13874232372892,-2.299960434334139,-4.3556994968669605,962080820,849.4767053020369,892.3677398681641,900.0728649902344,914.9822104553449,869.7532692809833
2020-12-30,900.6578369140625,905.9385552751692,891.6535274403722,900.5450189082468,22043630,52.13544409182852,-1.5031472590877684,-3.785189049311122,984124450,849.9859702932013,893.2839721679687,898.4417065429687,915.681808239986,870.8861360959514
2020-12-31,896.0541381835938,908.0598840441618,893.0301381174847,899.7551656628455,18781189,50.07661420452144,-1.2289801714068744,-3.273947273730273,965343261,850.444360023454,893.8966766357422,896.9017199707031,915.8900219296547,871.9033313418297
2021-01-01,897.0470581054688,901.3347986266252,894.5646443140231,897.2726941006515,10015175,50.53036573092088,-0.9209641383288272,-2.8033506466499842,975358436,850.908068462081,894.4258758544922,895.6641333007813,916.186397911995,872.6653537969895
2021-01-04,898.5590209960938,902.1922975973049,888.2457850636894,900.4772253363753,24513534,51.25687148589567,-0.5485332933508289,-2.352387175990153,999871970,851.3822072932652,895.4210906982422,894.61611328125,915.993626813824,874.8485545826604
2021-01-05,887.3883056640625,895.286819208082,882.8296824610696,888.6971735420237,24123091,45.894183349571435,-1.1416028482070715,-2.1102303104335367,975748879,851.7404769287956,895.5993743896485,893.2896118164062,915.8256538155189,875.373094963778
2021-01-06,863.9860229492188,887.3430480265655,859.8787914584216,887.2979208301023,46401468,37.12990430140511,-3.4600975268631373,-2.380203753719457,929347411,851.8623231578546,893.8052825927734,892.2528723144532,918.1458685304578,869.464696655089
2021-01-07,862.5869750976562,877.8649808483686,859.8789250447446,866.8070252352164,32325918,36.678948007989064,-5.348755607680005,-2.9739141245115666,897021493,851.9690361124794,891.1920013427734,891.1394067382812,917.1046584424429,865.279344243104
2021-01-08,872.7646484375,874.8859848548774,863.0156218642852,865.6785443392591,27540187,42.18050410289042,-5.955624827846009,-3.5702562651784553,924561680,852.1759576281513,889.5378204345703,890.4375634765624,915.719355622727,863.3562852464137
2021-01-11,856.313232421875,875.0665690475399,854.1693322211945,875.0665690475399,33307825,36.63907938954987,-7.675585467936571,-4.391322105730079,891253855,852.2171245415217,887.0881439208985,889.2672277832031,915.9414256482909,858.234862193506
2021-01-12,883.3036499023438,884.6350813991116,857.5092762592445,858.9084582491231,41161546,48.575424963283055,-6.782580182181505,-4.869573721020364,932415401,852.5264432018284,886.315219116211,888.38755859375,914.7006067219921,857.9298315104298
2021-01-13,875.0665893554688,891.3826993524976,865.8817711258671,886.2373626282811,26619458,45.74322431372581,-6.662725256258909,-5.228204028068074,905795943,852.7507232630587,885.5129516601562,888.941357421875,914.2159188973725,856.8099844229399
2021-01-14,884.9059448242188,887.7494361349055,875.1794806347706,877.8649670437152,21553242,49.52878525995298,-5.707987481960572,-5.324160718846574,927349185,853.0706757164037,885.1530059814453,889.9361206054688,913.6963962710508,856.6096156918397
2021-01-15,874.457275390625,890.8636390967538,866.6038890308039,884.9058936036437,20593268,45.86885209213013,-5.728437357404232,-5.4050160465581065,906755917,853.2834777032119,884.0663940429688,890.1550244140625,912.500898702342,855.6318893835955
2021-01-18,895.4447631835938,901.3348178565226,868.093322463363,879.7154269171596,35100458,53.328989590677224,-4.004962451746906,-5.125005327595867,941856375,853.7029929816238,883.8948852539063,890.4163513183594,912.0096189443477,855.7801515634649
2021-01-19,910.0909423828125,916.6805284572496,900.2741645341835,900.2741645341835,32006615,57.7091917130244,-1.440664826559214,-4.388137227388537,973862990,854.2640671050187,885.6257934570312,890.3012585449219,915.6510225558054,855.6005643582571
2021-01-20,927.3773803710938,928.8668167227358,903.3207030552749,912.3476352561834,30924537,62.21647888024947,1.963793207357412,-3.1177511404393474,1004787527,854.9915627594077,888.2887237548828,890.3373669433594,922.8619257452463,853.7155217645193
2021-01-21,947.5524291992188,956.8501242760648,936.5396618324675,939.6990432246472,39087742,66.67991305357154,6.218129827542953,-1.2505749468428875,1043875269,855.912566405575,891.7990509033203,890.4714147949219,934.5132748467764,849.0848269598642
2021-01-22,925.0755615234375,954.7514714069698,918.5536065523528,952.7880800202875,30532660,58.402343177060985,7.687411184577172,0.5370222794411246,1013342609,856.600755411723,893.0503997802734,890.9444262695313,938.0625726187777,848.0382269417692
2021-01-25,876.0595092773438,918.4633177239738,871.9974047459384,918.4633177239738,54207104,45.219224409987156,4.84083929157282,1.3977856818674637,959135505,856.794374853172,891.6444641113281,890.5923779296875,936.9342142414317,846.3547139812246
2021-01-27,855.2976684570312,868.8380370064367,852.13828693381,868.8380370064367,42370131,40.99778556197575,0.8992376656148053,1.298076078616932,916765374,856.7794822522154,889.4994476318359,889.67705078125,937.336517290378,841.6623779732938
2021-01-28,846.9703979492188,868.0707665841978,844.0140887864603,848.5952159319003,34067814,39.40868691823594,-2.8634431663500663,0.4657722296235324,882697560,856.68187942333,886.8150756835937,888.5419201660156,937.7699960112394,835.860155355948
2021-01-29,831.3538818359375,863.4670185270817,825.9602859922227,854.9817319108826,43712383,36.547695105968955,-7.02454261733817,-1.0322907397688081,838985177,856.4298595468385,883.5800628662109,887.17615234375,939.728610695232,827.4315150371899
2021-02-01,855.43310546875,859.8111004411335,834.084477925657,839.2298143671649,34180952,43.373970022893864,-8.283761753616204,-2.4825849425382875,873166129,856.4199415958128,881.499365234375,886.3465808105469,938.5740571981465,824.4246732706034
2021-02-02,869.1990966796875,875.6081736879117,837.2213427448476,863.9860695183817,41470034,46.89159337158406,-8.077785860612721,-3.6016251261531744,914636163,856.5470973677917,880.0313690185546,885.9191564941407,936.7848126282826,823.2779254088267
2021-02-03,871.38818359375,881.0243335187519,857.554427887479,870.3275152709535,30301696,47.45063085435305,-7.649726180805942,-4.411245337083728,944937859,856.6947698675525,879.2313629150391,886.2003442382812,935.9985131869721,822.4642126431061
2021-02-04,868.5220947265625,875.6081993096957,859.8111124753323,868.3866534338506,25626981,46.75667379952323,-7.455809290809157,-5.0201581278288145,919310878,856.8124546920203,879.4581665039062,885.9620361328125,936.015723005371,822.9006100024415
2021-02-05,868.2738037109375,877.7069402051127,866.5812949964159,871.1172947571725,20248046,46.692965194631405,-7.238720306550476,-5.463870563573147,899062832,856.9264979658404,879.7425079345703,885.5982507324219,936.014386982131,823.4706288870096
2021-02-08,880.776123046875,888.6972004305863,870.6660182415897,872.4713450669083,21183400,50.36067227315285,-5.98880779001604,-5.568858008861726,920246232,857.1638076681393,880.1430816650391,885.631201171875,936.3245563848882,823.9616069451899
2021-02-09,882.8974609375,897.9949582317895,881.1598247943388,885.5153163375164,19604141,50.9770031419142,-4.772059544590093,-5.4094983160074,939850373,857.4198639195757,881.4722930908204,885.6632470703125,936.5834159943166,826.3611701873241
2021-02-10,891.0892333984375,895.8058015904561,869.8760478719553,881.8141615916637,21234156,53.38400118614916,-3.1109095885308307,-4.949780570512087,961084529,857.7548825213554,881.861572265625,886.0649426269531,937.1287058008677,826.5944387303823
2021-02-11,927.8287353515625,931.6652040177879,890.1640575276463,893.6619528050209,42539278,62.31972956604498,1.1567996164775423,-3.7284645331141615,1003623807,858.4521347883227,884.4996795654297,886.974853515625,943.1510160087299,825.8483431221294
2021-02-12,921.4647216796875,937.8936480254456,909.6394857850835,927.738416899162,30497029,60.168213447536985,3.9795929216026025,-2.1868530421708092,973126778,859.0791257026647,886.3276184082031,887.7281469726563,947.1541231766279,825.5011136397783
2021-02-15,917.4026489257812,930.3562442810988,913.9724445678881,924.3759353313053,15791099,58.77344702551358,5.821791639874959,-0.5851241057616556,957335679,859.6594592670738,888.474887084961,888.3469384765625,950.4940061284072,826.4557680415147
2021-02-16,929.5438232421875,938.5255683500038,918.4858688517324,920.6297689320974,21421660,61.636014704188696,8.167291246213267,1.1653589646333289,978757339,860.3548260727964,890.1798400878906,889.3647204589844,954.6961894639021,825.6634907118791
2021-02-17,940.2633666992188,945.9954169139945,925.5269471013708,929.7695608351663,23742994,64.01196397534366,10.766979119589564,3.085682995624576,1002500333,861.1499359297758,891.6884613037109,890.49353515625,959.3319171110693,824.0450054963526
2021-02-18,933.2449340820312,951.6146304224952,929.3633380518262,941.0531936529034,18646877,61.33365413717934,12.121196029614794,4.89278560242262,983853456,861.8672990954699,891.9818389892578,891.1610766601563,960.2895334958941,823.6741444826214
2021-02-19,938.9318237304688,950.0574695218014,926.745509641073,928.4155145358285,23403483,62.69565817817904,13.497713910796392,6.613771264097375,1007256939,862.634110285868,891.5508087158203,891.6426611328125,958.546630187079,824.5549872445615
2021-02-22,906.3447265625,943.2647459186029,900.4096042931712,938.7964367473062,23804335,51.500880421427624,11.8228217198523,7.65558135524836,983452604,863.0690417911081,890.6142669677735,891.6525903320312,956.2185491733882,825.0099847621588
2021-02-23,913.2728881835938,926.5649977273687,908.8271426020757,924.3534067368045,25644108,53.40575888266961,10.928525098774116,8.310170103953512,1009096712,863.5685825512323,892.4749359130859,891.8119128417969,958.4324064286592,826.5174653975126
2021-02-24,930.2208862304688,932.1390906998175,914.4914901976813,916.2291858661802,10807663,57.77483717879567,11.455300808520406,8.939196244866892,1019904375,864.2317895530158,896.2210968017578,892.4410876464843,961.8166343113334,830.6255592921822
2021-02-25,967.84033203125,971.2930997033644,935.6368849463475,936.9909395748115,34855693,65.50650892780445,14.738453513272702,10.099047698548056,1054760068,865.2627203239435,902.2645935058594,893.9756555175782,970.8022899582423,833.7268970534764
2021-02-26,941.4141845703125,963.123829134179,934.5988434646592,955.4961387654923,37481215,57.536615237026446,15.03469582337948,11.086177323514342,1017278853,866.0204463363452,907.7676086425781,894.9618420410156,970.0344169983548,845.5008002868015
2021-03-01,948.5906372070312,953.2395150981274,930.8979084680462,952.4270463705083,17680764,58.995627349894136,15.667939486667137,12.0025297561449,1034959617,866.842040275357,912.4254852294922,896.0098645019531,972.2242816501887,852.6266888087957
2021-03-02,950.5313720703125,961.3636314461147,942.9036812135959,957.7529181155573,17150760,59.40187543634442,16.140335001280505,12.830090805172023,1052110377,867.6747699449586,916.4920989990235,897.0429931640625,975.0280217485207,857.9561762495263
2021-03-03,993.9055786132812,1001.9395335212855,951.0730007855624,957.3241328149178,31924461,67.21880148472546,19.786560669989058,14.221384778135432,1084034838,868.9307978919071,922.61796875,899.4116491699219,986.3992031338815,858.8367343661185
2021-03-04,982.0578002929688,988.421750465709,973.8659000002634,983.9308776144062,21435754,63.61563791446656,21.47268039433709,15.671643901375765,1062599084,870.0564397068431,928.2947540283203,901.5704296875,992.016714863235,864.5727931934056
2021-03-05,983.3440551757812,998.3512962856287,971.7670781260525,973.0985692708165,25511666,63.842242918541544,22.651618683046763,17.067638857709966,1088110750,871.1836796617579,934.0482666015625,903.6903930664063,995.8030954078109,872.2934377953142
2021-03-08,988.9408569335938,1007.355680497462,978.5148017597687,978.7404377726681,19506841,64.86756555782299,23.763618694105844,18.40683482498914,1107617591,872.3553928684428,939.4565032958984,905.4682385253906,1000.5442911361126,878.3687154556842
2021-03-09,988.9181518554688,999.1862609710787,968.8559482883367,992.9576927650287,15154484,64.85953028507478,24.36222207324363,19.597912274640038,1092463107,873.5152213160749,944.7575378417969,907.163037109375,1003.6542256546959,885.8608500288979
2021-03-10,984.8109130859375,999.7730267712369,979.5301951697431,996.1171267701603,11519358,63.33125100876209,24.225938185559812,20.523517456823996,1080943749,874.6226411346804,949.4436218261719,908.8952954101562,1005.3522928550938,893.5349507972501
2021-03-12,964.7939453125,995.846415828836,958.6105036545637,990.7010789298332,16864952,56.36111112827978,22.246288842222157,20.86807173390363,1064078797,875.5198680419225,951.2918823242187,910.178017578125,1006.6615586056508,895.9222060427866
2021-03-15,951.8402709960938,969.894016181107,939.022056998036,965.899662068002,16698099,52.34609681256306,19.40842101986857,20.576141591096622,1047380698,876.2792750364914,952.810659790039,911.293740234375,1006.4642016596306,899.1571179204475
2021-03-16,948.0941162109375,959.5582754400099,945.7922708635552,954.1421160708194,13873801,51.209937519532275,16.66500315886833,19.793913904650964,1033506897,876.9938505705655,954.3452331542969,912.3146813964844,1005.5603344770992,903.1301318314946
2021-03-17,927.6708374023438,949.1774117375747,918.5310865076837,946.9432570402209,19210236,45.421742636256,12.696479708580114,18.374427065436794,1014296661,877.4980991957574,954.2515838623046,912.8969177246094,1005.654251242179,902.8489164824302
2021-03-18,906.796142578125,940.9629260845496,903.1402423037733,935.5918936777657,20647480,40.39593444255839,7.777330640939908,16.25500778053742,993649181,877.7896220154825,952.57822265625,913.2850744628906,1007.7353019886185,897.4211433238814
2021-03-19,939.6990356445312,945.9501672736187,894.925692603433,898.6267197251416,41787429,49.82060490416939,6.459398132947172,14.29588585101937,1035436610,878.4056360814432,952.900927734375,914.7993347167969,1007.6759797964696,898.1258756722805
2021-03-22,930.8527221679688,936.088313055874,917.6734905482226,934.7343179799378,18572478,47.63952952062809,4.647529729603775,12.366214626736253,1016864132,878.927497634543,952.49697265625,916.1646496582031,1007.7948126682243,897.1991326442758
2021-03-23,942.1814575195312,952.2013071535108,927.9641218620927,930.6496079854647,17421165,50.620852694830575,4.07872819115903,10.70871733962081,1034285297,879.5568902702146,954.2888092041015,917.5529858398437,1005.6725070443758,902.9051113638272
2021-03-24,924.0374755859375,938.6835805295864,920.9232211318065,938.6835805295864,16822814,46.09410053815854,2.139221553046241,8.994818182305897,1017462483,879.9994831589283,954.8270385742187,918.907470703125,1004.6837645199181,904.9703126285193
2021-03-25,898.829833984375,927.0614339788925,895.9186520687285,927.0614339788925,22001648,40.65468590941571,-1.415579519708558,6.912738641903006,995460835,880.1868498338084,953.2574859619141,919.2179943847656,1007.8641153960403,898.6508565277878
2021-03-26,900.2741088867188,908.8722130154059,890.8184686126791,908.1049312659724,20180202,41.08367358171001,-4.069335302224545,4.716323853077497,1015641037,880.3867230582155,949.8791748046875,919.7221447753906,1008.6596800969855,891.0986695123895
2021-03-30,915.9132690429688,924.7596332154852,898.8750045089173,906.2996230548414,20441701,45.66397919010999,-4.8545461700534815,2.802149848451301,1036082738,880.740221028213,948.6041290283204,920.3422912597656,1009.1437868932251,888.0644711634156
2021-03-31,904.0879516601562,925.2108826971944,902.2374380883726,910.8130382876154,16250796,42.94529684254314,-6.357747568035052,0.9701703651540305,1019831942,880.972536755894,946.3789947509765,920.9349047851563,1009.9524424888473,882.8055470131058
2021-04-01,912.5507202148438,916.2291839450849,904.1105608753422,910.813084242052,11723312,45.44838787680324,-6.787923849065123,-0.5814484776898003,1031555254,881.2867475365802,944.4799621582031,921.2770239257812,1009.691770462099,879.2681538543071
2021-04-05,899.3489379882812,913.9724790288182,885.582933146535,913.9499154284324,14875099,42.32860791401661,-8.100734915249518,-2.085305765201744,1016680155,881.4664708246568,939.7521301269531,921.0621838378906,1003.6423008540181,875.8619593998882
2021-04-06,895.602783203125,904.9230424620014,888.6971873373794,904.4942743627021,14009194,41.45892418129817,-9.335813084833944,-3.535407229128184,1002670961,881.6071306493182,935.4293792724609,920.4266918945312,998.9832008479916,871.8755576969302
2021-04-07,903.9752197265625,923.8569756395913,899.664915309728,902.6889153894526,24266353,44.2174469759805,-9.529189214862868,-4.734163626275121,1026937314,881.8296986998381,931.4609375,919.5551477050781,992.4101271058712,870.5117478941288
2021-04-08,905.103515625,912.6183880971798,899.529411169469,907.6536202120652,15369188,44.596334413726225,-9.482093470538757,-5.683749595127848,1042306502,882.0612789677502,927.2690704345703,919.1557067871094,983.149936798616,871.3882040705246
2021-04-09,894.5872802734375,905.5549215962554,893.6619935421585,901.989335355401,14037885,41.749973332244636,-10.17603901547443,-6.582207479197164,1028268617,882.1859157966626,922.5525268554687,919.5262622070312,972.4242234967621,872.6808302141753
2021-04-12,862.5869750976562,885.2670360594527,857.6673339221142,884.1838040998745,20901482,34.528207962272916,-13.156493185609179,-7.897064620479567,1007367135,881.9909014613492,916.4413299560547,919.6720483398437,964.2090111225804,868.673648789529
2021-04-13,871.9071655273438,875.8790157297038,865.6109063786529,868.3866470158723,19411189,37.897595291480826,-14.598184330946424,-9.237288562572939,1026778324,881.8905657804138,911.7969909667969,920.1707836914062,957.8896704652735,865.7043114683203
2021-04-15,877.5488891601562,885.0863247656745,863.4218084533044,869.4246806200028,19723716,39.913389178235406,-15.111301327884348,-10.41209111563522,1046502040,881.8473650180232,908.082421875,921.0946838378907,952.6159670917128,863.5488766582872
2021-04-16,872.0425415039062,880.0764962565872,869.492436882543,874.0736236379038,15656948,38.59657944461793,-15.780360311420964,-11.48574495479237,1030845092,881.749804585047,904.2798431396484,921.4268725585938,947.4653232009009,861.0943630783959
2021-04-19,858.3216552734375,864.9564280013587,853.0409372873982,859.3597599294095,18478808,35.45741072604257,-17.21926228771747,-12.63244842137739,1012366284,881.5166886714986,900.8123840332031,921.2093237304688,946.9631790574606,854.6615890089456
2021-04-20,858.0734252929688,866.1298835841033,853.2440391612164,862.2934748740392,17203668,35.40131342479738,-18.170178053483255,-13.739994347798564,995162616,881.2834223692247,898.3762481689453,920.9430285644531,948.018160855199,848.7343354826916
2021-04-22,860.4429931640625,864.0763296197583,847.0380660893645,854.05647971313,14490954,36.435149267190496,-18.51910461468276,-14.695816401175405,1009653570,881.076054914447,894.4134460449219,920.7814465332032,942.8673014803314,845.9595906095124
2021-04-23,859.5178833007812,866.0849064432063,855.4557782072471,860.2626015730614,11828857,36.19162356461654,-18.655234136172908,-15.487699948174907,997824713,880.8615457441618,890.8467041015625,920.606328125,938.5422532142962,843.1511549888288
2021-04-26,874.6378173828125,885.5378273951245,862.7448895453444,866.5813583165724,20846778,42.908079559166424,-17.34314447112513,-15.85878885276495,1018671491,880.7996180987753,887.4695220947266,920.4835620117187,929.3591173657663,845.5799268236868
2021-04-27,897.5661010742188,901.4250736005504,874.8183510247649,875.6081964100579,19992524,51.28248427362758,-14.288474445108022,-15.544725971233566,1038664015,880.9664487751479,886.1459533691407,920.7769348144532,924.8845128699386,847.4073938683428
2021-04-28,901.47021484375,906.2996013229371,893.7297060704715,901.7184741400474,17122437,52.558549443100354,-11.420943560543833,-14.71996948909562,1055786452,881.1704663479699,886.2779724121094,920.9845544433593,925.206069058904,847.3498757653149
2021-04-29,913.543701171875,922.7737059327087,905.9837012820783,913.0246189844161,17412606,56.364979209968816,-8.081022236655372,-13.392180038607572,1073199058,881.4925880875112,886.9414520263672,920.6988537597656,927.2296824847166,846.6532215680178
2021-04-30,900.2064208984375,918.9371927131189,897.0696030939774,906.5252433975188,19828769,51.4536885088466,-6.4361259250893,-12.000969215903918,1053370289,881.6787953791622,886.1561096191406,920.2736877441406,924.7306233071371,847.5815959311441
2021-05-03,884.206298828125,893.2106078294329,877.0073762854873,887.3431167617707,23640186,46.24754995841234,-6.350406348416186,-10.870856642406372,1029730103,881.7039446672117,885.1620269775391,919.6097607421875,922.8514215826459,847.4726323724323
2021-05-04,865.0467529296875,888.1556413637521,862.5192714204591,880.1216860397934,21849830,40.909637589103774,-7.739274656614043,-10.244540245247906,1007880273,881.5382014658434,882.7868286132813,918.3198193359375,919.239824967158,846.3338322594045
2021-05-05,866.6264038085938,874.9311213941457,861.1876811156937,868.0932764991574,12393609,41.50905852402592,-8.613210444416268,-9.918274285081578,1020273882,881.3898253697514,881.1507019042969,916.847080078125,917.4203100263601,844.8810937822336
2021-05-06,871.5460815429688,873.351467984722,860.5332540943049,867.4162861727356,14624666,43.433628899280706,-8.80730880141175,-9.696081188347613,1034898548,881.2918776699825,879.947866821289,915.6131030273438,915.81392933258,844.0818043099981
2021-05-07,871.884521484375,882.6716523308811,869.2892898861305,874.5925710719168,12288548,43.571183703878575,-8.832013914257232,-9.523267733529536,1047187096,881.1982721357973,878.3433319091797,914.2721569824218,912.6014270255848,844.0852367927746
2021-05-10,869.3795776367188,878.6772726130321,867.0100416182049,875.1568139833493,13941237,42.742706558846024,-8.950544621123072,-9.408723111048245,1033245859,881.0806731855578,876.5571350097656,913.5328540039062,908.7083927640319,844.4058772554993
2021-05-11,872.5165405273438,874.9537675806936,862.0678622246373,864.324640162575,13478264,44.17427339053569,-8.69116799709468,-9.265212088257533,1046724123,880.9954579352274,875.4535980224609,912.7177270507813,906.5515119840165,844.3556840609053
2021-05-12,863.4895629882812,872.4036175039552,860.7138223730607,871.1398768410697,13177961,40.99770627106844,-9.109008816176129,-9.233971433841251,1033546162,880.821269925805,875.4987274169922,911.3831005859375,906.5243577228105,844.473097111174
2021-05-14,874.3896484375,876.5109254598657,860.2625654598935,870.2146658138034,13291616,46.04323569827543,-8.463048125021032,-9.079786772077208,1046837778,880.7572736920906,875.6228515625,909.5140869140625,906.609852974938,844.6358501500621
2021-05-17,884.7930908203125,886.1922131252846,871.2752855358857,874.3895996285223,11873078,50.40265021507759,-7.03060433788005,-8.669950285237777,1058710856,880.7974310764511,875.9850616455078,908.3816650390625,907.2219982014682,844.7481250895474
2021-05-18,897.2501831054688,903.8623926091062,890.2768962963072,894.1133650520243,12064918,55.082404659505954,-4.834470312809685,-7.902854290752159,1070775774,880.9611400518642,877.2454437255859,907.3548559570313,909.7527404230655,844.7381470281064
2021-05-19,901.3573608398438,910.1134700489604,890.0512067367108,893.6619198826413,16317002,56.53847077820101,-2.731120698256859,-6.868507572253099,1087092776,881.1640875223914,879.3972290039062,906.3713757324218,912.3040455401594,846.490412467653
2021-05-20,896.0991821289062,907.6084680068054,894.1132869679878,901.7409772274724,11422532,54.119690434035334,-1.4715291800550858,-5.789111893813497,1075670244,881.3126954289239,881.2985168457031,904.4152478027344,913.4427094692333,849.154324222173
2021-05-21,903.8397827148438,907.0217278069957,896.3700373777015,899.0780871843959,10785605,57.03378392288202,0.14958364225822152,-4.601372786599154,1086455849,881.536845551172,883.4683563232422,902.8508874511718,915.5471260280647,851.3895866184198
2021-05-24,896.2119750976562,907.1119838096187,894.5645936578591,906.2995151967815,8551760,53.43222786066681,0.8094955462065627,-3.519199120038011,1077904089,881.6828667406893,885.3030609130859,901.1082458496094,915.8536392110603,854.7524826151115
2021-05-25,886.0568237304688,901.3348284850034,884.6350781454706,901.0640055897504,14780102,48.99622359733572,0.5071979767469657,-2.713919700681016,1063123987,881.7263887007866,885.8740112304688,899.0505651855469,916.0302385317403,855.7177839291973
2021-05-26,889.1710815429688,893.436318314461,887.0272410491106,891.4052361303035,7480204,50.35734394658084,0.5130059403983296,-2.068534572465147,1070604191,881.80046524648,885.4542602539062,897.0556237792969,915.178432623594,855.7300878842185
2021-05-27,891.9017944335938,899.5294855338184,885.6506620923865,889.2839988316376,26819294,51.57758820181436,0.7295447642731006,-1.5089187051174977,1097423485,881.9009759846602,884.9758392333985,895.19744140625,913.9520856343095,855.9995928324875
2021-05-28,945.476318359375,950.0800090423911,898.1754320907405,898.1754320907405,56469931,68.12948592725732,5.16463498487235,-0.17420796711952824,1153893416,882.5335664560505,886.5724700927734,894.8110888671876,923.9658248878337,849.1791152977131
2021-05-31,975.0393676757812,989.2115769657272,941.0757172389948,948.7259715836556,59124142,73.51036201662913,10.938870459472582,2.048407718198894,1213017558,883.4540221895802,890.3141174316406,895.2750708007812,943.8899025800984,836.7383322831829
2021-06-01,978.9209594726562,993.860450495012,968.8107952002592,977.6120318921522,28013832,74.12800728630462,15.647827279956005,4.7682916305503165,1241031390,884.4039419635412,895.0498504638672,895.8916076660156,960.9545504976376,829.1451504300968
2021-06-02,993.5219116210938,997.2455024822107,973.5499025688986,973.5499025688986,24630162,76.36081627678979,20.323606415766108,7.8793545875934745,1265661552,885.4896929054075,901.4736083984375,897.2086291503906,978.5299709904707,824.4172458064043
2021-06-03,997.3131713867188,1015.5249208069228,991.1974809457165,1002.4358843892015,23974257,76.9178543961077,24.05779476369264,11.11504262281331,1289635809,886.6023643330824,908.0079467773437,899.0189697265625,993.8046339915154,822.211259563172
2021-06-04,988.6699829101562,1000.38234182816,985.8490553582253,999.6376236399614,14468646,72.71127285218785,26.01979288130326,14.095992674511301,1275167163,887.6179625278793,913.8641418457031,899.998388671875,1004.7446719143379,822.9836117770683
2021-06-07,1005.3245239257812,1011.9141694726093,986.1875471509084,993.8604245557929,16336573,75.49254641671149,28.589016411944726,16.994597421997987,1291503736,888.7891720940275,920.5361419677735,901.4878247070312,1017.4987687677473,823.5735151677997
2021-06-08,999.5473022460938,1005.2116608783687,992.1226844618565,1004.963461293647,9674735,72.72364732852414,29.815279085014254,19.558733754601242,1281829001,889.8912430408143,927.0445281982422,902.6351416015625,1026.83164412773,827.2574122687544
2021-06-09,981.6741333007812,1002.4359284900111,973.9786921208427,1001.5332651004173,11409161,64.80454863829809,29.010471074431052,21.449081218567205,1270419840,890.8045056304657,932.502407836914,903.7878747558593,1031.7018693665439,833.3029463072842
2021-06-10,985.2848510742188,1006.4980364625192,982.8250009526113,989.97879594458,14155653,65.61905518089179,28.337354295081013,22.826735833869968,1284575493,891.7446085702045,938.592172241211,905.5169750976562,1035.0122684751848,842.1720760072371
2021-06-11,1002.3753051757812,1009.1011952964063,987.4063735342977,988.6745798453265,13762778,69.24684753583612,28.850391854460554,24.031467037988087,1298338271,892.8454115215037,944.991455078125,907.5589990234375,1040.502168986556,849.4807411696942
2021-06-14,1016.7553100585938,1022.8017515989352,994.1773239826662,1003.2130828049194,20332436,71.93063046769262,30.070687860529688,25.23931120249641,1318670707,894.0783458353056,951.589566040039,909.57583984375,1047.784148853748,855.3949832263298
2021-06-15,1019.0653076171875,1030.3429509893165,1014.6719900296001,1024.0474438114227,15174215,72.34809536772222,30.868347637930015,26.365118489583132,1333844922,895.3219971963193,957.680322265625,911.8753869628906,1054.7630187147904,860.5976258164596
2021-06-16,1001.6732177734375,1017.7291568032897,999.0689384128791,1016.7554197633551,10797349,64.56248798485092,29.754115537098983,27.042917899086305,1323047573,896.3802182965892,962.6961151123047,913.6578369140625,1057.969600472062,867.4226297525476
2021-06-17,1003.507568359375,1012.2715613635339,987.315775310826,996.419402245226,15745975,64.99041296634707,28.68839339045894,27.372012997360834,1338793548,897.4461620783085,968.0665344238281,915.7410095214843,1059.7603512542887,876.3727175933674
2021-06-18,1008.0366821289062,1012.2715036865906,989.3311797612216,1007.9687553467284,29369026,66.0795477339868,27.887789463561717,27.47516829060101,1368162574,898.5465652628916,973.2763793945312,917.9896875,1061.5582774312109,884.9944813578514
2021-06-21,1013.2905883789062,1017.9329709190221,996.4873942658087,998.0046654296643,12186448,67.34851760134487,27.361841136635803,27.45250285980797,1380349022,899.6882968361854,979.1303100585938,920.1759948730469,1061.526076978277,896.7345431389106
2021-06-22,1008.08203125,1024.0474616919707,1005.1833424900376,1020.8769459855561,12871913,64.76191818396768,26.222460070936222,27.206494302033622,1367477109,900.7668414572184,985.2315704345704,922.2355651855469,1056.4724754970105,913.9906653721303
2021-06-23,998.842529296875,1019.3370107371757,997.1893446925246,1019.0653035968686,16653951,60.33514464142125,24.293896857150912,26.62397481305708,1350823158,901.7427189481604,990.7151428222656,924.3206701660156,1046.8089608827509,934.6213247617803
2021-06-24,975.3587036132812,1003.0319792586279,969.2443347205035,999.5218896905816,91461975,50.82568550348764,20.63270714102498,25.425721278650663,1259361183,902.4752163080124,994.88798828125,926.5761047363281,1029.110997336332,960.664979226168
2021-06-25,953.1431274414062,975.3587813357442,942.5675134722279,975.3587813357442,55355022,43.79380397525275,15.756940379454477,23.491965098811427,1204006161,902.9793746277476,995.2713287353515,928.2008239746094,1027.378191017162,963.1644664535411
2021-06-28,944.7868041992188,963.1299720367883,942.5222185353294,961.0918688993542,20277042,41.469669728691585,11.090727639480292,21.0117176069452,1183729119,903.3953689518419,993.7587005615235,929.5455822753906,1031.8319119243542,955.6854891986927
2021-06-29,945.60205078125,955.2039275943256,943.9262837366043,946.3720075153033,27144063,41.79421339774212,7.37350681397038,18.284075448350237,1210873182,903.8153359352191,992.0927551269531,931.0167724609375,1035.2001651419707,948.9853451119354
2021-06-30,955.951171875,961.3861531398231,947.0739679222726,949.4291224770184,19762858,45.8955403870212,5.202696661132677,15.667799690906724,1230636040,904.3341004719334,990.2142181396484,932.9693627929687,1036.0941429836014,944.3342932956956
2021-07-01,950.1991577148438,961.6126545352091,948.863024683412,959.280142195751,12534407,44.03821045754833,2.9837793529865166,13.130995623322683,1218101633,904.7904692007186,987.8585174560546,934.8118774414063,1036.7761235459213,938.9409113661881
2021-07-02,964.284912109375,966.0286658416347,947.9345627995748,949.7688855828178,14086620,49.434752390997836,2.3349581162193545,10.971788121902017,1232188253,905.3824537072724,986.6392639160156,936.8887158203125,1036.6192313765423,936.6592964554887
2021-07-05,973.8641357421875,975.3814069298204,965.3945518663345,967.6364952540457,11702287,52.77034942306946,2.564167771897246,9.290264051901064,1243890540,906.0638634787641,985.0662445068359,939.1756408691406,1034.5729367691324,935.5595522445394
2021-07-06,962.3599853515625,973.2752927037599,960.2765977537204,971.4863144110957,10070124,48.6221069276308,1.7968166986388496,7.791574581248621,1233820416,906.624023895409,983.2068786621094,940.9300842285156,1033.189458104264,933.2242992199546
2021-07-07,955.679443359375,963.6961219133111,950.2218196134942,963.6961219133111,10454892,46.34382296114625,0.6422184430210791,6.361703353603113,1223365524,907.1121375219161,981.9071441650391,942.0923510742188,1033.313204954021,930.501083376057
2021-07-08,947.7760620117188,958.8046409163389,942.522218479792,958.8046409163389,11185460,43.733046238725414,-0.9001692259287211,4.909328837696747,1212180064,907.5167536859938,980.031704711914,943.0184680175781,1033.5033641799878,926.5600452438402
2021-07-09,938.0835571289062,947.3683817256788,935.7736870853545,945.6925548959384,9037675,40.704539817423026,-2.87152554722843,3.3531579607117115,1203142389,907.8209009839333,976.8171173095703,943.5092651367188,1032.2243929905833,921.4098416285574
2021-07-12,943.92626953125,951.8070347554016,939.5782363454429,941.9560333000883,8585292,43.25551139742994,-3.917226227863466,1.8990811229966762,1211727681,908.180158382414,973.1756652832031,944.383662109375,1027.1596928511246,919.1916377152814
2021-07-13,950.99169921875,952.5089702508312,945.7151540965626,951.1275527797749,6717133,46.26603356084751,-4.128242612516374,0.6936163758940663,1218444814,908.6061438633726,969.7719848632812,945.7193701171875,1020.2218499395312,919.3221197870312
2021-07-14,944.7868041992188,954.2301252196338,942.6354298484742,951.2861518765445,8532544,44.055491727658314,-4.741500720426302,-0.3934070433700073,1209912270,908.9661504338786,966.9276641845703,947.3141711425782,1016.2646925106058,917.5906358585348
2021-07-15,943.1336059570312,948.8629964583248,941.3898523696109,948.8629964583248,9448356,43.45969471551643,-5.299818462804524,-1.3746893272569107,1200463914,909.3061251157011,963.9089660644531,948.8443151855469,1011.2725150676891,916.5454170612171
2021-07-16,956.7437744140625,957.8081403899708,945.5114158643191,945.5793426478567,8828185,49.51310585581551,-4.5911386579780356,-2.0179791934011355,1209292099,909.7781415266301,961.3443206787109,950.5482690429687,1004.2140428568155,918.4745985006064
2021-07-19,950.652099609375,961.9976700838799,947.6175572445412,951.1276470202398,8354449,47.083325343828726,-4.469530092656328,-2.508289373252174,1200937650,910.1848475772047,958.2123962402344,952.1236206054688,994.014058904943,922.4107335755258
2021-07-20,948.3194580078125,954.7509382666392,943.8809159970199,950.9010950356152,6741464,46.14940682492159,-4.509397582712268,-2.9085110151441933,1194196186,910.5642964372108,955.224267578125,953.7024182128906,982.9410737455925,927.5074614106576
2021-07-22,960.5029907226562,961.9523350417173,950.289713605715,959.7330340406753,7972397,51.55452258544887,-3.5173379058430783,-3.0302763932839705,1202168583,911.0611988679118,953.3072906494141,955.4621472167969,972.7645405701599,933.8500407286683
2021-07-23,953.7092895507812,966.7306870173245,952.0561048845019,966.7306870173245,9937030,48.62375810185582,-3.2419472222252352,-3.0726105590722232,1192231553,911.4855579791841,952.224819946289,957.2665417480468,968.8584293281581,935.59121056442
2021-07-26,940.642578125,960.6388700312618,938.0382987131833,954.750983452507,12389668,43.50148450944605,-4.0315987693421675,-3.2644082011262125,1179841885,911.7756775826251,951.5997924804688,958.5916003417968,968.9714743543325,934.228110606605
2021-07-27,930.7462768554688,943.745031435626,924.8583903750485,940.6199201537044,10824523,40.05948428313962,-5.3937760226943965,-3.6902817654398494,1169017362,911.9644397644445,950.8977661132812,959.5106640625,970.326981948362,931.4685502782005
2021-07-28,922.7523193359375,932.1050710097164,913.1957274047861,932.1050710097164,12897848,37.47973811516657,-7.037235997418065,-4.359672611835492,1156119514,912.071781849733,949.7552795410156,960.0207067871094,972.6702886044787,926.8402704775525
2021-07-29,929.9536743164062,939.5329082786225,925.4924300252735,930.2933681370648,13765738,41.156035326511464,-7.670183603133864,-5.021774810095167,1169885252,912.2497111280085,948.4554046630859,960.5926330566406,972.7264128645779,924.1843964615939
2021-07-30,921.8237915039062,936.6115234310329,919.9214822576878,932.1049948766529,11350608,38.410101715186876,-8.727210884926535,-5.76286202506144,1158534644,912.3449756093607,947.0366363525391,961.1071252441407,973.9117299150139,920.1615427900642
2021-08-02,938.67236328125,941.7974744869755,924.4733894897529,930.4292625094815,10925104,46.3926944247349,-8.11186515611655,-6.232662651272463,1169459748,912.6069396657975,945.7560089111328,961.8037768554688,971.6442733740605,919.867744448205
2021-08-03,945.5792846679688,947.0512711550073,934.9131031020454,946.598366059032,11817299,49.29404086940564,-6.986334287525892,-6.38339697852315,1181277047,912.935022700645,944.3417663574219,962.791123046875,966.7960487196144,921.8874839952293
2021-08-04,952.826171875,957.4685547431583,945.2397556194825,948.5913497541121,13169800,52.216226028557124,-5.446792498895093,-6.196076082597539,1194446847,913.3319495581014,943.8650756835938,964.1265100097656,965.1430371616159,922.5871142055717
2021-08-05,966.64013671875,975.9475444073931,953.0525626247831,957.6043762856963,21252078,57.27122111981772,-3.0765583749803227,-5.572172541074096,1215698925,913.862379281093,944.4131103515625,965.6758911132813,967.3777592926267,921.4484614104983
2021-08-06,946.1681518554688,972.392083052254,941.5030673967123,964.6924564242829,16620987,48.99848402147538,-2.8175696530298637,-5.02125196346525,1199077938,914.1838297544699,944.33271484375,966.7612182617188,967.2609374656191,921.4044922218808
2021-08-09,940.7783813476562,946.5078316871239,935.9548011334763,942.5221349162108,7494143,47.070699719789665,-3.0125024082158234,-4.619502052415365,1191583795,914.4484521583822,944.4674560546875,966.6672595214844,967.2785725270039,921.6563395823712
2021-08-10,945.7152099609375,957.0155553586313,939.238504866793,942.9750770172923,11919198,49.04811774403868,-2.737075903575942,-4.243016822647481,1203502993,914.7595641763181,944.5569030761719,966.0807763671875,967.3728587437844,921.7409474085595
2021-08-11,958.963134765625,960.1859966454768,943.6092248291548,949.7462363911606,9184963,54.01313360458698,-1.433279644540221,-3.681069387026029,1212687956,915.1994006995949,944.9554748535156,965.6816198730469,968.4748068422948,921.4361428647364
2021-08-12,955.88330078125,962.9941092821113,953.3922326146494,962.4052906590396,8137612,52.72679322541024,-0.6411379401229169,-3.073083097645407,1204550344,915.6042156257805,945.5102996826172,964.92884765625,969.5062460231538,921.5143533420805
2021-08-13,971.8032836914062,973.7282353115995,955.181228214771,958.9630848706249,12780901,58.26036052269897,1.2567624643204454,-2.207113985252237,1217331245,916.1634103329012,946.9437835693359,964.4186499023438,973.4903540365021,920.3972131021696
2021-08-16,984.4169921875,997.7780819018561,963.8771679992134,973.4790435776864,21935444,62.050705312124585,3.735621151657483,-1.018566957870293,1239266689,916.8425504508575,948.3274444580078,964.3335900878906,979.29036813239,917.3645207836256
2021-08-17,980.2276000976562,989.716205298415,972.7997402220516,982.3110475847799,12658169,60.098669491812366,5.300979202641656,0.24534227423209698,1226608520,917.4732474622685,949.8062194824219,963.8316516113281,983.7532181984571,915.8592207663866
2021-08-18,984.0321655273438,990.4409443539315,974.9511803260805,984.6436264377176,10075860,61.28965595159172,6.7704874056082645,1.5503713005073307,1236684380,918.135525253961,951.5918548583984,963.5213488769531,988.6524232787593,914.5312864380375
2021-08-20,972.9808959960938,983.7376470917055,967.88554870858,970.6030393085123,9426282,56.05568941168213,6.9630721899911805,2.632911478404101,1227258098,918.6812503359722,952.2157501220703,963.3474841308594,990.2623701837772,914.1691300603634
2021-08-23,979.3670043945312,984.6434896207061,965.7567897152866,984.6434896207061,9854395,58.273209380482726,7.544039603385954,3.6151371034004716,1237112493,919.2850886848137,953.4986358642578,963.2291271972656,993.3477776933913,913.6494940351243
2021-08-24,989.0369262695312,992.7961409161452,976.3098780018888,980.5899844960273,11864472,61.44575887188721,8.684631320679387,4.629035946856255,1248976965,919.979136819985,955.9183532714844,962.9623596191407,998.156633871693,913.6800726712759
2021-08-25,997.5970458984375,1005.4778714076189,987.4064100092222,989.8069092436782,13380559,64.05141318149758,10.162145698406903,5.7356578971663845,1262357524,920.7514543232533,959.2608917236328,962.5791943359375,1003.5336609214734,914.9881225257922
2021-08-26,1010.2107543945312,1016.7554463089577,998.6839861429403,1000.0427614622415,18589616,67.53341423294177,12.210156265278897,7.030557570788888,1280947140,921.6415966125198,963.6338134765625,962.4021032714844,1009.8527581150489,917.4148688380761
2021-08-27,1008.829345703125,1015.7817181947378,1003.6887734868195,1013.1773788430729,10480636,66.7706388227233,13.565378024450752,8.337521661521262,1270466504,922.5091364044662,967.5775970458984,962.5452258300782,1015.0711123928106,920.0840816989862
2021-08-30,1028.23681640625,1030.7732288164937,1013.0867479284576,1019.0652631807153,14027062,71.62035549371167,16.020744552547512,9.874166239726513,1284493566,923.5611531209018,972.8982482910156,963.0398107910156,1022.4928318227411,923.3036647592902
2021-08-31,1022.7567138671875,1034.3513502485355,1015.5552757824454,1031.248880823453,26485463,68.57683492813877,17.324733002469657,11.364279592275143,1258008103,924.54817362584,977.1024658203125,963.3342114257813,1028.5982133392336,925.6067183013917
2021-09-01,1026.81005859375,1038.4953813339248,1024.9531537088544,1029.4823244235874,11145486,69.60566111374914,18.472287259057794,12.785881125631674,1269153589,925.5657048195507,981.1640045166016,963.6046008300781,1034.841321812457,927.4866872207463
2021-09-02,1039.1748046875,1045.2438888621152,1021.32982832915,1021.32982832915,9956770,72.55737389707355,20.147219344956625,14.258148769496664,1279110359,926.6961436242069,985.4814361572265,964.2264562988281,1043.0933929346436,927.8694793798095
2021-09-03,1081.7943115234375,1084.7382844176575,1042.8433961232756,1046.2402142010292,30664428,79.82881767347347,24.629736831135006,16.332466381824332,1309774787,928.2394089764381,991.239144897461,965.8854919433594,1061.7428171658535,920.7354726290685
2021-09-06,1098.5977783203125,1123.2365131929273,1092.4380047519112,1092.8909697996994,33641710,81.86867452434382,29.201447462722058,18.906262598003877,1343416497,929.9345171291135,998.8606262207031,968.3502734375,1080.330352158704,917.3909002827021
2021-09-07,1105.52734375,1113.272195169168,1092.4379602260194,1100.5904921516135,17349882,82.6479841889218,33.003277849806864,21.725665648364476,1360766379,931.681709433799,1007.0980743408203,971.3979577636719,1096.3546837884292,917.8414648932114
2021-09-08,1101.2020263671875,1111.4606486919852,1090.0149514607642,1110.554838373318,14301651,80.3271738017958,35.26077459718681,24.432687438128944,1346464728,933.3684787565194,1014.8724151611328,974.5262622070312,1108.3738610260061,921.3709692962594
2021-09-09,1098.5977783203125,1104.145971203985,1094.2950296674799,1099.6394421897962,8963249,78.8907502079622,36.419890157951045,26.830127982093366,1337501479,935.012551388995,1021.8541473388672,977.5861767578125,1118.416872043455,925.2914226342793
2021-09-13,1074.1175537109375,1101.949327153265,1072.5323557228828,1101.949327153265,16311160,66.79856217754528,34.96014921640085,28.456132228954864,1321190319,936.3966807653328,1027.7658599853517,979.9495043945312,1121.8957098032088,933.6360101674945
2021-09-14,1072.713623046875,1084.2856176738067,1071.6039124413585,1075.6802390162593,8908356,66.17213741980203,33.306076810743434,29.42612114531258,1312281963,937.7530682507214,1032.811376953125,982.3997937011719,1125.203465102489,940.4192888037612
2021-09-15,1077.1746826171875,1085.0780298856923,1072.7360805602518,1072.7360805602518,9071075,67.22394319006676,31.9864627058148,29.938189457413028,1321353038,939.1403479956614,1037.4492614746093,984.6575891113281,1128.9668846068853,945.9316383423335
2021-09-16,1099.775146484375,1103.647571826163,1072.0565884901453,1078.6465641491313,13448882,71.97762347529421,32.3909449240557,30.428740550741566,1334801920,940.7387041995293,1043.4266387939454,987.1758093261719,1134.8301325324935,952.0231450553972
2021-09-17,1082.7227783203125,1112.2983612101125,1075.9516645338,1107.8371172912175,34882133,64.38940684086798,30.978416495925558,30.538675739778366,1299919787,942.1514810564524,1048.3611694335937,989.5830651855468,1137.0206129378817,959.7017259293057
2021-09-20,1084.4442138671875,1095.314178271125,1073.4156338079188,1074.366728738186,11779819,64.7929248429782,29.656026785364247,30.362145948895545,1311699606,943.5673291441215,1053.9343353271483,992.1583605957031,1136.7607580713343,971.1079125829624
2021-09-21,1089.1317138671875,1094.521410709491,1079.756260196694,1089.2675674362638,9915736,65.92520060839436,28.655937675547193,30.020904294225875,1321615342,945.015730982162,1059.4225708007812,994.9854736328125,1136.07403597189,982.7711056296722
2021-09-22,1100.81689453125,1106.0253328041451,1086.2102417475817,1090.6262009705367,10995912,68.6333305906116,28.477979848458745,29.71231940507245,1332611254,946.5659913159839,1065.0115692138672,998.2401403808594,1136.4424429033056,993.5806955244288
2021-09-23,1127.7203369140625,1130.9360171926044,1107.6107744419755,1108.4713001643795,15748397,73.79685985003832,30.160162369471664,29.801887997952292,1348359651,948.3685221179549,1071.5177337646485,1001.9160217285156,1140.8761025885708,1002.1593649407262
2021-09-24,1124.459228515625,1134.7631343059459,1119.613065939266,1133.9026086017536,15192163,72.24438560909557,30.8742606846979,30.016362535301415,1333167488,950.1206684502699,1077.230157470703,1005.3853723144531,1144.2294665486422,1010.2308483927638
2021-09-27,1143.3685302734375,1145.8370159244848,1121.1077134942575,1126.4068411721403,15373834,75.46715595930385,32.59033032335083,30.5311560929113,1348541322,952.0435327470179,1083.9571166992187,1009.3570068359375,1149.126297731197,1018.7879356672404
2021-09-28,1154.0574951171875,1161.689135216267,1138.092065214608,1147.6939414575027,18035258,77.08676350497846,34.41611050842516,31.308146976014072,1366576580,954.0536219248306,1090.2481506347656,1013.5754846191406,1156.9607878363238,1023.5355134332074
2021-09-29,1144.90869140625,1163.9991145771864,1141.3758992926414,1163.9991145771864,9719875,72.6649519644037,34.72453958237247,31.991425497285753,1356856705,955.9526773425562,1096.3557495117188,1017.3387829589843,1159.505579616918,1033.2059194065196
2021-09-30,1141.013427734375,1147.965800183617,1132.4533348800387,1143.617767070168,13590654,70.80274583675879,34.25973175956187,32.44508674974098,1343266051,957.7940778439674,1102.06591796875,1021.1460095214844,1159.4158784472104,1044.7159574902896
2021-10-01,1143.0289306640625,1150.320936930379,1130.0302358504632,1133.1779894261922,8958928,71.21381801453865,33.66592265335157,32.689253930463096,1352224979,959.637210707849,1107.2586242675782,1025.0401989746094,1159.4668269556778,1055.0504215794786
2021-10-04,1157.7261962890625,1166.1957202690803,1149.0754144086845,1156.2994941506686,10918552,74.07967378091465,33.98946180628241,32.94929550562696,1363143531,961.6082453902492,1111.0552185058593,1028.9846630859374,1166.2616387586122,1055.8487982531065
2021-10-05,1181.75341796875,1183.0216242133338,1153.7403880823629,1157.2505376163047,13533634,77.945324647157,35.77230404805482,33.51389721411253,1376677165,963.7987446198861,1115.2130004882813,1033.5455456542968,1178.039823990141,1052.3861769864216
2021-10-06,1159.4019775390625,1186.6222902143543,1155.4389825506435,1186.6222902143543,10258881,67.81355472608914,34.97843529667011,33.80680483062405,1366418284,965.7450454449526,1117.9067321777343,1037.9207336425782,1183.4044858716077,1052.408978483861
2021-10-07,1165.086181640625,1177.020571318369,1162.9574494692135,1175.3220421537414,6336665,68.91998807226823,34.41128449047687,33.92770076259462,1372754949,967.7285393374468,1121.1009399414063,1042.6075317382813,1189.2075808589718,1052.9942990238408
2021-10-08,1209.857177734375,1215.8130517029124,1169.2077239223584,1170.9061333611987,15772493,75.93651932691053,37.14625964990705,34.5714125400571,1388527442,970.1377795205009,1126.6639099121094,1048.34962890625,1204.0524329005852,1049.2753869236335
2021-10-11,1201.4327392578125,1231.9367793726578,1198.1264896541243,1223.512539721895,14768666,72.61456310082414,38.19369227925176,35.29586848789604,1373758776,972.4392219059469,1133.0296691894532,1053.779210205078,1212.9843037266132,1053.0750346522932
2021-10-12,1208.29443359375,1215.1788796176056,1196.2694750157295,1197.9680041586355,6682011,73.62657325269352,39.12644625463349,36.061984041243534,1380440787,974.7860399326912,1139.8087097167968,1059.508623046875,1221.1368960349332,1058.4805233986604
2021-10-13,1220.5909423828125,1231.7100881104088,1208.9735471768931,1213.3668640485118,9959762,75.38226560322751,40.392269058921784,36.928041044779185,1390400549,977.2318598575681,1146.9795227050781,1065.1469946289062,1230.2209859725165,1063.7380594376398
2021-10-14,1223.0596923828125,1230.7820226229398,1217.0811759648275,1223.0370501176033,8623469,75.73156956847764,41.12063713568432,37.76656026296021,1399024018,979.6779079423964,1153.14375,1070.6966027832032,1239.683557205077,1066.603942794923
2021-10-18,1226.3206787109375,1243.2597273294034,1205.8034336758178,1208.656838063519,13594479,76.21171750812076,41.48282029737766,38.50981226984371,1412618497,982.1320648654665,1160.3236450195313,1076.166492919922,1246.1262358299307,1074.521054209132
2021-10-19,1237.3037109375,1246.1356302424738,1226.5016753447112,1233.6577079515857,8833409,77.80449932736545,42.1699826638162,39.241846348638205,1421451906,984.6710862194171,1167.966619873047,1081.5797644042968,1252.59565051075,1083.337589235344
2021-10-20,1223.0596923828125,1242.2408058239628,1219.0287701738525,1242.2408058239628,12710570,71.15073310542178,41.09151314981068,39.6117797088727,1408741336,987.0431121513913,1174.663018798828,1087.1175952148437,1254.32961555749,1094.9964220401662
2021-10-21,1187.7772216796875,1235.5600608138357,1179.0358711096487,1235.2883536749923,20831669,57.934412258421965,36.96372298275037,39.082168363648236,1387909667,989.0404664750558,1179.01103515625,1092.0575720214845,1251.2252450023818,1106.7968253101183
2021-10-22,1189.99658203125,1206.9810344630644,1182.7951444896785,1186.6449281501523,11027475,58.45714660191728,33.485503330246274,37.962835356967844,1398937142,991.0400298139235,1182.1248474121094,1096.9431994628906,1250.4922233997581,1113.7574714244606
2021-10-25,1178.4017333984375,1213.819979870448,1163.9989792562783,1213.819979870448,17198417,54.63714114355697,29.453856095265564,36.26103950462739,1381738725,992.9043253719784,1184.82197265625,1101.3319714355468,1247.9306705999968,1121.713274712503
2021-10-26,1205.2371826171875,1208.7926167498356,1179.013250231775,1185.3315195274101,9750178,60.990774729747045,28.100221235220488,34.62887585074601,1391488903,995.017090120687,1187.9154052734375,1106.3190490722657,1248.612267113236,1127.218543433639
2021-10-27,1189.99658203125,1212.3707315877277,1186.6222858874532,1201.138372284091,9896298,56.178302298285786,25.503676255563732,32.80383593170956,1381592605,996.9571845675583,1189.7123596191407,1110.6829150390624,1248.3876312489094,1131.037087989372
2021-10-28,1176.952392578125,1194.77472717133,1173.283867099268,1186.644837678606,9886181,52.36955067741721,22.13814383643148,30.670697512653945,1371706424,998.7481816621909,1191.3145446777344,1114.533623046875,1246.6644238798667,1135.964665475602
2021-10-29,1148.713134765625,1175.8428779756357,1133.0648156155328,1175.8428779756357,14233025,45.22161020051976,16.996339821169386,27.935825974357037,1357473399,1000.2403702502847,1191.699530029297,1117.9033337402343,1245.7361086122992,1137.6629514462948
2021-11-01,1149.4151611328125,1157.6582624374937,1129.6225892164332,1148.7131311991511,15481114,45.42105011718858,12.830172512905847,24.914695282066802,1372954513,1001.7246965277229,1192.0188415527343,1121.2109936523439,1244.965721608518,1139.0719614969507
2021-11-02,1132.6571044921875,1154.0348738636576,1130.143454028727,1152.6760985535552,10569130,41.533661535036074,8.083043493641753,21.548364924381794,1362385383,1003.0275065572201,1190.7653869628907,1124.4045178222657,1247.92003310421,1133.6107408215714
2021-11-03,1124.866943359375,1141.3531452072293,1114.6309640383438,1135.0348760961226,11989430,39.82723192915212,3.650231054921278,17.968738150489692,1350395953,1004.2398392617192,1187.9210632324218,1127.3145166015624,1251.847354556473,1123.9947719083707
2021-11-04,1131.77392578125,1134.514118637374,1127.7656464746356,1129.1016597099565,1705656,42.09868202977294,0.686616134535825,14.51231374729892,1352101609,1005.5088351474857,1186.5396606445313,1130.169256591797,1253.9694032589239,1119.1099180301387
2021-11-08,1133.17822265625,1141.3533986112761,1112.5477636045616,1141.0815716147645,20337183,42.57333051798895,-1.5311053900913976,11.303629919820859,1372438792,1006.779177311752,1184.9442626953125,1132.8808801269531,1255.7540591301206,1114.1344662605045
2021-11-09,1142.1231689453125,1145.38413396809,1126.4295651226153,1134.5594552172417,15682497,45.63065307143617,-2.537631035727827,8.535377728711122,1388121289,1008.1258836961656,1181.5575622558595,1135.5191284179687,1253.7430653607983,1109.3720591509207
2021-11-10,1154.895263671875,1158.5639086571884,1133.947819541091,1139.8584075840783,10253470,49.74478174841003,-2.2784440729453763,6.372613368379822,1398374759,1009.58627553672,1179.2306884765626,1138.4404467773438,1251.7031701034427,1106.7582068496824
2021-11-11,1157.0015869140625,1164.2255472479787,1148.3960890914113,1150.4342522284085,10722478,50.41121217843614,-1.881386403890474,4.721813413925763,1409097237,1011.0530945554001,1176.6660461425781,1141.0157421875,1248.4702059605247,1104.8618863246315
2021-11-12,1174.4615478515625,1177.0206028987552,1158.111197547698,1160.783463915503,8712341,55.66014328212297,-0.15604363791999276,3.746242003556612,1417809578,1012.679049314566,1174.3595764160157,1144.0498388671874,1243.277286892808,1105.4418659392234
2021-11-15,1167.5318603515625,1178.583081524526,1163.9990683781703,1177.586582367733,4803269,53.2509597524766,0.6447033284434838,3.1259342685339866,1413006309,1014.2198733049839,1171.583184814453,1146.8642749023438,1236.80435237804,1106.362017250866
2021-11-16,1140.402099609375,1166.2636363626991,1130.0302662731583,1164.9275032865714,11337581,45.03284906321579,-0.8994752993203292,2.3208523549631237,1401668728,1015.4754178453262,1167.287255859375,1148.8888208007813,1228.7298635783584,1105.8446481403914
2021-11-17,1115.989990234375,1131.819450262688,1114.6312146490427,1131.819450262688,10202029,39.174302967088046,-4.046456165239988,1.0473906509225013,1391466699,1016.4755628442223,1161.2215698242187,1149.572734375,1217.558457835356,1104.8846818130814
2021-11-18,1120.2017822265625,1127.3126501781812,1109.6714536653499,1114.177982402732,8505625,40.60986198823361,-6.129942597392983,-0.3880759987405956,1399972324,1017.5076645296188,1156.0786743164062,1150.004814453125,1207.457477032695,1104.6998716001176
2021-11-22,1070.584716796875,1109.1960026578379,1064.8099816539602,1103.3533407297432,24124307,31.252265617579965,-11.650503368001864,-2.6405614725928497,1375848017,1018.0357944029248,1150.2190490722655,1149.3059619140624,1211.5649887099794,1088.8731094345517
2021-11-23,1080.59423828125,1087.5692534410966,1045.7875684738456,1056.6801744196864,25326999,34.529772194082796,-15.044479427497436,-5.121345063573767,1401175016,1018.6582664813162,1144.7489318847656,1148.8938061523438,1210.2982111464812,1079.19965262305
2021-11-24,1064.9912109375,1091.4868494573443,1061.4357769402945,1077.9446209027212,16820296,31.97105446297857,-18.776816362757472,-7.852439323410509,1384354720,1019.1192908042634,1139.0784057617188,1148.2216748046876,1211.2853662702346,1066.871445253203
2021-11-25,1129.1015625,1133.2005303004803,1067.5953616356612,1074.774155951259,42401936,48.76927095133916,-16.372815074995287,-9.556514473727464,1426756656,1020.2136417664101,1135.2716247558594,1149.3213549804686,1200.8489802123236,1069.6942692993953
2021-11-26,1092.7099609375,1122.1495777170283,1087.682539493802,1117.7109749649965,15763138,42.37313450122119,-17.205787238287257,-11.086369026639423,1410993518,1020.9349981760727,1130.407293701172,1149.7212817382813,1193.4079090780376,1067.4066783243063
2021-11-29,1105.799072265625,1132.2948314861248,1086.5953193762673,1104.7121238946838,24325354,45.15906320216824,-16.618177776078255,-12.192730776527188,1435318872,1021.7794168237299,1126.849627685547,1150.29376953125,1186.901882052056,1066.797373319038
2021-11-30,1089.4486083984375,1121.3793456985663,1081.9528225027632,1117.8012696969345,32172299,42.40146813179277,-17.27272955690296,-13.208730532602344,1403146573,1022.4527421130305,1123.8864013671875,1150.0872387695313,1185.1670269679387,1062.6057757664364
2021-12-01,1117.3486328125,1120.519028933976,1098.3713010103995,1101.9493776790864,10104610,48.21269787372382,-15.363071830137642,-13.639598792109403,1413251183,1023.3969798314332,1122.2830749511718,1150.779755859375,1182.476408636348,1062.0897412659956
2021-12-02,1124.5272216796875,1130.5736640269113,1114.9027029403865,1118.571348380323,12720411,49.62109312630787,-13.11917254107152,-13.535513541901828,1425971594,1024.4032508946,1121.8765808105468,1151.581416015625,1181.893741784003,1061.8594198370906
2021-12-03,1090.7396240234375,1131.6154976946157,1087.0030516324528,1131.5702131686844,19222481,43.60955218938517,-13.906932483286482,-13.60979733017876,1406749113,1025.0633143088173,1120.17021484375,1151.61357421875,1181.6724622337515,1058.6679674537486
2021-12-06,1070.063720703125,1098.3258129963901,1067.5953550144707,1094.2496072811668,10332254,40.38526112943406,-16.01499956916905,-14.09083777797682,1396416859,1025.5110795465716,1117.0847045898438,1150.9985107421876,1182.0435213079904,1052.1258878716972
2021-12-07,1078.7825927734375,1088.8146726752468,1068.8863664494722,1076.2010153934032,11235122,42.321880193988335,-16.788589404987533,-14.630388103378964,1407651981,1026.0411443547991,1114.364923095703,1150.019755859375,1180.9357058242156,1047.7941403671905
2021-12-08,1095.2008056640625,1101.405743762558,1089.8563933091182,1097.9183562650253,8744178,45.88675587008481,-15.893640363086433,-14.883038555320457,1416396159,1026.7293001887222,1112.0188049316407,1149.4345874023438,1177.8139466077942,1046.2236632554873
2021-12-09,1112.5703125,1120.926625884508,1098.326051956675,1102.85522364802,13213547,49.446592108366495,-13.625743669691701,-14.631579578194707,1429609706,1027.583439614705,1109.9025573730469,1148.818623046875,1172.6996062094934,1047.1055085366004
2021-12-10,1113.7025146484375,1116.8955527047663,1100.7489847314073,1105.2328712872275,8364414,49.67897124299333,-11.60330428075008,-14.025924518705782,1437974120,1028.4403458339461,1107.7376037597655,1148.0115234375,1166.7625600434787,1048.7126474760523
2021-12-13,1091.3736572265625,1120.5642045309762,1088.8146024741634,1120.2924973928066,12901733,45.26030333957718,-11.667760003629155,-13.554291615690458,1425072387,1029.0665479373554,1103.5832092285157,1146.9408227539063,1154.3576939113202,1052.8087245457111
2021-12-14,1078.012451171875,1089.7204159270498,1074.9552669933066,1077.9445243946013,12991523,42.806753391289945,-12.651144770889687,-13.373662246730305,1412080864,1029.5535718501367,1099.1072387695312,1145.6808032226563,1141.6607084991822,1056.5537690398803
2021-12-15,1074.8648681640625,1089.2676234327396,1069.38448219365,1079.7563157042177,9366969,42.22602394643026,-13.528519574684196,-13.404633712321084,1402713895,1030.0044305199272,1095.8303771972655,1144.3175219726563,1135.1283656844043,1056.5323887101267
2021-12-16,1088.7691650390625,1094.023007574745,1072.8038571070083,1089.5844061394005,9761279,45.728611591100055,-12.952575643757655,-13.3142220986084,1412475174,1030.5891542464858,1094.4693359375,1142.9383813476563,1132.7526522745102,1056.18601960049
2021-12-17,1060.0316162109375,1090.6262198818429,1050.7693748912868,1086.1196915464664,21049821,40.291639899972566,-14.646183859164012,-13.580614450719523,1391425353,1030.8821140670277,1091.4608276367187,1140.5039453125,1130.6292762984315,1052.292378975006
2021-12-20,1031.4527587890625,1049.7958677716224,1017.7519129116022,1049.7958677716224,14325846,35.740599302128075,-18.085971698516232,-14.481685900278865,1377099507,1030.8877921239634,1089.5042297363282,1137.9449609375,1135.89264999177,1043.1158094808864
2021-12-21,1046.8065185546875,1062.5454064146618,1038.1784989493156,1046.8518030785813,12836561,39.68239760887298,-19.3500528825341,-15.455359296729913,1389936068,1031.0461874118314,1087.81484375,1135.5793676757812,1137.7068346126275,1037.9228528873723
2021-12-22,1071.64892578125,1074.275907104783,1051.6753379399179,1052.9887088013688,17658543,45.50694887125908,-18.138185964388867,-15.991924630261705,1407594611,1031.4501947587908,1088.1477294921874,1132.8152026367188,1137.5122029358454,1038.7832560485294
2021-12-23,1071.26416015625,1077.944705915956,1068.0031950967277,1075.2271551661324,9072401,45.4337702115663,-17.01270816140459,-16.196081336490284,1398522210,1031.846353618467,1085.255859375,1130.2118310546875,1131.3532267875626,1039.1584919624374
2021-12-24,1074.6837158203125,1083.3796623765666,1058.718285237532,1073.4155095265614,7886494,46.26086540495219,-15.6642614746238,-16.089717364116986,1406408704,1032.2725960284356,1084.3545471191405,1127.5396166992186,1130.5385177700698,1038.1705764682113
2021-12-27,1073.52880859375,1077.038958550713,1063.4967281365457,1069.5884556164642,4017223,46.007224271090045,-14.521405399354762,-15.776054971164541,1402391481,1032.6831056062,1082.741033935547,1124.5983740234376,1128.0622346818175,1037.4198331892765
2021-12-28,1086.2784423828125,1089.1997736760372,1074.7970173887559,1075.951892667275,6374613,49.31131706026111,-12.443454435280273,-15.109534863987689,1408766094,1033.2163925393006,1082.5825256347657,1121.8627490234376,1127.8308966355828,1037.3341546339486
2021-12-29,1088.13525390625,1095.60839765478,1078.8956544896844,1082.9266955421135,15425312,49.7931916107719,-10.525502710158207,-14.192728433221793,1424191406,1033.76284887131,1081.1218566894531,1119.0990405273437,1123.5872659038835,1038.6564474750228
2021-12-30,1068.478759765625,1089.245070757408,1062.3643899373753,1087.003127167027,29333171,44.92432915646977,-10.470924649440803,-13.448367676465597,1394858235,1034.1082808205074,1078.31943359375,1115.7225415039063,1116.09589606574,1040.5429711217603
2021-12-31,1072.57763671875,1079.7110276415224,1068.8863489128844,1074.7742955921874,9477290,46.107718394229735,-9.981861344647314,-12.755066410101941,1404335525,1034.4910604811864,1077.4113342285157,1112.712900390625,1114.8212788860249,1040.0013895710065
2022-01-03,1088.7467041015625,1090.603728995159,1070.4941656370397,1071.1509110384136,5421611,50.61550367805633,-8.195098550016155,-11.843072838084785,1409757136,1035.030917631638,1078.3454833984374,1110.7322900390625,1115.9076193563312,1040.7833474405436
2022-01-04,1113.3175048828125,1114.6309956772857,1088.81462402871,1094.2044407783767,10847728,56.56157054498185,-4.741757853154013,-10.42280984109863,1420604864,1035.8098886490625,1080.0722290039062,1109.1987084960938,1120.613044247249,1039.5314137605633
2022-01-05,1118.5260009765625,1121.8776545605729,1101.9265882823174,1115.0838981501056,11643813,57.723594107543036,-1.5666193526562893,-8.651571743410162,1432248677,1036.6329345428685,1081.2384887695312,1108.0011938476562,1124.6905405354003,1037.786437003662
2022-01-06,1094.47607421875,1111.4605249543165,1091.0791361515087,1110.1923187691705,14447422,50.94653091100402,-0.9796346921752956,-7.117184333163189,1417801255,1037.2084881714843,1080.3337768554688,1105.7859716796875,1121.849037737747,1038.8185159731906
2022-01-07,1103.3079833984375,1113.294777565113,1092.2341211399646,1101.0207557139988,13112115,53.123100563375225,0.19595726632087462,-5.654556013266377,1430913370,1037.866194591653,1079.8140502929687,1104.0521997070311,1119.8803044752747,1039.7477961106626
2022-01-10,1104.2138671875,1112.8193642531028,1094.2723568788356,1110.5547786779957,9246731,53.35173461849618,1.1870361996966494,-4.286237570673772,1440160101,1038.526370438378,1080.4560607910157,1102.5974291992188,1121.6385974380976,1039.2735241439339
2022-01-11,1112.16259765625,1120.9491128479206,1102.8550708538112,1103.3080358803265,16205164,55.40695833660383,2.584081826490319,-2.912173691240954,1456365265,1039.2590692166655,1082.1635681152343,1101.8664184570312,1125.571005842453,1038.7561303880157
2022-01-12,1141.8514404296875,1143.595254204983,1116.4427463358454,1119.2961508769274,14800442,62.11992665587251,6.017525751614357,-1.1262338026698917,1471165707,1040.2798888307254,1085.5128967285157,1101.7151440429689,1135.9232910683068,1035.1025023887246
2022-01-13,1148.2828369140625,1150.8645340891296,1136.0993826537385,1141.9194026287705,11856712,63.40510873169343,9.152016002227583,0.9294161583096032,1483022419,1041.3545450305598,1088.4885803222655,1102.0276586914063,1145.8617579195557,1031.1154027249754
2022-01-14,1149.9586181640625,1162.7761757448827,1144.0027445379585,1148.1469975068374,19930176,63.750217489326225,11.637197284021568,3.070972383451996,1502952595,1042.435182574177,1092.984930419922,1102.5294921875,1154.6660961026096,1031.3037647372344
2022-01-17,1155.959716796875,1161.7344520199854,1149.0527486713804,1149.5057137125311,8036453,65.02232715323272,13.930379121844908,5.2428537311305785,1510989048,1043.5647799296269,1099.2102783203125,1103.0132080078124,1159.918346060723,1038.5022105799019
2022-01-18,1142.1683349609375,1160.5340832716051,1139.4281422634044,1157.0919805047831,6215029,59.82628260234987,14.468113587679,7.087905702440263,1504774019,1044.5459098304361,1103.978369140625,1103.1930102539063,1162.411055601582,1045.5456826796683
2022-01-19,1142.0777587890625,1151.3172385374578,1136.370950826631,1145.882257497244,9755485,59.79248796081218,14.717311282668106,8.613786818485831,1495018534,1045.5163759892284,1107.4998107910155,1103.1921020507812,1166.2028836116726,1048.7967379703584
2022-01-20,1122.0814208984375,1136.801286170844,1111.9133687702085,1132.3173998078944,16494486,52.71310202785185,13.14968353353379,9.520966161495423,1478524048,1046.2782172321063,1110.040673828125,1102.5358251953126,1166.610515740349,1053.4708319159008
2022-01-21,1122.2625732421875,1133.3137934671236,1110.5547274570392,1110.5547274570392,13338594,52.76766105153981,11.78608211039682,9.973989351275703,1491862642,1047.0342804759875,1112.4196166992188,1101.841044921875,1166.8012460089644,1058.037987389473
2022-01-24,1076.9935302734375,1134.4461715764583,1066.666981959244,1120.9717499530957,21868937,40.265152669600916,6.972213384102588,9.373634157841082,1469993705,1047.332382464022,1112.5928527832032,1099.8916845703125,1166.4978070294458,1058.6878985369606
2022-01-25,1074.887451171875,1081.8623458947789,1043.9757327083191,1064.1532222498897,24510205,39.792772607306595,2.9532020789429225,8.08954774206145,1445483500,1047.6065622521598,1112.0233032226563,1098.0387963867188,1167.2527914392974,1056.7938150060152
2022-01-27,1058.96728515625,1067.1198169153088,1046.7159051568356,1058.0161903944513,20020431,36.323725546247466,-1.4992354300945863,6.171791107630243,1425463069,1047.7196042711062,1110.5649047851562,1096.4101000976561,1169.6466201905675,1051.4831893797448
2022-01-28,1057.9482421875,1076.087568078922,1054.5740661673967,1071.1508364816766,14667727,36.1067434505772,-5.05181826881244,3.9270692323417067,1410795342,1047.8213817628116,1110.03837890625,1095.2492651367188,1170.775468837391,1049.3012889751092
2022-01-31,1080.9339599609375,1089.9017336429354,1067.1651879580827,1068.9769283849403,12143683,44.20316863321196,-5.943991801336324,1.9528570256061004,1422939025,1048.1508601528428,1110.4561950683594,1094.4639086914062,1170.264620990661,1050.647769146058
2022-02-01,1077.35595703125,1096.3331695818495,1063.0437697429202,1090.6264803582178,13200509,43.28371441189485,-6.860675095553006,0.1901506013742793,1409738516,1048.4414581317326,1109.8866577148438,1094.5993334960938,1170.7193386694948,1049.0539767601927
2022-02-02,1079.552490234375,1090.1733881906252,1075.725349000261,1090.1733881906252,10017691,44.05308331699556,-7.325467904213383,-1.3129730997432532,1419756207,1048.7510206402167,1108.1984069824218,1094.5784985351563,1170.4149040782638,1045.9819098865798
2022-02-03,1065.6025390625,1087.6596951339798,1063.0888887078768,1083.3795890325775,9572839,40.312918914163276,-8.718957316114484,-2.7941699430174993,1410183368,1048.9186974404383,1105.5522338867188,1094.5907250976563,1170.2394299605626,1040.865037812875
2022-02-04,1055.8875732421875,1063.6551874088461,1051.2678326966015,1060.2808911532845,11061241,37.899664964455035,-10.486344216334146,-4.332604797680829,1399122127,1048.988039488217,1103.6228088378907,1093.1264453125,1171.7280366299547,1035.5175810458268
2022-02-07,1049.4560546875,1067.4368843783152,1043.9756693517945,1060.7336971993545,10714467,36.34834851543972,-12.264602165696715,-5.919004271284006,1388407660,1048.9926963558717,1100.9302124023438,1092.2613671875,1173.0142562565584,1028.8461685481293
2022-02-08,1067.09716796875,1068.8862659765236,1046.240291320876,1055.5931024543218,12060849,43.214305998318224,-12.110788363807615,-7.157361089788728,1400468509,1049.1728403520196,1099.0743774414063,1091.4873291015624,1172.6210387262454,1025.5277161565673
2022-02-09,1079.52978515625,1081.2055520274612,1067.9804353407576,1073.936188431649,11486225,47.51142583318635,-10.860488562597538,-7.897986584350491,1411954734,1049.4748995043005,1097.4427368164063,1091.2889526367187,1171.2031618251492,1023.6823118076634
2022-02-10,1078.42041015625,1085.0555521861236,1071.1963296372755,1085.0555521861236,12464491,47.16842874488237,-9.845639845836558,-8.287517236647705,1399490243,1049.7629145356632,1094.2711853027345,1090.5103881835937,1165.5334371086208,1023.0089334968482
2022-02-11,1076.314208984375,1079.982854527415,1061.6849113374171,1074.887506839841,15943370,46.48233032243486,-9.106345476377555,-8.451282884593676,1383546873,1050.0271065202273,1090.67275390625,1089.5461279296876,1157.8110633586602,1023.5344444538396
2022-02-14,1059.171142578125,1066.599001885618,1047.5990308751595,1059.9410992209632,10719633,41.226033262994314,-9.790888285118854,-8.719203964698712,1372827240,1050.1180919536394,1086.1333801269532,1088.9147583007812,1148.748366368183,1023.5183938857234
2022-02-15,1095.1328125,1097.8277206759533,1057.8803043046898,1064.9004831978962,11212671,53.18542562573323,-7.346896722301153,-8.4447425162192,1384039911,1050.5659996207673,1083.0920349121093,1089.4161401367187,1137.1724553726153,1029.0116144516032
2022-02-16,1092.868408203125,1101.9493936888987,1085.1688404247225,1100.5906182455715,10392840,52.46154986965528,-5.528999439247855,-7.861593900824932,1373647071,1050.986919109149,1080.6270385742187,1089.6978564453125,1127.759837121038,1033.4942400273994
2022-02-17,1106.7049560546875,1111.8682307103675,1091.5322435754686,1096.106699582626,12853252,56.36926076819908,-2.9379422015263117,-6.876863560965209,1386500323,1051.5413274369655,1078.8583984375,1089.927939453125,1118.730214299851,1038.986582575149
2022-02-18,1098.05419921875,1112.5475227496659,1096.1292475949579,1107.112541400613,6775458,53.41304723040954,-1.5645196437676532,-5.814394777525698,1379724865,1052.0041420815603,1077.6570373535155,1089.6376171875,1113.4905195418223,1041.8235551652087
2022-02-21,1086.957763671875,1103.9875007758346,1080.0281530233087,1092.4380298945582,11107193,49.80493596438251,-1.355832787225836,-4.922682379465726,1368617672,1052.3519393113147,1075.891796875,1089.1027221679688,1105.740483371702,1046.0431103782978
2022-02-22,1082.02099609375,1085.1462276183765,1063.0664255657716,1065.6706454025614,13494914,48.2435311146661,-1.570696819959494,-4.2522852675644796,1355122758,1052.6471538066623,1076.1431701660156,1088.9156689453125,1106.1091839945022,1046.177156337529
2022-02-23,1075.249755859375,1089.9696221846223,1072.5096827529123,1087.5012562225045,7310110,46.10835834551918,-2.261293823618871,-3.8540869787753578,1347812648,1052.8720553196247,1076.1612854003906,1088.8604150390624,1106.1246787981418,1046.1978920026395
2022-02-24,1021.6695556640625,1059.7827129241718,1016.0760782454672,1043.975778151862,24846650,33.48098642632459,-7.050794126127585,-4.493428408245803,1322965998,1052.561582686236,1074.2963989257812,1087.7965087890625,1111.9611932396756,1036.6316046118868
2022-02-25,1034.4420166015625,1045.3119804850721,1030.954508957098,1032.698202879161,14570089,37.85043225407034,-9.70401492508904,-5.535545711614451,1337536087,1052.381288496339,1073.1210876464843,1086.7099658203124,1114.0763463642131,1032.1658289287554
2022-02-28,1068.6824951171875,1072.2152872381166,1015.894992677199,1015.894992677199,21297446,47.75767839549313,-8.940727921033613,-6.216582153498283,1358833533,1052.543489557243,1072.5085144042969,1086.8829833984375,1113.344335183311,1031.6726936252828
2022-03-02,1086.34619140625,1087.4559017749605,1054.9363443782538,1057.314141139364,21471786,52.00789520529314,-6.831752610796684,-6.339616244957964,1380305319,1052.879834849273,1072.958026123047,1087.9808520507813,1114.1933597158813,1031.7226925302125
2022-03-03,1077.1746826171875,1093.7288113845136,1073.4381104672327,1087.002981514595,10186748,49.7449128301204,-5.833197127421954,-6.238332421450762,1370118571,1053.1215746280582,1072.8391357421874,1088.5882153320313,1114.0113939245666,1031.6668775598082
2022-03-04,1053.283203125,1070.8337101992126,1050.9280486616494,1065.7157207883167,10805667,44.333275825843444,-6.890250914725357,-6.368716120105682,1359312904,1053.123182871809,1072.2231689453124,1088.2209008789061,1114.1713562394232,1030.2749816512016
2022-03-07,1014.3323974609375,1047.1915918601796,1006.3836454479082,1032.0640445664155,17983310,37.223508713258795,-10.747092357583597,-7.244391367601265,1341329594,1052.7372049075218,1070.14541015625,1087.082265625,1118.7178307067609,1021.5729896057389
2022-03-08,1012.4979248046875,1017.2536381523959,987.361002125067,1001.6279025675499,21289374,36.92317500935814,-13.792699940861667,-8.554053082253347,1320040220,1052.3368140607276,1068.2975036621094,1085.8385498046875,1122.377607508354,1014.2173998158647
2022-03-09,1066.214111328125,1072.0567736389658,1011.8865764630572,1012.724579802494,20414228,49.71667483499808,-11.73662604622291,-9.19056767504726,1340454448,1052.4748966206023,1068.253350830078,1085.692255859375,1122.3387442158935,1014.1679574442626
2022-03-10,1083.4927978515625,1089.267532756051,1068.8862634347242,1087.0029472759036,17980493,53.01766603240145,-8.613634456859018,-9.075181031409613,1358434941,1052.7835324537464,1068.4515014648437,1085.63654296875,1122.7293908663653,1014.173612063322
2022-03-11,1086.617919921875,1091.9850941858494,1076.1555181267943,1076.1555181267943,12257423,53.6108342634342,-5.819387611071988,-8.424022347342088,1370692364,1053.1201930255686,1068.861376953125,1085.6061962890626,1123.5563969278166,1014.1663569784334
2022-03-14,1095.5404052734375,1098.0541754406872,1075.2270625884603,1081.0697243173254,8340678,55.34433256764784,-2.8520798535805625,-7.309633848589783,1379033042,1053.5422846897266,1069.822686767578,1086.1474291992188,1125.6715355754136,1013.9738379597426
2022-03-15,1070.448974609375,1099.6621674892272,1060.2129940392667,1099.6621674892272,15925769,49.717774520312204,-2.4963593574816514,-6.3469789503681575,1363107273,1053.7105104600712,1070.3865783691406,1086.1048559570313,1126.0211843871166,1014.7519723511647
2022-03-16,1088.5203857421875,1090.581191192119,1076.6312801930274,1078.850581492875,11149828,53.39290693131306,-0.7476183729349941,-5.227106834881526,1374257101,1054.0568773783011,1070.05595703125,1086.1003295898438,1125.1745919756663,1014.9373220868338
2022-03-17,1124.0064697265625,1131.1172183134404,1093.8420644373464,1101.8361008572806,21422098,59.63231060389008,3.4617964299270625,-3.4893261819198087,1395679199,1054.7528932225623,1071.612860107422,1086.3141088867187,1130.8278760046169,1012.397844210227
2022-03-21,1117.5296630859375,1125.0480919172617,1104.6668219311773,1106.9314074851866,11999466,58.10340665238829,6.20365198300351,-1.550730548935145,1383679733,1055.3775376988149,1072.1540954589843,1086.2941821289062,1132.822257491809,1011.4859334261597
2022-03-22,1146.4031982421875,1148.124249688356,1111.2794206216663,1114.2232739689239,22557065,62.69524386112688,10.584434471718623,0.8763024551956087,1406236798,1056.2832656644205,1074.5715454101562,1087.332724609375,1142.5838413958397,1006.5592494244728
2022-03-23,1150.0491943359375,1161.666592238369,1142.7120228084564,1142.7120228084564,15462187,63.243076431297425,14.18689981968123,3.5384219280927334,1421698985,1057.21625997956,1077.7261169433593,1088.267548828125,1153.1884157151246,1002.263818171594
2022-03-24,1167.916748046875,1170.4078760728964,1136.8240104486479,1136.8240104486479,13168266,65.8869335682707,18.273002028562132,6.485337948186613,1434867251,1058.3177573732646,1082.0209045410156,1089.5416064453125,1167.132352209764,996.9094568722674
2022-03-25,1175.70703125,1184.833300668766,1167.169460657995,1169.660588741769,14222488,67.0014004589145,21.887571911797295,9.56578474090875,1449089739,1059.48580984965,1087.043768310547,1090.8124951171876,1181.3268010318889,992.760735589205
2022-03-28,1187.5281982421875,1191.0608703717303,1171.472198621402,1182.1157391354113,9891424,68.67382148492982,25.413067940354722,12.735241380797945,1458981163,1060.7598634654962,1095.3367004394531,1091.7260302734376,1194.224849182682,996.4485516962244
2022-03-29,1187.800048828125,1194.7975869454756,1180.9383643013425,1194.7975869454756,8684065,68.71309206882272,27.907287178241404,15.769650540286637,1467665228,1062.0239449118906,1103.0046020507812,1092.5163745117188,1205.532358080476,1000.4768460210864
2022-03-30,1210.626953125,1217.4433519238278,1185.3314742474283,1195.6580225208536,15811550,71.89867005996184,31.36436541760986,18.888593515751282,1483476778,1063.5025818095335,1110.101824951172,1093.7297412109374,1221.4183607855646,998.7852891167793
2022-03-31,1193.325439453125,1209.1550162306944,1190.5400818204482,1207.0036419353132,13223718,66.3817573895375,32.33529610519781,21.577934033640588,1470253060,1064.7943515373304,1115.4507873535156,1094.4770556640624,1231.852220043035,999.0493546639962
2022-04-01,1202.8819580078125,1207.094137293246,1187.5507515318518,1193.891542920345,7922880,67.8492200378663,33.489846743935914,23.960316575699654,1478175940,1066.1683575718625,1121.736151123047,1095.691328125,1242.6787003890117,1000.7936018570823
2022-04-04,1206.4375,1211.555489970758,1196.45070474843,1202.7009276541294,7929162,68.40186258865705,34.296391514473044,26.027531563454332,1486105102,1067.5640704318441,1129.393865966797,1096.9785229492188,1251.4194383638483,1007.3682935697457
2022-04-05,1189.385009765625,1209.2455069018179,1186.9619284827404,1200.7305793203723,13149870,62.824268224458265,33.17714513064789,27.457454276893046,1472955232,1068.7762190819317,1138.1464965820312,1098.3245947265625,1250.644342374715,1025.6486507893474
2022-04-06,1186.2147216796875,1193.2122590361132,1171.744039651222,1171.744039651222,12257215,61.815087173405466,31.669255095090193,28.299814440532476,1460698017,1069.9447613963373,1146.8323364257812,1099.6036376953125,1245.1104529507734,1048.5542199007891
2022-04-07,1165.289794921875,1180.3040094861121,1162.6401712692125,1175.3671581453982,15496499,55.4803219662243,28.45773164956995,28.33139788233997,1445201518,1070.8934681975863,1151.7861206054688,1101.3695629882814,1243.047855128499,1060.5243860824387
2022-04-08,1184.6748046875,1188.9096265891387,1159.4698932414146,1159.4698932414146,15152495,59.60983140982136,27.16365871316316,28.09785004850461,1460354013,1072.0256207994762,1156.8452209472657,1103.5653100585937,1243.5046908547968,1070.1857510397347
2022-04-11,1182.20654296875,1195.0467435815697,1169.8871144408708,1177.5866823955819,9254209,58.86117041138507,25.64332817045829,27.606945672895346,1451099804,1073.1219483832501,1161.6246520996094,1106.0300952148436,1242.6231486607658,1080.626155538453
2022-04-12,1159.9453125,1178.7640246488047,1157.386258043718,1171.6984418707227,13217742,52.46159123713752,22.384129694530202,26.56238247722232,1437882062,1073.9858624540636,1164.8448974609375,1108.0700366210938,1239.987528669864,1089.702266252011
2022-04-13,1155.68798828125,1174.2349955581562,1152.9025109003892,1166.0371790472568,10354235,51.31259464313907,19.23592121081697,25.09709022394125,1427527827,1074.798818929956,1169.1068481445313,1109.5651171875,1230.819163588279,1107.3945327007837
2022-04-18,1152.1551513671875,1159.3792305452218,1142.1683569783831,1147.2410619855225,9974224,50.327552880664854,16.26834157703297,23.331340494559598,1417553603,1075.5685336805752,1172.2885864257812,1111.0611010742186,1222.553409748742,1122.0237631028203
2022-04-19,1196.065673828125,1208.385101413979,1155.4163428280708,1158.564096562945,26141820,60.481982159049636,17.260754293009086,22.1172232542495,1443695423,1076.7675101994564,1175.8915466308595,1113.3913647460938,1221.9509060837147,1129.8321871780042
2022-04-20,1231.234619140625,1238.2775602010167,1199.8247720277507,1203.4481327307994,25072240,66.4055448408433,20.647081781531597,21.82319495970592,1468767663,1078.304496358075,1181.5767944335937,1116.7040063476563,1225.4348115761347,1137.7187772910527
2022-04-21,1260.0628662109375,1263.1879773228495,1237.3716076586059,1245.9318196263494,21708633,70.33135362254662,25.364582209412447,22.531472409647225,1490476296,1080.113037351636,1187.2597778320312,1120.7875122070313,1239.9752099676805,1134.544345696382
2022-04-22,1249.5098876953125,1269.075915209395,1242.8972695502077,1249.5551722154648,15054154,67.23399181482011,27.929741441298802,23.611126215977542,1475422142,1081.7985781510754,1192.2328125,1124.7885888671874,1248.607294500167,1135.8583304998328
2022-04-25,1220.614013671875,1249.328959436684,1206.415036651821,1242.0823560975061,17063215,59.506275099832834,27.316109960806898,24.352122964943415,1458358927,1083.1798262657103,1194.86767578125,1127.85892578125,1251.3756975183242,1138.3596540441758
2022-04-26,1257.1416015625,1265.9055943331985,1226.3658564890222,1227.4075203143414,12227666,64.98507390970698,29.437931510547514,25.36928467406424,1470586593,1084.9107892039867,1198.939404296875,1131.411162109375,1260.818503634931,1137.060304958819
2022-04-27,1258.3646240234375,1280.851985416539,1247.811532355269,1248.1739283672139,19338945,65.15506860149993,30.86241535397403,26.4679108100462,1489925538,1086.6366980081605,1202.4812255859374,1135.0100463867188,1269.2575175307582,1135.7049336411167
2022-04-28,1277.1605224609375,1291.2689267231667,1261.874481071713,1272.676636154816,25614076,67.74668016879852,33.12614342171332,27.799557332379628,1515539614,1088.5324574554518,1206.9492492675781,1139.02697265625,1280.783606511149,1133.1148920240073
2022-04-29,1263.754150390625,1293.6014412995023,1257.888846605604,1293.6014412995023,18214862,64.08548537747703,33.452759452974306,28.930197756498565,1497324752,1090.2759568876427,1209.6056091308594,1143.1186328125,1287.48976397551,1131.7214542862089
2022-05-02,1259.315673828125,1270.6612443033114,1249.1702630612974,1250.9593611931234,9467006,62.87401347087137,32.97336066959792,29.738830339118437,1487857746,1091.9579441208814,1212.9051208496094,1146.4022900390626,1293.3016617393203,1132.5085799598985
2022-05-04,1220.0023193359375,1263.6410258882418,1212.1442565160846,1261.3764403153348,19247660,53.26860481093206,29.085890487580627,29.608242368810878,1468610086,1093.2320175061059,1213.7611389160156,1148.9449682617187,1294.0771024968078,1133.4451753352234
2022-05-05,1196.1109619140625,1236.4659436174286,1192.0800401164388,1233.5219702392728,17210669,48.42671320279439,23.802825331404847,28.44715896132967,1451399417,1094.2556885947422,1213.2448120117188,1150.7330883789064,1293.8746219102193,1132.6150021132182
2022-05-06,1186.9393310546875,1204.3087009820067,1174.6651887519583,1183.112189870724,19649948,46.6728392170763,18.660774381728288,26.489882045409395,1431749469,1095.1779138928512,1213.1225280761719,1152.510791015625,1293.9039867400038,1132.34106941234
2022-05-09,1140.583251953125,1176.2732081933118,1135.4652620079833,1166.2410086662385,18083752,38.98719620613914,10.721522747734753,23.33621018587447,1413665717,1095.6297083014113,1210.8409545898437,1153.58330078125,1296.9362800183435,1124.745629161344
2022-05-10,1120.813232421875,1144.3423749690376,1113.2721615832613,1130.0301899582084,19511677,36.245876546519504,2.8020331830223313,19.229374785304042,1394154040,1095.8802906309681,1208.6171264648438,1154.3591455078124,1301.3459781608092,1115.8882747688783
2022-05-11,1109.3319091796875,1125.478478168712,1096.9445548183617,1119.9075231154202,16643899,34.71909937734763,-4.350516144069616,14.513396599429312,1377510141,1096.0141375817016,1204.8499816894532,1155.0407885742188,1306.8241859651987,1102.8757774137077
2022-05-12,1086.7313232421875,1102.787203178042,1073.4155164726255,1099.458311385817,20490321,31.872985738340063,-11.707682544707723,9.269180770601906,1357019820,1095.9217712698655,1200.076220703125,1156.3420239257812,1314.0737715237885,1086.0786698824616
2022-05-13,1099.0506591796875,1122.3306194635952,1093.9553113783713,1098.7789520224087,19308778,35.0008214688046,-16.355684321763647,4.144207752128796,1376328598,1095.9529044828987,1197.0314880371093,1157.6341967773437,1318.1821993955796,1075.880776678639
2022-05-16,1099.3223876953125,1123.6892942266647,1094.54403200538,1102.6059947530612,13437911,35.071630992912404,-19.789215241894453,-0.6424768466758533,1389766509,1095.9864316790422,1194.2132080078125,1158.2469946289064,1321.544589516368,1066.881826499257
2022-05-17,1145.497314453125,1150.366239393939,1101.496331090796,1102.9003909379085,16551828,45.86418372819076,-18.570315506423185,-4.22804457862532,1406318337,1096.4790772787842,1193.8803161621095,1159.4300170898437,1321.6837162743236,1066.0769160498953
2022-05-18,1149.6640625,1163.998888744779,1136.0312660890313,1150.252881038085,17276788,46.724762811927405,-17.071319396472063,-6.796699542194669,1423595125,1097.0082811118311,1191.560235595703,1160.8798046875,1320.7973751681222,1062.3230960232838
2022-05-19,1123.16845703125,1137.956250241304,1116.918234266966,1125.0481241931686,14699118,42.13766639711932,-17.815956847476627,-9.000551003251061,1408896007,1097.2685813697358,1186.1569274902345,1162.277509765625,1317.3290702036868,1054.9847847767821
2022-05-20,1188.660400390625,1197.6961004424857,1133.2006360812218,1137.956229855782,21793091,54.125940172209795,-12.97190288045067,-9.794821378690983,1430689098,1098.177952703277,1182.5868041992187,1165.7640698242187,1309.330576521416,1055.8430318770213
2022-05-23,1180.7117919921875,1201.8403770570499,1174.4161648907582,1191.8534622113486,15252755,52.698855319589036,-9.662952973619667,-9.76844769767672,1415436343,1098.9991849350076,1179.1468994140625,1169.1283471679687,1302.1168768718449,1056.1769219562802
2022-05-24,1184.765380859375,1194.7974606402702,1176.5449216952304,1180.7571013596234,13527818,53.37401368923916,-6.636988516199835,-9.142155861381344,1428964161,1099.8525799193299,1177.3544677734376,1171.4993725585937,1298.8911834810722,1055.817752065803
2022-05-25,1183.021728515625,1203.2671466893,1178.2660145793059,1193.4388469280666,12714544,53.02341797136087,-4.3296782192480805,-8.179660332954692,1416249617,1100.680133636706,1173.6484741210938,1173.489951171875,1289.620289379814,1057.6766588623736
2022-05-26,1171.743896484375,1193.393371125466,1154.0347740615534,1188.6376579513867,17882023,50.703538503362324,-3.3722715307471844,-7.218182572513191,1398367594,1101.3872357545931,1169.3174377441405,1175.192470703125,1278.5867870711513,1060.0480884171297
2022-05-27,1166.3089599609375,1179.9191164627784,1150.4568600156867,1174.4388502012214,16521973,49.577797541794354,-3.0172923204779636,-6.3780045221061465,1381845621,1102.033223060129,1163.7748596191407,1176.607841796875,1261.205316955278,1066.3444022830033
2022-05-30,1206.935546875,1211.1023215122134,1174.9595259097239,1184.3801432114667,13853398,57.22332973498511,0.5360777242506174,-4.995188072834794,1395699019,1103.0770272771924,1160.9339294433594,1179.3375732421875,1249.442729841512,1072.4251290452069
2022-05-31,1192.3743896484375,1213.2765527152142,1184.697464521731,1196.3373846577454,70620653,54.05939630446502,2.152374160318004,-3.5656756262042344,1325078366,1103.9655582460607,1157.586865234375,1181.4146533203125,1235.374418059922,1079.799312408828
2022-06-01,1192.75927734375,1202.587575606305,1184.9237375655662,1193.1215535044294,9776989,54.1315885799208,3.4248780883690415,-2.1675648832895793,1334855355,1104.8490778390726,1156.2247131347656,1182.7897094726563,1230.4659649681962,1081.983461301335
2022-06-02,1233.8843994140625,1237.575687367432,1192.9858825014019,1192.9858825014019,22126569,61.155532856198676,7.663460669079541,-0.20135977281575523,1356981924,1106.1330113870827,1158.1133850097656,1185.1168041992187,1238.0228209622999,1078.2039490572313
2022-06-03,1258.8853759765625,1276.0283243723425,1241.9009234208313,1242.8068535360608,23939791,64.69500107473728,12.891334488934262,2.4171790795342485,1380921715,1107.6529354128486,1161.7106872558593,1187.3664477539062,1252.256628192263,1071.1647463194556
2022-06-06,1253.472900390625,1274.5109147154305,1246.3393903599856,1259.1117816339226,11093152,63.349221927371126,16.408572796906128,5.215457823008625,1369828563,1109.1038803380006,1167.3551696777345,1189.434921875,1265.670548638501,1069.039790716968
2022-06-07,1255.8282470703125,1264.1392757142605,1246.452912224144,1254.5373984290559,12358255,63.70306975957086,19.165142456552303,8.005394749717361,1382186818,1110.5638242855857,1174.1059204101562,1191.1931518554688,1277.139361090117,1071.0724797301953
2022-06-08,1233.7711181640625,1259.564728048269,1230.260968517713,1255.8281557796806,12479250,58.05082971869201,19.34689880185556,10.273695560145,1369707568,1111.7897675082572,1180.327880859375,1192.35443359375,1281.9836302759727,1078.6721314427773
2022-06-09,1267.6041259765625,1269.528957983228,1227.4076388685442,1227.4076388685442,17278305,63.413244953958376,21.967752415818495,12.6125069312797,1386985873,1113.3401591348077,1189.3715209960938,1193.9559521484375,1288.2558329700055,1090.487209022182
2022-06-10,1229.3323974609375,1263.595647717919,1223.5576627478845,1255.4431162995847,18093057,54.86878599872755,20.71776761735441,14.233559068494642,1368892816,1114.4943107599433,1195.8856079101563,1194.7865991210938,1286.9689574037611,1104.8022584165515
2022-06-13,1206.0750732421875,1210.558959942895,1184.9691305419672,1200.2325310142617,17620803,50.42251953005462,17.647049759314314,14.916257206658578,1351272013,1115.4055621279258,1201.2232421875,1194.6955615234374,1280.83535896226,1121.6111254127402
2022-06-14,1190.3134765625,1210.1286894158018,1183.6782159302647,1200.2551062805883,14714312,47.606953770631954,13.782775351822465,14.689560835691356,1336557701,1116.1509145103594,1203.4640502929688,1194.635322265625,1279.0995779656373,1127.8285226203002
2022-06-15,1175.9107666015625,1194.4804162045639,1170.5210697144335,1185.5352852287417,11195535,45.127201900889425,9.44920713993156,13.641490096539398,1325362166,1116.7455399043017,1204.776385498047,1194.0958984375,1277.4867224708062,1132.0660485252877
2022-06-16,1159.4698486328125,1204.331357067944,1156.752298028243,1188.0036507794862,17111475,42.411465323407874,4.634751897895512,11.840142456810621,1308250691,1117.170657404088,1206.591455078125,1193.1565454101562,1272.5625157879992,1140.6203943682506
2022-06-17,1173.057373046875,1188.8415454022556,1157.7035234680366,1159.4698594973618,24457187,45.339151761212435,1.8938302011495125,9.8508800056784,1332707878,1117.7267441269018,1205.8113037109374,1192.8299926757813,1272.9704333483703,1138.6521740735045
2022-06-20,1151.79296875,1185.331550638825,1141.8513382748356,1179.851164692969,12066797,41.761013411813984,-1.9715034390846995,7.486403316725781,1320641081,1118.0657115360868,1204.3653625488282,1192.1415576171876,1274.7896816081336,1133.9410434895228
2022-06-21,1170.3851318359375,1174.597191210546,1145.1122963870148,1159.4697654774316,11720049,45.78938440089412,-3.4942959487764256,5.29026346362534,1332361130,1118.5863027828516,1203.6463500976563,1192.2434643554689,1275.1419175040483,1132.1507826912643
2022-06-22,1134.8311767578125,1158.6999555030718,1132.7477291666964,1158.6093864513275,10617206,40.0800372643376,-7.483758907629863,2.7354589893743,1321743924,1118.747943319916,1201.2368225097657,1191.246591796875,1278.3758105719178,1124.0978344476136
2022-06-23,1116.419921875,1143.6177098347453,1107.3842221697334,1139.1111811125647,19446323,37.474273608530844,-11.992825616384835,-0.21019793177752666,1302297601,1118.7247789274293,1198.4706237792968,1189.930859375,1283.2328255389061,1113.7084220196875
2022-06-24,1132.3175048828125,1137.2768791745684,1117.8014186070498,1123.2365200121847,14240234,41.03882925157329,-14.12071655149407,-2.9923016557208353,1316537835,1118.8600299319605,1196.7710510253905,1189.3783032226563,1285.3230084345118,1108.2190936162692
2022-06-27,1128.9658203125,1152.6534598644344,1123.9383995696694,1152.6534598644344,15474529,40.514416833962194,-15.894318571202803,-5.5727050388172295,1301063306,1118.9605850601251,1192.8725646972657,1188.8438598632813,1286.0364141540952,1099.7087152404363
2022-06-28,1144.8404541015625,1147.6712157735933,1124.1874785863165,1124.1874785863165,13572847,44.154343731558534,-15.836408414625339,-7.625445713978852,1314636153,1119.218096194866,1190.495867919922,1188.6975659179689,1285.985528037176,1095.0062078026679
2022-06-29,1168.5960693359375,1176.2278290145132,1132.7476201425022,1135.5557396776305,19205146,49.167063086849566,-13.71553048505325,-8.843462668193732,1333841299,1119.7094193106975,1189.2877075195313,1188.148173828125,1285.2425521823009,1093.3328628567617
2022-06-30,1175.6165771484375,1184.7881319891096,1162.187557726763,1168.5283502683608,23112959,50.57889619040985,-11.337531136556208,-9.342276361866228,1356954258,1120.2657094384363,1186.37431640625,1187.0358129882814,1280.2518312789712,1092.496801533529
2022-07-01,1090.943359375,1173.9631898181497,1071.150907551117,1166.2183382001654,81997149,37.1700020025101,-16.099782282634123,-10.693777546019808,1274957109,1119.9739447611882,1177.9772155761718,1183.6534228515625,1274.4177949463415,1081.5366362060022
2022-07-04,1093.2078857421875,1106.0254419629423,1071.648979247077,1077.4689986763794,41857728,37.64610749021707,-19.466771450040596,-12.448376326823967,1316814837,1119.7076158157256,1169.96396484375,1180.5273828125,1266.6137696600617,1073.3141600274384
2022-07-05,1102.0625,1116.3973279805082,1094.7478514073186,1097.42011751126,17647327,39.574232830178325,-21.176531381715222,-14.19400733780222,1334462164,1119.532042524027,1162.2756774902343,1178.1563525390625,1254.7544994682362,1069.7968555122325
2022-07-06,1092.3699951171875,1106.0027924376789,1081.5679595799388,1096.106567126978,23943726,38.18240338733145,-23.047950163488622,-15.9647959029395,1310518438,1119.2617733956008,1155.2056213378905,1174.8609204101563,1246.3507310071916,1064.0605116685895
2022-07-07,1081.61328125,1102.0624779330788,1075.6800503518655,1098.7335863010783,23301033,36.64218212281105,-25.109592193730805,-17.793755161097764,1287217405,1118.8871615334556,1145.9060791015625,1171.3258935546876,1226.6401289710457,1065.1720292320792
2022-07-08,1083.1080322265625,1095.155633472675,1079.0996326989614,1095.155633472675,19010108,37.02235417617325,-26.3194502056906,-19.49889417001633,1306227513,1118.5311502965712,1138.5948608398437,1167.44484375,1214.0991652052844,1063.090556474403
2022-07-11,1097.827880859375,1100.0470622923701,1073.4155672927277,1076.3595407614398,13847467,40.79019697733925,-25.79317496565477,-20.75775032914402,1320074980,1118.3251476156042,1133.1825012207032,1164.126318359375,1203.931345375883,1062.4336570655234
2022-07-12,1096.2650146484375,1104.9837222205626,1088.8145132177926,1088.8145132177926,10778989,40.51305362047305,-25.21158483184786,-21.64851722968479,1309295991,1118.1056438049857,1128.480078125,1160.8653051757813,1195.8353920331951,1061.124764216805
2022-07-13,1076.8349609375,1102.4022679488555,1074.7742754785731,1099.3677256155834,14224132,37.13498258622037,-26.018587332651123,-22.522531250278057,1295071859,1117.6949902441152,1123.5262878417968,1158.0019580078124,1190.772757957198,1056.2798177263955
2022-07-14,1085.7119140625,1102.3793705765022,1076.563004655546,1081.5677820411645,16970315,39.61238351421281,-25.646213118663354,-23.14726762395512,1312042174,1117.3767506801191,1119.8383911132812,1155.7939770507812,1186.8852618400892,1052.7915203864732
2022-07-15,1087.8182373046875,1093.796752824721,1079.3487135847495,1093.796752824721,9603210,40.21442915048065,-24.894176616946652,-23.496649422553425,1321645384,1117.0826361191696,1115.576434326172,1153.8115551757812,1179.304229000176,1051.8486396521678
2022-07-18,1097.080322265625,1098.3257662865883,1083.5153331838935,1096.5141460013817,15160908,42.909758430409845,-23.28242412878126,-23.45380436379899,1336806292,1116.8836081206268,1112.840802001953,1152.9414965820313,1174.787479364791,1050.8941246391153
2022-07-19,1103.806396484375,1108.2902834767385,1087.1389350761635,1087.1389350761635,16439888,44.85407273178272,-21.21777538551737,-23.00659856814267,1353246180,1116.7534866118083,1109.511865234375,1152.6013598632812,1165.6110423556845,1053.4126881130653
2022-07-20,1133.6534423828125,1151.543703777921,1126.0670869457035,1150.4114709277653,23924246,52.5729644903541,-16.977414157323892,-21.800761685978916,1377170426,1116.921645375699,1109.452978515625,1153.0877905273437,1165.4480983506974,1053.4578586805528
2022-07-21,1126.0897216796875,1132.2947793542016,1117.484344754926,1129.5772288514759,16523230,50.63858412612554,-14.065092747936433,-20.25362789837042,1360647196,1117.0128700155396,1109.9364685058595,1153.8749584960938,1166.3294377460788,1053.54349926564
2022-07-22,1133.6988525390625,1139.6773678755283,1130.030207237111,1132.2947927493988,10969995,52.53082049756185,-11.016077298831533,-18.406117778462644,1371617191,1117.1788996923906,1110.0055358886718,1154.5679223632812,1166.5112517025773,1053.4998200747664
2022-07-25,1096.2425537109375,1117.5523977830067,1088.3618480432954,1117.5523977830067,23110452,43.65860428622266,-11.489675046661432,-17.022829232102403,1348506739,1116.970577841829,1108.3693725585938,1154.5063256835938,1164.47795707531,1052.2607880418775
2022-07-26,1096.74072265625,1106.886133119494,1092.143624721455,1096.5595845623452,11303288,43.79457102242601,-11.690050972581275,-15.956273580198179,1359810027,1116.7692857504303,1105.9643859863281,1153.5311938476561,1159.6863978319934,1052.2423741406628
2022-07-27,1095.6990966796875,1099.2317688342157,1087.908840568981,1096.0387306174957,8655086,43.55787465848941,-11.796913374522546,-15.124401539063053,1351154941,1116.559632127836,1102.3195373535157,1152.45189453125,1147.8106854110217,1056.8283892960096
2022-07-28,1112.8646240234375,1117.7787135139506,1096.5142758027298,1103.3080323769393,12496073,48.49786992209696,-10.376869902758244,-14.174895211802092,1363651014,1116.522865878041,1099.1819396972655,1152.2458178710938,1130.4519738740205,1067.9119055205106
2022-07-29,1136.57470703125,1140.039571763476,1115.9896583759382,1120.8358207488034,15130683,54.43063024470672,-7.254642670379553,-12.790844703517585,1378781697,1116.7223866855356,1101.4635070800782,1151.2041040039062,1136.4358076500955,1066.491206510061
2022-08-01,1166.1956787109375,1172.038340631328,1135.7369249153332,1140.9681259695833,15700044,60.54540070759337,-2.362852736998093,-10.705246310213687,1394481741,1117.2146582479775,1105.1128967285156,1150.9137817382812,1149.7694682495098,1060.4563252075213
2022-08-02,1170.6341552734375,1181.119198519279,1160.1717542868648,1165.1312476689257,13917913,61.38162060121643,1.850739816785108,-8.194049084813928,1408399654,1117.746195531813,1108.5414794921876,1150.6311572265624,1161.4936724700256,1055.5892865143496
2022-08-03,1180.4625244140625,1182.11564904104,1162.8440902328596,1177.586478112168,14250977,63.239577213337064,5.914925939180421,-5.372254080015058,1422650631,1118.3702386052685,1112.9461059570312,1150.5799731445313,1173.844018590682,1052.0481933233805
2022-08-04,1164.859619140625,1185.6259288355277,1148.1469933470867,1182.1157790494954,14467127,58.43328142864111,7.787034578057046,-2.7403963484006377,1408183504,1118.8328195061179,1117.1084228515624,1150.4422875976563,1180.2107970129373,1054.0060486901875
2022-08-05,1147.6939697265625,1167.9846710602349,1144.5009315875282,1166.7165845896059,13942438,53.60628785690672,7.795705671461974,-0.6331759444281153,1394241066,1119.119995130202,1120.3377197265625,1150.0699877929687,1182.7563548812398,1057.9190845718852
2022-08-08,1162.708251953125,1170.1361123075012,1146.3352600049257,1146.3352600049257,10165178,56.95564650615533,8.911379831987006,1.2757352108549092,1404406244,1119.55370912844,1123.58173828125,1149.1854418945313,1187.704317924518,1059.459158637982
2022-08-10,1169.66064453125,1173.012178752456,1158.133815529184,1167.1242318013608,10724688,58.451444198534084,10.2385361482377,3.0682953983314674,1415130932,1120.0522856001098,1127.2515197753905,1148.7311669921876,1193.0789341062095,1061.4241054445715
2022-08-11,1173.5556640625,1182.0704726435374,1168.618812190309,1178.990645714219,8198226,59.30466480440257,11.47236631704368,4.74910958207391,1423329158,1120.5846575251087,1132.0875549316406,1148.3470947265625,1196.5867673917387,1067.5883424715425
2022-08-12,1192.5328369140625,1196.3146936661199,1169.5247047340195,1173.193230375856,12650587,63.26302534297066,13.822151704499902,6.5637180065591085,1435979745,1121.3005598075858,1137.4286010742187,1147.5200634765624,1203.3575607351033,1071.499641413334
2022-08-16,1200.8212890625,1203.5388398516432,1189.9513255065965,1198.511418811862,6607378,64.87023512154622,16.166821319567816,8.48433866916085,1442587123,1122.0918108449482,1143.0787536621094,1146.3587817382813,1210.3871466328806,1075.7703606913383
2022-08-17,1207.09423828125,1212.4160085847718,1202.746205068067,1207.0263114935751,6595965,66.07975007388816,18.319982108714157,10.451467357071513,1449183088,1122.937606142822,1148.5794494628906,1145.4312084960939,1217.903431338964,1079.255467586817
2022-08-18,1209.2833251953125,1212.7820913718717,1199.6955520359063,1208.6925853891362,7410035,66.51304891025285,19.9727847359909,12.355730832855391,1456593123,1123.7967675264288,1153.8532958984374,1144.5003100585936,1224.7802124353589,1082.926379361516
2022-08-19,1187.72216796875,1209.464997552082,1183.6779742626552,1204.148579928399,9460724,58.57627555227221,19.320127132610423,13.748610092806398,1447132399,1124.432841162671,1156.5567321777344,1143.5793310546876,1228.314703868851,1084.7987604866178
2022-08-22,1184.4278564453125,1195.6514326976853,1175.0673642837935,1189.1536549981986,9471680,57.44832063294308,18.32581923484304,14.664051921213726,1437660719,1125.0298064888664,1159.4736389160157,1141.9158056640624,1230.78202053693,1088.1652572951014
2022-08-23,1202.694580078125,1205.6027266806439,1177.4982950302235,1178.7024907985585,9678484,61.83663131643815,18.795136365593407,15.490268810089663,1447339203,1125.802590305675,1162.9234252929687,1141.3830493164062,1235.5734302044602,1090.273420381477
2022-08-24,1199.490966796875,1213.2365143204822,1197.4917062121833,1199.6500999587201,10369622,60.65518843667436,18.693086489864072,16.130832346044546,1436969581,1126.5358079822045,1168.0858459472656,1141.2513671875,1235.5364957360728,1100.6351961584585
2022-08-25,1195.9920654296875,1210.010084840808,1191.6979945608696,1203.6713213411974,7871946,59.322097718092955,18.120991617880463,16.52886420041173,1429097635,1127.226915021483,1173.0484130859375,1141.3649389648438,1232.9550734851557,1113.1417526867192
2022-08-26,1189.60791015625,1204.148643044039,1184.6096383933834,1196.4238336256965,10742038,56.866242793789795,16.956984769096152,16.614488314148616,1418355597,1127.8476214407344,1177.7438537597657,1141.6388818359376,1226.3121494540053,1129.175558065526
2022-08-29,1180.3609619140625,1206.4205794013706,1171.4547933496005,1174.6128173581192,19838975,53.41683881463301,15.114123306778993,16.31441531267469,1398516622,1128.370142241464,1181.118670654297,1142.0567041015624,1219.4961217309267,1142.7412195776672
2022-08-30,1198.673095703125,1201.9902529871206,1170.795945790086,1187.790382333822,23139054,58.75276241309344,14.95884225472605,16.043300701084963,1421655676,1129.0696741167046,1184.2235900878907,1142.5690185546875,1217.3757435789003,1151.071436596881
2022-09-01,1163.4346923828125,1183.6780172121637,1159.0270403092493,1173.5450568236956,19909939,47.48161603297502,11.855671453295145,15.205774851527,1401745737,1129.4116145969645,1184.0855407714844,1142.8018530273437,1217.5582697679645,1150.6128117750043
2022-09-02,1149.8482666015625,1170.2278880627014,1147.6671567250864,1163.4346809089884,12999345,43.978504697651715,8.20548747015664,13.805717375252929,1388746392,1129.6149643681547,1183.0462463378906,1142.3911157226562,1219.3002569980488,1146.7922356777324
2022-09-05,1167.7060546875,1173.0224725362493,1150.0754462865928,1150.0754462865928,11327815,49.27576243563421,6.676699781160778,12.3799138564345,1400074207,1129.9939801922278,1182.4084228515626,1143.04861328125,1219.2656499030677,1145.5511958000575
2022-09-06,1179.9974365234375,1184.1552111927028,1168.7057123414318,1169.1601553219334,10899618,52.598143818008566,6.383352994288543,11.18060168400531,1410973825,1130.4915270213942,1183.1653137207031,1144.3201635742187,1219.1616207459099,1147.1690066954964
2022-09-07,1173.1361083984375,1179.1114147484413,1167.796974159679,1170.0689487334319,7488501,50.605525769402256,5.533435712615983,10.051168489727445,1403485324,1130.9158512142008,1184.4374206542968,1145.1365356445312,1216.9602562960438,1151.9145850125499
2022-09-08,1174.7945556640625,1180.519984126391,1168.2513462113554,1176.0896159479148,7057077,51.087860421028005,4.936784795598896,9.028291750901735,1410542401,1131.3524552385777,1185.0417358398438,1146.0531103515625,1216.353709034795,1153.7297626448926
2022-09-09,1167.4788818359375,1185.9727033347192,1165.0704903678632,1185.9727033347192,8314850,48.82304751302095,3.8294770789334507,7.988528816508079,1402227551,1131.711922169895,1184.9326477050781,1146.50587890625,1216.4725785651895,1153.3927168449668
2022-09-12,1180.542724609375,1186.8816091364133,1168.046804859231,1168.046804859231,7435419,52.8433510738933,3.9604174414903355,7.182906541504531,1409662970,1132.1978008011336,1185.282000732422,1146.7448120117188,1216.4628631660732,1154.1011382987706
2022-09-13,1190.403076171875,1194.9243089400052,1181.8832020191865,1189.607891122723,8888657,55.673773920469436,4.804453833761954,6.707215999956016,1418551627,1132.7769577699967,1185.1755126953126,1147.0405419921874,1216.2710265351386,1154.0799988554866
2022-09-14,1176.135009765625,1185.9726599528265,1169.046493026583,1170.0688394223355,8678219,50.91182776774153,4.2727909652851395,6.220330993021841,1409873408,1133.2083811729383,1183.9411987304688,1148.744375,1214.4079828096178,1153.4744146513199
2022-09-15,1164.479736328125,1183.0417041001508,1161.7760353689525,1173.7039298739198,10365600,47.349062336838955,2.8777878059052,5.551822355598514,1399507808,1133.5195389356766,1181.8104736328125,1150.1698120117187,1211.4516954368792,1152.169251828746
2022-09-16,1135.625732421875,1160.0722649582217,1131.899684568862,1155.8690579820689,20217708,39.904217614088985,-0.5497025913257403,4.331517366213663,1379290100,1133.540496084793,1178.1275939941406,1150.8410766601562,1211.2938746094771,1144.961313378804
2022-09-19,1137.1024169921875,1146.3038949822844,1127.5146444730447,1135.6256276709717,7580254,40.42052373820917,-3.1109956993157084,2.8430147531077887,1386870354,1133.5759380838715,1175.5966064453125,1151.7357250976563,1212.9139005275927,1138.2793123630324
2022-09-20,1137.2841796875,1153.119972213298,1133.5808482063046,1146.1903481529216,8411448,40.488298398804496,-5.067754293136659,1.2608609438588991,1395281802,1133.6128360102757,1173.2394226074218,1152.8491430664062,1213.838996355713,1132.6398488591306
2022-09-21,1140.4195556640625,1150.9842421176709,1133.7172134827065,1134.512398474311,9207309,41.719872976379804,-6.2929596173091795,-0.2499031683747166,1404489111,1133.6805645640447,1170.1256713867188,1153.9953735351562,1210.7637209806196,1129.487621792818
2022-09-22,1129.673095703125,1137.3523524884633,1123.3116153435435,1129.6276634257686,10308170,38.75917977007864,-8.038431140341572,-1.807608762768088,1394180941,1133.6406892519958,1166.6347778320312,1154.6322778320311,1208.5576091359626,1124.7119465280998
2022-09-23,1108.498291015625,1134.1488981287762,1106.9533532004177,1129.1733426023927,9528051,33.686423406957346,-11.003517965192259,-3.6467906032529225,1384652890,1133.390516135216,1162.2600891113282,1154.876943359375,1208.9994978771454,1115.520680345511
2022-09-26,1080.257568359375,1098.6379294477279,1079.257938059937,1087.845960638479,12479523,28.356064440372407,-15.454016652793825,-6.008235813161104,1372173367,1132.8618300876954,1156.7925720214844,1154.9453955078125,1213.89160334445,1099.6935406985187
2022-09-27,1088.8455810546875,1102.3638454814661,1072.4191704410875,1087.8231145473603,16154822,31.88578917775517,-18.07967681521677,-8.422524013572238,1388328189,1132.4238574605013,1152.2168029785157,1155.0080688476562,1215.3738583606757,1089.0597475963557
2022-09-28,1059.8551025390625,1080.5528678614462,1057.4241154049128,1072.5327497220442,16997059,27.04235593485039,-22.243412529869374,-11.186701716831665,1371331130,1131.7017802971038,1145.2759033203124,1154.4488061523436,1216.4841093583434,1074.0676972822814
2022-09-29,1056.6063232421875,1075.7817488504493,1051.0171916607421,1072.3738473223364,14671827,26.555544394210912,-25.51127432964813,-14.05161623939496,1356659303,1130.9545618189454,1139.9344848632813,1153.639326171875,1220.3272467565328,1059.54172297003
2022-09-30,1080.4393310546875,1091.458340177691,1050.108360317172,1050.108360317172,18613024,35.70023573004883,-25.879629540105952,-16.41721889953716,1375272327,1130.4519227068633,1136.4640380859375,1153.1719848632813,1220.743918325282,1052.184157846593
2022-10-03,1076.6905517578125,1098.251530811662,1073.7369732258553,1086.687214378407,11852723,34.96282034453182,-26.172350295171327,-18.368245178663997,1363419604,1129.916983692445,1131.913262939453,1152.0327270507812,1218.7442551526021,1045.082270726304
2022-10-04,1096.5477294921875,1098.7288394831442,1086.0739063841288,1089.5500767240444,8948850,41.81832830865858,-24.51938114958648,-19.598472372848494,1372368454,1129.5849513123428,1127.7407775878905,1151.4418872070312,1212.9329680400374,1042.5485871357437
2022-10-06,1100.591796875,1113.269446039468,1098.7969814617613,1103.7272251000825,13352162,43.13301920204967,-22.622293040318937,-20.203236506342584,1385720616,1129.2964622134639,1124.1135620117188,1150.77974609375,1207.4223176233631,1040.8048064000745
2022-10-07,1105.2493896484375,1110.4976589700225,1097.2065545320427,1097.2065545320427,7714340,44.68333878510622,-20.50662067602798,-20.263913340279665,1393434956,1129.057187859583,1120.6363037109375,1150.9598828125,1200.944723174103,1040.3278842477719
2022-10-10,1093.1851806640625,1098.547030597458,1085.0969133921378,1092.8216022630288,6329527,41.52544595105344,-19.577735971407947,-20.12667786650532,1387105429,1128.7002524646027,1116.9216186523438,1150.8887719726563,1195.0632471390927,1038.7799901655949
2022-10-11,1071.419677734375,1096.9112750805286,1068.3298017155957,1096.9112750805286,9215177,36.51194320941002,-20.363148633445462,-20.173972019893352,1377890252,1128.1302964971378,1111.4654663085937,1150.40318359375,1186.2424146937042,1036.6885179234832
2022-10-12,1079.303466796875,1082.2343297318657,1064.6945844036286,1068.738778622885,7417103,39.367453518990246,-20.11753551030165,-20.16268471797501,1385307355,1127.6444573956426,1105.9104858398437,1149.7319604492188,1172.4597936505897,1039.3611780290976
2022-10-13,1082.7340087890625,1087.8231445652352,1072.419200033899,1077.5538882747444,7328492,40.619013120198424,-19.422182442817302,-20.014584262943472,1392635847,1127.1975872602538,1101.2404357910157,1148.655146484375,1160.0851973746237,1042.3956742074076
2022-10-14,1077.23583984375,1097.9790399185752,1076.5088032110611,1097.3655839798673,9106089,39.22164274586697,-19.094655112729697,-19.830598432900718,1383529758,1126.7004554451642,1096.878240966797,1146.8759497070312,1148.8589420964236,1044.8975398371704
2022-10-17,1094.525634765625,1096.9111900194368,1064.9218171343564,1070.1019383497958,16729355,45.563661406692425,-17.241199574161328,-19.312718661152843,1400259113,1126.380307975716,1094.8232360839843,1145.353779296875,1143.6692639883008,1045.9772081796677
2022-10-18,1113.83740234375,1119.1765361724479,1099.7056807153497,1100.5462980220425,12415820,51.63428167443526,-14.05204127333377,-18.260583183589027,1412674933,1126.2555029445523,1093.6599853515625,1144.0212768554688,1139.4346913475645,1047.8852793555604
2022-10-19,1133.2174072265625,1148.6441893082867,1109.497912475689,1115.3142054707246,19247142,56.83638004555143,-9.847292456981677,-16.57792503826756,1431922075,1126.3247756239753,1093.4566467285156,1143.3884326171874,1138.4844401612982,1048.428853295733
2022-10-20,1136.2618408203125,1144.6227018334394,1129.173323936751,1129.173323936751,8717053,57.60775344319182,-6.197892927210205,-14.50191861605609,1440639128,1126.4236518945856,1093.248760986328,1143.1597900390625,1137.4379370434544,1049.0595849292017
2022-10-21,1123.084228515625,1143.6229813098248,1120.994103570685,1139.4879233106462,8243452,53.17786680051779,-4.319251052951586,-12.46538510343519,1432395676,1126.3904238012628,1092.9193176269532,1142.3673095703125,1136.1041962481286,1049.7344390057779
2022-10-24,1126.8331298828125,1137.1252236758137,1115.6778227953112,1117.8133802746593,3370033,54.25557653081118,-2.499100745503938,-10.472128231848941,1435765709,1126.3948288369002,1093.8360595703125,1141.5107592773438,1139.0362866531375,1048.6358324874875
2022-10-25,1109.4296875,1135.5347355693707,1107.8166013928017,1135.5347355693707,12233241,48.65660522787208,-2.432886070827635,-8.864279799644681,1423532468,1126.2260214604137,1095.2946655273438,1140.2282397460938,1140.5307967133353,1050.0585343413522
2022-10-27,1113.7919921875,1121.6530982836084,1105.453847178534,1116.904583955269,12513059,50.048099411414036,-2.005293161798363,-7.492482472075418,1436045527,1126.1022997761063,1096.5419860839843,1138.6534228515625,1142.3698860031338,1050.7140861648347
2022-10-28,1147.8717041015625,1151.893061521459,1117.5634478847232,1120.0852998000876,17609592,59.32301859805793,1.0711773687542063,-5.779750503909493,1453655119,1126.3189107644193,1100.9428161621095,1137.5944311523438,1148.69728919866,1053.188343125559
2022-10-31,1158.5272216796875,1163.6846262416873,1150.62068370947,1154.6194450652783,12419943,61.7165156323181,4.319323176772741,-3.7599357677730465,1466075062,1126.639391470044,1106.0388610839843,1136.6230908203124,1155.5025733434838,1056.5751488244848
2022-11-01,1149.5528564453125,1181.428644108962,1139.6243422706675,1181.428644108962,13963166,58.58958345911457,6.0990399230277035,-1.7881406296128965,1452111896,1126.8673861464151,1109.4945373535156,1135.4284814453124,1160.9388607282901,1058.050213978741
2022-11-02,1156.7322998046875,1158.7998289194838,1142.8051438822936,1150.666129478395,8981896,60.32156520671257,7.996619295080336,0.16881135532574998,1461093792,1127.164549466398,1113.4966247558593,1134.8086840820313,1166.5391787975952,1060.4540707141234
2022-11-03,1161.0491943359375,1163.0485752218901,1147.3719146666933,1149.5530246719463,6693449,61.3678453680473,9.73656487060498,2.082362058381596,1467787241,1127.501710111866,1116.721697998047,1134.3411108398439,1172.9951776683363,1060.4482183277576
2022-11-04,1178.1343994140625,1181.428720196316,1159.2088516372303,1160.4810755593053,12575815,65.27102763886018,12.351734431785644,4.136236533062406,1480363056,1128.0055179656194,1120.598828125,1133.8499072265624,1182.3146704923527,1058.8829857576472
2022-11-07,1184.4278564453125,1186.1092114125374,1169.614649236392,1177.3393389028124,11789748,66.6093138517331,14.761938102647491,6.261376846979424,1492152804,1128.5669342689,1124.5577514648437,1133.5486450195312,1191.7430238243635,1057.372479105324
2022-11-09,1183.2464599609375,1191.4028762322173,1176.9075752515669,1186.109174333478,11254205,66.09442559126666,16.3878046425732,8.28666240609818,1480898599,1129.1110091514079,1129.0608154296874,1133.2937329101562,1199.2375618845845,1058.8840689747904
2022-11-10,1168.93310546875,1179.861252270893,1164.6163174113194,1176.8849569522006,5966242,60.03903489676404,16.333070038949472,9.89594393266844,1474932357,1129.5072489157594,1133.9364868164062,1132.8802368164063,1200.8927920366,1066.9801815962123
2022-11-11,1195.878662109375,1197.787058206641,1175.9760787775724,1181.428793587036,12310132,66.29874020079414,18.25355804403557,11.567466754941865,1487242489,1130.1676609873377,1139.7652465820313,1133.1905908203125,1206.9788039036941,1072.5516892603684
2022-11-14,1190.0849609375,1200.5133505404451,1183.7687931045677,1195.4013783558953,9043112,63.97812546427315,19.088020540930074,13.071577512139509,1478199377,1130.763853026643,1145.132794189453,1133.018828125,1210.388616399309,1079.876971979597
2022-11-15,1184.7459716796875,1193.4248592098502,1176.8848651845096,1191.561895358841,7086433,61.83035842661129,19.098372122877436,14.276936434287094,1471112944,1131.3009885356284,1150.50830078125,1133.4450537109376,1209.9606306943888,1091.0559708681112
2022-11-16,1177.9527587890625,1188.6764594316192,1172.954366703904,1185.9727580356148,9716161,59.111249159168565,18.346928349676546,15.090934817364985,1461396783,1131.7651852545682,1154.6796569824219,1134.0071435546874,1209.3496355638854,1100.0096784009584
2022-11-17,1180.9970703125,1187.3358341262497,1172.3407797375921,1174.5900378958909,6661451,59.96102886457018,17.791959607873878,15.631139775466766,1468058234,1132.2550547576323,1158.0376403808593,1134.2729638671874,1210.464786442458,1105.6104943192606
2022-11-18,1180.3609619140625,1185.518366679259,1168.2967693410817,1184.495900066872,5303197,59.681921030215456,17.10365397373289,15.925642615119992,1462755037,1132.7337205004824,1160.3948181152343,1134.280234375,1212.3836422870381,1108.4059939434305
2022-11-21,1159.117919921875,1175.9759375856167,1155.5736016352212,1175.9759375856167,6390268,51.12349758364784,14.67486810175319,15.675487712446632,1456364769,1132.996249847959,1161.5376220703124,1133.9998706054687,1212.345690429812,1110.7295537108128
2022-11-22,1165.547607421875,1167.1152613187112,1152.5746494360667,1156.4369938334312,6611488,53.30607280236397,13.117647767845938,15.163919723526494,1462976257,1133.3201439531722,1163.660791015625,1133.814931640625,1211.3148750617156,1116.0067069695342
2022-11-23,1161.912353515625,1171.3865449235016,1159.7312438376161,1170.0687686238546,6413408,51.89507982777353,11.458122718641107,14.422760322549419,1456562849,1133.6046435508085,1165.4147521972657,1133.7036010742188,1210.001322919858,1120.8281814746733
2022-11-24,1171.9320068359375,1178.7024981272687,1157.8911489931052,1165.9794167577484,9389439,55.39930809219758,10.826636717395786,13.703535601518693,1465952288,1133.9860103496655,1168.5398681640625,1133.53138671875,1205.016248430623,1132.063487897502
2022-11-25,1189.42626953125,1192.7433068604935,1173.295165319625,1176.4305937132758,7349922,60.772378134730914,11.60405597168824,13.283639675552603,1473302210,1134.5376547196315,1172.32158203125,1133.5118505859375,1199.9096817462164,1144.7334823162837
2022-11-28,1230.299072265625,1236.4333911015242,1136.8980043426527,1185.472920181286,31527484,69.89698819099245,15.341413657175963,13.695194471877276,1504829694,1135.4905046454624,1176.4429504394532,1134.5951318359375,1211.7399631215278,1141.1459377573785
2022-11-29,1232.4119873046875,1241.2500078770877,1224.1419904117938,1228.6632233258865,11058913,70.2818251424491,18.263263600122173,14.608808297526256,1515888607,1136.4548975077432,1180.137188720703,1135.9537768554687,1222.0132137050505,1138.2611637363557
2022-11-30,1241.1136474609375,1247.5206802015884,1226.0504438987869,1232.54834119291,26164986,71.8763916051495,21.038483441389417,15.89474332629889,1542053593,1137.4962781042923,1184.7152282714844,1138.06353515625,1231.8990508373736,1137.5314057055953
2022-12-01,1237.4556884765625,1251.8600031393141,1234.1386516701657,1245.8619813701127,9485801,70.17186069362549,22.681243187886366,17.252043298616385,1532567792,1138.4908991030213,1188.751397705078,1140.0706005859374,1239.3562673181477,1138.1465280920083
2022-12-02,1236.93310546875,1248.6792715763747,1227.1408877532265,1240.5001400003844,11589592,69.91676619987697,23.66814242810392,18.535263124513893,1520978200,1139.4704235444715,1192.5455932617188,1142.0635791015625,1245.5935161915704,1139.497670331867
2022-12-05,1218.8936767578125,1234.4794719283639,1216.871700030192,1232.3210781772725,14828536,61.592970360993526,22.73258891654018,19.37472828291915,1506149664,1140.2607046709722,1194.5835571289062,1143.6330615234374,1248.3866865865516,1140.780427671261
2022-12-06,1222.415283203125,1225.5051588426245,1209.146894711336,1211.0099786652759,8594245,62.530785836312305,22.021470424011795,19.90407671113768,1514743909,1141.0781631638297,1196.482928466797,1145.4879052734375,1251.388662570791,1141.5771943628029
2022-12-07,1204.3758544921875,1224.5964643493226,1200.5816581384124,1220.052515180835,8462111,55.107683122196775,19.774326631853455,19.878126695280837,1506281798,1141.7079909382412,1197.5393981933594,1147.4054565429688,1252.198285493716,1142.8805108930028
2022-12-08,1203.8076171875,1210.9644019630948,1199.6499633297894,1208.6924277820037,7757008,54.88665375371466,17.743065965465348,19.45111454931774,1498524790,1142.3258976670895,1199.2831237792968,1149.8764575195312,1252.3832722011177,1146.182975357476
2022-12-09,1185.5638427734375,1208.6925984914808,1182.2694016212881,1202.3309977712286,12655763,48.202086416361695,14.494078413578563,18.459707322169905,1485869027,1142.7561259766053,1198.7673828125,1151.8108227539062,1252.1891711563137,1145.3455944686864
2022-12-12,1187.38134765625,1191.8798642806923,1174.6128344148897,1174.8401159938364,9479842,48.87016342956674,11.92838680758291,17.153443219252505,1495348869,1143.2001580331191,1198.6322021484375,1154.36134765625,1252.1547753675593,1145.1096289293157
2022-12-13,1192.7886962890625,1196.4237590933476,1184.473147579326,1187.381293975718,8333348,50.8992288225228,10.213648980914968,15.765484371585,1503682217,1143.6935763242232,1199.0343383789063,1157.0849951171874,1252.2535343764437,1145.815142381369
2022-12-14,1188.4718017578125,1199.1273520766265,1186.4269889714612,1198.5366123572992,7268947,49.219906076940724,8.409430903614975,14.294273677990997,1496413270,1144.1391308061493,1199.5602905273438,1159.24564453125,1252.1397842140304,1146.9807968406571
2022-12-15,1171.5911865234375,1188.2447615787812,1168.2514331327313,1182.5648851623062,8688551,43.21557319413591,5.553433976451288,12.546105737683057,1487724719,1144.412285589406,1199.0899963378906,1161.1436572265625,1252.4871308739039,1145.6928618018774
2022-12-16,1165.797607421875,1189.9715469866571,1162.4124217557498,1168.2514313366491,15837349,41.3511071580305,2.790376695198802,10.594959929186206,1471887370,1144.625074861371,1198.3618286132812,1162.5286547851563,1253.1400574051443,1143.5835998214181
2022-12-19,1181.1107177734375,1183.2463953663826,1166.2973916450521,1172.7952889779006,7729933,47.76572679886658,1.8153477228870543,8.839037487926376,1479617303,1144.9881160843768,1199.4614685058593,1164.139033203125,1251.876359607207,1147.0465774045117
2022-12-20,1191.334716796875,1193.2431129001116,1165.9794185762812,1174.1131186326063,7467588,51.57402978053489,1.84633807724299,7.440497605789699,1487084891,1145.4492762904713,1200.7508239746094,1165.8607397460937,1250.988756684964,1150.5128912642547
2022-12-21,1174.3856201171875,1196.4237592798247,1170.5687080191292,1190.9710448813423,8527550,45.63416587844936,0.4975126872363944,6.051900622079039,1478557341,1145.7372001096426,1201.3744873046876,1167.4847485351563,1249.9505461874644,1152.7984284219108
2022-12-22,1171.3411865234375,1183.541675654874,1166.3200787009303,1180.5199485444361,7451122,44.6396519738266,-0.8077898017259031,4.679962537318051,1471106219,1145.9919661436109,1201.3449462890626,1169.4831787109374,1249.9932546443326,1152.6966379337925
2022-12-23,1136.9888916015625,1177.112082738486,1132.4676588679463,1164.7524600759673,10257115,35.293218124965634,-4.561611121014266,2.831647805651588,1460849104,1145.9023833123467,1198.723077392578,1170.6368872070314,1254.7506643801025,1142.6954904050535
2022-12-26,1146.9173583984375,1155.0737739248264,1132.5357596211306,1142.6915558359974,5990242,39.252057021183276,-6.658640602517835,0.9335901240177034,1466839346,1145.9124825669346,1194.5539916992188,1171.9205541992187,1252.9228465382996,1136.185136860138
2022-12-27,1156.30078125,1158.1637450751377,1142.9188116159999,1149.6211545027727,5763271,42.81310887920879,-7.47719531807229,-0.7485669644002954,1472602617,1146.015848722985,1190.7484313964844,1173.5018530273437,1248.6708805335531,1132.8259822594157
2022-12-28,1156.1871337890625,1158.6181211536698,1145.7587436629801,1153.2562711921107,7459393,42.78039932022794,-8.042368806424065,-2.2073273328050496,1465143224,1146.117055539563,1186.5021057128906,1174.7350830078126,1241.4061187484565,1131.5980926773248
2022-12-29,1155.6644287109375,1158.2089965163484,1147.5761621923448,1148.2577664634932,6930648,42.61911800867193,-8.435214892630711,-3.452904844770182,1458212576,1146.2120542775867,1182.4125427246095,1175.5716235351563,1233.5837405897516,1131.2413448594673
2022-12-30,1157.4366455078125,1170.97762738263,1154.6649160603042,1156.4824475075623,7289476,43.398255037913984,-8.50549906306901,-4.463423688429948,1465502052,1146.3237417525145,1178.4377197265626,1176.0560083007813,1224.1056007312632,1132.769838721862
2023-01-02,1170.4779052734375,1171.8865462707408,1157.8911210447166,1158.7090222381169,5316175,48.89719233766259,-7.423307829965779,-5.055400516737114,1470818227,1146.564081688046,1176.0169311523437,1176.7403295898437,1217.8194349474268,1134.2144273572605
2023-01-03,1161.912353515625,1169.1600029724839,1157.7092673063357,1165.5475363123066,7658932,45.75313616036747,-7.174132983228901,-5.479147010035471,1463159295,1146.7168008107085,1172.9917846679687,1177.5168920898439,1209.3245479263085,1136.6590214096288
2023-01-04,1144.418212890625,1163.7300547153022,1142.3506838068283,1161.8896870062515,9264891,40.084200211004344,-8.292698005207512,-6.04185720906988,1453894404,1146.6939292891157,1169.9939025878907,1177.86859375,1205.3551572488755,1134.632647926906
2023-01-05,1142.37353515625,1152.5293324862785,1137.806869836127,1146.6676067944138,13637099,39.46866896981442,-9.237671126534678,-6.68101999256284,1440257305,1146.6509402927688,1166.9221984863282,1178.527470703125,1200.6354057982367,1133.2089911744197
2023-01-06,1152.7562255859375,1157.7773327318898,1144.304501308931,1148.0986967891931,6349597,44.1579668425689,-9.044513268493802,-7.153718647749033,1446606902,1146.7116894001638,1165.2818176269532,1179.3067553710937,1198.3944998967115,1132.1691353571948
2023-01-09,1179.974609375,1182.3375684218504,1155.687212453628,1156.5732620005954,10722753,54.17931756672413,-6.618840305163303,-7.046742979231888,1457329655,1147.0426637282717,1164.9114807128906,1179.9488134765625,1197.1821935923024,1132.6407678334788
2023-01-10,1162.52587890625,1184.155127696438,1156.891435377878,1184.155127696438,8047142,48.20677440875184,-6.034877419090662,-6.844369867203643,1449282513,1147.1967255708387,1163.39833984375,1180.0287866210938,1193.0285763957224,1133.7681032917774
2023-01-11,1147.8717041015625,1162.3441677767541,1145.5768933771294,1159.8450319996036,11509553,43.83617836191158,-6.677577109076083,-6.811011315578131,1437772960,1147.2034417751247,1161.3683349609375,1179.9951635742189,1189.3673853707598,1133.3692845511152
2023-01-12,1123.084228515625,1150.7569299071174,1120.0852177263125,1147.280880250268,17688773,37.62265849882314,-9.082367487184001,-7.265282549899306,1420084187,1146.9634496033884,1158.9429870605468,1179.3222021484376,1191.07787147841,1126.8081026426835
2023-01-13,1121.266845703125,1123.675117069892,1106.2717897707075,1117.0863548772086,20618583,37.20624988510776,-11.007936156075857,-8.013813271134616,1399465604,1146.7077620023908,1156.7164489746094,1178.5265551757811,1192.595719739414,1120.8371782098047
2023-01-16,1110.5885009765625,1126.7421991055548,1102.8182596793808,1123.584175159578,13623855,34.771072957969295,-13.242959779052171,-9.059642572718127,1385841749,1146.3483663702932,1153.1903381347656,1177.1756372070313,1192.4857537357088,1113.8949225338224
2023-01-17,1126.3560791015625,1128.2644751675343,1113.5421334042796,1116.9046027544262,10751000,40.92001931427948,-13.585317242591373,-9.964777506692776,1396592749,1146.1494381387636,1149.94140625,1176.0142016601562,1186.7507015509418,1113.1321109490582
2023-01-18,1124.492919921875,1131.9450149571076,1117.9724269094495,1123.947732620178,13448286,40.43496850771247,-13.847355677161659,-10.741293140786553,1383144463,1145.933950395312,1147.4467712402343,1174.839130859375,1184.053499831925,1110.8400426485437
2023-01-19,1123.2889404296875,1127.4238787769261,1116.2911675478767,1123.6751148013898,11940054,40.10414642563863,-13.990895769980625,-11.391213666625369,1371204409,1145.7086269130668,1145.0441589355469,1173.9262475585938,1181.3689980430788,1108.719319828015
2023-01-20,1109.9296875,1124.6293134044963,1107.475983857866,1124.6293134044963,14930286,36.53252935804593,-15.009610939429422,-12.11489312118618,1356274123,1145.3526175656732,1143.6911987304688,1172.2072680664062,1183.00785786368,1104.3745395972576
2023-01-23,1104.3177490234375,1120.6305800710875,1101.9094778576764,1112.8150268033937,10954118,35.11765920692142,-16.08437591146503,-12.908789679241952,1345320005,1144.944310415999,1141.5612182617188,1170.491923828125,1184.4054069613994,1098.717029562038
2023-01-24,1097.7972412109375,1110.3839043654414,1084.8014472016187,1108.7253859560433,16488755,33.49449135938792,-17.263284978171214,-13.779688739027804,1328831250,1144.4751853492821,1138.6360412597655,1168.75294921875,1184.907026308778,1092.365056210753
2023-01-25,1082.620361328125,1097.2292417944516,1081.4617181061994,1096.2068953996695,12385018,30.016821619300615,-19.200890363214967,-14.863929063865237,1316446232,1143.8597144634996,1134.9577026367188,1166.8463012695313,1186.4632991010749,1083.4521061723626
2023-01-27,1062.081787109375,1084.8015319770323,1050.403768536496,1083.4611595770739,25830975,26.071728548776164,-22.138548475918924,-16.318852946275975,1290615257,1143.046003743558,1130.2785705566407,1164.4679956054688,1189.7905480981822,1070.7665930150993
2023-01-30,1072.26025390625,1077.781116815708,1045.564464693845,1059.5144571522903,21772103,30.917441858303775,-23.37588385135291,-17.73025912729136,1312387360,1142.3416679242814,1126.0197509765626,1162.3059814453125,1189.2244826065644,1062.8150193465608
2023-01-31,1069.5792236328125,1084.9378563899695,1063.7402148448057,1082.370452122445,22691594,30.35308470378746,-24.29278567612573,-19.04276443705824,1289695766,1141.6176635034708,1120.9748168945312,1160.5152075195313,1185.2774901634045,1056.6721436256578
2023-02-01,1063.240478515625,1081.438989315294,1047.3819702702858,1081.438989315294,19347800,29.00502246701376,-25.23997007039725,-20.28220556372604,1270347966,1140.8377910160298,1116.0412231445312,1158.4690649414063,1182.1392320786329,1049.9432142104295
2023-02-02,1057.35595703125,1066.920892525141,1050.1083077780725,1053.2890475640809,13662663,27.77190261376434,-26.16385163650989,-21.45853477828281,1256685303,1140.007126001256,1111.6881103515625,1156.3779370117188,1181.1207381532427,1042.2554825498823
2023-02-03,1058.28759765625,1067.3754956611733,1041.9293331709027,1067.3754956611733,24699575,28.291687366262238,-26.515208008689115,-22.469869424364074,1281384878,1139.1939963659822,1107.4838134765625,1154.105048828125,1179.1231130734295,1035.8445138796956
2023-02-06,1050.31298828125,1054.6524923509014,1047.7457037797196,1051.9260746714672,14837879,26.531629414934272,-27.124470780240472,-23.400789695539352,1266546999,1138.3096082258357,1102.3616516113282,1151.322783203125,1174.963479887876,1029.7598233347803
2023-02-07,1047.7911376953125,1057.5606408068884,1041.9294117901225,1050.5629876609778,15135435,25.981174798320936,-27.493875895516567,-24.2194069355348,1251411564,1137.4089269270246,1095.7524780273438,1147.6726245117188,1162.7385565996174,1028.7663994550703
2023-02-08,1068.7159423828125,1072.3284093286718,1048.290888887822,1051.017186057536,21160332,37.55736292787033,-25.800760145855065,-24.535677577598854,1272571896,1136.7254146430028,1091.0619812011719,1144.3987036132812,1151.5069075352324,1030.6170548671114
2023-02-09,1070.578857421875,1077.3039157739506,1060.559478401166,1069.3974980927496,13172763,38.47984331257181,-24.031610593621508,-24.434864180803388,1285744659,1136.0672399442851,1087.1973388671875,1140.9880078125,1142.2635719578866,1032.1311057764883
2023-02-10,1061.763671875,1070.0563840638993,1054.7886158361225,1070.0563840638993,10790445,35.78577026788706,-23.07486593856106,-24.162864532354924,1274954214,1135.3279009585212,1084.1313110351562,1137.4741674804689,1137.6709079120292,1030.5917141582831
2023-02-13,1055.7200927734375,1067.8297155368534,1051.2670092584597,1063.3766320218756,10352493,34.02685346156365,-22.544427109352682,-23.83917704775448,1264601721,1134.5357834641422,1080.8539733886719,1133.8499072265624,1132.9035127060338,1028.80443407131
2023-02-14,1080.5985107421875,1082.3251778031881,1055.8566674193971,1058.7193818882063,14321920,45.83020526022772,-19.887321440991627,-23.04880592640191,1278923641,1133.9990941833269,1079.354473876953,1131.08400390625,1129.5873831503045,1029.1215646036017
2023-02-15,1105.0675048828125,1107.4531801088635,1078.2809718116707,1079.6440602664363,33503591,54.46014624076569,-15.62696480138834,-21.5644377013992,1312427232,1133.711217672874,1078.2900451660157,1128.7370483398438,1125.292331856194,1031.2877584758373
2023-02-16,1104.2041015625,1119.5400175721072,1101.9321273600988,1113.0194047366483,17264487,54.132435644050325,-12.179868954870471,-19.687523952093457,1295162745,1133.4176145274973,1077.2756042480469,1126.73361328125,1121.0073447718862,1033.5438637242075
2023-02-17,1108.816162109375,1112.1333188549268,1095.3660464251936,1099.6374010548332,11809520,55.667067162229436,-8.972437248533424,-17.54450661138145,1306972265,1133.1728239561728,1076.5519653320312,1124.8337841796874,1117.611512977483,1035.4924176865793
2023-02-20,1097.093017578125,1113.1558521216361,1095.1390690194628,1110.9974583087273,8836937,50.99647058064192,-7.292421803058232,-15.494089649716809,1298135328,1132.813820907635,1075.9101318359376,1123.0643676757813,1115.2269367665676,1036.5933269053075
2023-02-21,1106.044677734375,1111.8154187780797,1096.1614739086865,1101.4552961916092,13311592,54.15925665413577,-5.17897331561403,-13.431066382896253,1311446920,1132.5474612740704,1075.9964782714844,1121.4376342773437,1115.5692082199248,1036.423748323044
2023-02-22,1080.9617919921875,1104.181409716533,1079.2124090771258,1102.34116225432,11024335,45.33063582944092,-5.46503192949308,-11.837859492215618,1300422585,1132.0341710324597,1075.1547058105468,1119.2010961914064,1113.534946132733,1036.7744654883606
2023-02-23,1075.78173828125,1088.1640768500556,1072.9872927091903,1080.5529686414243,9851910,43.74469489686422,-6.040096017826727,-10.678306797337841,1290570675,1131.4744453334426,1074.8127746582031,1116.947294921875,1113.0424308300735,1036.5831184863328
2023-02-24,1083.1429443359375,1088.800224148405,1076.0089953829322,1077.8265267799054,9434053,46.603642679877986,-5.834593085317238,-9.709564054933722,1300004728,1130.993534875756,1075.8658325195313,1115.178330078125,1113.7938383221108,1037.9378267169518
2023-02-27,1075.9407958984375,1085.8467152410444,1068.6024012348664,1082.3705449963543,11199715,44.234963778990846,-6.181625784658081,-9.003976400878594,1288805013,1130.4457464282207,1076.0498596191405,1113.3811938476563,1113.9418013052202,1038.1579179330608
2023-02-28,1055.3565673828125,1075.5544571553608,1051.3124942776465,1070.601498241021,21994038,38.25103127501198,-8.025118341973211,-8.808204789097518,1266810975,1129.6985904178187,1075.3387268066406,1110.8661108398437,1114.2108896990667,1036.4665639142145
2023-03-01,1065.0579833984375,1065.7850199744744,1055.6746563210354,1065.1034156724897,11551145,42.21834209029438,-8.604093645267312,-8.767382560331477,1278362120,1129.0554002982228,1075.4296020507813,1108.340576171875,1114.1965625888242,1036.6626415127384
2023-03-02,1056.947021484375,1068.5796069332716,1054.9249246750653,1061.9226969308686,9333535,39.90964829837146,-9.606682726231838,-8.93524259351155,1269028585,1128.3379039916174,1075.4091552734376,1105.9918041992187,1114.21463665295,1036.6036738939251
2023-03-03,1083.91552734375,1087.573426851757,1063.9903475271667,1067.44368158329,14643807,49.749238569771784,-8.131375325370755,-8.77446913988339,1283672392,1127.8958902936286,1076.6905517578125,1104.243291015625,1114.8368438896437,1038.5442596259813
2023-03-06,1094.5028076171875,1101.7277412564927,1090.5495987349282,1090.5495987349282,10171916,53.00278212994582,-6.038273091198334,-8.227229930146379,1293844308,1127.563620814261,1078.9000427246094,1103.3935693359374,1115.777031794293,1042.023053654926
2023-03-08,1098.4334716796875,1099.1832244435238,1083.7337262043,1094.5028585607813,15782657,54.18869516320137,-4.016008702274803,-7.384985684572064,1309626965,1127.2737685840664,1081.4321594238281,1102.4238916015624,1116.3180310319158,1046.5462878157405
2023-03-09,1072.032958984375,1098.2288726400263,1070.147279158801,1097.8199821583767,16235128,45.82473800800706,-4.491870849584529,-6.806362717574558,1293391837,1126.7241087870545,1081.5980102539063,1100.73853515625,1116.2713800133915,1046.924640494421
2023-03-10,1055.4248046875,1065.1034417835135,1051.9486346812796,1063.967514713159,13334091,41.48658843001609,-6.138374916320345,-6.672765157323716,1280057746,1126.0146629751187,1080.8403076171876,1098.7232885742187,1117.0710833393875,1044.6095318949876
2023-03-13,1038.06689453125,1065.1034247048499,1033.750107312473,1058.287501818403,12771592,37.491735257516645,-8.743094583164066,-7.086831042491786,1267286154,1125.1395608015478,1079.65546875,1096.371337890625,1119.6577574848159,1039.653180015184
2023-03-14,1034.181884765625,1047.3592882483779,1031.0465769110588,1036.0221323528851,16027522,36.641296023908005,-10.99410826831172,-7.868286487655773,1251258632,1124.234509298703,1078.5785583496095,1093.9062426757812,1122.1047927770283,1035.0523239221907
2023-03-15,1016.505859375,1044.3375763114452,1012.1209234658597,1037.885231401589,21728555,32.976198617325366,-14.042487303297094,-9.103126650784038,1229530077,1123.1625824337905,1075.37392578125,1090.8268017578125,1126.5915238692378,1024.156327693262
2023-03-16,1011.4392700195312,1024.2077825786946,1000.6701381392561,1019.2095111682803,18363159,31.98850022575506,-16.674962480963586,-10.617493816819948,1211166918,1122.0509076834,1070.6925140380858,1087.8173400878907,1127.055322731126,1014.3297053450458
2023-03-17,1010.1671142578125,1023.2763697645565,1005.4413760837782,1020.0047649704466,34014213,31.731505799526587,-18.64889748171163,-12.223774549798286,1177152705,1120.937636107026,1065.9906646728516,1085.1323181152343,1125.9606251362857,1006.0207042094175
2023-03-20,1000.238525390625,1008.7584596340857,990.5826039210764,1006.4864851819102,19524589,29.724380179893004,-20.7749288878656,-13.93400541741175,1157628116,1119.7366499307436,1060.561782836914,1082.289617919922,1123.6202417772674,997.5033238965607
2023-03-21,1031.341796875,1033.2957451749278,1007.3951430408976,1008.2811925498517,21400360,42.08354376071792,-19.722699029114665,-15.091744139752334,1179028476,1118.8570991540696,1057.274221801758,1079.861329345703,1119.2176823708292,995.3307612326867
2023-03-22,1034.477294921875,1041.2250703817986,1031.4782836063534,1038.2942074878824,10920094,43.16861384854656,-18.423417112916695,-15.758078734385206,1189948570,1118.0174991119584,1053.695852661133,1076.9513830566407,1112.1253135956993,995.2663917265666
2023-03-23,1021.3906860351562,1031.4327819622354,1019.2322922558061,1030.5694484887376,16249370,39.815749534893364,-18.23945373235256,-16.25435373397868,1173699200,1117.0560382853237,1050.7172973632812,1074.1286791992188,1109.3564754533604,992.0781192732021
2023-03-24,1001.1699829101562,1022.3902814688943,998.7617116838695,1020.231887763167,12375945,35.25884649184168,-19.500513398778367,-16.903585666938618,1161323255,1115.9029432069638,1046.9867095947266,1071.1946447753905,1108.2094676253946,985.7639515640585
2023-03-27,1016.73291015625,1024.2077208751948,999.7613122149304,1007.6223573447278,14054323,40.86823419584771,-19.024807962258137,-17.327830126002524,1175377578,1114.9161767089468,1043.666207885742,1069.067618408203,1103.8802177874636,983.4521979840206
2023-03-28,1021.4815673828125,1025.3439120336418,1016.4831753805086,1020.1183586375283,12576424,42.50515676785801,-18.056487081244086,-17.47356151705084,1187954002,1113.9864791037116,1040.9432464599608,1067.0719128417968,1099.9870502103158,981.8994427096059
2023-03-29,1015.4380493164062,1020.0274303318191,1004.7142894261991,1017.3918775634875,18804065,40.95141139016883,-17.57416319308345,-17.49368185225736,1169149937,1113.0058977127933,1038.9473205566405,1065.1689038085938,1098.602916544993,979.2917245682881
2023-03-31,1059.218994140625,1064.8535577563764,1024.5259234682055,1024.6622202928697,28171201,54.054207019455994,-13.503501719879296,-16.69564582578175,1197321138,1112.4707046424235,1038.65537109375,1063.826162109375,1097.852364277032,979.4583779104682
2023-04-03,1059.4007568359375,1067.3754434349298,1051.9259454677697,1065.5579119993613,10293043,54.09974500885392,-10.145851385180094,-15.38568693766142,1207614181,1111.9426454602694,1038.778057861328,1062.5243188476563,1098.136133174512,979.419982548144
2023-04-05,1056.856201171875,1066.9210129823457,1048.995215362799,1066.9210129823457,16262928,53.30326695631802,-7.602575917974491,-13.829064733724035,1191351253,1111.3945216365044,1037.4250915527343,1061.1956640625,1093.7628644623273,981.0873186431413
2023-04-06,1063.9447021484375,1069.6474143387793,1053.3572991214214,1053.3572991214214,18435046,55.27851631428389,-4.957877671543429,-12.054827321287915,1209786299,1110.9223841291605,1035.8971862792969,1060.2759643554687,1087.4111794589867,984.383193099607
2023-04-10,1056.401611328125,1068.0114795112463,1054.9021060177815,1067.8297504290695,12961408,52.72279512025257,-3.4310486530650905,-10.330071587643351,1196824891,1110.3798888774088,1033.7955932617188,1059.3176416015624,1077.8177877941562,989.7733987292813
2023-04-11,1061.6273193359375,1063.7402807994256,1056.0383079017138,1060.559540630498,10542367,54.29917759491184,-1.7788492259637678,-8.619827115307436,1207367258,1109.8947886829665,1033.2753112792968,1058.5942431640624,1075.6943235952297,990.856298963364
2023-04-12,1066.3076171875,1075.9179854968688,1058.7646577412916,1061.6272515959452,18179087,55.723143598376,-0.09076210573448407,-6.914014113392845,1225546345,1109.4610854840066,1033.8194519042968,1058.26798828125,1077.6177953073843,990.0211085012093
2023-04-13,1070.3291015625,1075.0093475188144,1064.1947822733791,1069.1930541875877,12378208,56.96395433257912,1.553649771718483,-5.22048133637058,1237924553,1109.0717125096633,1035.4325622558595,1058.4329345703125,1082.0251489482575,988.8399755634614
2023-04-17,1075.759033203125,1101.8867990924884,1067.3981721567704,1101.8867990924884,17929479,58.64898420805371,3.257458185251835,-3.524893432046097,1255854032,1108.7402430638272,1037.5114196777345,1058.50291015625,1087.2961016084441,987.7267377470248
2023-04-18,1063.4449462890625,1080.0985197030036,1056.9243329412964,1080.0985197030036,10405576,53.5302018722652,3.5729084627075736,-2.105333053095363,1245448456,1108.2895435934315,1039.8583740234376,1058.380224609375,1089.8858127337337,989.8309353131416
2023-04-19,1068.7386474609375,1071.4195123263064,1059.741614492453,1062.8542061722762,12273475,55.334947136927724,4.2016287625992845,-0.8439406899564336,1257721931,1107.896002338382,1042.7233428955078,1058.4901879882811,1092.474698471499,992.9719873195165
2023-04-20,1066.0347900390625,1071.91923046536,1059.6960269180327,1069.692688687604,7007330,54.177573140028244,4.430641752933525,0.21097579862155813,1250714601,1107.479472862767,1045.5167266845704,1058.6637646484376,1093.8973893365032,997.1360640326375
2023-04-21,1067.3753662109375,1072.828080314349,1061.6499382780762,1068.1251189073266,7647317,54.683655826603996,4.666516790376818,1.1020839969726102,1258361918,1107.0804270254355,1048.873568725586,1058.8455200195312,1093.3837011292599,1004.3634363219121
2023-04-24,1071.465087890625,1081.8706418346944,1066.9210188410907,1079.1897769115358,12936186,56.270396217974884,5.124385095695061,1.9065442167171005,1271298104,1106.7260455415071,1050.8797332763672,1059.2685620117188,1095.6642824486657,1006.0951841040686
2023-04-25,1079.666748046875,1081.7342770992536,1068.0569991057368,1075.1000833366595,9236126,59.34479280178244,6.0789797622326205,2.741031325820205,1280534230,1106.456798800267,1053.1392059326172,1059.90607421875,1098.9340246888214,1007.344387176413
2023-04-26,1073.328125,1084.2336751201349,1069.6702254865136,1081.0073822687018,8617834,56.06423220490867,6.251960300513019,3.443217120758768,1271916396,1106.127160254991,1055.7360778808593,1059.9983178710938,1099.8961869923337,1011.5759687693849
2023-04-27,1080.121337890625,1083.2793621459462,1074.1914637637067,1079.1898559504257,9167125,58.6992774635102,6.85814767305601,4.126203231218216,1281083521,1105.8683958533557,1059.683645629883,1060.1891674804688,1097.2498340083073,1022.1174572514586
2023-04-28,1099.86474609375,1101.4098041424304,1082.256973708253,1082.3705544049471,15565210,65.22677115120561,8.829898004807092,5.066942185935992,1296648731,1105.8086580448023,1063.8402374267578,1060.9511889648438,1099.8410779610035,1027.839396892512
2023-05-02,1109.20263671875,1111.361030519598,1103.3181951274973,1106.9988106394346,12981805,67.81748878715965,11.018993978346316,6.257352544418056,1309630536,1105.8424289768816,1068.2262908935547,1062.02083984375,1103.8887182849242,1032.5638635021853
2023-05-03,1099.6829833984375,1110.9974233118683,1096.4795270846325,1110.9974233118683,7061872,62.689720088117056,11.84912253629841,7.375706542794127,1302568664,1105.7811409611757,1072.4385375976562,1062.402529296875,1101.445806499912,1043.4312686954006
2023-05-04,1112.360595703125,1114.564421653396,1097.1838117593734,1100.1601065895743,8635233,66.33981561336986,13.375794923258127,8.575724218886927,1311203897,1105.8466081725383,1075.0956176757813,1062.5483911132812,1108.2163699292303,1041.9748654223324
2023-05-05,1109.5206298828125,1118.4267984938415,1106.9079133744922,1109.1798878043744,8746585,64.81020995445122,14.192925076398069,9.699164390389157,1302457312,1105.8831656024913,1077.601611328125,1062.6547216796876,1113.0926633670047,1042.1105592892454
2023-05-08,1123.220703125,1128.5598368262858,1110.6112034431017,1113.269352129285,9153782,68.57449069381883,15.764267362976852,10.912184984906697,1311611094,1106.0556784136606,1080.9198364257813,1062.9428125,1120.2354593051887,1041.604213546374
2023-05-09,1126.6968994140625,1129.9913407668835,1119.2902356444074,1124.6293700397016,6464721,69.4669763201534,17.093029629219018,12.14835391376916,1318075815,1106.2610636972468,1084.0574462890625,1063.5348901367188,1127.2756910729383,1040.8392015051866
2023-05-10,1134.4442138671875,1135.9210031175069,1127.4464419348942,1131.4452030936898,10872255,71.41539664511501,18.55730971294338,13.430145073604004,1328948070,1106.5414930521715,1087.9595764160156,1064.102880859375,1134.4537312314915,1041.4654216005397
2023-05-11,1127.03759765625,1140.3058651251242,1125.3335267806174,1135.51203899488,10557860,67.01265689425605,18.902217206579053,14.524559500199015,1318390210,1106.7454343915156,1091.2300903320313,1065.0243969726562,1139.038689800435,1043.4214908636277
2023-05-12,1128.8779296875,1130.2638545526538,1116.2229969798393,1122.2664514997994,6955341,67.5480017492266,19.10384110629002,15.440415821417215,1325345551,1106.9656582253065,1094.3586059570312,1066.0863208007813,1143.407130615433,1045.3100812986293
2023-05-15,1131.1043701171875,1138.056589765274,1123.7885720856236,1131.3998000896127,6833343,68.21995700303917,19.22170874169342,16.196674405472457,1332178894,1107.2058444132854,1097.3973693847656,1067.0455493164063,1147.6307075073746,1047.1640312621566
2023-05-16,1114.99609375,1135.8073202110538,1113.3374551908087,1133.2627523170945,8717229,58.7428346891126,17.810013660462346,16.519342256470434,1323461665,1107.2833593320588,1099.3592224121094,1067.8266552734376,1149.121580586251,1049.5968642379678
2023-05-17,1108.4073486328125,1120.0852459817609,1103.7271032383842,1119.1764803056624,8798967,55.3554556707692,15.975423730942111,16.410558551364772,1314662698,1107.2945433052007,1101.6073425292968,1068.8876708984376,1148.665633897971,1054.5490511606226
2023-05-18,1106.0218505859375,1116.4502407386783,1102.8864225456616,1113.0649351771951,10525531,54.138222093356426,14.16571469716905,15.961589780525628,1304137167,1107.281879696054,1103.471502685547,1069.7069482421875,1148.063091212572,1058.8799141585218
2023-05-19,1109.6114501953125,1111.4291017814717,1099.1149119209986,1106.0218196807168,8050447,55.71623186873643,12.872768674337976,15.3438255592881,1312187614,1107.3050595020168,1105.6503356933595,1070.7602368164062,1146.840854196885,1064.459817189834
2023-05-22,1115.541259765625,1120.539651102296,1105.2492875108546,1106.4533629289124,7434906,58.270582686957525,12.186111799673654,14.712282807365211,1319622520,1107.3870117434458,1108.0586303710938,1071.3927514648437,1145.4756144771743,1070.6416462650134
2023-05-23,1115.3369140625,1121.4485168171577,1113.9282731003457,1118.1087637100431,6092034,58.146112281336265,11.492958616144051,14.06841796912098,1313530486,1107.466115249108,1110.2522216796874,1071.80943359375,1143.7717762817804,1076.7326670775944
2023-05-24,1108.839111328125,1119.6310808484723,1105.7492354797112,1111.4065159491756,8112254,54.182752454703675,10.300572757176042,13.314848926731994,1305418232,1107.4797769016357,1111.71083984375,1072.0175463867188,1142.1797651551722,1081.2419145323277
2023-05-25,1108.7027587890625,1112.8151011277312,1097.8427615845399,1105.9537453747698,11487863,54.09941949328659,9.238104741966481,12.499500089778891,1293930369,1107.4919458756399,1113.4795715332032,1072.7509423828126,1138.4396379002412,1088.5195051661651
2023-05-26,1138.9427490234375,1140.0786760550607,1113.6101699812016,1116.9044905832286,12626260,66.43055383513189,10.712716147698302,12.142143301362774,1306556629,1107.8048891905435,1116.4206420898438,1074.4213012695313,1138.6810477510103,1094.1602364286773
2023-05-29,1145.349609375,1149.6209640491697,1139.260723455887,1145.5313384612555,10010304,68.3693883226416,12.257044813878565,12.165123603865933,1316566933,1108.1784684958616,1118.6948852539062,1076.5669555664062,1142.9311065665,1094.4586639413126
2023-05-30,1145.0543212890625,1153.1198717474913,1142.50963326853,1145.3496310598186,11342504,68.1739541994415,13.303751758430735,12.392849234778893,1305224429,1108.5453924042517,1120.4874694824218,1078.784404296875,1146.8595078529274,1094.1154311119162
2023-05-31,1122.3118896484375,1140.4650896335454,1118.2678159183406,1135.9892890678166,27107927,55.108294867204705,12.158000524187628,12.34587949266064,1278116502,1108.6823724763333,1121.618914794922,1080.9005249023437,1146.2047665674236,1097.0330630224203
2023-06-01,1119.2901611328125,1129.1279320638168,1116.9046059479208,1126.969538270473,14592692,53.63739288074738,10.880729897546189,12.05284957363775,1263523810,1108.7879226122188,1121.9653930664062,1083.0575427246094,1146.2125628569536,1097.718223275859
2023-06-02,1115.6322021484375,1128.1962696801756,1113.7238061790024,1122.8117036497752,15800644,51.83376239829107,9.464219374813865,11.535123533872975,1247723166,1108.8560248961614,1122.2709716796876,1085.1668444824218,1146.0322672040818,1098.5096761552934
2023-06-05,1125.6517333984375,1128.6053121788445,1117.1090229973545,1121.085068396339,10908682,56.180291998383375,9.04584217751858,11.037267262602096,1258631848,1109.0231463737962,1122.3925231933595,1087.6751086425782,1146.1968416652637,1098.5882047214552
2023-06-06,1126.6058349609375,1130.4000307352399,1118.7221336360576,1128.4689187387335,7493309,56.58208353354702,8.691077920492035,10.568029394180085,1266125157,1109.1980984990414,1122.3879699707031,1089.580389404297,1146.189027998967,1098.5869119424392
2023-06-07,1135.148681640625,1135.9892989888378,1123.5388113588674,1130.0821412207565,10312545,60.109027918729026,8.995565740056009,10.25353666335527,1276437702,1109.456313256669,1122.423193359375,1091.593817138672,1146.2974881050347,1098.5488986137154
2023-06-08,1135.830078125,1143.6457515710592,1131.899585359948,1138.7155083681228,12071109,60.385445946507254,9.185967418068458,10.040022814297908,1288508811,1109.718738777747,1122.8628173828124,1093.8826049804688,1147.3760635753395,1098.3495711902854
2023-06-09,1127.7874755859375,1139.8743850627466,1125.9925399615922,1139.170064535181,5877018,55.4972913473549,8.588884001223505,9.749795051683028,1282631793,1109.8985272036991,1122.8082946777345,1096.4149548339844,1147.2725846627286,1098.3440046927403
2023-06-12,1128.7869873046875,1131.0816777652867,1120.0852643496842,1124.8564945620458,6391969,55.974265920763834,8.102937712014864,9.420423583749397,1289023762,1110.0864720803258,1122.6924255371093,1098.6560363769531,1147.0200181308082,1098.3648329434104
2023-06-13,1145.46337890625,1146.6448585440896,1129.741286337972,1133.7173319025067,11248016,63.08357366148536,8.960179832992935,9.328374833598104,1300271778,1110.4384811034695,1124.2157897949219,1101.1356726074218,1150.1851133446326,1098.2464662452112
2023-06-14,1159.549560546875,1160.9809175855808,1143.7138887627082,1145.5314201372407,13277380,67.81175276384451,10.653381969387283,9.59337626075594,1313549158,1110.9271485606178,1126.772900390625,1104.0179028320313,1155.8927255266058,1097.6530752546441
2023-06-15,1159.8677978515625,1164.4117468363468,1152.1202722852718,1159.5269355725368,11813494,67.91174421327727,11.883945229108804,10.051490054426514,1325362652,1111.4141201953537,1129.4651977539063,1106.03087890625,1160.3181326154636,1098.612262892349
2023-06-16,1171.1595458984375,1173.431520437393,1163.3438717544047,1163.3438717544047,24171579,71.3165454609129,13.613398393836633,10.763871722308538,1349534231,1112.0086020431456,1132.5426025390625,1108.2660546875,1166.9354998252775,1098.1497052528475
2023-06-19,1159.52685546875,1174.1584519189826,1155.3692013285906,1174.1584519189826,6798554,63.80539083174293,13.885280714900773,11.388153520826986,1342735677,1112.4814204851914,1134.7418823242188,1110.3194677734375,1170.116236134024,1099.3675285144136
2023-06-20,1161.9351806640625,1165.070488566,1151.893084884151,1157.5957972211602,6921096,64.63581447717422,14.132174221743526,11.936957661010295,1349656773,1112.9734977009016,1137.071795654297,1112.27927734375,1173.1580182223477,1100.9855730862462
2023-06-21,1165.206787109375,1167.7286388194623,1157.8001247424693,1161.889630244124,6961603,65.7842650216792,14.425541737309231,12.434674476270082,1356618376,1113.4932319238717,1139.8901794433593,1114.455380859375,1175.5179911427094,1104.2623677440092
2023-06-22,1152.1202392578125,1169.296404389101,1150.52986917785,1161.4354185434336,7619166,57.71088985635638,13.447053304225392,12.637150241861145,1348999210,1113.8775802555529,1142.061053466797,1116.2652392578125,1175.0136561194138,1109.10845081418
2023-06-23,1142.6915283203125,1151.1659695700039,1141.441900396204,1149.1211566554268,6628570,52.693244576403295,11.775040658741318,12.46472832523718,1342370640,1114.1642862064461,1142.2484924316407,1117.7929174804688,1175.1706464211197,1109.3263384421616
2023-06-26,1133.96728515625,1142.9870354453747,1130.8546930683367,1139.1701227938759,12641159,48.49204949395298,9.634919722168888,11.898766604623523,1329729481,1114.3613309721159,1141.679376220703,1119.0656811523438,1174.7605633788005,1108.5981890626056
2023-06-27,1134.3760986328125,1140.3058517527372,1129.9230146151945,1134.4215309070003,9689466,48.69845935458149,7.880999040965889,11.095213091891996,1339418947,1114.5604828891378,1141.1454650878907,1120.2380224609376,1174.3360393712678,1107.9548908045135
2023-06-28,1149.3939208984375,1153.1881169201986,1135.0122016455275,1141.896393407388,11354006,55.71857405538894,7.615035621999368,10.39917759791347,1350772953,1114.9070842623648,1142.4995666503905,1121.957001953125,1174.7012210951411,1110.29791220564
2023-06-30,1158.8226318359375,1161.7307784588775,1151.1888070463274,1157.0732487107562,11151555,59.46860930762472,8.072026572273444,9.933747392785465,1361924508,1115.3440548849876,1144.4761901855468,1123.758681640625,1175.5707488268054,1113.3816315442882
2023-07-03,1188.5628662109375,1191.425580555085,1161.1400387375704,1162.3669506539804,12154387,68.52339839467068,10.710519357277008,10.089101785683773,1374078895,1116.0726002713154,1148.1227233886718,1126.2092431640624,1181.8275395268045,1114.4179072505392
2023-07-04,1176.3167724609375,1192.788615416969,1169.2735683249591,1192.788615416969,8061643,62.34693569478925,11.678760991028867,10.407033626752792,1366017252,1116.6720447707148,1150.6559753417969,1128.3880712890625,1184.836919908367,1116.4750307752267
2023-07-05,1174.3856201171875,1185.5183304828597,1170.432411192628,1185.5183304828597,10248062,61.406948185149645,12.150211531463583,10.75566920769495,1355769190,1117.246309202023,1153.0449645996093,1130.4464819335938,1186.8450422701214,1119.2448869290972
2023-07-06,1199.0367431640625,1201.626743759331,1170.5461356600117,1170.5461356600117,19117987,68.03248036504027,14.347589018090957,11.474053169774152,1374887177,1118.0601443658245,1156.2393676757813,1132.8338818359375,1194.4574492188835,1118.021286132679
2023-07-07,1196.6966552734375,1210.9419594439871,1194.151966693268,1197.33282741848,13375267,66.85906415987434,15.719002100178386,12.323042955855,1361511910,1118.8425972106766,1159.282696533203,1135.3012524414062,1200.119260524998,1118.4461325414081
2023-07-10,1242.7950439453125,1252.3146696470571,1215.508631328038,1221.8246801466166,33240016,75.73709776102547,20.29170145056537,13.916774654797075,1394751926,1120.0759548896283,1165.0330749511718,1138.5547265625,1217.299987968964,1112.7661619333796
2023-07-11,1256.2677001953125,1258.6759714064597,1243.9536302912918,1250.9058502676546,20069348,77.62374853301348,24.717798004850465,16.076979324807755,1414821274,1121.4310966339635,1171.4071105957032,1141.6827856445314,1234.4254608563294,1108.388760335077
2023-07-12,1257.653564453125,1273.2166423107678,1254.8817149747802,1256.9946762890331,18733835,77.8148496799345,28.0144064368385,18.464464747213906,1433555109,1122.7865440749501,1177.016619873047,1144.6518041992188,1249.1173883158442,1104.9158514302496
2023-07-13,1246.4072265625,1271.8533855353082,1243.7945103332902,1264.9920307015198,14682934,72.41039368666516,29.3808230525417,20.647736408279464,1418872175,1124.0166006171148,1181.3595031738282,1147.5862890625,1258.9808268911572,1103.7381794564992
2023-07-14,1245.3623046875,1254.5410670168455,1238.2736675009803,1249.5881074417618,15124144,71.91065825413516,30.03319759558508,22.524828645740588,1403748031,1125.2240205581136,1185.634228515625,1150.2463232421876,1267.3585812473973,1103.9098757838526
2023-07-17,1270.8084716796875,1279.1466167196916,1239.5914489485467,1248.225023984058,22220040,76.21549416827347,32.23195225295217,24.466253367182905,1425968071,1126.672622061811,1190.6166748046876,1153.472080078125,1279.9956309278946,1101.2377186814806
2023-07-18,1281.600341796875,1289.3250310279557,1269.127138140066,1280.0326878114854,25867313,77.77140958564549,34.44819750949182,26.46264219564469,1451835384,1128.2141914124086,1196.7203491210937,1156.6396728515624,1293.16654446146,1100.2741537807274
2023-07-19,1291.3243408203125,1297.7540895736324,1270.944719940005,1285.9397747939042,39122156,79.09821750730839,36.56770357264463,28.48365447104468,1490957540,1129.8371779736813,1203.1898071289063,1159.9322216796875,1306.5456705723568,1099.8339436854558
2023-07-20,1289.7606201171875,1295.2251136644823,1270.1422890108254,1270.1422890108254,38717624,78.28894361843932,37.68681802674428,30.3242871821846,1452239916,1131.42845600496,1209.417498779297,1163.0385498046876,1317.757967235463,1101.0770303231309
2023-07-21,1249.8345947265625,1287.3234307026405,1242.3762502436682,1284.4188902576473,30249238,61.09992492331241,34.94915561031394,31.24926086781047,1421990678,1132.6066265395034,1214.3032165527343,1165.4944897460937,1320.6624629391322,1107.9439701663364
2023-07-24,1224.554931640625,1238.1179088392782,1215.6443158350814,1221.4042392370138,23727866,53.1437753225995,30.389371127790128,31.077282919806404,1398262812,1133.5215350479723,1218.39638671875,1167.4080297851563,1319.5924631150208,1117.200310322479
2023-07-25,1223.767333984375,1233.3179681079685,1220.9119513502328,1227.8041962368873,12026020,52.91260121323891,26.407744485111607,30.143375232867445,1386236792,1134.4195031965933,1222.8863891601563,1169.2612890625,1316.3749989855276,1129.3977793347851
2023-07-26,1243.65625,1253.8961800235134,1223.3733833366434,1223.3733833366434,12911012,57.89370099933727,24.57387366961416,29.029474920216792,1399147804,1135.5064360006072,1228.3503967285155,1171.8344921875,1312.8498746574744,1143.8509187995567
2023-07-27,1232.0872802734375,1249.2932542715916,1226.0074074454076,1247.521034743089,17226898,54.29575475065479,21.934155375357477,27.61041101124493,1381920906,1136.4674394262074,1232.4850646972657,1174.3080908203126,1308.8247509557511,1156.1453784387802
2023-07-28,1244.4686279296875,1251.853175548335,1231.0287272255082,1236.6902137331379,20827852,57.350632722029324,20.603723984910175,26.20907360597798,1402748758,1137.5420781177845,1236.7673645019531,1177.0770263671875,1305.3084885525138,1168.2262404513924
2023-07-31,1255.00390625,1257.2930680054526,1239.594792375287,1244.4686660676819,8551174,59.81210720873559,20.16698399817551,25.000655684417488,1411299932,1138.7108525270603,1240.0894165039062,1179.9848754882812,1305.3237719309943,1174.8550610768182
2023-08-01,1237.25634765625,1259.803857697837,1233.3672005487501,1257.8346449464532,9536632,54.143145568117156,18.179225955526817,23.636369738639356,1401763300,1139.6914047174005,1243.1363952636718,1182.4191772460938,1301.5024816487528,1184.7703088785909
2023-08-02,1224.0379638671875,1236.665491369381,1212.8380673987745,1235.2870185350293,12748214,50.317883430507806,15.360237033463363,21.98114319760416,1389015086,1140.5306739626722,1245.6190124511718,1184.5931982421876,1295.7145480529084,1195.5234768494352
2023-08-03,1218.8934326171875,1231.201012494138,1210.1058926997707,1218.5981228148664,10168350,48.87071672443708,12.566192085596413,20.09815297520261,1378846736,1141.3104029045082,1246.6118469238281,1186.7942846679687,1293.6702103374625,1199.5534835101937
2023-08-04,1235.4593505859375,1238.6346817533063,1216.77647074002,1230.1670919099247,22885610,53.50766194184133,11.555418792488808,18.38960613865985,1401732346,1142.2472083540747,1248.549981689453,1189.3294165039063,1290.0955526339608,1207.0044107449453
2023-08-07,1242.4993896484375,1244.739272893678,1233.219426922262,1241.0962775533026,5982870,55.36045233874811,11.193415268202216,16.950367964568322,1407715216,1143.244742496307,1248.5351989746093,1191.4005493164063,1290.0891598220674,1206.9812381271513
2023-08-08,1235.0162353515625,1247.7176805176769,1230.5363488514104,1244.5423492739476,9844072,52.94518244526214,10.185287203917142,15.597351812438086,1397871144,1144.1578916789465,1247.4726257324219,1193.1938818359374,1289.267476790831,1205.6777746740127
2023-08-09,1243.1640625,1245.034838767312,1221.453562693164,1233.145764124846,11486586,55.235228418661016,9.929340747114338,14.463749599373337,1409357730,1145.1430277070167,1246.7481506347656,1195.1560766601563,1288.3136719126794,1205.1826293568517
2023-08-10,1248.7025146484375,1255.3732475116944,1234.9180240875248,1243.041027453777,15470598,56.77517150381888,10.05747186263261,13.582494052025192,1424828328,1146.1734703631503,1246.8629150390625,1197.6838891601562,1288.4367113238104,1205.2891187543146
2023-08-11,1253.969970703125,1259.7300139419374,1236.837916549459,1246.733138146324,22179330,58.24633223839886,10.463440349379653,12.958683311496085,1447007658,1147.246072356583,1247.2932983398437,1200.3774853515624,1288.9741248688406,1205.6124718108467
2023-08-14,1268.788330078125,1271.274485095857,1243.065489745762,1249.9577340453427,9575812,62.14921595149079,11.844356688291327,12.735817986855135,1456583470,1148.4554480553047,1247.1922912597656,1203.4406079101564,1288.6539011279895,1205.7306813915418
2023-08-16,1267.7545166015625,1271.5207081344915,1255.8654425931288,1255.8654425931288,10203112,61.71579088072466,12.708823323914658,12.73041905426704,1446380358,1149.6425034637252,1246.5,1206.2826635742188,1286.0591488528241,1206.9408511471759
2023-08-17,1249.4654541015625,1269.2068594315797,1246.930140835009,1263.791524524126,13673744,54.47759635825614,11.78232555041268,12.54080035349617,1432706614,1150.6357666541514,1244.4070556640625,1208.7398559570313,1278.2791543825815,1210.5349569455434
2023-08-18,1258.720703125,1268.9606325625684,1234.9670764174216,1246.1423337524884,18639978,57.21244188733349,11.660475928593314,12.3647354685156,1451346592,1151.7112386588365,1242.8550598144532,1211.2112963867187,1270.5547212949602,1215.155398333946
2023-08-21,1244.986328125,1262.5000997685252,1242.8371963360953,1254.8424457661688,9221746,52.20069238935883,10.336507125987737,11.959089800010027,1442124846,1152.6393490017833,1242.612646484375,1213.3944213867187,1270.1481121359438,1215.0771808328063
2023-08-22,1244.68994140625,1253.8544488619668,1234.6115281978846,1243.4548358358238,7713044,52.09463854368068,9.157771293094356,11.398826098626893,1434411802,1153.555275294365,1243.6193969726562,1215.732470703125,1269.8833361332045,1217.355457812108
2023-08-23,1246.0732421875,1256.2752862282496,1243.4795205761563,1247.061326610869,9517952,52.57888283067622,8.240247027159967,10.767110284333508,1443929754,1154.4758520793714,1244.7346923828125,1218.0781958007813,1269.3761687004135,1220.0932160652114
2023-08-24,1225.1258544921875,1254.8177179260883,1220.7782590700385,1254.8177179260883,14140020,45.138056443308,5.756466352774169,9.764981498021642,1429789734,1155.1788371780062,1243.808172607422,1219.6714453125,1269.89336566064,1217.722979554204
2023-08-25,1219.4691162109375,1237.5757146480018,1206.747529523438,1213.3676467766436,22222400,43.35379758582406,3.2936338093493305,8.470711960287181,1407567334,1155.8185414469908,1243.177264404297,1220.8698364257812,1270.9233845981878,1215.431144210406
2023-08-28,1207.315673828125,1227.2008731617648,1201.0660879981488,1221.272366528133,12580826,39.72090892593083,0.35702448912684304,6.847974466055114,1394986508,1156.3309507244153,1241.3196166992188,1221.8187939453126,1273.1460361900872,1209.4931972083505
2023-08-29,1195.755126953125,1212.107851949824,1189.7277154191993,1211.4162410930335,16876644,36.58081875213186,-2.8700153214647344,4.904376508551144,1378109864,1156.7232310849,1238.357177734375,1222.3107055664063,1275.175507248211,1201.538848220539
2023-08-30,1194.61865234375,1206.9449799395882,1193.1117996537475,1201.510516255865,12168946,36.27720405434619,-5.456275081263584,2.832246190588199,1365940918,1157.1002999531472,1236.22529296875,1223.0125415039063,1277.6955113534034,1194.7550745840965
2023-08-31,1189.1595458984375,1198.0523052778192,1185.6517981191516,1197.0642209023324,21638600,34.78374863691613,-7.855851474677365,0.6946266575350861,1344302318,1157.4192974252396,1234.4813720703125,1223.5570288085937,1280.535087271175,1188.4276568694502
2023-09-01,1191.950927734375,1198.3734766692594,1186.5164632510111,1188.9373425267036,18112842,36.22939269853605,-9.423661762095662,-1.3290310263910636,1362415160,1157.7628957367733,1233.1342468261719,1224.0919116210937,1282.3973838143104,1183.8711098380334
2023-09-04,1190.9874267578125,1197.3852486913688,1188.3196473047951,1191.9507848594153,9347626,35.933305041580084,-10.621471475302087,-3.1875191161732683,1353067534,1158.0934880852415,1230.9106506347657,1224.8692553710937,1283.4584271119727,1178.3628741575587
2023-09-05,1197.3607177734375,1202.4739821466742,1191.852074903386,1195.582117616625,8675876,39.45792905338019,-10.9304732895273,-4.7361099508440745,1361743410,1158.4842067886066,1228.6537170410156,1225.9626391601562,1282.8676787144313,1174.4397553676
2023-09-06,1199.88037109375,1203.5609616798479,1194.2236115362405,1196.125722417537,8200370,40.843549573218056,-10.84700694418575,-5.95828934951241,1369943780,1158.896108920996,1226.896923828125,1227.2809008789063,1282.433336300528,1171.3605113557219
2023-09-07,1201.5107421875,1204.5985062247828,1191.1358550222296,1196.4220829309013,13652572,41.7721905549715,-10.527942376178089,-6.872219954845546,1383596352,1159.320135122653,1224.8142578125,1228.62359375,1280.875927453338,1168.7525881716622
2023-09-08,1209.5140380859375,1213.3675912039566,1197.039473070506,1205.4629163426932,23109288,46.23409048528225,-9.519546903633682,-7.401685344603173,1406705640,1159.8195769431832,1222.854833984375,1229.82599609375,1278.1742972660247,1167.5353707027255
2023-09-11,1222.5570068359375,1223.6686019045655,1211.3916036780722,1211.3916036780722,13271074,52.60775136239865,-7.580543862139848,-7.437457048110509,1419976714,1160.443829976942,1221.2841857910157,1231.10068359375,1274.7328777149282,1167.8354938671032
2023-09-12,1204.89501953125,1226.70693716321,1203.4622246012573,1226.70693716321,16255666,44.8537098350813,-7.383927431005986,-7.426751124689605,1403721048,1160.886130370517,1218.0895202636718,1231.4273266601563,1267.266052535669,1168.9129879916748
2023-09-13,1210.9222412109375,1216.653058753229,1198.6699696902265,1205.4630504045967,12803338,47.68736661649279,-6.664931888792125,-7.27438727751011,1416524386,1161.384002120173,1215.2479064941406,1232.1194360351562,1258.8711096845686,1171.6247033037125
2023-09-14,1212.0338134765625,1218.2093412827492,1207.9332388900991,1215.3438722575231,9209636,48.21585202450162,-5.93699022183614,-7.006907866375316,1425734022,1161.8879803426246,1213.3763244628906,1232.8723999023437,1254.0809991984345,1172.6716497273467
2023-09-15,1214.28173828125,1219.2962186489121,1210.156437431325,1219.2962186489121,25468592,49.330660901052624,-5.119685908925703,-6.6294634748853944,1451202614,1162.409311267387,1211.1543762207032,1233.1772998046874,1246.1695693366703,1176.139183104736
2023-09-18,1203.709228515625,1210.8975674516837,1201.535490839137,1205.487828880595,7516300,44.4805191730426,-5.2643948654827,-6.356449753004856,1443686314,1162.8202557176182,1209.0905212402345,1233.3175512695314,1240.5737169224703,1177.6073255579986
2023-09-20,1176.8826904296875,1199.3370070481767,1163.4694916701224,1197.089090701199,57081884,35.060926833227114,-7.457786460917077,-6.576717094587301,1386604430,1162.9601804411213,1205.7001586914062,1231.9993041992188,1235.6871309858668,1175.7131863969455
2023-09-21,1168.31103515625,1180.8103271156433,1165.9396084396587,1173.3255153106452,12226182,32.679575799053595,-9.77504540837299,-7.216382757344439,1374378248,1163.0134227765955,1201.8120483398438,1230.2401708984376,1229.9606013490816,1173.663495330606
2023-09-22,1163.4447021484375,1177.0308632017375,1160.9992172819989,1173.8443150051187,19176786,31.37662485870294,-11.867362653773853,-8.146578736630323,1355201462,1163.0177141136287,1198.7279907226562,1228.3559936523438,1229.3873992339386,1168.0685822113737
2023-09-25,1156.2811279296875,1166.2854832156668,1153.638074334712,1161.1968240581607,14254884,29.511307515810557,-13.942855160882573,-9.305834021480774,1340946578,1162.950683405331,1195.5685913085938,1226.5534716796874,1229.8378265863207,1161.2993560308669
2023-09-26,1157.2938232421875,1161.0979239595738,1153.8849803976213,1155.3423807263628,10087782,30.143554411148912,-15.329275531427584,-10.510522323470136,1351034360,1162.8943962395285,1193.0674987792968,1224.7921020507813,1230.6806801885186,1155.454317370075
2023-09-27,1170.3365478515625,1171.7693426359385,1155.3177128519035,1157.7879239120957,11722778,37.87258051235235,-15.200364450834059,-11.448490748942922,1362757138,1162.9684474993498,1191.7965698242188,1222.7826635742188,1230.6576677379837,1152.9354719104538
2023-09-28,1153.14404296875,1177.3026603074284,1148.6482103293206,1177.3026603074284,14518346,32.731650308790464,-16.29762408545571,-12.418317416245479,1348238792,1162.8706922303888,1189.7228393554688,1220.2135375976563,1232.033526366533,1147.4121523444046
2023-09-29,1158.529052734375,1170.435518964013,1153.1440405649926,1156.9481416896208,12342014,35.67685901633422,-16.54199909896488,-13.24305375278936,1360580806,1162.8274918373938,1188.1913146972656,1217.5576318359374,1232.636325318056,1143.7463040764753
2023-10-03,1145.263916015625,1153.885049186791,1144.2017734963838,1151.0936382938999,8859056,31.964245979729924,-17.603135738406763,-14.11507014991284,1351721750,1162.6527298889187,1185.8569641113281,1214.6676977539062,1234.015946367254,1137.6979818554023
2023-10-04,1143.2877197265625,1145.683872665596,1133.8763122199225,1140.7434506187415,10286386,31.439354258634296,-18.391550350904254,-14.970366190111124,1341435364,1162.4600432206366,1183.4719787597655,1212.5367602539063,1234.9860422329807,1131.9579152865504
2023-10-05,1143.2630615234375,1150.821810414835,1140.743398149127,1145.8073305142325,10953682,31.43241841832247,-18.80163082589206,-15.736619117267312,1330481682,1162.269028477381,1180.7670959472657,1210.9109228515624,1234.7041440885066,1126.8300478060248
2023-10-06,1145.18994140625,1148.5494528467332,1142.2504141267464,1144.7206253894863,5431026,32.6821976343942,-18.754944132442915,-16.34028412030243,1335912708,1162.099087312494,1178.0325744628906,1209.339375,1233.3442193387975,1122.7209295869836
2023-10-09,1135.4324951171875,1142.200849187487,1133.826857954507,1140.2988590719287,7576878,29.727338977552904,-19.283006465392873,-16.92882858932052,1328335830,1161.83374808667,1174.728662109375,1207.1748999023437,1231.8987871016343,1117.5585371171155
2023-10-10,1140.447021484375,1145.1404226117538,1138.1497733893898,1139.5331157395624,10236032,33.076107185298085,-19.07696195661333,-17.358455262779085,1338571862,1161.6209448368961,1171.2753112792968,1205.3420947265624,1227.9653665291398,1114.5852560294538
2023-10-11,1158.5537109375,1160.8509589721596,1142.7196339530417,1143.4359710357805,9814118,43.53878242809794,-17.253721522344676,-17.337508514692203,1348385980,1161.5904250966037,1168.075146484375,1203.6237963867188,1219.83616954797,1116.3141234207799
2023-10-12,1160.70263671875,1165.618452848462,1155.1446622546925,1157.9607991424273,12554450,44.64486240729416,-15.457208908703024,-16.961448593494367,1360940430,1161.581591381401,1165.86552734375,1201.7377709960938,1214.8492390387078,1116.8818156487923
2023-10-13,1160.6534423828125,1164.7045645712087,1150.6984190160554,1156.058825491677,10150316,44.62331095941013,-13.877458586822513,-16.344650592159997,1350790114,1161.5723560679824,1163.3520874023438,1200.205712890625,1207.7766995344102,1118.9274752702775
2023-10-16,1158.0596923828125,1163.2471357038708,1154.0826283801794,1158.5290083696577,5929036,43.432834447550604,-12.688523621396826,-15.613425198007363,1344861078,1161.537404190518,1160.6533813476562,1198.8861474609375,1199.0725680113733,1122.2341946839392
2023-10-17,1163.593017578125,1165.7914814830851,1156.7011522648252,1163.963549268257,7928180,46.69970139015014,-11.171018449184885,-14.72494384824287,1352789258,1161.5578580550712,1158.1189453125,1197.7801391601563,1187.7309124641497,1128.5069781608504
2023-10-18,1148.154052734375,1169.397866963109,1146.6719261602773,1163.5928712145596,8918320,39.79408812511629,-11.086383177019343,-13.997231713998165,1343870938,1161.4244868578503,1155.3411865234375,1196.034033203125,1176.558393110072,1134.123979936803
2023-10-19,1139.33544921875,1147.0672825471008,1136.7911799610206,1142.2256445327594,12032556,36.476183741069015,-11.597211284950845,-13.517227628188703,1331838382,1161.2046954385557,1153.4638244628907,1193.9707543945312,1173.3258824967172,1133.6017664290641
2023-10-20,1135.8525390625,1143.559525479833,1134.4691966955595,1136.2971288231192,8913312,35.22693948800064,-12.143109771891886,-13.24240405692934,1322925070,1160.9524351761074,1151.8408996582032,1191.98748046875,1171.8885766126177,1131.7932227037886
2023-10-23,1118.1163330078125,1139.3848747937852,1114.1887214650121,1131.356688684127,7853962,29.656807339652786,-13.84727904355168,-13.363379054253809,1315071108,1160.5262053037861,1149.574481201172,1189.4865258789061,1173.6971339052975,1125.4518284970463
2023-10-25,1115.522705078125,1127.009187707913,1108.1367973597628,1111.6198194416302,11620688,28.936256606517546,-15.231549743162532,-13.737013192035555,1303450420,1160.0784092816402,1147.5365600585938,1186.8229296875,1175.6114376631165,1119.461682454071
2023-10-26,1099.985107421875,1115.5474388316163,1096.922069489782,1112.089142962785,15222534,25.01518504284904,-17.38197987933154,-14.466006529494752,1288227886,1159.4804659795532,1144.671124267578,1183.743232421875,1179.1463785237072,1110.195870011449
2023-10-27,1119.40087890625,1123.204979852311,1104.6536704890175,1106.654565590137,11771084,36.580122409065375,-17.319868102598548,-15.036778844115512,1299998970,1159.0816641181275,1142.1243408203125,1180.7554833984375,1176.1621580078302,1108.0865236327948
2023-10-30,1142.4725341796875,1148.6480613914696,1121.4510154276281,1123.4519103673986,16813304,47.03397009135343,-15.233353690438207,-15.076093813380052,1316812274,1158.9163991436158,1141.5907653808595,1178.24984375,1175.253380676281,1107.928150085438
2023-10-31,1130.319091796875,1150.130232099537,1127.84888081728,1150.130232099537,12808438,43.0119423711443,-14.39452607964904,-14.93978026663385,1304003836,1158.6318488217576,1140.1802673339844,1175.8669165039062,1173.2444875568972,1107.1160471110716
2023-11-01,1135.0125732421875,1144.9428703315039,1124.0448598372486,1130.9367248364767,10309190,44.969076994931605,-13.19887600057632,-14.591599413422344,1314313026,1158.3968311542992,1139.6677001953126,1173.39275390625,1172.718631715079,1106.6167686755462
2023-11-02,1146.2767333984375,1148.302354744411,1140.2247162104195,1143.1889695269997,10562104,49.45548980943969,-11.213133094245222,-13.91590614958692,1324875130,1158.2762331666788,1139.8171508789062,1171.4185620117187,1172.9591135243452,1106.6751882334672
2023-11-03,1146.0296630859375,1153.5638066087804,1144.078220526126,1149.7349795725816,8850156,49.36043418094539,-9.549275935077048,-13.042580106684946,1316024974,1158.154376747965,1139.9554809570313,1169.4453564453124,1173.1768197124172,1106.7341422016455
2023-11-06,1155.564697265625,1156.0587394619763,1148.9445800808262,1152.2546386732256,10647304,53.10639574730914,-7.376230979114553,-11.909310281170868,1326672278,1158.1286087929168,1140.47421875,1167.635185546875,1174.3243384635773,1106.6240990364229
2023-11-07,1148.0552978515625,1155.614167696399,1145.9556184844287,1153.1192304428853,6960204,49.971226528215254,-6.188683676515211,-10.765184960239736,1319712074,1158.0283768432516,1141.1053588867187,1166.0937744140624,1175.0265618395285,1107.1841559339089
2023-11-08,1154.033203125,1156.552866758098,1147.042553778562,1152.1064866637696,7884494,52.3812467545503,-4.710872877150223,-9.554322543621835,1327596568,1157.9886238709307,1141.78466796875,1164.7850561523437,1176.166949977843,1107.402385959657
2023-11-09,1141.50927734375,1154.0331752710283,1138.3720609954937,1154.0085696526105,14513610,47.24620582934207,-4.498418348777022,-8.543141704652871,1313082958,1157.8246502736454,1140.9324462890625,1163.4689282226564,1174.443805506038,1107.421087072087
2023-11-10,1143.658203125,1144.3746607841822,1135.333664696756,1139.0389810755562,7734954,48.184827635679795,-4.10927706509392,-7.656368776741082,1320817912,1157.6836906005246,1140.080224609375,1162.4269897460938,1172.3822359019296,1107.7782133168203
2023-11-13,1143.5101318359375,1148.4505538682092,1142.0773370771153,1147.610585630105,3854810,48.12129332029847,-3.7693768793974414,-6.878970397272354,1316963102,1157.5426601650563,1139.2230590820313,1161.4048193359374,1170.1775805188934,1108.2685376451693
2023-11-15,1164.185791015625,1166.9030232858888,1149.6362714370953,1156.0588204395372,12220648,56.705562655702444,-1.8107771198094724,-5.865331741779778,1329183750,1157.6087609695396,1139.529364013672,1160.9053442382813,1171.3329951402688,1107.725732887075
2023-11-16,1166.285400390625,1172.9302438744137,1159.4923201233041,1161.542667627995,13134910,57.47508541096227,-0.08813579540515093,-4.709892552504853,1342318660,1157.6950956901476,1139.6639831542968,1160.3920336914061,1171.8938400502175,1107.4341262583762
2023-11-17,1163.7412109375,1172.4857343750468,1162.012063114762,1162.4319266451018,7758634,56.172199392507714,1.059561078399156,-3.5560018263240516,1334560026,1157.7552560408674,1140.443341064453,1159.847109375,1174.1755275303938,1106.7111545985124
2023-11-20,1160.6781005859375,1165.1490860409533,1154.2801575494677,1160.2828426994563,4490186,54.56834313053239,1.7023283323560463,-2.504335794588032,1330069840,1157.7843390711666,1141.5104736328126,1159.11345703125,1176.3665911706182,1106.654356095007
2023-11-21,1175.2769775390625,1179.7728099438689,1166.0384122376151,1168.9038812090425,8214450,60.375333710840366,3.351103934054663,-1.3332478488594932,1338284290,1157.9583951753248,1143.4816955566407,1158.6213891601562,1181.178366216093,1105.7850248971884
2023-11-22,1179.87158203125,1182.9593458443583,1171.9669066696931,1173.3502489811203,8534814,62.02066468589631,4.971211627821276,-0.07235595352333923,1346819104,1158.1764368355828,1146.5694580078125,1158.1886059570313,1185.5446592910405,1107.5942567245845
2023-11-23,1183.4781494140625,1185.7013394254852,1179.8716170501546,1179.8716170501546,8531542,63.30856702127857,6.471578169112718,1.2364308710038723,1355350646,1158.428195169697,1149.9672302246095,1157.6678881835937,1189.3697303697556,1110.5647300794633
2023-11-24,1182.6876220703125,1186.9858858764198,1181.2796741129466,1181.5514214570694,6749486,62.805827482925274,7.51026683165901,2.4911980631348998,1348601160,1158.6695825020413,1154.1023559570312,1156.8705004882813,1188.7237690843194,1119.480942829743
2023-11-28,1182.9346923828125,1185.5531403805655,1173.4738317237427,1182.6876712625676,13792174,62.90497562280991,8.25817647161216,3.6445937448303516,1362393334,1158.911026381452,1157.2790466308593,1156.4312939453125,1190.1986306992285,1124.35946256249
2023-11-29,1186.047119140625,1191.605094048659,1184.7379555197092,1189.6536514263266,12531306,64.19964898842437,8.998320045171795,4.71533900489864,1374924640,1159.1810372546777,1159.4577758789062,1155.9337915039061,1193.9017217574115,1125.013830000401
2023-11-30,1174.5606689453125,1186.0471507278282,1170.8306260067593,1183.0828973645985,28439984,56.3791501661268,8.559361632292621,5.484143530377436,1346484656,1159.3340684157786,1161.669854736328,1155.1843286132812,1193.9594680815544,1129.3802413911017
2023-12-01,1182.88525390625,1183.9226701483003,1174.6347733568996,1174.8323419889748,14342842,60.16631116004288,8.781975218718117,6.143709868045572,1360827498,1159.5684085699127,1164.0634887695312,1154.5563989257812,1195.1697211916828,1132.9572563473796
2023-12-04,1195.680908203125,1210.403389884879,1185.009669053603,1210.403389884879,15590990,65.17168682240519,9.877044038389613,6.890376702114381,1376418488,1159.9277369244721,1166.5336975097657,1154.3958325195313,1199.3947455700666,1133.6726494494649
2023-12-05,1204.3514404296875,1205.8830195816831,1196.3973123183705,1204.9689932142376,12693624,68.09708175022051,11.314111421864709,7.775123646064447,1389112112,1160.3697638250214,1169.4497863769532,1154.9452075195313,1204.7738211532483,1134.125751600658
2023-12-06,1215.8873291015625,1221.7416569101222,1202.9927791973269,1208.9707381739393,16422442,71.5241217487868,13.231325004715927,8.866363917794743,1405534554,1160.9221774098626,1172.46591796875,1155.8967333984374,1212.5174993194898,1132.4143366180103
2023-12-07,1213.886474609375,1215.813191043024,1206.4511149904754,1215.3438750518303,8142096,70.11722376151481,14.423018763929349,9.977694887021665,1397392458,1161.4491853421962,1175.7574768066406,1156.9055688476562,1218.0037613526758,1133.5111922606054
2023-12-08,1213.2442626953125,1223.594423771572,1207.9333084760417,1217.2460531905654,10204894,69.643702524779,15.141086499354287,11.01037320948819,1387187564,1161.9645592462073,1178.7180297851562,1158.0448315429687,1222.722030421961,1134.7140291483513
2023-12-11,1215.022705078125,1219.098553135076,1211.5890153738967,1213.367615499601,7066138,70.2430102410953,15.672997234292325,11.942898014449018,1394253702,1162.4925009957785,1182.393701171875,1159.1994091796876,1225.6258358571745,1139.1615664865753
2023-12-12,1197.5831298828125,1217.7894094868202,1195.6562927549994,1215.3439244936176,9197124,58.1246881620231,14.51993557532387,12.458305526623988,1385056578,1162.8416614822168,1185.0899475097656,1159.7443408203126,1224.9144937007097,1145.2654013188214
2023-12-13,1202.4739990234375,1204.6478570918039,1188.8137803209581,1196.570218805253,10031182,60.198519475565064,13.841225140622555,12.734889449423703,1395087760,1163.2360130995423,1188.0381408691405,1160.7309399414062,1223.617516047603,1152.458765690678
2023-12-14,1217.39404296875,1222.7297228698085,1206.7721356331074,1212.3795628682321,16972354,65.76801875115544,14.341940127412954,13.056299585021554,1412060114,1163.7748989688876,1190.698553466797,1161.9082397460938,1226.7006039117407,1154.6965030218532
2023-12-15,1232.9317626953125,1235.1055001292314,1220.3089603608373,1224.236571728094,15932152,70.41148190348218,15.810273498357219,13.607094367688688,1427992266,1164.4630269661654,1194.0308715820313,1163.6615966796876,1232.6217855888244,1155.4399575752382
2023-12-18,1245.4803466796875,1252.3474847954778,1230.634354917611,1232.9317234441762,14165188,73.53390632522772,17.78152972222847,14.441981438596645,1442157454,1165.2691694508771,1198.1178283691406,1165.70544921875,1240.1697340326623,1156.065922705619
2023-12-19,1263.8094482421875,1271.615218807123,1247.5553868731267,1262.2778691174958,16820604,77.30174523058142,20.585473273298476,15.670679805537013,1458978058,1166.2496697373579,1203.274395751953,1168.116376953125,1250.653010782923,1155.895780720983
2023-12-20,1248.518798828125,1283.9417239360823,1244.9864450577063,1270.207325538083,17736722,68.5359673013674,21.327935950954725,16.802131034620555,1441241336,1167.0682680367686,1206.9364868164062,1170.1829541015625,1256.3705806689477,1157.5023929638646
2023-12-21,1266.0079345703125,1271.4176728398502,1244.1218397625619,1248.44470925444,13765454,72.3921753287472,23.061728809453143,18.054050589587074,1455006790,1168.0527423306346,1211.2433044433594,1172.794462890625,1265.2888435421348,1157.197765344584
2023-12-22,1267.242919921875,1275.07341611771,1258.6465136069178,1264.5504141598008,16541784,72.64710914273681,24.25581915330781,19.294404302331223,1471548574,1169.039709271841,1215.43154296875,1175.330380859375,1273.0836508979773,1157.7794350395225
2023-12-26,1273.66552734375,1280.5326657287192,1266.0819312708138,1268.7003790735205,7465664,73.99214553552389,25.427285181111984,20.520980478087377,1479014238,1170.0807621879796,1219.9804382324219,1177.6326171875,1280.8475251701168,1159.113351294727
2023-12-27,1278.01318359375,1284.4603381656593,1271.2201029702012,1275.6170305456778,9204156,74.89219835610056,26.402152394564155,21.697214861382733,1488218394,1171.1547166298283,1224.7343627929688,1179.978828125,1288.0864387423435,1161.382286843594
2023-12-28,1287.251708984375,1290.4382571270967,1278.0131437475463,1279.4705441490948,12302636,76.73468578907286,27.602034403277912,22.878178769761767,1500521030,1172.309910583605,1229.7945922851563,1182.5107934570312,1296.0773576749705,1163.5118268953422
2023-12-29,1277.074462890625,1291.4264140714613,1274.2831724837226,1289.9937398232034,10864584,70.58932770466066,27.415699714270204,23.785682958663457,1489656446,1173.3523439398937,1234.9202819824218,1184.8910888671876,1299.1482679668998,1170.6922959979438
2024-01-01,1279.69287109375,1287.8940202608817,1271.2447008145452,1274.9006856426909,4030540,71.2277687169118,27.16615723949303,24.46177781482937,1493686986,1174.410458637942,1239.7606628417968,1187.2130859375,1302.1377832781873,1177.3835424054064
2024-01-02,1290.2900390625,1291.920402508132,1271.1706293129728,1277.099135940161,7448800,73.71471112569779,27.506419044630775,25.070706060789654,1501135786,1175.5634892889327,1244.4911193847656,1190.0558056640625,1307.1284476800083,1181.853791089523
2024-01-03,1276.2593994140625,1301.3073179716814,1273.2456933698636,1289.4503036849235,9037536,65.62664448841592,26.34028915881322,25.324622680394366,1492098250,1176.5654386434117,1248.0865173339844,1192.7942846679687,1309.3346463518878,1186.838388316081
2024-01-04,1282.8546142578125,1289.376067708453,1274.1842702494187,1278.5811975278393,9612778,67.43537077667422,25.652594402089335,25.39021702473336,1501711028,1177.6230423808686,1251.434881591797,1195.734326171875,1312.5977273689302,1190.2720358146637
2024-01-05,1288.3138427734375,1294.3165279752034,1283.521657474919,1285.9424160498672,8086406,68.89444018598643,25.2569589682721,25.363565413441112,1509797434,1178.7244433797996,1255.15625,1199.1382763671875,1315.782435385715,1194.530064614285
2024-01-08,1278.26025390625,1300.2944657165137,1269.1698042070248,1289.4502625359673,7734652,63.272106245042394,23.85716390145126,25.062285111043142,1502062782,1179.7148494546896,1258.407049560547,1202.39302734375,1316.6195879575807,1200.1945111635132
2024-01-09,1274.8758544921875,1287.8691880410897,1273.2454911635218,1284.5096770702141,5403074,61.453965306114746,22.21860127303171,24.493548343440857,1496659708,1180.6617251267046,1261.39970703125,1205.8908422851562,1316.4513161777572,1206.3480978847429
2024-01-10,1309.26123046875,1313.6581576278165,1272.1833407081513,1273.146698836737,11102740,70.67419993894039,23.424616656040826,24.27976200596085,1507762448,1181.9413221947846,1266.9836120605469,1209.6880493164062,1317.4771133203953,1216.4901108006984
2024-01-11,1343.6961669921875,1346.2651626289091,1312.6702888458758,1313.6583733689063,23725852,76.68803310025666,26.849499808062546,24.793709566381192,1531488300,1183.5508231380422,1274.0447204589843,1213.7125219726563,1325.9563939458703,1222.1330469720983
2024-01-12,1354.3919677734375,1356.9609630954171,1329.714583957277,1343.6960023683716,15012164,78.18449440268182,30.08006188626382,25.850980030357718,1546500464,1185.2507350249616,1280.8946166992187,1218.1939794921875,1337.0765863014212,1224.712647097016
2024-01-15,1377.51318359375,1379.8104316098675,1349.723309451493,1358.616069177015,8610594,81.0207630632136,34.11276378634693,27.50333678155556,1555111058,1187.1637942147008,1288.1236877441406,1223.0439916992189,1354.110946033931,1222.1364294543503
2024-01-16,1358.24560546875,1379.6623844587446,1354.1697570573224,1373.4126778584214,9069024,72.55527118005854,35.346523842977604,29.07197419383997,1546042034,1188.866100794343,1293.7619506835938,1227.283369140625,1363.381516772112,1224.1423845950756
2024-01-17,1345.35107421875,1369.7568331827044,1338.8791932605309,1343.30084717423,12197382,67.47418425095651,34.881712005945246,30.23392175626103,1533844652,1190.4231652065264,1297.8390319824218,1231.2697973632812,1369.4857392871493,1226.1923246776944
2024-01-18,1351.6500244140625,1354.663730119792,1335.1490629645289,1335.2972997496222,10279438,68.62989955303779,34.62251115768595,31.111639636546016,1544124090,1192.0274125618255,1302.9955932617188,1235.19150390625,1374.546398095191,1231.4447884282465
2024-01-19,1351.156005859375,1359.6041759840746,1342.8067406703178,1359.6041759840746,10422704,68.42454970597683,33.98546615075361,31.686404939387536,1533701386,1193.6107816493634,1307.252996826172,1239.2535180664063,1379.622074622536,1234.8839190298079
2024-01-23,1312.7442626953125,1355.4048574857818,1306.791150318716,1355.4048574857818,20055420,54.7157655278109,30.034873415416996,31.35609863459343,1513645966,1194.7961894209648,1309.5280639648438,1242.4277392578124,1379.5455564117028,1239.5105715179848
2024-01-24,1327.862060546875,1333.4200358723897,1308.1498229720294,1319.3151054787043,21919128,58.260197021963,27.803380093378564,30.64555492635046,1535565094,1196.1202279396307,1312.237890625,1246.154794921875,1380.67091909801,1243.8048621519902
2024-01-25,1336.9522705078125,1347.895377764627,1319.2902616038493,1326.9479158139593,11808872,60.27367997582687,26.46335643233033,29.809115227546435,1547373966,1197.5215417960305,1315.1848449707031,1250.0206762695314,1382.536424214613,1247.8332657267933
2024-01-29,1430.7957763671875,1435.192704047216,1343.9678528779282,1348.241269998228,23893438,74.14165978200971,32.59799526864094,30.36689123576534,1571267404,1199.8426784584303,1322.3620483398438,1255.7663891601562,1405.1105329683085,1239.6135637113791
2024-01-30,1390.852294921875,1442.5784888178382,1387.690473107798,1442.5537625848374,14093978,63.91438646329016,33.846474523461666,31.06280789330461,1557173426,1201.7432716570715,1328.0509399414063,1260.2997192382813,1413.1734836880514,1242.9283961947613
2024-01-31,1409.6258544921875,1417.159997760743,1385.7883192326594,1387.2704457772934,15130226,66.26946898802598,35.93651886805014,32.03755008825372,1572303652,1203.8117550683664,1334.547589111328,1265.1665283203124,1423.655469932331,1245.4397082903251
2024-02-01,1409.650634765625,1426.1515960154993,1401.1531330404457,1417.9011153905622,13349362,66.27259794130671,37.16646179382201,33.06333242936738,1585653014,1205.8599031250558,1340.5156188964843,1270.084716796875,1432.8957696453847,1248.1354681475839
2024-02-02,1440.3306884765625,1457.3258137867138,1416.0980132616144,1416.0980132616144,19652588,69.98495396071041,40.15395456111037,34.481456855715976,1605305602,1208.1929457653694,1348.7191833496095,1275.6777685546874,1445.8363067010764,1251.6020599981425
2024-02-05,1421.878173828125,1452.9781061073709,1414.4675408489986,1443.3442832345067,8814432,65.32751678057048,40.56499240328594,35.69816396522997,1596491170,1210.319166940123,1355.670361328125,1280.6097924804687,1452.8366076904585,1258.5041149657914
2024-02-06,1410.7869873046875,1424.6695010773788,1402.9069175392074,1424.6695010773788,9047984,62.629596743572804,39.53998446690093,36.46652806556416,1587443186,1212.3138716203675,1361.7940185546875,1285.2281005859375,1456.617386425053,1266.970650684322
2024-02-07,1424.9659423828125,1432.2283386037336,1412.2196294925052,1418.8151411125152,9296568,64.64005651117179,39.4174021928668,37.05670289102469,1596739754,1214.4298126229792,1369.1293029785156,1290.0578564453126,1459.566053963534,1278.6925519934973
2024-02-08,1432.845947265625,1442.0845126481563,1410.515263064875,1432.7224367107362,14694634,65.74307532099786,39.500765163202914,37.54551534546034,1611434388,1216.6031074950454,1377.0278076171876,1295.0610229492188,1460.4812681095302,1293.574347124845
2024-02-09,1443.3443603515625,1454.4355841797649,1433.661084495157,1436.6747903139974,12556798,67.2106040965148,39.953407107920384,38.027093697952346,1623991186,1218.8592393642643,1383.7319641113281,1300.2692163085937,1465.8648591570202,1301.599069065636
2024-02-12,1435.04443359375,1443.5913882496639,1425.163589047209,1443.3443671360003,6674430,64.8454835957516,39.19062920805368,38.25980079997261,1617316756,1221.0103358242593,1388.2993774414062,1305.2491625976563,1471.175117469231,1305.4236374135814
2024-02-13,1447.642333984375,1461.3767303535824,1436.674621997369,1438.1567484987418,7715594,66.75760878790513,39.15135505318767,38.438111650615625,1625032350,1223.2653805820714,1392.961895751953,1310.7107958984375,1478.1429193977676,1307.7808721061385
2024-02-14,1463.7235107421875,1465.9714268487612,1440.1329959711338,1440.1329959711338,7117888,69.07028806704008,39.95724433073133,38.74193818663877,1632150238,1225.65799879262,1397.272412109375,1316.3275610351564,1487.467718384227,1307.0771058345229
2024-02-15,1453.076904296875,1467.0335965408115,1449.0505085860837,1465.674980481667,10006782,65.80615591329615,39.283983913446036,38.850347332000226,1622143456,1227.9208734742544,1402.0139770507812,1321.4754809570313,1493.4660052622332,1310.5619488393293
2024-02-16,1443.17138671875,1459.4007219371786,1441.170612214809,1458.8819534815811,9767498,62.831056485645576,37.51863621374582,38.584005108349345,1612375958,1230.062669625941,1406.9049926757812,1326.2518798828125,1496.148675316388,1317.6613100351742
2024-02-19,1456.4364013671875,1461.8708655513933,1436.2053974591388,1444.6288410678121,6729828,65.10614923280352,36.76614404247425,38.220432895174326,1619105786,1232.31514456864,1412.1443115234374,1331.062861328125,1500.0913571200815,1324.1972659267933
2024-02-20,1453.4969482421875,1457.9186020207894,1444.3818933388152,1457.4492860314679,7117496,64.16883219132197,35.52311096335848,37.68096850881116,1611988290,1234.5159585355411,1417.2613586425782,1335.8550708007813,1502.2792365945963,1332.24348069056
2024-02-21,1450.2115478515625,1470.7884795851646,1440.1825868389801,1456.4365283424868,12720292,63.07579810170303,33.8823196484077,36.92123873673047,1599267998,1236.6621833048548,1424.1347229003907,1340.5944165039064,1495.348804031258,1352.9206417695234
2024-02-22,1464.0941162109375,1467.2559381666686,1440.6271108051608,1450.6561919754163,18493728,65.73201956246189,33.31811743717503,36.20061447681938,1617761726,1238.9251876123783,1430.9463256835938,1345.5758447265625,1488.838632088089,1373.0540192790986
2024-02-23,1475.82763671875,1479.7059164315408,1465.6750448712426,1471.7517883622584,14438584,67.83793209083939,33.43239235563988,35.646970052583484,1632200310,1241.2824259119443,1437.8900939941407,1351.1407348632813,1480.2521690353758,1395.5280189529055
2024-02-26,1469.6026611328125,1476.7169415654328,1464.8352018923576,1475.753583346703,7513106,65.53685374624624,32.64434881361444,35.04644580478968,1624687204,1243.5542690484704,1439.8304382324218,1356.4833081054687,1484.2213964686855,1395.439479996158
2024-02-27,1467.94775390625,1482.0772898132236,1460.4383358684995,1465.3540321072526,10826044,64.90652394722167,31.522905019724703,34.34173764777668,1613861160,1245.7870400420802,1443.6852111816406,1361.4943823242188,1483.5533069335615,1403.8171154297197
2024-02-28,1438.2803955078125,1473.5056294891751,1432.8953836215212,1465.3292067243183,8647950,54.741885967350306,27.918418699055565,33.05707385803246,1605213210,1247.7023968128835,1445.117938232422,1365.6013549804688,1481.929467439315,1408.3064090255289
2024-02-29,1443.3939208984375,1461.3522847525776,1437.1936663872107,1447.5438276529026,23628976,56.020330092247995,25.184148892666144,31.482488864959198,1628842186,1249.6495761570184,1446.8051025390625,1369.5596264648439,1479.861283701925,1413.7489213762
2024-03-01,1474.345458984375,1482.1266237591103,1445.0734581651325,1446.061542580972,12132926,62.85918288545284,25.22398443135171,30.2307879782377,1640975112,1251.885356085649,1448.505841064453,1373.7703466796875,1483.4980074175307,1413.5136747113754
2024-03-04,1489.4384765625,1494.4282305064353,1469.503825173054,1472.7150995331629,10024420,65.66313419074096,26.171743199444336,29.41897902247903,1650999532,1254.2490687272098,1451.883856201172,1378.588740234375,1488.9256887462745,1414.8420236560694
2024-03-05,1482.32421875,1489.4384990399915,1468.3429205099196,1487.8328618357061,7107668,63.23961514908191,26.04851661732937,28.744886541449098,1643891864,1256.5184732050484,1455.4607177734374,1382.9150659179688,1489.643377284844,1421.2780582620308
2024-03-06,1485.0908203125,1491.0193265812127,1460.8827530485903,1475.6545662551582,7805676,63.79917303585317,25.875819942682938,28.17107322169587,1651697540,1258.7928249175604,1458.4669616699218,1387.2720239257812,1491.9618348878096,1424.972088452034
2024-03-07,1461.3028564453125,1485.1897258668157,1457.968071396935,1485.0662153094684,8315726,55.917664796693316,23.548019790034004,27.2464625353635,1643381814,1260.8078501068912,1459.8898071289063,1391.0247705078125,1491.2606496278922,1428.5189646299204
2024-03-11,1449.1246337890625,1471.2577496463198,1446.0615961097308,1471.2577496463198,11277130,52.352012513432875,20.484409090565123,25.894051846403826,1632104684,1262.6816489495,1460.1788208007813,1394.4469995117188,1491.0369327501708,1429.3207088513918
2024-03-12,1457.8446044921875,1470.269718687064,1447.5685016900354,1449.1246865128974,9432678,54.58509209138219,18.54631393663726,24.424504264450515,1641537362,1264.6235689051487,1461.318829345703,1397.858857421875,1489.9853049618573,1432.6523537295488
2024-03-13,1415.10986328125,1465.4279903850718,1410.7622676768488,1462.142657909758,13522134,43.7608774586395,13.40747012756924,22.221097437074263,1628015228,1266.1209449685925,1459.692205810547,1400.6195654296876,1494.3451654478781,1425.0392461732158
2024-03-14,1414.4180908203125,1431.2649780682007,1408.514310659922,1422.5450608782721,18571102,43.61012079708509,9.173334637796188,19.61154487721865,1609444126,1267.5965384596543,1457.2269348144532,1403.3140698242187,1497.0165839839187,1417.4372856449877
2024-03-15,1401.3260498046875,1416.1473166057365,1396.0645483366263,1408.9589780840722,19223818,40.74899985920832,4.7070732512543145,16.630650552025784,1590220308,1268.9271803635852,1454.6393920898438,1405.5347900390625,1501.3081386975898,1407.9706454820978
2024-03-18,1422.3228759765625,1424.5460660460144,1399.6463855144648,1403.0799549430176,9169392,46.77956888983696,2.82918424415584,13.870357290451796,1599389700,1270.4535056930677,1453.5969665527343,1408.4560595703124,1502.137606425299,1405.0563266801696
2024-03-19,1408.267333984375,1420.4701525728194,1400.3626585436627,1411.7256294896865,8275764,43.58180462759396,0.20442245011031446,11.1371703223835,1591113936,1271.824787566613,1451.1885131835938,1410.9643139648438,1503.5558099293305,1398.8212164378572
2024-03-20,1426.546875,1427.7819805194806,1407.056934025752,1410.935092987457,8488806,48.511321402819775,-0.39614744939240154,8.83050676802832,1599602742,1273.3643108246565,1449.8410095214845,1413.728974609375,1503.2773922206222,1396.4046268223467
2024-03-21,1433.685791015625,1440.5283239841642,1427.460931435626,1435.2173701383908,13006936,50.33637346275803,-0.2926787432047604,7.005869665781704,1612609678,1274.959549433522,1449.0147216796875,1416.8374853515625,1502.911722958444,1395.117720400931
2024-03-22,1437.6876220703125,1442.6033181580033,1430.1040255590262,1432.6977472783171,19527608,51.37681592163799,0.11095623886285466,5.626886980397934,1632137286,1276.578734235878,1447.6943969726562,1420.093720703125,1501.3422928003642,1394.0465011449483
2024-03-26,1424.3978271484375,1435.0939139473653,1421.853557874578,1427.7820647176966,11415906,47.79574374782869,-0.6342245665487098,4.374664671008606,1620721380,1278.0495709812767,1445.1229064941406,1422.3964526367188,1498.0558515379303,1392.189961450351
2024-03-27,1475.061767578125,1482.1265951381042,1429.7581221098912,1430.74620650665,16326644,59.41080896705547,2.8307398460131026,4.065879706009506,1637048024,1280.0098913454246,1445.3958618164063,1425.0237646484375,1498.8843096883006,1391.907413944512
2024-03-28,1468.1451416015625,1488.0056133770977,1461.0309823617722,1475.0864584455267,21854364,57.528970454733475,4.961442771160591,4.2449923190397225,1615193660,1281.8818838852867,1445.4057312011719,1427.298828125,1498.9108902506282,1391.9005721517156
2024-04-01,1467.0830078125,1476.1733358521226,1464.8350917273362,1474.6912092837645,5013880,57.2291894586861,6.489527635084187,4.693899382248615,1610179780,1283.7246811382938,1446.8458618164063,1429.090224609375,1501.0522537149648,1392.639469917848
2024-04-02,1469.2320556640625,1476.198098955644,1457.4244952875333,1466.3172549197961,8910166,57.7093794440103,7.784224406829026,5.311964387164697,1619089946,1285.5705256609385,1448.1377685546875,1431.3099536132813,1503.1786804871329,1393.096856622242
2024-04-03,1454.0650634765625,1466.7619246317818,1451.397283687729,1464.4152240453116,7008292,53.17217735778144,7.499976353702095,5.749566780472177,1612081654,1287.2470882262683,1447.1237487792969,1433.4842333984375,1500.9293897421378,1393.318107816456
2024-04-04,1445.493408203125,1462.117879861305,1432.7223691832353,1462.117879861305,14490272,50.74402172137027,6.508026303328961,5.901258685043534,1597591382,1288.8216784747942,1444.926495361328,1435.3611010742188,1495.1077635168515,1394.7452272058047
2024-04-05,1442.7020263671875,1453.274601948929,1438.6509043996564,1443.467815909923,7442298,49.944157987910145,5.434017584035246,5.807810464841877,1590149084,1290.352826215017,1442.9453857421875,1437.192021484375,1490.1018508549835,1395.7889206293914
2024-04-08,1468.2686767578125,1473.2090987059642,1443.5912932499484,1445.5427357963142,8357118,56.67955632720504,6.570136509378926,5.960275673749287,1598506202,1292.1231331855922,1442.1042785644531,1440.302509765625,1486.7574826974703,1397.451074431436
2024-04-09,1446.2098388671875,1472.0482715276003,1445.0735176190665,1471.2577557160955,7071414,50.38064212997024,5.625705448109329,5.893361628621295,1591434788,1293.6563342371503,1441.349627685547,1442.6694653320312,1485.1820893332704,1397.5171660378235
2024-04-10,1461.945068359375,1469.281643980642,1448.8776750369068,1448.8776750369068,9138330,54.2835382865864,6.0768879613281115,5.930066895162659,1600573118,1295.3308490045358,1441.9906494140625,1445.1693212890625,1486.6267934007617,1397.3545054273634
2024-04-12,1449.6680908203125,1468.7627741208264,1445.6415744118667,1458.2891033204971,15551012,50.91832184760136,5.381766218296889,5.820406759789505,1585022106,1296.8665429529517,1441.5818237304688,1445.546767578125,1485.777251539559,1397.3863959213786
2024-04-15,1447.3707275390625,1464.4646364315843,1429.0911655763507,1443.591352839028,12902062,50.29004682939074,4.592559049972806,5.5748372178261665,1572120044,1298.3640970284355,1443.1948669433593,1446.6771362304687,1485.7316457242914,1400.6580881624272
2024-04-16,1448.2847900390625,1453.6451964542034,1433.6364862387566,1436.0325186728678,9366184,50.55147953128288,3.9948141568418123,5.258832605629296,1581486228,1299.855845217596,1444.888201904297,1447.4503149414063,1485.3538529001119,1404.422550908482
2024-04-18,1446.876708984375,1468.2934876101954,1441.9610129858208,1446.0615875622616,19005692,50.114245257550415,3.3686450065008557,4.880795085803609,1562480536,1301.3187393844298,1447.1657348632812,1448.1948364257812,1482.3506591628973,1411.980810563665
2024-04-19,1452.607666015625,1456.4364932961696,1425.8306012864564,1439.4167626045175,15741778,51.93638200462083,3.2968378854329785,4.564003645729483,1578222314,1302.8241018384717,1448.6799743652343,1448.4403759765626,1482.0160900401736,1415.343858690295
2024-04-22,1462.2166748046875,1465.1562017707047,1450.3103301575065,1454.9048261235944,10350362,54.91022868187301,3.969538558533941,4.445110628290375,1588572676,1304.4100975893796,1451.37744140625,1449.2471459960936,1479.5235502987862,1423.2313325137138
2024-04-23,1441.936279296875,1475.7041133303053,1438.20635702296,1461.3768889290402,14605554,48.14017254018638,2.833537010527607,4.1227959047378215,1573967122,1305.7785173078623,1452.1469116210938,1449.8701318359374,1478.3070112181606,1425.986812024027
2024-04-24,1432.8953857421875,1451.051437133562,1432.2283805059903,1446.0615625184662,10462776,45.44992754578007,1.1900054057553007,3.5362378049413175,1563504346,1307.0433617698955,1452.1073913574219,1450.028720703125,1478.3810705526698,1425.833712162174
2024-04-25,1442.5784912109375,1450.483166375014,1424.3236561270523,1425.3117405225619,15943926,48.75316095188622,0.6612183407685279,2.96123391210676,1579448272,1308.3919700230401,1452.3519348144532,1450.2233715820312,1478.1713277350264,1426.53254189388
2024-04-26,1435.2420654296875,1447.5436681516292,1432.7224019248206,1446.5061312694434,9413848,46.457769124038556,-0.345850713674281,2.299816986950552,1570034424,1309.6541600270864,1452.8941467285156,1450.0613256835939,1476.7211938544197,1429.0670996026115
2024-04-29,1447.5684814453125,1450.4092243096331,1432.7224880920985,1432.7224880920985,7247974,50.660983283843485,-0.14761976974159552,1.8103296356121223,1577282398,1311.0264418322429,1451.519482421875,1450.311806640625,1473.1426465342697,1429.8963183094802
2024-04-30,1449.5198974609375,1465.403306850403,1445.4440490785064,1450.5079819172845,11474262,51.312610585572905,0.16504016501062324,1.4812717414918226,1588756660,1312.404486166857,1450.5882202148437,1450.3493579101562,1470.8270291820218,1430.3494112476656
2024-05-02,1449.0753173828125,1459.7218309784546,1446.6791643138517,1454.460329459568,14512646,51.146876165853975,0.37265577529365146,1.2595485482521884,1574244014,1313.764394935175,1449.6878356933594,1450.0563940429688,1468.460389879758,1430.9152815069608
2024-05-03,1416.9130859375,1457.3750954799905,1399.275802819383,1453.4722101911175,17226958,40.864080777397554,-2.034577303744072,0.6007233778529363,1557017056,1314.7907500695264,1447.0718872070313,1449.3331176757813,1468.6004167018184,1425.5433577122442
2024-05-06,1402.610595703125,1422.841600588335,1401.1037428015688,1418.3952205864964,7394208,37.27517586687076,-5.038339452127957,-0.5270891881432422,1549622848,1315.6645793793136,1444.4991638183594,1448.5219018554687,1473.1798602053216,1415.8184674313973
2024-05-07,1384.775634765625,1403.8209867220144,1375.4135586957902,1399.1028593353728,14517472,33.342699171024464,-8.757029307532775,-2.173077212021149,1535105376,1316.3522515722123,1441.4632751464844,1447.0886865234374,1480.178881111679,1402.74766918129
2024-05-08,1401.6470947265625,1415.8754127905866,1380.847871034619,1380.847871034619,9439002,39.81151860658932,-10.224866099840483,-3.783434989585016,1544544378,1317.2009564792208,1439.4105285644532,1446.051689453125,1481.8228123376832,1396.9982447912232
2024-05-09,1377.51318359375,1406.7851843569276,1373.437335386219,1396.1632769069981,11009612,34.63381314412817,-13.183570274210751,-5.663462046510164,1533534766,1317.8010781420521,1434.87275390625,1444.5977221679686,1482.9989831260925,1386.7465246864074
2024-05-10,1390.65478515625,1393.1990543318577,1371.535254832905,1380.106935558881,10505096,39.265798657092134,-14.303070340036811,-7.391383705215493,1544039862,1318.5259906496563,1432.0950012207031,1443.128935546875,1483.5790779045226,1380.6109245368837
2024-05-13,1385.986083984375,1390.2101693574684,1367.5089520262873,1383.2195197456997,8456620,38.22936016125383,-15.389605580932766,-8.991028080358948,1535583242,1319.1972353594545,1428.297052001953,1441.3321044921875,1481.5878919936174,1375.0062120102887
2024-05-14,1403.1539306640625,1410.070521585227,1383.342910466477,1384.2815424166113,7188300,44.075091045582255,-14.69598467464084,-10.132019399215327,1542771542,1320.0326253624853,1425.9713439941406,1440.0031298828126,1479.3882795684874,1372.5544084197938
2024-05-15,1399.3994140625,1412.9361236084007,1396.188139403763,1403.5740469957013,5046534,43.11414418053408,-14.284579480666252,-10.962531415505513,1537725008,1320.8223446530328,1423.5727783203124,1438.6321630859375,1477.2382542412902,1369.9073023993346
2024-05-16,1408.3660888671875,1410.4904944706304,1381.3667306256436,1401.6471872524828,14711774,46.134637087484954,-13.084175945632069,-11.386860321530826,1552436782,1321.6934266850146,1421.5768432617188,1438.033876953125,1474.3798758922385,1368.773810631199
2024-05-17,1418.5927734375,1420.0749000882806,1396.4103261437938,1406.0936018418706,10916476,49.432503801364575,-11.178777530003345,-11.34524376322533,1563353258,1322.657599289517,1420.162646484375,1437.5378540039062,1471.6789035136449,1368.6463894551052
2024-05-21,1419.0126953125,1424.6447280920645,1408.613082979292,1408.613082979292,11176128,49.56903725928746,-9.525052496049284,-10.98120550979012,1574529386,1323.6163564638753,1418.4828979492188,1436.4311987304689,1467.801932173372,1369.1638637250655
2024-05-22,1443.2454833984375,1451.2736690394956,1419.1609264752628,1419.1609264752628,10281604,56.815343404876245,-6.187751468334682,-10.022514701499034,1584810990,1324.8066960353635,1417.5343383789063,1435.5073388671874,1464.1055371586956,1370.963139599117
2024-05-23,1468.343017578125,1474.444366988288,1437.6629456463684,1441.1706938631594,14608260,62.78026866690465,-1.5004587460380208,-8.318103510406832,1599419250,1326.2349181402667,1418.8546752929688,1435.22771484375,1469.4423895109599,1368.2669610749776
2024-05-24,1462.6119384765625,1470.7636348065282,1458.5113640783345,1465.9467233388211,7094776,60.71782647542572,1.7318407376428695,-6.308114660796892,1592324474,1327.5919034172448,1420.3405029296875,1434.7781372070312,1474.1345304886734,1366.5464753707017
2024-05-27,1448.77880859375,1467.2066075031105,1444.134859977049,1462.587264504762,6629010,55.94081647330041,3.141035490756394,-4.418284630486235,1585695464,1328.7977432697476,1420.6505187988282,1434.52765625,1475.0219707098227,1366.2790668878338
2024-05-28,1438.8486328125,1460.8829659012893,1435.4397894576246,1450.5080784194065,7820162,52.73345905691243,3.4171594032015946,-2.851195823748669,1577875302,1329.8927769965412,1420.8308471679688,1434.3221362304687,1475.4181747609325,1366.2435195750052
2024-05-29,1423.607421875,1440.6271526936466,1421.310053120064,1429.264181324664,7383556,48.1685766707311,2.3787307196105303,-1.8052105150768292,1570491746,1330.8252610251825,1419.632794189453,1433.637392578125,1472.8549386976852,1366.410649681221
2024-05-30,1407.8720703125,1423.2368313836507,1403.178669288835,1418.3951935729253,13206858,43.939548459175164,0.2827972306763513,-1.3876089659261932,1557284888,1331.5918959434644,1417.5504028320313,1433.49263671875,1469.166934949398,1365.9338707146646
2024-05-31,1413.35595703125,1425.0647331073133,1405.3030450073677,1414.245257118902,31069832,45.727888877070434,-0.9250776133540057,-1.295102695411756,1588354720,1332.4054686906065,1415.7644348144531,1433.4713940429688,1465.3251277919749,1366.2037418369314
2024-06-03,1492.32861328125,1496.4539141466187,1441.6152266357983,1465.3292536675044,21527942,63.69098024994826,4.438936926090719,-0.14829477111126088,1609882662,1333.9967437611604,1419.5352111816405,1435.2914453125,1479.2975578201847,1359.7728645430964
2024-06-04,1380.625732421875,1480.1999676014107,1343.1032493273078,1480.1999676014107,36709098,42.34295074508039,-0.31984487852355414,-0.18260479259371953,1573173564,1334.4607137975854,1418.435968017578,1434.4575024414062,1480.1790301319788,1356.6929059031772
2024-06-05,1403.821044921875,1414.097147783154,1367.6077240917773,1405.0561505394378,17464890,46.363288513051735,-2.194251906315003,-0.5849342153379763,1590638454,1335.1508663460859,1419.3882385253905,1434.3685766601564,1479.5936704337716,1359.1828066170094
2024-06-06,1414.5416259765625,1426.4974232883105,1404.4137607114592,1417.9011371144834,17855722,48.16239887561338,-2.7825956541389587,-1.0244665030981728,1608494176,1335.9408241533542,1420.0329650878907,1434.1284716796874,1479.738740653532,1360.3271895222495
2024-06-07,1452.4345703125,1454.4601915157414,1409.5023527154926,1411.478521453965,18558696,54.031609206281,-0.18903926276789207,-0.8573810550321167,1627052872,1337.0999659061818,1423.779034423828,1434.503447265625,1481.718951014902,1365.8391178327543
2024-06-10,1453.867431640625,1475.5558362929214,1450.5819785928986,1452.4346368701142,9251760,54.24258215809998,1.9594059847124754,-0.2940236470831983,1636304632,1338.2618312368727,1426.9396667480469,1434.8270434570313,1484.1995540980242,1369.6797793980695
2024-06-11,1439.3179931640625,1456.1154291491666,1437.3418242246385,1451.4960860069511,11774902,51.65038633140446,2.4596924285144723,0.2567195680363359,1624529730,1339.267365186397,1429.6062622070312,1435.1254467773438,1483.878328490717,1375.3341959233455
2024-06-12,1445.8885498046875,1458.41256776401,1437.835758473946,1440.1330064471847,10081742,52.74858987251764,3.347771027571298,0.8749298599433283,1634611472,1340.3282724960318,1431.7429931640625,1434.541982421875,1485.0371965171535,1378.4487898109714
2024-06-13,1447.790771484375,1454.7073627830548,1442.7021123343332,1454.4603416652449,9181160,53.08085409226768,4.157152046550436,1.53137429726475,1643792632,1341.3975510929308,1434.1625610351562,1434.1348950195313,1485.729407868108,1382.5957142022044
2024-06-14,1459.9442138671875,1462.0438933040555,1439.8613252368543,1452.4841280922399,8157998,55.246172885224546,5.713412897695207,2.3677820173508417,1651950630,1342.5771198767543,1436.7414672851562,1433.992119140625,1488.0482289428144,1385.434705627498
2024-06-18,1463.3778076171875,1469.6768460329972,1453.8180422457062,1469.6273935638167,7196766,55.86587158984794,7.141500383376069,3.3225256905558873,1659147396,1343.7791167696942,1438.9807189941407,1433.8750341796874,1490.8300266704503,1387.1314113178312
2024-06-19,1441.26953125,1469.7757459645413,1438.6510831088215,1469.7757459645413,8725874,50.97179260222354,6.415364539351913,3.9410934603150927,1650421522,1344.74917064512,1440.0935607910155,1433.6191235351562,1491.1298261070783,1389.0572954749528
2024-06-20,1456.139892578125,1465.1808887163045,1432.8211254931246,1441.6151005379975,16113776,53.89730554433683,6.959584772751896,4.5447917228024535,1666535298,1345.8575360374884,1440.73828125,1433.8320532226562,1492.2411719365468,1389.2353905634532
2024-06-21,1436.8724365234375,1457.1281688420868,1423.4097851653107,1456.0660262473004,31170360,49.75466408955044,5.769651597717029,4.789763697785369,1635364938,1346.7631569378461,1439.1647521972657,1433.7154614257813,1489.0969905998456,1389.2325137946857
2024-06-24,1424.298828125,1432.228228955547,1420.3712170566394,1428.3006178871863,8878386,47.20480190393904,3.7685938635813727,4.58552973094457,1626486552,1347.5346561536387,1437.2490966796875,1432.836064453125,1486.3693014681978,1388.128891891177
2024-06-25,1436.822998046875,1438.576872033328,1423.8296636688654,1425.8058325289194,7045386,49.95592054297661,3.156945731019505,4.299812930959558,1633531938,1348.423097366507,1436.6513061523438,1432.6483276367187,1485.4858693740166,1387.816742930671
2024-06-26,1495.9844970703125,1500.875466568816,1427.905458276952,1428.8194845866847,22014882,60.44220954586453,7.361193461155381,4.912089036998722,1655546820,1349.8913700003757,1439.5080993652343,1433.3291162109374,1494.782771279395,1384.2334274510736
2024-06-27,1512.312744140625,1519.1798830077462,1488.0552219900264,1495.7128766848623,28383030,62.76145592772834,11.873769728709249,6.304425175340828,1683929850,1351.5075030763983,1443.9433654785157,1434.5820092773438,1507.0792503973175,1380.807480559714
2024-06-28,1546.7474365234375,1562.1615299634889,1512.782033239127,1512.782033239127,28957336,67.13727860686629,18.02087736797216,8.647715613867096,1712887186,1353.450188981344,1450.8871337890625,1436.5695434570312,1526.032220313527,1375.742047264598
2024-07-01,1541.5599365234375,1560.5805616644209,1537.138282854078,1543.9066370278445,7724306,65.88131837362347,22.21780355408464,11.361733201910605,1705162880,1355.3219277628573,1457.2973327636719,1438.4350463867188,1540.031938646393,1374.5627268809508
2024-07-02,1546.5250244140625,1554.750778666898,1538.4473863262538,1550.798441129772,7749246,66.52676940516389,25.648874630728415,14.219161487674167,1712912126,1357.2244461374962,1460.0071533203125,1440.4280126953124,1550.3538221536662,1369.6604844869587
2024-07-03,1533.927001953125,1556.2329594590622,1524.391963189475,1547.661278880494,9049620,63.2568378873977,27.039770410352276,16.78328327220979,1703862506,1358.9826805237215,1467.672216796875,1442.0543994140626,1555.7633887977831,1379.581044795967
2024-07-04,1535.5079345703125,1548.822348177101,1532.321386398175,1538.447461634288,6837176,63.49929733583721,27.947472322136946,19.01612108219522,1710699682,1360.7391507132397,1474.2565612792969,1443.520224609375,1561.9582300584384,1386.5548925001553
2024-07-05,1569.6956787109375,1579.4530127748421,1529.5547474353805,1535.3102911811948,12269710,68.3613756006531,31.067372528375245,21.426371371431227,1722969392,1362.8183201460529,1482.0142639160156,1446.0754125976562,1574.5313176598067,1389.4972101722244
2024-07-08,1581.824462890625,1589.6303543798022,1563.6684106310508,1570.0662334946016,9500806,69.89356199876232,34.125232994566886,23.96614369605836,1732470198,1364.9974857455015,1488.4837585449218,1449.053994140625,1589.525390061602,1387.4421270282417
2024-07-09,1571.3260498046875,1581.4291893561121,1561.6675000170792,1578.5637202787966,6960002,66.87467560205873,35.294620828806956,26.23183912260808,1725510196,1367.050506283404,1494.356689453125,1451.6289453125,1600.2073250502112,1388.5060538560388
2024-07-10,1565.3480224609375,1578.4648673124634,1544.5241914718106,1575.9946562525065,7134578,65.14908858627271,35.33171030309677,28.05181335870582,1718375618,1369.023615897111,1500.6581909179688,1454.231064453125,1607.6517590801104,1393.6646227558272
2024-07-11,1561.815673828125,1585.1344421846698,1551.786592769845,1568.5840280306456,11940946,64.09664024389903,34.67634563785077,29.376719814534813,1706434672,1370.9419448317483,1506.4545471191407,1456.5160083007813,1613.512183338465,1399.3969108998162
2024-07-12,1577.6990966796875,1586.023756297877,1555.7389442164904,1565.619788574804,12924784,66.70148881177087,35.03476493799212,30.508328839226277,1719359456,1372.9992299247626,1512.9499633789062,1459.0795922851562,1620.7434937849127,1405.1564329728997
2024-07-15,1578.1932373046875,1586.7154660951303,1566.607970695329,1585.332123675554,5329688,66.78223257295221,34.955739824849616,31.397811036350944,1724689144,1375.0409613414784,1518.8624145507813,1461.6619506835937,1627.3475837869614,1410.3772453146012
2024-07-16,1557.468017578125,1580.9350218080888,1550.427916309136,1574.5124732819936,9386838,60.189873467483636,32.842175671694804,31.686683963419718,1715302306,1376.8561559308978,1523.5669250488281,1464.4730493164063,1630.1637001586018,1416.9701499390544
2024-07-18,1567.76904296875,1574.9079294522828,1539.2627082750141,1557.2211925457696,12298374,62.18779280057609,31.633713751846244,31.676089921105024,1727600680,1378.7557866476923,1529.8919006347655,1467.7762182617187,1631.0800641701242,1428.703737099407
2024-07-19,1536.61962890625,1571.029623251694,1534.2976544625544,1567.1020115011324,13140390,53.45199768361723,27.84156139653055,30.90918421619013,1714460290,1380.3265711477775,1533.9158874511718,1470.8130981445313,1629.2859838500208,1438.5457910523228
2024-07-22,1482.7935791015625,1519.179738244426,1481.4102368427714,1518.9327171487766,19674376,42.37475222485224,20.259403169097368,28.779228006771582,1694785914,1381.346143366223,1536.2119445800781,1472.4360278320312,1624.038931220716,1448.3849579394403
2024-07-23,1470.1707763671875,1487.8080584659276,1445.5674511277782,1483.1146576505776,18052044,40.2672512113007,13.081142195356279,25.639610844488523,1676733870,1382.2299705602625,1538.5055419921875,1474.2891796875,1616.3509996558596,1460.6600843285155
2024-07-24,1477.8778076171875,1491.5134207568017,1458.8078508242754,1467.3053526491226,11913362,42.15878471306038,7.922881621110946,22.09626499981301,1688647232,1383.1816903319732,1540.558282470703,1476.0336401367188,1609.1901758689555,1471.9263890724505
2024-07-25,1474.6171875,1482.595920809754,1459.474721651074,1463.3530011800513,12519876,41.55917831742631,3.531113678993279,18.38323473564906,1676127356,1384.0914962739437,1539.4899169921875,1477.8062622070313,1611.4486016970193,1467.5312322873558
2024-07-26,1491.044189453125,1494.4037007697482,1472.59166375446,1474.6172851615388,9859940,45.74571594262966,1.3604453481934797,14.978676858157947,1685987296,1385.1557021762242,1538.4264892578126,1479.5640673828125,1612.556150991706,1464.296827523919
2024-07-29,1501.987060546875,1509.2989091727318,1493.7613062276428,1493.9341486268256,7538550,48.39766801796846,0.5172112121883856,12.086383728964034,1693525846,1386.3182032545392,1536.1884704589843,1481.6158203125,1611.8646925930352,1460.5122483249334
2024-07-30,1495.1199951171875,1506.8287716127938,1492.0075050067665,1498.9488223237445,8228208,46.850041370985544,-0.6971365492968289,9.529679673311861,1685297638,1387.400808148695,1533.866473388672,1483.3508984375,1611.5638177367748,1456.169129040569
2024-07-31,1487.487060546875,1492.4520883459395,1483.2629754591517,1486.0789919790418,10057346,45.122839034168265,-2.249499102516438,7.1738439181462015,1675240292,1388.3966912571348,1530.9145751953124,1484.7287841796874,1610.9157296324156,1450.9134207582092
2024-08-01,1497.244384765625,1499.9121644798522,1486.37545603751,1493.9836579008804,10764222,47.7734643217154,-2.6617402067906824,5.206727093158825,1686004514,1389.479752884085,1529.0804443359375,1486.29341796875,1610.3924973720773,1447.7683912997977
2024-08-02,1481.4595947265625,1491.3404387261814,1475.481756476256,1487.0670219426547,10268248,44.065400660463816,-4.213573437394643,3.322666987048132,1675736266,1390.3949751909754,1526.37802734375,1487.0577001953125,1610.209550507262,1442.5465041802381
2024-08-05,1430.079345703125,1466.2186085334113,1416.1721046606897,1462.3650548737628,17046704,34.64033118392092,-9.480088586462443,0.7621158723460171,1658689562,1390.7898445493054,1519.3972106933593,1486.2924267578126,1610.5684808646113,1428.2259405221073
2024-08-06,1438.7003173828125,1459.8946792000177,1434.0315221699125,1437.8110173129378,10236186,37.072382979659835,-12.810527630954311,-1.9524128283140487,1668925748,1391.266565672027,1512.2410034179688,1485.8141943359376,1605.1405225178025,1419.3414843181351
2024-08-07,1447.3707275390625,1454.954323788822,1444.0853950542364,1451.4960282823629,8174568,39.51026544170791,-14.582200401143382,-4.4783703428799155,1677100316,1391.8248160388632,1506.0432373046874,1485.7860327148437,1598.8876955508174,1413.1987790585574
2024-08-08,1431.8577880859375,1447.5436277380477,1428.6959662921352,1440.1577210643813,12387192,36.76581840893608,-17.04158363443389,-6.991013001190711,1664713124,1392.2231540691826,1499.3687255859375,1485.6462158203126,1593.3856478231285,1405.3518033487464
2024-08-09,1456.7330322265625,1458.9067698886504,1438.6510375603623,1442.6033755756382,6249776,43.538424770522404,-16.78989479876327,-8.950789360705222,1670962900,1392.865043404082,1494.1145935058594,1486.3087280273437,1585.286926216988,1402.9422607947308
2024-08-12,1443.220703125,1455.4482469512195,1440.3799606199186,1452.483993902439,8184584,40.97138763738411,-17.479271453575848,-10.656485779279347,1662778316,1393.3660947445885,1487.390673828125,1487.0157006835936,1572.5511907952894,1402.2301568609607
2024-08-13,1446.1851806640625,1452.5582774619256,1440.6272053348387,1443.3444377180147,6265064,41.78237954850807,-17.58370485290766,-12.04192959400501,1669043380,1393.8916577885634,1480.7902709960938,1487.67228515625,1556.7416357404475,1404.8389062517401
2024-08-14,1444.43115234375,1454.460233101401,1436.3782403810737,1446.1109681889411,6267466,41.41977371153294,-17.60506427847281,-13.15455653089857,1662775914,1394.3945383314012,1475.138427734375,1486.7143359375,1543.9086117908755,1406.3682436778745
2024-08-16,1460.58642578125,1462.7602840003062,1440.676620060605,1451.1502913945535,9416902,46.06271407737812,-16.132431596611013,-13.75013154404106,1672192816,1395.053164077171,1469.779296875,1488.3135498046875,1524.00773090478,1415.55086284522
2024-08-19,1475.65625,1485.47150978375,1467.8238660907393,1469.8067419652286,13797742,50.04047704505732,-13.592662958367782,-13.718637826906406,1685990558,1395.855184832622,1466.7311279296875,1489.75025390625,1511.6414768488685,1421.8207790105066
2024-08-20,1483.1416015625,1491.0484162933285,1477.2674041310693,1484.4057091952604,8411808,51.93654331313649,-10.850791530731385,-13.145068567671402,1694402366,1396.7237063921232,1466.7485290527343,1491.1222534179688,1511.6840215980167,1421.813036507452
2024-08-21,1485.8433837890625,1494.964564922092,1477.2426107826689,1480.464784262564,7769996,52.635279172972396,-8.363419134529977,-12.188738681043118,1702172362,1397.6104693512968,1467.532159423828,1491.7904296875,1513.2193843800144,1421.8449344676417
2024-08-22,1485.2979736328125,1493.6012664349316,1477.8869991875908,1490.1312336221058,10445782,52.46944955414739,-6.362821980346098,-11.023555340903714,1691726580,1398.48298183171,1467.9031677246094,1492.4190405273437,1514.0387318715195,1421.7676035776992
2024-08-23,1487.1322021484375,1498.3849993365056,1485.5955458508122,1490.8749048344312,9249654,53.005672646587215,-4.576571542285137,-9.734158581179999,1700976234,1399.3650636259065,1468.5289184570313,1493.3753247070313,1515.3462182926996,1421.711618621363
2024-08-26,1499.649169921875,1509.9601498448217,1490.1313888488291,1494.0723308917522,8816114,56.603633348521505,-2.1264283676637206,-8.212612538476744,1709792348,1400.3629154298467,1468.9591674804688,1494.450537109375,1516.7443705422504,1421.173964418687
2024-08-27,1487.6031494140625,1500.516654009415,1486.6117113802566,1497.5671500638725,6251156,52.44239455218718,-1.143503831273847,-6.798790797036165,1703541192,1401.2309774595403,1468.239971923828,1495.2467846679688,1514.4212227844075,1422.0587210632486
2024-08-28,1485.4716796875,1494.5680511870519,1480.2170096090344,1492.1142662167426,9610286,51.71789285743308,-0.5304066503947524,-5.545113967707883,1693930906,1402.0691934021072,1467.7575561523438,1495.757333984375,1512.9975412568601,1422.5175710478275
2024-08-29,1507.90283203125,1523.8401488737275,1481.2083164719252,1490.2303777286736,38335358,58.254126193706924,1.7453643381190886,-4.087018306542489,1732266264,1403.122264433243,1468.7783447265624,1496.6478344726563,1516.6005799456714,1420.9561095074534
2024-08-30,1496.6995849609375,1526.5418444404818,1490.4534771750382,1520.865886117465,41620730,54.30027454884815,2.6147792854696945,-2.7466587881400524,1690645534,1404.0533820504338,1468.7511047363282,1497.756435546875,1516.509028240471,1420.9931812321854
2024-09-02,1503.2679443359375,1513.7276641806195,1493.7253530981907,1497.9389648135596,11240852,56.17821334330135,3.7901184760096385,-1.4393033353101141,1701886386,1405.040591625414,1469.8415222167969,1498.6989965820312,1519.6616438136316,1420.0214006199622
2024-09-03,1496.203857421875,1509.9600595401412,1494.5927706873033,1508.2250430567562,10923800,53.62594343833553,4.1042591309976615,-0.33059084204855904,1690962586,1405.9476887975181,1473.1477478027343,1499.885625,1520.6988614878535,1425.5966341176152
2024-09-04,1501.5823974609375,1504.50709100704,1486.6612078847159,1487.850885016148,11983304,55.29143509536969,4.7326658680101445,0.6820604999631816,1702945890,1406.8992779384478,1476.2918518066406,1501.4312963867187,1522.6162257417038,1429.9674778715773
2024-09-05,1480.192138671875,1512.7113538076746,1474.3179410781217,1506.0439573959175,16264168,47.92046404655165,3.4647283840004093,1.2385940767706272,1686681722,1407.6285601348004,1477.9329223632812,1502.2986791992187,1522.3280947577455,1433.537749968817
2024-09-06,1452.2830810546875,1484.182646260627,1449.110527949692,1479.721175380084,19394228,40.36024389977651,0.20548241556775793,1.0319717445300534,1667287494,1408.072883726043,1478.9541870117187,1501.4246508789063,1519.8657828997036,1438.0425911237337
2024-09-09,1449.928466796875,1457.3395627288749,1443.1371406451965,1453.943839140462,9010298,39.78988866551021,-2.53823202944659,0.3179309897347248,1658277196,1408.4893571894345,1478.6139587402345,1500.1769653320312,1520.3636677188106,1436.8642497616584
2024-09-10,1449.011474609375,1459.446383962114,1445.0952218200862,1447.995226435091,10768260,39.55545038207646,-4.732090506686063,-0.6920733095494329,1647508936,1408.8925623378918,1478.903497314453,1498.22224609375,1519.7376469221829,1438.0693477067232
2024-09-11,1439.072265625,1456.1745712275017,1435.1561339115874,1450.5234230036904,9760202,37.01010349042239,-7.189869910608422,-1.9916326297612308,1637748734,1409.1928578929876,1478.5478515625,1496.1724926757813,1520.62075963023,1436.47494349477
2024-09-12,1467.1298828125,1473.2767495080643,1433.4953029575859,1444.5250498204912,22349376,47.31634248029771,-6.795330238774113,-2.9523721515638073,1660098110,1409.769345703132,1479.6827880859375,1494.58458984375,1519.1576083969335,1440.2079677749416
2024-09-13,1460.016357421875,1470.451266381587,1456.918113729867,1463.7590600068495,8711328,45.292956358311365,-6.976239014352586,-3.7571455241215634,1651386782,1410.2693159689904,1479.6542846679688,1493.106376953125,1519.1850028142987,1440.1235665216388
2024-09-16,1458.7523193359375,1468.2206009201684,1452.2088525514882,1464.8993077290233,5481774,44.92531976399875,-7.139310306753714,-4.433578480647993,1645905008,1410.7517339129404,1478.8090881347657,1491.5712646484376,1519.3553804825578,1438.2627957869736
2024-09-17,1459.6942138671875,1464.8248328952707,1454.0677548146177,1461.3796100548857,5935328,45.281727598164615,-7.1105761680310025,-4.968978018124595,1651840336,1411.2387237632313,1477.63671875,1489.3712353515625,1518.9625650497194,1436.3108724502806
2024-09-18,1450.9197998046875,1469.3110219373734,1448.0447266088618,1457.413766699014,8574714,42.521145031219575,-7.706984717686737,-5.516579358037024,1643265622,1411.6335603407583,1475.8905395507813,1486.7531420898438,1518.6095972016503,1433.1714818999124
2024-09-19,1457.0916748046875,1463.8581906691413,1443.0876132109174,1453.6959512825117,16955902,45.058392319037715,-7.594084182884899,-5.9320803230066,1660221524,1412.0858798876632,1474.480224609375,1484.4684545898438,1517.7230440547958,1431.2374051639542
2024-09-20,1473.2025146484375,1482.1997658201985,1458.7770437683578,1461.3795684407844,30897320,51.123525023726,-6.133891876824919,-5.972442633770264,1691118844,1412.694005606676,1473.783740234375,1482.6255444335939,1516.6359638997792,1430.931516568971
2024-09-23,1480.5887451171875,1488.6441789861601,1476.2015834923338,1478.2340798324108,8832314,53.64979610543799,-4.3307496979111875,-5.644104046598449,1699951158,1413.3695751540442,1472.8307189941406,1481.001005859375,1514.1603403671907,1431.5010976210906
2024-09-24,1476.6229248046875,1487.6526722077606,1475.1357678514642,1475.7554165819738,17137444,52.092921446469965,-3.1850399279881003,-5.1522912228763795,1682813714,1413.9989617177323,1472.2817077636719,1478.979482421875,1513.10036984849,1431.4630456788539
2024-09-25,1481.15869140625,1483.6869066134093,1467.5264194610884,1471.1948125268714,7069002,53.746160707856845,-1.8892797818782583,-4.4996889346767555,1689882716,1414.6672177345336,1472.0660583496094,1477.0387915039062,1512.6485946375653,1431.4835220616535
2024-09-26,1485.12451171875,1491.122760061236,1475.309372285805,1477.8870868947113,18818998,55.20183192529659,-0.5361910979531785,-3.70698936733204,1708701714,1415.3682853363664,1470.9271423339844,1475.5919213867187,1508.5968052485584,1433.2574794194104
2024-09-27,1513.10791015625,1520.345334807694,1479.2254687210307,1486.1655345930462,20597478,63.84761874374083,2.762325451109973,-2.4131264036436377,1729299192,1416.340818916664,1471.74755859375,1474.4986987304687,1512.2359624615706,1431.2591547259294
2024-09-30,1463.9324951171875,1511.9181178232873,1461.7761901136828,1506.3908994638518,27008814,46.76664156462406,1.3923286650535829,-1.6520353899041937,1702290378,1416.8143679335847,1469.7807861328124,1473.0449560546874,1507.6931346761642,1431.8684375894607
2024-10-01,1452.2830810546875,1475.2100841908111,1450.3002051077794,1467.9726595996829,16431642,43.778703215863715,-0.626195621486886,-1.4468674362207323,1685858736,1417.1672904522027,1467.5847473144531,1472.43474609375,1504.1860317650894,1430.9834628638168
2024-10-03,1394.928466796875,1436.9902726871705,1390.070396353704,1424.2750076222521,37757294,32.701081515394335,-6.775821249781529,-2.5126581989328916,1648101442,1416.9460086247866,1462.25205078125,1470.9298999023438,1507.534744945893,1416.9693566166072
2024-10-04,1374.653564453125,1405.2145916660443,1369.9442340651563,1391.9046094477658,37072876,29.827789308924707,-13.134057797949254,-4.636938118736165,1611028566,1416.5251882847701,1456.9751220703124,1468.8654150390626,1515.3657728203962,1398.5844713202287
2024-10-07,1358.98876953125,1384.5431070803497,1349.7188488374588,1381.568793209071,22181340,27.79568635536515,-19.215519556829122,-7.5526544063547565,1588847226,1415.9526866056308,1452.3104064941406,1466.5528466796875,1524.6864509867437,1379.9343620015375
2024-10-08,1385.3857421875,1389.004514771482,1353.4118695241307,1361.2194430814652,17020808,35.7403756140324,-21.655475884719863,-10.373218702027778,1605868034,1415.648537904953,1449.083270263672,1464.439677734375,1527.1299331940124,1371.0366073333314
2024-10-09,1362.8306884765625,1388.979866453412,1360.7486928237201,1385.5594536683957,14310610,32.454417546799235,-25.119600074285017,-13.322494976479227,1591557424,1415.122987164372,1444.7742309570312,1461.6565502929689,1531.405119545586,1358.1433423684764
2024-10-10,1359.31103515625,1374.132983939481,1357.699948504806,1368.209166456891,22358646,31.960608939136662,-27.82816430449043,-16.223628842081467,1569198778,1414.567644358321,1440.7861694335938,1458.94037109375,1535.1025593366783,1346.4697795305094
2024-10-11,1360.35205078125,1371.4314188021033,1357.1050671377104,1358.2700551936466,7980122,32.28877040280911,-29.550084727819467,-18.88892001922907,1577178900,1414.0281857157631,1435.4472778320312,1456.3976708984376,1535.1302633008436,1335.7642923632188
2024-10-14,1360.7734375,1368.2587216327886,1356.5350159311083,1367.6390728953818,12221432,32.430834389089256,-30.52879968331581,-21.216895952046418,1589400332,1413.4982877235666,1430.4851318359374,1453.668251953125,1534.5654593336806,1326.4048043381943
2024-10-15,1332.5174560546875,1359.9554295521655,1329.2208521541709,1346.8933067731043,33762794,28.163777460559118,-33.20173100666898,-23.61386296297093,1555637538,1412.6925083039757,1424.173388671875,1450.6894091796876,1535.6771486386358,1312.6696287051143
2024-10-16,1342.4814453125,1352.3215164873245,1326.1723376036346,1328.5270030007441,20034438,31.582359034906972,-34.12269251856833,-25.71562887409041,1575671976,1411.993890761772,1418.3127502441407,1448.937451171875,1533.9763533051616,1302.6491471831198
2024-10-17,1344.811279296875,1356.7332239102464,1340.4737382347967,1354.0067695283685,15543660,32.39252424522569,-34.26952526539321,-27.426408152350973,1591215636,1411.3254070656042,1413.00732421875,1447.0596704101563,1531.890999304471,1294.123649133029
2024-10-18,1347.66162109375,1356.70849216764,1329.840427555484,1340.5976258716714,12082452,33.431089036326384,-33.76665157309344,-28.69445683649947,1603298088,1410.6919365584217,1407.535821533203,1445.06548828125,1527.8641433257,1287.207499740706
2024-10-21,1357.4769287109375,1362.2358797577067,1346.1002013000875,1355.4197431686716,14067408,37.01898769939226,-32.204869564671526,-29.39653938213388,1617365496,1410.1624339927753,1401.7495422363281,1443.57787109375,1520.0023922915086,1283.4966921811476
2024-10-22,1331.84814453125,1364.2186177698431,1328.749900940748,1357.4767913068545,15831960,32.14688548129723,-32.65870553748209,-30.048972613203524,1601533536,1409.3831873314666,1394.3125122070312,1441.0801733398437,1510.4874491839587,1278.1375752301037
2024-10-23,1327.064453125,1345.8521531156357,1323.5696102860716,1326.048205061888,17214742,31.318351022582732,-33.02370106383,-30.64391830332882,1584318794,1408.5640954488151,1386.8345886230468,1438.7570483398438,1500.0706169123773,1273.5985603337163
2024-10-24,1328.3287353515625,1332.1952468902052,1311.7964576126847,1323.8424540123256,22155934,31.818505029026127,-32.83247332350652,-31.08162930736436,1606474728,1407.7657336568027,1379.1930908203126,1436.3999194335938,1486.4032015762427,1271.9829800643824
2024-10-25,1316.4808349609375,1332.8395608533488,1310.6809472586556,1331.996862815434,18597496,29.640164867837157,-33.25362343477309,-31.516028132846106,1587877232,1406.8574262070927,1370.7609069824218,1433.8409130859375,1469.5124799900284,1272.0093339748153
2024-10-28,1322.9251708984375,1341.4155124030337,1310.7800563182918,1325.552505604476,10824350,32.352955130608734,-32.690547596052966,-31.75093202548748,1598701582,1406.0222793881012,1361.2517700195312,1431.0876879882812,1437.3786121659502,1285.1249278731123
2024-10-29,1328.52685546875,1331.6994085045892,1308.995576227512,1316.728719636798,12008361,34.709452069145726,-31.42999143080806,-31.686743906551595,1610709943,1405.251180642635,1354.4814880371093,1428.1451000976563,1415.4525218798672,1293.5104541943515
2024-10-30,1332.3935546875,1338.4413022928309,1314.0023313459362,1323.569732267355,11984423,36.35750690713294,-29.775745022572664,-31.30454412975581,1622694366,1404.526229140594,1348.48701171875,1425.1301391601562,1390.4188256922153,1306.5551977452847
2024-10-31,1320.64501953125,1331.5012170832633,1314.7955112005386,1328.5269031210519,9331650,33.58369011713113,-29.07756337590604,-30.859147978985856,1613362716,1403.6915902390085,1344.7728393554687,1421.826171875,1382.5454521002555,1307.000226610682
2024-11-01,1327.1884765625,1330.4601492824747,1321.5868277686543,1321.6364480777281,2127335,36.489949375203224,-27.67720154339304,-30.222758691867295,1615490051,1402.9303652273022,1342.3995849609375,1418.6639819335937,1378.281493276655,1306.51767664522
2024-11-04,1291.0009765625,1328.52687951389,1274.0969107675833,1326.3952636738204,19796890,28.9462009931961,-29.151394392069506,-30.00848583190774,1595693161,1401.816639966956,1339.0001953125,1414.741357421875,1380.408058389064,1297.5923322359358
2024-11-05,1294.1240234375,1298.337634786513,1275.1379622128013,1281.9292880644173,16267479,30.28569398876907,-29.72504722203439,-29.951798109933073,1611960640,1400.74507164328,1334.437109375,1410.6308544921876,1374.4842625837825,1294.3899561662176
2024-11-06,1314.0023193359375,1316.9271340293028,1289.0676296160968,1298.7837703539942,21625209,38.26345133155137,-28.25001033940225,-29.61144055582691,1633585849,1399.8819596800229,1331.9956909179687,1407.158837890625,1370.7540377060745,1293.2373441298628
2024-11-07,1294.4710693359375,1312.6639327180499,1291.4471349781516,1312.6639327180499,9611974,34.13069655105352,-28.330465655409398,-29.35524557574341,1623973875,1398.8330950994848,1328.7536926269531,1403.3388256835938,1368.6605977045836,1288.8467875493227
2024-11-08,1272.7584228515625,1290.505185727704,1264.0833410989228,1286.5394340693545,19814406,30.22268413776007,-29.802709105103986,-29.44473828161553,1604159469,1397.5786207487595,1324.3740112304688,1398.6359375,1368.456178102917,1280.2918443580206
2024-11-11,1261.802978515625,1274.9891511168566,1256.151830843746,1267.9994654475693,9056552,28.452443634991056,-31.49048276223175,-29.853887177738773,1595102917,1396.2276193335044,1319.42548828125,1393.9380053710938,1368.0395716224455,1270.8114049400544
2024-11-12,1263.33984375,1278.2610337323058,1256.6476373969983,1264.6287615317467,10671091,29.080008167531275,-32.33134771408004,-30.34937928500703,1605774008,1394.905352909788,1315.9666076660155,1389.139443359375,1369.9139306684024,1262.0192846636287
2024-11-13,1241.3299560546875,1264.5295076822267,1238.8017408266169,1259.374078659472,14633633,25.61485658381109,-34.37747115103343,-31.154997658212313,1591140375,1393.3772395082449,1310.909033203125,1384.0419653320312,1372.4030658485722,1249.415000557678
2024-11-14,1256.746826171875,1261.7040163358736,1240.38809863068,1242.866693712679,12612633,31.74959457857159,-34.35895746806159,-31.79578962018217,1603753008,1392.017732907883,1306.505810546875,1379.14525390625,1370.230209704624,1242.7814113891259
2024-11-18,1249.9554443359375,1262.0014401044657,1233.24973843027,1256.7467703539512,13620611,30.55415743609369,-34.49466002850795,-32.33556370184733,1590132397,1390.6041777977146,1301.6205017089844,1374.5405200195312,1366.9363704823074,1236.3046329356614
2024-11-19,1231.0189208984375,1270.5276979121372,1224.5745744010292,1249.9553610165642,14183746,27.45055248906334,-35.71848401784905,-33.01214776504767,1575948651,1389.0162647937418,1295.2976013183593,1370.1152368164062,1362.2242401949645,1228.370962441754
2024-11-21,1212.5286865234375,1233.299264427905,1206.8279179645579,1231.0190296194417,19433843,24.80144291954022,-37.74527667738607,-33.95877354751536,1556514808,1387.2601694875696,1289.3316284179687,1365.3672412109374,1363.086315524355,1215.5769413115822
2024-11-22,1254.5655517578125,1257.9859641270039,1211.983221035894,1218.8737871048172,20471957,39.173374605794095,-35.54970587425373,-34.27696001286303,1576986765,1385.9398250325473,1285.7066833496094,1361.4783227539062,1358.8105530718074,1212.6028136274115
2024-11-25,1275.9805908203125,1293.2811339485756,1271.4694999174592,1278.9549045518283,28923341,44.9459322889481,-31.716082261409156,-33.76478446257226,1605910106,1384.8457032990925,1283.0892761230468,1358.2164892578126,1353.604267421406,1212.5742848246878
2024-11-26,1284.606201171875,1286.737817131633,1273.2046638791435,1283.8626226527838,9247557,47.12263930163898,-27.663011285848825,-32.544429827227574,1615157663,1383.8482953177272,1281.4955444335938,1354.566015625,1350.3407697365271,1212.6503191306604
2024-11-27,1282.1275634765625,1292.6864023015983,1274.9892583407009,1282.4250432843673,9572746,46.55304380937736,-24.37000641988425,-30.90954514575891,1605584917,1382.8361487322431,1279.4556640625,1351.0082397460938,1345.6358552008535,1213.2754729241467
2024-11-28,1259.91943359375,1285.4984608667178,1258.184417128475,1278.905374093644,15027412,41.69055880587794,-23.283884690251398,-29.384413054657408,1590557505,1381.613096840318,1276.02529296875,1347.03158203125,1338.694938019009,1213.3556479184908
2024-11-29,1281.1361083984375,1288.3736540571424,1264.3312830599236,1269.0406134614407,13202307,47.34864736046093,-20.475092926885736,-27.602549029103074,1603759812,1380.6133258110456,1273.462420654297,1343.460419921875,1330.6547195568346,1216.2701217517592
2024-12-02,1297.941162109375,1300.1222774340952,1266.1160245478172,1276.9722229086012,11024152,51.37350989731815,-16.700564121930483,-25.422152047668558,1614783964,1379.7907172169992,1272.3272277832032,1340.4008471679688,1326.552744208841,1218.1017113575654
2024-12-03,1311.9698486328125,1315.4398813546288,1295.8093621182986,1305.7237413234882,16869482,54.500388342064724,-12.433894889717749,-22.8245006160784,1631653446,1379.1158827037236,1271.5662963867187,1337.4984106445313,1323.0487858302845,1220.083806943153
2024-12-04,1297.74267578125,1317.0262168141671,1292.884726573221,1314.6467414933138,19608540,50.92398310974792,-10.084297229963795,-20.276459938855478,1612044906,1378.3061990527538,1271.9033813476562,1333.9892138671876,1323.9753644398875,1219.831398255425
2024-12-05,1310.7305908203125,1318.5628538088617,1294.966703202915,1303.0964459866593,16858723,53.898186399158746,-7.0924506019127875,-17.63965807146694,1628903629,1377.6338049409883,1272.733709716797,1330.59205078125,1326.6919592664715,1218.7754601671224
2024-12-06,1300.3204345703125,1312.5646685095264,1298.783657405313,1312.5646685095264,9037514,51.21881239714343,-5.498025387890721,-15.211331534751697,1619866115,1376.8645176736186,1272.0496154785155,1327.0660009765625,1324.214801229233,1219.884429727798
2024-12-09,1284.0609130859375,1303.7409326166044,1282.0284168341586,1291.8436769577456,14650002,47.26652886675529,-5.483232129072576,-13.265711653615874,1605216113,1375.9410987224976,1271.5291076660155,1323.1240454101562,1322.9920343832366,1220.0661809487945
2024-12-10,1273.8489990234375,1283.812998621138,1269.238788448007,1278.2113501165884,16043729,44.92196838432295,-6.223780616419617,-11.857325446176624,1589172384,1374.9252569344474,1271.5836364746094,1318.89853515625,1323.0539684023827,1220.1133045468362
2024-12-11,1267.2559814453125,1278.9549980546296,1265.1244866020038,1273.9978081396894,11724373,43.424344466392846,-7.2589948720954,-10.937659331360381,1577448011,1373.8539208599286,1271.8562866210937,1313.9814965820312,1323.1740338625114,1220.538539379676
2024-12-12,1252.0870361328125,1267.25596445406,1249.8066803924569,1259.1262215126183,20906813,40.11102307682381,-9.197394899367282,-10.589606444961762,1556541198,1372.642310066624,1271.2936462402345,1309.7445874023438,1323.2157380536398,1219.371554426829
2024-12-13,1261.951904296875,1264.2817595214547,1228.986588963027,1249.2119494931856,28630222,43.14902997576365,-9.824329712212375,-10.436551098411885,1585171420,1371.5409129942884,1272.3247436523438,1305.9379638671876,1322.619276689115,1222.0302106155727
2024-12-16,1257.44091796875,1270.0321327010022,1255.7059013940218,1264.0835044447913,9486781,42.097402156015804,-10.563410543753662,-10.461922987480241,1575684639,1370.405589660701,1272.3594482421875,1303.188212890625,1322.6118769053166,1222.1070195790583
2024-12-17,1234.6376953125,1253.078416496042,1232.1591005022085,1250.2528426173371,17462791,37.16624227730675,-12.841142227154933,-10.937766835415179,1558221848,1369.0546653388285,1271.5935607910155,1300.3878955078126,1323.6239221466976,1219.5631994353334
2024-12-18,1242.5196533203125,1249.162239402372,1230.027558928225,1230.027558928225,12670179,39.791512873334995,-13.85059185623777,-11.520331839579697,1570892027,1367.7956104928733,1272.1685974121094,1298.0585131835937,1322.6228734745107,1221.7143213497081
2024-12-19,1219.914794921875,1234.2411461229626,1218.4772582835096,1228.3916379278016,14244653,35.24358584514448,-16.286866260024,-12.473638723668559,1556647374,1366.3241595916693,1272.5379028320312,1294.7490942382813,1321.3210618911185,1223.754743772944
2024-12-20,1194.980224609375,1228.8873545167635,1191.2127119418244,1213.5200660980383,20312896,31.03053175031667,-19.999105475839087,-13.978732074102666,1536334478,1364.6192448157262,1269.5586364746093,1291.3920849609376,1328.5732965626005,1210.5439763866182
2024-12-23,1211.834716796875,1216.6926661807136,1202.8125341694108,1204.5971709809228,10052824,36.55175171288723,-21.33512707468776,-15.450011074219685,1546387302,1363.0990007558373,1266.3513427734374,1288.44255859375,1330.3805943294835,1202.3220912173913
2024-12-24,1212.28076171875,1222.9883400626134,1210.5457452942906,1211.834663048231,6734917,36.69618114132804,-22.103150361217786,-16.780638931619304,1553122219,1361.5983217604435,1262.7350708007812,1285.4811328125,1330.303650325553,1195.1664912760093
2024-12-26,1206.1339111328125,1217.1883476811242,1203.8535553911518,1213.767935093776,10016178,35.49699557311392,-22.943337309244043,-18.013178607144255,1543106041,1360.0514122019595,1258.9353881835937,1282.3883422851563,1330.1623991256913,1187.708377241496
2024-12-27,1210.595458984375,1217.3867853075249,1206.5800865394056,1207.86900439277,7000397,37.10359976021441,-22.98423395205441,-19.007389676126287,1550106438,1358.5642882893467,1256.469189453125,1279.94990234375,1330.739739639294,1182.198639266956
2024-12-30,1200.333984375,1212.7269598518426,1197.756269680847,1205.9852538075309,8818766,34.94756959816729,-23.57292606039391,-19.92049695297981,1541287672,1356.989857404627,1252.4290832519532,1277.106953125,1329.6260110682267,1175.2321554356797
2024-12-31,1205.043212890625,1208.6619856280877,1195.8229125326573,1197.6570485426987,6405475,36.76363041518304,-23.389849784366334,-20.614367519257115,1547693147,1355.47795049404,1247.7841857910157,1274.311591796875,1324.6469183222994,1170.921453259732
2025-01-01,1210.7935791015625,1215.800389087432,1201.2261788160188,1204.4483521073844,5892590,39.00290044648765,-22.521144288778487,-20.99572287316139,1553585737,1354.0383050075477,1242.7253723144531,1271.5742309570312,1315.2182299679876,1170.2325146609187
2025-01-02,1231.167724609375,1233.7949384205442,1209.554328364606,1210.7936258321927,15486276,46.26357384457336,-19.95859539230969,-20.78829737699105,1569072013,1352.815712167765,1239.3966247558594,1269.048046875,1307.4570925582748,1171.336156953444
2025-01-03,1240.437744140625,1251.244443122699,1224.921714407087,1233.2498182568117,15521102,49.22501720611375,-16.98396326987927,-20.027430555568696,1584593115,1351.6975234311767,1235.881982421875,1267.2198388671875,1295.5923356075496,1176.1716292362003
2025-01-06,1207.5714111328125,1251.1946805005002,1204.5970973122883,1243.213556672038,14816766,40.66766878826263,-17.081677336747816,-19.43827991180452,1569776349,1350.2634327615413,1231.24453125,1264.8299780273437,1284.2458268035728,1178.243235696427
2025-01-07,1230.2257080078125,1233.8444805890147,1210.7935491517349,1211.5371275851955,10070505,47.449046827841364,-15.156390574758461,-18.58190204439531,1579846854,1349.0690275401112,1228.5527709960938,1262.8679174804688,1275.6956241067296,1181.409917885458
2025-01-08,1254.664794921875,1260.167324257905,1234.6872949225542,1238.3060678446636,19346579,53.60902427206476,-11.525695829915776,-17.170660801499405,1599193433,1348.12968194192,1227.5935607910155,1261.6315966796874,1271.6932905695521,1183.493831012479
2025-01-09,1244.0067138671875,1258.8782824728921,1237.364128300027,1256.1518282285128,12794704,50.81171122064013,-9.400004751226106,-15.616529591444747,1586398729,1347.0936325083405,1226.4310974121095,1260.0532275390624,1267.4022784844124,1185.4599163398066
2025-01-10,1231.266845703125,1245.9896754309787,1225.4173374439545,1243.114481097643,8120332,47.61352255336843,-8.643740486123761,-14.22197177038055,1578278397,1345.9411271669953,1225.390087890625,1258.10802734375,1264.7262586389688,1186.053917142281
2025-01-13,1229.234375,1234.5881643828388,1215.899582365329,1219.4687349455062,13764861,47.10414079407649,-8.11485599848811,-13.000548616002062,1564513536,1344.7798659514035,1223.7542114257812,1256.04484375,1259.4225781784226,1188.08584467314
2025-01-14,1228.143798828125,1242.6187691440975,1216.742262047884,1233.4479678208604,13095266,46.814731809330155,-7.6950083481140155,-11.939440562424455,1551418270,1343.6193080695798,1222.28935546875,1254.1948193359376,1254.5468201997494,1190.0318907377507
2025-01-15,1241.478515625,1246.2374660533972,1231.2171573529768,1234.2905907014622,9578856,50.795528267277994,-6.214637386410914,-10.794479927221747,1560997126,1342.6029817765989,1222.631396484375,1252.4806201171875,1255.5437731346153,1189.7190198341348
2025-01-16,1255.6065673828125,1264.0834104275011,1240.586378973141,1248.1212833322295,14117603,54.66700123547886,-3.856956437029794,-9.406975229183356,1575114729,1341.7373458124816,1223.2857421875,1251.7727319335938,1258.2124610533238,1188.3590233216764
2025-01-17,1291.19921875,1314.6467509950228,1273.997794139219,1310.9288585996749,29366277,62.641809297097836,0.8734832356456081,-7.350883536217563,1604481006,1341.2344788765365,1226.8499633789063,1251.7142358398437,1272.5581289797565,1181.1417977780561
2025-01-20,1294.272705078125,1304.7324245206253,1289.1172758229052,1304.7324245206253,14040244,63.24312153319231,4.81489233601792,-4.917728361770467,1618521250,1340.7671975452092,1231.8145874023437,1251.3196435546874,1283.744112776823,1179.8850620278645
2025-01-21,1262.7945556640625,1301.7581181984158,1259.324522599558,1299.2795231523412,14562976,53.70819494718648,5.336942904863008,-2.8667941084437727,1603958274,1339.9913503623122,1234.3625793457031,1250.68611328125,1287.115012414351,1181.6101462770553
2025-01-22,1266.1654052734375,1271.9157939003728,1257.83730213362,1267.3552034506358,10273590,54.499305091131916,5.954036705077897,-1.1026279457394386,1614231864,1339.256763844015,1237.0568115234375,1250.5542529296874,1290.5221859260168,1183.5914371208582
2025-01-23,1252.83056640625,1266.4132176584087,1250.7980702365203,1259.126173066555,8720682,50.80071865583145,5.305914653675018,0.1790805741434527,1605511182,1338.3968016804552,1239.3916442871093,1250.3748046875,1291.3075146812157,1187.475773893003
2025-01-24,1235.6292724609375,1262.1006196074513,1232.8531975505623,1255.1605533566642,14235970,46.42402980451785,3.3654774650162835,0.8163599523180189,1591275212,1337.3742392006588,1240.6433349609374,1249.8205932617188,1290.9024407166078,1190.384229205267
2025-01-27,1218.82421875,1229.8291557820492,1209.5542981292017,1228.4907387555406,9536019,42.56570228447505,0.46626481359862737,0.7463409245741407,1581739193,1336.19463700712,1241.5678466796876,1249.370478515625,1289.451088437118,1193.6846049222572
2025-01-28,1223.8311767578125,1234.0925365684338,1208.0672872533735,1227.400329601704,10568025,44.05752313494462,-1.4110961954481809,0.3148535005696764,1592307218,1335.0765926265299,1242.5072448730468,1248.7121655273438,1288.1732396901562,1196.8412500559375
2025-01-29,1224.921630859375,1232.1095562529247,1217.53546627882,1225.4173498520336,5928156,44.39626389363456,-2.7788944229762365,-0.30389608413950614,1598235374,1333.980523355215,1243.2136474609374,1248.2114892578124,1287.3054438508107,1199.1218510710642
2025-01-30,1242.3214111328125,1246.237542749693,1221.8481926097397,1224.971246456504,9269259,49.63662973309773,-2.430846238423783,-0.7292861149963614,1607504633,1333.068492387828,1243.7713317871094,1248.4375390625,1287.5203983750869,1200.0222651991319
2025-01-31,1254.2681884765625,1256.1519448799122,1238.306060895825,1245.09738698474,6584612,52.9176396947237,-1.1774376876242059,-0.8189164295219303,1614089245,1332.2844097618454,1244.4628540039062,1249.2723291015625,1288.4160365299351,1200.5096714778772
2025-02-01,1253.7724609375,1259.6715896071485,1230.374548522757,1254.2681799336815,7118453,52.76403385956751,-0.22154956475651488,-0.6994430565688472,1606970792,1331.5031963407077,1246.7729064941407,1249.2564672851563,1287.4628921044264,1206.082920883855
2025-02-03,1235.232666015625,1245.2461659154887,1226.9541826685895,1240.2889757645512,9252345,47.24105477984779,-0.9490675868785274,-0.7493679626307833,1597718447,1330.54528061608,1247.0232543945312,1248.4415087890625,1287.3630326189036,1206.6834761701589
2025-02-04,1274.196044921875,1277.7653184740125,1235.9265630557768,1237.3642207434832,16691069,57.345954445174485,1.5999450160816195,-0.27950536688830274,1614409516,1329.9845917036998,1247.9998168945312,1248.2333056640625,1289.945931024547,1206.0537027645155
2025-02-05,1267.2559814453125,1279.4507170461238,1265.7688244708304,1271.6679530846961,10112028,55.313781048265625,3.0251783733635875,0.38143138116207537,1604297488,1329.360426427497,1249.1622802734375,1247.9358740234375,1291.882792986455,1206.4417675604202
2025-02-06,1270.577392578125,1276.9721191435924,1259.4732145791813,1262.7945076095025,9956001,56.115302160934505,4.372295101220743,1.179604125173809,1614253489,1328.7755206180505,1251.1278076171875,1248.149033203125,1293.9910915186733,1208.2645237157017
2025-02-07,1255.8544921875,1272.7089385364054,1251.1947819010975,1265.2236540965398,8764283,51.68943323667055,4.203425325773878,1.784368365293823,1605489206,1328.049938245607,1252.4588134765625,1247.6434008789063,1294.1574781012407,1210.7601488518842
2025-02-10,1242.916259765625,1255.6562137259161,1234.8856362555493,1253.673337746878,6970972,48.09921007652072,2.9911079543683172,2.025716283108722,1598518234,1327.2028369671993,1253.1974365234375,1246.5429028320314,1293.6519103706448,1212.7429626762303
2025-02-11,1224.2772216796875,1253.7230036544372,1219.567891058193,1253.7230036544372,8859714,43.42029002473111,0.520325118583969,1.7246380502037713,1589658520,1326.1787014917018,1252.3373718261719,1244.7890502929688,1294.4493030694362,1210.2254405829076
2025-02-12,1206.1339111328125,1216.3952699200001,1183.1324776076385,1209.0089844264594,21131654,39.40231577297394,-2.868732646736362,0.8059639108157447,1568526866,1324.9842259657426,1249.8637390136719,1242.956875,1296.4872710974184,1203.2402069299253
2025-02-13,1205.687744140625,1217.4858807075602,1201.622872489872,1206.629682868639,8511216,39.30599082908106,-5.526876893623694,-0.4606042500721431,1560015650,1323.7971962958409,1245.5881652832031,1240.8560180664062,1291.9477484204967,1199.2285821459095
2025-02-14,1206.827880859375,1213.5200872227356,1195.1288642881832,1208.56289732395,10298145,39.71158811453304,-7.455533110702163,-1.8595900221981472,1570313795,1322.6333225104036,1241.2159240722656,1238.9861669921875,1284.7955067062433,1197.636341438288
2025-02-17,1214.412353515625,1216.9900679473901,1194.1869953911457,1200.7304615718228,8166683,42.465988135783014,-8.27659605337658,-3.142991228433834,1578480478,1321.5564969482664,1238.7968139648438,1237.5931958007814,1282.6867952629307,1194.9068326667568
2025-02-18,1214.908203125,1219.3696743222742,1205.6877809072391,1214.362863790828,6673250,42.65046094850656,-8.786003848133078,-4.271593752373683,1585153728,1320.4953198952987,1236.233953857422,1236.4143798828125,1279.412451262423,1193.055456452421
2025-02-19,1216.9405517578125,1222.1952216847485,1207.125412159616,1209.0586678925579,6217338,43.450787436113416,-8.922862441998632,-5.201847490298673,1591371066,1319.464924192438,1234.439453125,1235.4080712890625,1277.6928838552356,1191.1860223947644
2025-02-20,1222.4429931640625,1228.738599945727,1211.5371757067999,1213.4704313005311,7795582,45.661766718761896,-8.489461599177957,-5.85937031207453,1599166648,1318.499531843897,1233.7801391601563,1234.8151904296874,1277.3418237766489,1190.2184545436637
2025-02-21,1217.634521484375,1229.3830367840985,1211.6858938870325,1218.1797397323817,6904025,44.04124801518356,-8.436738319573578,-6.37484391357434,1592262623,1317.4958999000212,1233.720654296875,1233.9288427734375,1277.3670343964257,1190.0742741973243
2025-02-24,1204.1510009765625,1212.7764626626977,1200.1356289010387,1206.1338768607443,7172498,39.778136514269896,-9.374894214300639,-6.9748539737196005,1585090125,1316.3680899604844,1232.7366455078125,1232.8630444335938,1278.0846987064251,1187.3885923091998
2025-02-25,1193.6912841796875,1210.5457292220917,1191.2126893205104,1200.6313497853835,11552182,36.80208269643036,-10.837473600355679,-7.747377899046818,1573537943,1315.1474252263474,1231.1751281738282,1232.0441162109375,1279.5423251240811,1182.8079312235752
2025-02-27,1196.7647705078125,1204.597154814102,1190.370043898487,1202.416039651657,11509215,38.26369773658304,-11.614686761541634,-8.520839671545781,1585047158,1313.9694883634766,1228.8972961425782,1231.1290185546875,1279.2023484132444,1178.592243871912
2025-02-28,1189.82470703125,1206.9270123506615,1183.0830013175257,1191.7084634163882,23007298,36.226321152601635,-12.644876646509374,-9.3456470665385,1562039860,1312.7342169074345,1225.6751220703125,1230.527216796875,1277.3052069952332,1174.0450371453917
2025-03-03,1161.2216796875,1196.1202465389174,1146.1022512006402,1193.6912720117396,17944938,29.30151409492771,-15.589627294387128,-10.594443112108227,1544094922,1311.2266294724104,1221.0475830078126,1229.8520458984376,1278.082364983113,1164.0128010325122
2025-03-04,1151.9517822265625,1163.948157257321,1149.6219272411693,1152.2491409974891,11377373,27.468894846938156,-18.458587544800366,-12.167271998646655,1532717549,1309.6418051217056,1216.8835388183593,1228.6543872070313,1280.9008171114567,1152.8662605252619
2025-03-05,1165.5345458984375,1172.8712116641736,1147.0938223968292,1151.0595745918054,8664095,33.984107263582715,-19.412468843580655,-13.616311367633456,1541381644,1308.2079020448573,1211.4504638671874,1227.719462890625,1273.5031660642762,1149.3977616700986
2025-03-06,1199.243408203125,1203.5561393973805,1175.002796955133,1186.75131332057,14468014,46.764548803101704,-17.249560972523795,-14.342961288611523,1555849658,1307.1236782255367,1208.0498352050781,1227.5816528320313,1264.7175688101463,1151.38210160001
2025-03-07,1239.0992431640625,1244.0564330934674,1201.622838887705,1205.5885908312287,16474965,57.29230832913415,-12.17901599435595,-13.91017222976041,1572324623,1306.4468181751738,1206.475927734375,1228.151728515625,1257.5855878168134,1155.3662676519368
2025-03-10,1227.7967529296875,1247.2289120927182,1224.8224391488623,1234.3402190424754,11931051,54.029207267880025,-8.969197742472488,-12.921977332302825,1560393572,1305.6642304612885,1205.0730407714843,1228.7009838867189,1252.058059429896,1158.0880221130726
2025-03-11,1236.62060546875,1238.801720552263,1219.2208210077197,1229.3830600118497,10089838,56.129941914078685,-5.648272724433582,-11.467236410728976,1570483410,1304.9772292175817,1204.7582580566407,1229.3325317382812,1250.7997996098834,1158.716716503398
2025-03-12,1246.287109375,1252.1861167007874,1233.3487958636417,1247.2289270068015,11977555,58.374076795793734,-2.2109234929992,-9.615973827183021,1582460965,1304.3932479256157,1205.8587524414063,1230.04240234375,1254.6820082445201,1157.0354966382924
2025-03-13,1237.215576171875,1253.326444606414,1233.2002036288977,1249.2615727756533,9505270,55.5045814418858,-0.21630297183423863,-7.736039656113265,1572955695,1303.7248133808025,1207.4128356933593,1230.163359375,1258.114754243173,1156.7109171435457
2025-03-17,1228.2427978515625,1246.6340190017775,1222.5420300210542,1231.5145912773855,16640917,52.74285859799007,0.6331217069091508,-6.062207383508782,1556314778,1302.9737485496657,1208.5405883789062,1229.9194604492188,1260.0360203771163,1157.0451563806962
2025-03-18,1228.2427978515625,1228.2427978515625,1228.2427978515625,1228.2427978515625,0,52.74285859799007,1.291410310404217,-4.5914838447261825,1556314778,1302.2301570004308,1209.6113342285157,1230.3328881835937,1261.8056085140718,1157.4170599429597
2025-03-19,1236.471923828125,1242.5196714129374,1228.1934407470596,1230.4241762433128,16162399,55.118156507485224,2.448901057023477,-3.183406864376251,1572477177,1301.575846222597,1210.7143127441407,1230.4578125,1264.1845317380892,1157.2440937501922
2025-03-20,1258.2835693359375,1262.1005814534499,1239.347127629136,1241.1316434245866,15971477,60.7495364817413,5.067819647652641,-1.5331615619704728,1588448654,1301.1450772983517,1212.8830810546874,1230.5301879882813,1270.2354932668638,1155.530668842511
2025-03-21,1265.4217529296875,1270.0319634187874,1259.2252659887295,1264.0833359554676,21780769,62.41172583956259,7.631353762916206,0.29974150300686286,1610229423,1300.7896213344843,1215.3071411132812,1230.9584887695312,1277.0693035807756,1153.5449786457868
2025-03-24,1290.9512939453125,1294.8179260458828,1273.254151243817,1279.9463572168718,20299319,67.6829073104934,11.589398250332806,2.557672852472052,1630528742,1300.6917275296169,1218.7325561523437,1232.152177734375,1288.7458001461687,1148.7193121585187
2025-03-25,1274.4439697265625,1296.50346593687,1271.6183955406093,1296.50346593687,13713899,61.66162606321224,13.241533757208117,4.694445033419266,1616814843,1300.4305558101835,1221.5730285644531,1233.0563696289062,1295.6681861991067,1147.4778709297996
2025-03-26,1262.150146484375,1282.7224842048433,1257.8869148358597,1279.9464094999762,12074747,57.55497552139293,13.404337399887936,6.436423506713,1604740096,1300.049656214902,1224.4729858398437,1233.7364965820314,1300.137035868841,1148.8089358108464
2025-03-27,1267.2559814453125,1273.9978081396894,1260.4151561828103,1267.2064821612498,15028056,58.78274362257964,13.786437203431205,7.9064262460566415,1619768152,1299.723350993314,1228.151220703125,1234.2520458984375,1304.620202199738,1151.6822392065121
2025-03-28,1264.1824951171875,1284.6557128160619,1258.1347478785124,1269.0405652360093,18147129,57.70076097845408,13.683514354352155,9.061843867715744,1601621023,1299.3697106363375,1231.5221069335937,1234.423564453125,1308.1033208912088,1154.9408929759786
2025-04-01,1241.8751220703125,1266.9585500115554,1238.603449529153,1253.7723771839194,12099648,50.44343073912694,11.667433766811882,9.582961847534971,1589521375,1298.797625177969,1234.1246276855468,1233.4370825195313,1308.3627056976134,1159.8865496734802
2025-04-02,1240.437744140625,1244.8000957785905,1233.2498182568117,1236.8685913550723,10142590,50.00698202766451,9.84025861389955,9.634421200807887,1579378785,1298.216929844264,1238.085430908203,1232.3603833007812,1304.3692411544853,1171.8016206619209
2025-04-03,1238.0086669921875,1241.08222182284,1222.4927580494818,1222.4927580494818,7434366,49.23175494500751,8.102798894062971,9.328096739458905,1571944419,1297.6178426517063,1242.3882751464844,1231.8646655273437,1295.6394321114444,1189.1371181815243
2025-04-04,1194.38525390625,1234.7863505024063,1182.9342181609516,1230.473619610667,17908652,37.87581082836388,3.1692713016484504,8.096331651896815,1554035767,1296.5906527139407,1243.830810546875,1230.4290625,1289.7320191840442,1197.9296019097058
2025-04-07,1155.7191162109375,1161.2216449878495,1105.304523000697,1122.5059464290011,22156106,31.0412196549659,-3.816623366697513,5.71374064817795,1531879661,1295.1889458830651,1241.6545959472655,1228.4868334960938,1298.6028545739873,1184.7063373205438
2025-04-08,1172.0780029296875,1186.3547349162204,1153.3399207865864,1161.9653833278503,19555040,36.28004252869492,-7.941425965567305,2.9827073254288994,1551434701,1293.9639613760664,1238.303533935547,1227.2158081054688,1302.840811440938,1173.7662564301559
2025-04-09,1175.2010498046875,1179.613021672609,1157.9996241138485,1159.4867811653644,10223104,37.25997971694588,-10.833476388150984,0.21947058271292263,1561657805,1292.7822408629186,1235.6737487792968,1226.3433447265625,1305.7572940607092,1165.5902034978844
2025-04-11,1208.5133056640625,1212.1816988912137,1184.917153801556,1184.917153801556,11224242,46.67947076095434,-10.318481506656553,-1.8881198351609727,1572882047,1291.9437439952683,1234.2683837890625,1226.0369873046875,1305.3399093299834,1163.1968582481416
2025-04-15,1229.4822998046875,1240.288998738938,1226.5079856590305,1240.288998738938,13378535,51.60488279315678,-8.12466568222635,-3.1354290045740485,1586260582,1291.3222370878993,1233.4281433105468,1226.1282006835938,1304.3085291271175,1162.5477574939762
2025-04-16,1228.689208984375,1230.2754856402491,1218.477348782242,1223.5336585713449,8248464,51.411446506288925,-6.376541831860322,-3.7836515700313034,1578012118,1290.699022877914,1233.0018249511718,1225.855556640625,1303.888528036486,1162.1151218658576
2025-04-17,1263.5877685546875,1269.238916912585,1217.0893007676923,1229.5813957339365,15398401,58.7403922708899,-2.150331307225315,-3.4569875174701057,1593410519,1290.4292591533049,1234.7690734863281,1226.0419482421876,1306.8454380325645,1162.6927089400917
2025-04-21,1284.4078369140625,1289.7616259352505,1256.1518559398821,1259.126169726638,10429964,62.38559025537504,2.8461676488032026,-2.1963564842154444,1603840483,1290.369344504158,1237.577325439453,1226.6546557617187,1312.7287733447847,1162.4258775341214
2025-04-22,1280.144775390625,1292.7361113748846,1275.2868257139828,1288.8694787336528,13051707,61.19345607166175,6.38829534013189,-0.47942611934597745,1590788776,1290.2676074980534,1239.760968017578,1227.5528979492187,1317.1613563832473,1162.360579651909
2025-04-23,1288.869384765625,1294.8180126953125,1274.3944143417477,1285.8950708007812,10480888,62.761790645557014,9.786645756812277,1.5737882558856735,1601269664,1290.2536948340492,1241.2902587890626,1227.8463647460937,1321.2600978865726,1161.3204196915526
2025-04-24,1290.4556884765625,1293.3308829080645,1279.2525115884996,1281.3345072026398,10468940,63.05415497616823,12.464185031644774,3.7518676110374938,1611738604,1290.2557047210394,1242.5419555664062,1228.3103588867189,1324.7361784739285,1160.3477326588838
2025-04-25,1289.2659912109375,1313.85358083958,1277.071255478384,1292.3394247863746,14431012,62.656836403392255,14.325025592940392,5.866499207418073,1597307592,1290.2458568254165,1242.4576904296875,1228.684130859375,1324.4564475534637,1160.4589333059114
2025-04-28,1357.0804443359375,1362.8307123815491,1308.8964585313056,1328.5269802313521,31104496,73.07258180944277,21.029400919107275,8.899079549755914,1628412088,1290.9108775966656,1246.5895141601563,1230.7086499023437,1341.8709868106375,1151.3080415096751
2025-04-29,1387.7156982421875,1398.8198762816546,1358.2700385179512,1359.2614765022709,32538970,76.28991646058638,28.48630325641352,12.816524291087436,1660951058,1291.8741096428898,1252.8677917480468,1233.604638671875,1366.251147067984,1139.4844364281096
2025-04-30,1392.9703369140625,1400.3070020394923,1357.2785702742715,1389.9960230274132,25480745,76.80190460923194,34.42314887620273,17.137849208110495,1686431803,1292.8800422525533,1259.1535095214845,1236.9785009765626,1387.924953963737,1130.382065079232
2025-05-02,1407.6436767578125,1414.4845019236116,1397.0352178747166,1401.8932881277126,13007841,78.21647873428498,39.85275988920057,21.68083134432851,1699439644,1294.0219689640485,1266.3265686035156,1241.0086962890625,1410.4830169896945,1122.1701202173367
2025-05-05,1419.0452880859375,1427.1750314493302,1414.6829365878357,1418.747808269532,12685649,79.2740502847189,44.56209637411553,26.257084350285915,1712125293,1295.2659820896395,1275.185076904297,1245.2758471679688,1433.3375847649502,1117.0325690436437
2025-05-06,1408.7342529296875,1419.7391903256466,1398.5223933042987,1418.7477523435755,14084117,75.69498593488385,46.921384589158606,30.389944398060457,1698041176,1296.395019610436,1283.59990234375,1249.313974609375,1451.094916151572,1116.104888535928
2025-05-07,1393.9617919921875,1412.2042749259901,1390.6899982666434,1408.7342420156256,13440169,70.76556713961901,47.056683206053776,33.723292159659124,1684601007,1297.3658332659759,1291.39755859375,1252.9049633789064,1464.1158351822116,1118.6792820052885
2025-05-08,1394.9532470703125,1408.6351396947061,1386.030305191398,1392.0780527042998,16106175,70.90252557118902,46.70551833143668,36.31973739401464,1700707182,1298.3368523088052,1301.425958251953,1256.5058642578124,1473.7390643695223,1129.1128521343837
2025-05-09,1365.4083251953125,1382.8577303043132,1362.731491083779,1373.637308764333,13668904,61.6358867329504,43.54127267233298,37.76404444967831,1687038278,1299.004230148472,1311.910418701172,1259.4752197265625,1472.6112674502115,1151.2095699521324
2025-05-12,1424.2005615234375,1426.6791563050656,1388.013077711669,1388.013077711669,10674081,70.0299134399648,45.25594495223231,39.26242455018911,1697712359,1300.249964789019,1324.5165466308595,1263.51037109375,1478.7900027989713,1170.2430904627477
2025-05-13,1403.57861328125,1435.304626683893,1400.3069407641844,1421.226256646525,11407896,64.6838348649535,44.4385561954864,40.29765087924857,1686304463,1301.2781105451606,1335.9354248046875,1267.2292529296874,1477.6036100869742,1194.2672395224008
2025-05-14,1412.204345703125,1417.6572548355593,1403.3805230837922,1407.8419941921477,5570160,65.85790198439126,43.979822220914684,41.03408514758179,1691874623,1302.3818541785733,1346.1199768066406,1271.3903198242188,1478.6759449597166,1213.5640086535645
2025-05-15,1441.7491455078125,1448.8875719918406,1400.6044669576877,1412.7992032271827,20177211,69.58734117080603,45.47607083242565,41.92248228455056,1712051834,1303.7685933957798,1356.7333190917968,1276.3514770507813,1484.1249616636894,1229.3416765199042
2025-05-16,1443.9302978515625,1448.4908883531898,1434.9082364412498,1440.757623701411,9036695,69.84918480244292,46.30409462291232,42.798804752222914,1721088529,1305.1632372212105,1367.4953735351562,1281.2947875976563,1485.8463225306054,1249.144424539707
2025-05-19,1428.4638671875,1442.1456384779733,1425.886031660542,1439.667043567546,6195791,65.54011427617935,45.19135988017274,43.27731577781288,1714892738,1306.3901091611738,1375.7391784667968,1286.0675708007811,1486.7309764439963,1264.7473804895974
2025-05-20,1412.4024658203125,1432.6278240113834,1409.6265122020175,1425.88599760598,11270560,61.31018681989662,42.523306512493946,43.1265139247491,1703622178,1307.4449584811653,1382.1389099121093,1291.0911865234375,1485.849610931203,1278.4282088930156
2025-05-21,1416.9630126953125,1423.9030780659657,1405.9580760983038,1411.708464386899,6136364,62.058964815403854,40.31215953340097,42.56364304647948,1709758542,1308.534690363893,1388.9798217773437,1296.3914111328124,1482.4180373898753,1295.541606164812
2025-05-22,1397.332763671875,1411.6094953044076,1384.9397884743898,1409.031659643212,12134466,56.94988313239611,36.55443580109204,41.36180159740199,1697624076,1309.4182532823806,1394.4029907226563,1301.0273754882812,1475.7822970550378,1313.0236843902749
2025-05-23,1414.5838623046875,1421.5239286750705,1394.5567410207764,1394.5567410207764,6474883,60.06163017855873,34.56993150516473,40.00342757895454,1704098959,1310.464677252752,1400.6093994140624,1305.3341845703126,1466.8586156394224,1334.3601831887024
2025-05-26,1422.5152587890625,1428.6621258406371,1412.898237790455,1419.7391840414937,4842944,61.44159065029703,33.25386510676526,38.65351508451669,1708941903,1311.5796084123174,1407.2718627929687,1309.0025048828124,1450.025896547778,1364.5178290381593
2025-05-27,1409.9239501953125,1424.696400543767,1401.794207036506,1413.8897021801247,12640414,58.014550930147095,30.839362654879324,37.09068459858922,1696301489,1312.5581590768247,1409.9140380859376,1312.645048828125,1445.9356157493946,1373.8924604224806
2025-05-28,1400.8028564453125,1410.4197571984832,1398.621620102477,1407.9411620533203,5944611,55.59543567359525,27.86860410818963,35.2462685005093,1690356878,1313.4362157670585,1410.5683959960938,1315.9286938476562,1445.4093315185523,1375.7274604736353
2025-05-29,1405.660888671875,1407.842003929875,1396.5395861721686,1400.0096192804465,13771917,56.63267836110955,25.611031132609014,33.31922102692925,1704128795,1314.3538742039225,1411.2029235839843,1319.1161694335938,1445.1905489199423,1377.2152982480263
2025-05-30,1408.7342529296875,1418.3511529457182,1397.6300749154059,1405.8590585766528,13788484,57.31203303618543,23.795582432904666,31.41449330812433,1717917279,1315.2929824499502,1411.2574523925782,1322.54654296875,1445.225555103497,1377.2893496816594
2025-06-02,1401.5958251953125,1405.3633379328091,1383.650821945961,1400.0095486308933,8098668,55.15100398758217,21.53260038528947,29.43811472355736,1709818611,1316.1517172036356,1410.3849792480469,1326.013603515625,1444.4044809388456,1376.3654775572481
2025-06-03,1393.466064453125,1414.2862617875367,1391.3840689247124,1410.1222707307113,11252626,52.71322538253683,18.86569507071249,27.323630792988386,1698565985,1316.9210141911926,1409.6215698242188,1329.3180688476561,1444.4310552497266,1374.812084398711
2025-06-04,1411.3118896484375,1413.493004678654,1394.0608455067168,1402.5871874772963,8126827,57.186868975729645,17.984844254978043,25.45587348538632,1706692812,1317.8602268823095,1410.4890747070312,1332.8148681640625,1444.5510142374476,1376.427135176615
2025-06-05,1430.0501708984375,1442.244785474372,1411.4110884077945,1415.7734397380668,13716817,61.32435944746479,18.584555148576783,24.08160981802441,1720409629,1318.9765447332163,1412.2439208984374,1336.2502001953126,1446.539003530239,1377.948838266636
2025-06-06,1431.140625,1439.0721282906131,1424.6962785763767,1428.6620302216834,8182161,61.55718866439851,18.92961210011231,23.051210274441992,1728591790,1320.0926052333834,1415.530535888672,1339.5645776367187,1443.2008777830733,1387.8601939942705
2025-06-09,1436.3953857421875,1445.0208477095387,1432.9253528317358,1444.5251287223314,7885125,62.72181072138529,19.403416983454463,22.321651616244488,1736476915,1321.249846830486,1416.1402770996094,1342.4734594726563,1445.0573171652222,1387.2232370339966
2025-06-10,1426.1834716796875,1441.4516401070769,1423.704876838395,1437.5850079496329,7913181,58.982173035175,18.7388844513614,21.60509818326787,1728563734,1322.2939625006272,1417.2705200195312,1345.5082495117188,1445.9009143902292,1388.6401256488332
2025-06-11,1436.4945068359375,1456.0257865422643,1430.7441181682645,1433.4210733170682,8195700,61.47953914639314,18.8272234833953,21.049523243293358,1736759434,1323.4302863248593,1418.4850280761718,1348.99513671875,1448.1932503711148,1388.7768057812289
2025-06-12,1429.2569580078125,1444.5251270006308,1422.1186530105915,1441.055094094315,8828114,58.77450668865631,18.104525399886143,20.460523674611913,1727931320,1324.4832880331476,1417.860418701172,1352.23515625,1446.0735537158455,1389.6472836864984
2025-06-13,1415.67431640625,1423.2092208521976,1402.1907840779525,1411.8076840776937,9757276,53.97484426412388,16.24847400556041,19.61811374080161,1718174044,1325.3906614497953,1416.4476196289063,1355.2649926757813,1442.0019748613786,1390.893264396434
2025-06-16,1425.489501953125,1430.050092219024,1412.204209506703,1414.6828043278585,8458093,56.72500265110062,15.392112654707717,18.772913523582833,1726632137,1326.3866698130125,1416.2989013671875,1358.9372802734374,1441.6052185424903,1390.9925841918846
2025-06-17,1418.9459228515625,1435.602128554236,1413.5922548276174,1435.602128554236,10366599,54.3915685053353,14.02377066910367,17.823084952687,1716265538,1327.307657405436,1416.62607421875,1362.5074438476563,1441.8915926822883,1391.3605557552119
2025-06-18,1417.85546875,1430.4468040463896,1413.4931173168031,1417.7563491543892,6681735,53.99297064461902,12.704905017931878,16.799448965735976,1709583803,1328.2086306526458,1416.6706970214843,1366.1043798828125,1441.9415900632546,1391.399803979714
2025-06-19,1421.028076171875,1427.5715425014369,1413.4930508573852,1417.8554020854735,10007230,55.02564165491898,11.779905968554658,15.795540366299713,1719591033,1329.1322072249764,1417.8554626464843,1370.637236328125,1441.562203758437,1394.1487215345317
2025-06-20,1453.6463623046875,1458.4053131642288,1415.8725983169522,1418.7477927518771,29010635,63.97796108646978,13.522976194382863,15.341027531916344,1748601668,1330.3711540416898,1419.8085876464843,1376.59578125,1448.1071355066852,1391.5100397862834
2025-06-23,1444.326904296875,1451.266970188698,1429.6535737155343,1440.5593915455418,5989078,60.28564632505448,13.991088966766029,15.071039818886282,1742612590,1331.5050421039307,1420.899169921875,1382.0407592773438,1451.1450735905944,1390.6532662531556
2025-06-24,1438.378173828125,1462.3709229333156,1430.7440292763747,1452.4565437947847,16402744,57.98524231003315,13.723858777060286,14.801603610521084,1726209846,1332.5684563499426,1422.3218811035156,1387.3043017578125,1453.0420745634153,1391.6016876436158
2025-06-25,1454.737060546875,1459.7933702625824,1447.9952335758323,1451.4652666586912,7525851,62.25112003074426,14.663075560102243,14.773898000437317,1733735697,1333.7840643519023,1425.0185913085938,1392.2287768554688,1457.1460933856922,1392.8910892314955
2025-06-26,1482.4971923828125,1485.9672251547677,1452.55569413543,1456.5214458748073,14657893,68.15916107372078,17.44631204016582,15.308380808383019,1748393590,1335.2637969691255,1428.8604064941405,1397.2890747070312,1468.3439726964214,1389.3768402918597
2025-06-27,1502.425048828125,1508.9685148979506,1484.0834473001275,1486.5620421012081,11117052,71.59588354740026,21.017778605195872,16.450260367745592,1759510642,1336.9270930075236,1433.5449462890624,1402.7637915039063,1483.2692990407522,1383.8205935373726
2025-06-30,1487.7518310546875,1511.7447031481738,1483.191240482831,1500.838885203447,8409527,65.95128950413275,22.40590422715104,17.641389139626682,1751101115,1338.4278366696844,1437.8527465820312,1407.2470727539062,1490.5956199070997,1385.1098732569626
2025-07-01,1515.3138427734375,1518.2881567329412,1487.256099345396,1487.7518183386467,10368523,70.63458012072624,25.436808093971877,19.20047293049572,1761469638,1340.187896431911,1443.945135498047,1411.8651928710938,1502.5911127711781,1385.2991582249158
2025-07-02,1505.796142578125,1516.9002002088087,1495.7825215605471,1515.3139235508756,6361002,67.19735174697936,26.762322981524903,20.71284294070156,1755108636,1341.835739677147,1448.6693481445313,1416.3782202148439,1511.1369523744968,1386.201743914566
2025-07-03,1504.8045654296875,1518.783816287235,1500.0456148706696,1507.7788792727886,11283291,66.83246534874115,27.416747887492647,22.05362393005978,1743825345,1343.457320032894,1452.4070678710937,1420.696923828125,1518.7939427401543,1386.020193002033
2025-07-04,1514.223388671875,1516.900223008299,1504.2097675037892,1510.9515946827762,6603501,68.57786935067793,28.368391501089263,23.316577444265675,1750428846,1345.1564848949733,1456.5612060546875,1425.1722778320313,1527.3566076262437,1385.7658044831314
2025-07-07,1528.3016357421875,1531.5734294639212,1511.9429091838053,1513.5291857359532,7251074,71.0316886337443,29.91374576235262,24.636011107883068,1757679920,1346.9788247043984,1461.1565185546874,1429.9529907226563,1537.8085053806105,1384.5045317287643
2025-07-08,1524.43505859375,1531.6726044702705,1517.0983931213486,1522.8487819842126,7171261,69.42805655896935,30.475151114608707,25.8038391092282,1750508659,1348.7445583749393,1466.0690979003907,1433.3000830078124,1545.6631005978368,1386.4750952029447
2025-07-09,1505.9942626953125,1537.7202774459709,1497.1704406377573,1523.5426661942138,8870660,62.21401724583334,29.096642801946928,26.462399847771948,1741637999,1350.309232049769,1469.5440856933594,1435.665654296875,1549.736202352108,1389.3519690346109
2025-07-10,1504.209716796875,1511.6455019531181,1494.5928164048603,1506.688311848956,10047129,61.54753755071968,27.542672310932403,26.67845434040404,1731590870,1351.8405801567055,1473.2917236328126,1437.8904418945312,1552.6033058780315,1393.9801413875937
2025-07-11,1482.3980712890625,1502.0285923917668,1477.540121836759,1499.0542783474266,7234991,53.94136764103082,24.271337130044913,26.197030898332216,1724355879,1353.1396596704606,1476.627911376953,1439.3855297851562,1551.450625000615,1401.8051977532912
2025-07-14,1470.9964599609375,1487.1569471972039,1466.4358695278945,1479.4236826617216,10311846,50.432792050575905,20.522198553259386,25.06206442931765,1714044033,1354.3123641509628,1478.9032592773438,1440.4245532226562,1550.0442805454395,1407.762238009248
2025-07-15,1472.6820068359375,1483.6869442622558,1469.7076928815193,1473.4750846086956,8132454,50.94082098312744,17.485427640641092,23.546737071582342,1722176487,1355.4901715408632,1481.5900634765626,1441.7035083007813,1547.3238721139828,1415.8562548391424
2025-07-16,1472.8802490234375,1478.234038357326,1458.9009976142222,1460.388154594461,10409983,51.00442591189017,14.922741229579515,21.821937903181777,1732586470,1356.6582320133268,1484.3413024902343,1443.2818774414063,1543.4463682131427,1425.2362367673259
2025-07-17,1463.759033203125,1476.845965908467,1461.2804382949055,1474.6648507992907,11854613,47.925638275897,12.01726040072208,19.861002402689838,1720731857,1357.7239116271558,1486.477850341797,1444.6579931640624,1538.9960613133708,1433.9596393702232
2025-07-18,1463.3624267578125,1472.0871292027396,1456.521480639079,1472.0871292027396,10296318,47.79055373472762,9.572299574489989,17.803261837049867,1710435539,1358.7750411309435,1486.9636535644531,1446.6170751953125,1538.4272494815418,1435.5000576473644
2025-07-21,1416.3682861328125,1463.362470991638,1410.9153771961905,1452.4566531183941,22442744,35.14859552601918,3.7988256057954004,15.002374590798976,1687992795,1359.34810824539,1485.56572265625,1446.4604296875,1542.7832686046859,1428.3481767078142
2025-07-22,1400.70361328125,1419.640054314783,1398.6214967228645,1415.178583447059,20396320,32.1003858267087,-2.017446427418008,11.59841038715558,1667596475,1359.759605807936,1483.6819946289063,1446.4029296875,1548.909568613157,1418.4544206446556
2025-07-23,1412.4024658203125,1413.7905031420296,1402.2898472373465,1413.7905031420296,8354596,36.527579734691386,-5.618122075082738,8.155103894707917,1675951071,1360.283415360298,1481.5652648925782,1446.4068920898437,1552.8766008245088,1410.2539289606475
2025-07-24,1390.8883056640625,1410.8161839876018,1384.0473596954969,1407.0486714179167,14740507,32.350199438389225,-10.091369366200752,4.505809242526183,1661210564,1360.5879416319774,1476.9848205566407,1445.3896752929688,1558.5058193260052,1395.4638217872762
2025-07-25,1379.7841796875,1389.0046012536307,1372.2492752918665,1386.9226057137396,11854722,30.416717468339186,-14.366848155193338,0.7312777629822791,1649355842,1360.7789489758136,1470.8527770996093,1444.1067529296874,1561.712104010457,1379.9934501887615
2025-07-28,1375.7193603515625,1395.746480796028,1373.1416457270684,1380.379191620021,7748361,29.716548150130464,-17.877116576157505,-2.990401104845678,1641607481,1360.9276097855227,1465.251153564453,1443.0518627929687,1564.6637399571732,1365.8385671717328
2025-07-29,1404.966796875,1408.0402305383973,1371.1587845273314,1371.1587845273314,10750072,40.35536557154741,-18.090470213776598,-6.010414926631862,1652357553,1361.3658106520847,1459.7338012695313,1442.9031494140625,1559.6671980397307,1359.800404499332
2025-07-30,1398.0267333984375,1411.1137879299629,1389.3021514025702,1405.9582375902166,7209849,38.85250191429762,-18.605091714727905,-8.52935028425107,1645147704,1361.7305959530436,1454.3453308105468,1442.524423828125,1555.3787209455134,1353.3119406755802
2025-07-31,1378.2969970703125,1390.5908519212596,1370.365493427784,1376.215001569177,17065827,34.87611266961865,-20.370143461423595,-10.897508919685576,1628081877,1361.8954357651558,1448.019952392578,1442.1437084960937,1551.4372972381389,1344.6026075470172
2025-08-01,1381.76708984375,1393.8627060383,1372.4476694796913,1375.025384070285,10321171,36.11455646642997,-21.24406385697739,-12.96681990714394,1638403048,1362.0931636664354,1441.3971374511718,1441.487373046875,1543.9691115379494,1338.8251633643943
2025-08-04,1399.4146728515625,1403.975263237478,1379.7841529413568,1383.155066191865,6312820,42.14068140310472,-20.278877330284104,-14.429231391771975,1644715868,1362.464521966785,1434.9527893066406,1441.025361328125,1530.8533548845126,1339.0522237287687
2025-08-05,1379.7841796875,1398.918980991344,1376.2150271869518,1398.918980991344,9315972,37.86234981532069,-20.857544009577396,-15.71489391533306,1635399896,1362.6368568694788,1427.7202453613281,1440.4225659179688,1517.1348946341395,1338.3055960885167
2025-08-06,1380.8748779296875,1383.9483114870873,1371.456217044825,1379.9825595355662,5834312,38.23754351293173,-20.98621526309921,-16.76915818488629,1641234208,1362.8183297158491,1421.4642761230468,1440.0240063476563,1505.4402502595788,1337.488301986515
2025-08-07,1377.50390625,1381.7670168023217,1354.3042341107182,1375.818389126872,9976705,37.484215174065405,-21.116776347706946,-17.638681817450422,1631257503,1362.9644548554925,1415.1289855957032,1439.4608666992187,1491.9961557096724,1338.261815481734
2025-08-08,1356.0888671875,1385.2370458989403,1353.312792536344,1373.1415514013454,8793606,33.031986488173715,-22.686742976271944,-18.648294049214726,1622463897,1362.8960410478508,1408.813525390625,1438.407958984375,1483.2523783455772,1334.374672435673
2025-08-11,1374.331298828125,1376.1159356273254,1349.5453489789295,1358.2700517359046,9997486,39.61201970356693,-22.202998717049013,-19.359234982781583,1632461383,1363.009824707356,1403.9802673339843,1437.8626684570313,1474.0670893112078,1333.8934453567608
2025-08-12,1368.5810546875,1389.8969719255274,1363.4255044148417,1370.0682117041065,12244664,38.33344314144209,-22.029680112442293,-19.893324008713726,1620216719,1363.0652598315367,1398.7752197265625,1437.3649682617188,1462.887836125866,1334.662603327259
2025-08-13,1370.7620849609375,1379.8833867126677,1365.7057756228248,1376.115874093997,7457021,39.13589882705806,-21.468853376337165,-20.208429882238413,1627673740,1363.1418451562074,1393.6693115234375,1436.5539721679688,1449.0297889212216,1338.3088341256534
2025-08-14,1367.4774169921875,1374.3455639562076,1363.794372575189,1370.961308962897,7126128,38.32700648604943,-21.046824707364976,-20.376108847263726,1620547612,1363.184985174476,1388.8552307128907,1435.3025170898438,1434.9721496506154,1342.738311775166
2025-08-18,1375.3409423828125,1388.4802648218374,1370.6626218339861,1383.602791829514,11785109,41.447145775147284,-19.849035836326948,-20.27069424507637,1632332721,1363.305939972569,1384.4541564941405,1434.1865234375,1415.688034583665,1353.220278404616
2025-08-19,1413.564208984375,1414.460091190419,1382.7068811681168,1383.6027633741608,14384719,53.7070929021092,-15.63524795107196,-19.343604986275487,1646717440,1363.8060222512934,1384.3139526367188,1433.7298999023437,1414.9938028498927,1353.6341024235448
2025-08-20,1406.4969482421875,1418.342205158243,1403.510755146132,1406.4969482421875,8725641,51.557575278909496,-12.719437810136924,-18.018771551047777,1637991799,1364.230807584536,1384.6036193847656,1433.3361694335938,1415.998052735297,1353.209186034234
2025-08-21,1418.24267578125,1425.3099750709036,1413.7633861810953,1418.4417067156319,11021323,54.79576284469338,-9.353039203038861,-16.285625081445996,1649013122,1364.7682391088815,1384.8956298828125,1432.9711328125,1417.4076494340006,1352.3836103316244
2025-08-22,1402.71435546875,1416.84907536351,1401.4204113959267,1413.464698965694,5818868,50.0339716484728,-7.847686482201198,-14.598037361597038,1643194254,1365.1458124059945,1385.4869323730468,1432.4402807617187,1418.8328740219874,1352.1409907241061
2025-08-25,1406.0987548828125,1412.9670232567023,1399.230486508923,1408.1890657335161,5979407,51.03275400781372,-6.308866175212415,-12.940203124320114,1649173661,1365.5533043709381,1386.8026611328125,1432.24876953125,1421.2045858402148,1352.4007364254103
2025-08-26,1378.5262451171875,1403.5107021083375,1375.241384232256,1401.519906786198,12145259,43.41815900811121,-7.230858267277426,-11.798334152911577,1637028402,1365.682388358463,1386.9430053710937,1431.3095043945314,1421.1854576595047,1352.7005530826827
2025-08-28,1379.521728515625,1385.7926612650012,1360.2109883890075,1383.50331940736,13161813,43.74452508028801,-7.791402019677662,-10.996947726264795,1650190215,1365.8200932356488,1385.670751953125,1430.5210205078124,1419.0191354474389,1352.3223684588113
2025-08-29,1350.9537353515625,1397.0406983353935,1343.7869203796088,1374.7437651325777,18758842,37.12631988697973,-10.420711798666616,-10.88170054074516,1631431373,1365.6721692766032,1383.3171020507812,1429.1829858398437,1419.379217949323,1347.2549861522393
2025-09-01,1347.6689453125,1356.9260708455383,1334.430107544873,1349.759256141992,11232238,36.44358795600034,-12.623992320379102,-11.230158896671949,1620199135,1365.4930327197465,1381.7856994628905,1427.7158032226562,1421.0312514719972,1342.540147453784
2025-09-02,1360.2109375,1378.128095842481,1348.2661652716795,1348.5648331807902,11517006,40.91159810712847,-13.205845291716287,-11.625296175680816,1631716141,1365.4404745583558,1380.7078918457032,1425.8470947265625,1421.0645601540302,1340.3512235373762
2025-09-03,1366.2828369140625,1370.1649121838109,1354.2385492379765,1363.3961593284287,7847563,43.000734360369236,-13.02685099643736,-11.905607139832126,1639563704,1365.4488562733382,1379.0513000488281,1424.2862133789063,1418.917466183263,1339.1851339143932
2025-09-04,1353.0440673828125,1367.6763641601647,1350.8541196588233,1365.4865379446771,13223177,39.70454269931641,-13.794243337427588,-12.283334379351219,1626340527,1365.3254255381091,1377.7142944335938,1422.57953125,1419.1549589296367,1336.2736299375508
2025-09-05,1368.671875,1374.6442613636364,1353.0441792852228,1356.7271022727273,5777575,45.05846979140907,-12.991614582844932,-12.424990420049962,1632118102,1365.358723542705,1377.1041442871094,1420.8582275390625,1418.6997540711243,1335.5085345030946
2025-09-08,1372.15576171875,1379.6212446443146,1366.0838599076599,1373.6488583038629,6986720,46.20524538779144,-11.936804913423884,-12.327353318724748,1639104822,1365.4263557633624,1376.836737060547,1418.6513989257812,1418.4873560582032,1335.1861180628907
2025-09-09,1369.8662109375,1374.843199236951,1362.4007284883235,1370.2643943031567,9754452,45.53262302877878,-11.156997343995272,-12.093282123778854,1629350370,1365.4705334267867,1377.5256042480469,1416.0002221679688,1418.225711580983,1336.8254969151108
2025-09-10,1370.66259765625,1382.1096709119122,1367.7759200987732,1377.5308659113482,7790815,45.828024804355884,-10.35536230384173,-11.74569815979143,1637141185,1365.5221957574283,1377.3421691894532,1413.6584375,1418.1311823878905,1336.553155991016
2025-09-11,1376.9337158203125,1379.1235422027225,1368.6718661340626,1369.6672638548873,9766072,48.209952679232146,-9.109030697427897,-11.218364667318724,1646907257,1365.6357432207406,1377.7598022460938,1410.8908349609376,1418.3520166423298,1337.167587849858
2025-09-12,1388.579833984375,1389.873899637371,1374.146566892781,1376.9337291414593,7403368,52.39612528161373,-7.099718380769218,-10.394635410008824,1654310625,1365.864042631324,1378.6506896972655,1408.5465087890625,1419.3713743146714,1337.9300050798597
2025-09-15,1392.8599853515625,1394.3530818320328,1382.2091575524387,1386.5889315301856,5396697,53.87183066536099,-5.103125791351886,-9.336333486277438,1659707322,1366.1326589767991,1379.9198181152344,1406.3076171875,1420.7504906538406,1339.0891455766282
2025-09-16,1398.8323974609375,1401.5199225726963,1391.7649767809332,1398.2350616507645,8686961,55.925001050556055,-3.0042568331818984,-8.06991815565833,1668394283,1366.4580295089797,1381.0943908691406,1403.9997973632812,1422.6752668368847,1339.5135149013965
2025-09-17,1407.2933349609375,1409.6821922648512,1400.4250664409112,1400.5245819104894,7519417,58.727666134856086,-0.6506607054623146,-6.586066665619128,1675913700,1366.864350956263,1380.7808471679687,1401.5796313476562,1421.4624784559649,1340.0992158799725
2025-09-18,1408.4876708984375,1415.4554544293837,1404.2074124117412,1413.8628424954393,9332642,59.12280763838993,1.2960144631836101,-5.00965043985858,1685246342,1367.2785133437474,1380.8803833007812,1399.26068359375,1421.822116774584,1339.9386498269785
2025-09-19,1400.9227294921875,1410.4785229891424,1397.1401696768169,1408.3882121473878,13461373,55.498393754121224,2.2029468111888946,-3.5671309896490855,1671784969,1367.6132816636325,1380.014385986328,1397.1592529296875,1418.4119989686133,1341.616773004043
2025-09-22,1384.199951171875,1404.2074196840813,1381.6119415772491,1397.4387885526373,7757970,48.430511028411644,1.5543907299579587,-2.5428266457276765,1664026999,1367.7783231512767,1379.0886657714843,1394.7590576171874,1416.1210154046983,1342.0563161382704
2025-09-23,1383.40380859375,1388.5798281670254,1370.4636381520502,1384.5982372618869,14014702,48.11633822202194,0.9650389423629804,-1.8412535281095452,1650012297,1367.9338006183661,1377.9539184570312,1392.7791723632813,1412.9404790516496,1342.9673578624129
2025-09-24,1376.635009765625,1389.5751797778832,1374.0470000648747,1378.9244730635044,5922759,45.41866498281919,-0.04766266602905489,-1.4825353556934473,1644089538,1368.0203798138614,1377.859356689453,1390.891943359375,1412.8494416707078,1342.8692717081983
2025-09-25,1366.0838623046875,1378.128150477363,1362.6994857374575,1374.942926360271,11411143,41.51169552425598,-1.6822336647464908,-1.522475017504056,1632678395,1368.0011109829243,1377.1874633789062,1388.75998046875,1412.5382772605672,1341.8366494972452
2025-09-26,1371.2598876953125,1376.3363918134596,1359.7132983361805,1365.685684712474,9879109,44.05415969685382,-2.5308073942362626,-1.7241414928504972,1642557504,1368.0335366218535,1378.2027709960937,1386.7275732421874,1411.5935208726714,1344.812021119516
2025-09-29,1366.48193359375,1382.6073268149732,1361.7039763015719,1375.2413599514077,14231999,42.229298100091064,-3.5479505876164694,-2.0889033118036915,1628325505,1368.018097785753,1379.1434204101563,1384.78203125,1410.004651684146,1348.2821891361666
2025-09-30,1357.722412109375,1370.7620971908361,1356.5279835173724,1370.7620971908361,14604684,39.03673432855611,-5.003190409245008,-2.671760731291955,1613720821,1367.9156531521573,1379.018994140625,1382.6692309570312,1410.2029291978984,1347.8350590833516
2025-10-01,1362.4007568359375,1372.255218175594,1356.4283707523282,1360.7086293823172,12045916,41.57715109328227,-5.7131178649915455,-3.280032158031873,1625766737,1367.8607785619463,1378.8248901367188,1381.5898803710938,1410.3697521944605,1347.280028078977
2025-10-03,1357.125244140625,1365.287456651113,1350.6551591113212,1356.926091696157,12842347,39.5744823233241,-6.625060697866729,-3.9490378659988448,1612924390,1367.7539573239233,1379.0289489746094,1380.7183129882812,1409.9507297302864,1348.1071682189324
2025-10-06,1368.671875,1371.0608538471567,1352.7455113636363,1353.740909090909,12396580,45.73541134741928,-6.342947798113755,-4.427819852421827,1625320970,1367.763090833138,1379.0289489746094,1379.843701171875,1409.9507297302864,1348.1071682189324
2025-10-07,1378.4267578125,1389.47564777439,1369.5676941462978,1369.667209612737,11244040,50.34187453912125,-5.271467577673548,-4.596549397472171,1636565010,1367.8691969722363,1379.3424987792969,1379.5944702148438,1410.1059130470662,1348.5790845115275
2025-10-08,1361.1068115234375,1382.6073771032557,1358.2201339506064,1378.426755451918,8525081,43.31170862597442,-5.753563204915736,-4.827952158960884,1628039929,1367.8019095548354,1378.9045288085938,1379.2209228515626,1410.4349655057922,1347.3740921113954
2025-10-09,1371.458984375,1373.6488106871855,1362.7989515764332,1367.676424553763,8826633,47.98708959287031,-5.239891423799236,-4.910340011928555,1636866562,1367.8382983590163,1378.9443481445312,1379.1357153320312,1410.4350362373073,1347.4536600517552
2025-10-10,1375.3409423828125,1381.6119964455866,1368.7713419175536,1371.45898859096,6373084,49.6636132153201,-4.4680562963890225,-4.821883268820649,1643239646,1367.9129515333825,1378.8647094726562,1378.5431982421876,1410.3833776779015,1347.3460412674108
2025-10-13,1368.671875,1371.3594002602317,1361.505059967041,1370.5631549835205,7600682,46.86862676929458,-4.344429520022686,-4.726392519061057,1635638964,1367.9205030106623,1377.8693115234375,1377.9561010742189,1409.355264314879,1346.3833587319962
2025-10-14,1369.5677490234375,1381.612037149334,1363.7943936365562,1373.6488553790207,9768174,47.29770594246697,-4.126596032167527,-4.606433221682352,1645407138,1367.9368935182522,1376.7046997070313,1377.7815161132812,1407.6041991864283,1345.8052002276343
2025-10-15,1367.97509765625,1377.6304066718624,1366.382364141153,1376.6350089791804,10882743,46.57755825567759,-4.035951146106299,-4.492336806567141,1634524395,1367.9372736589287,1375.1618347167969,1377.5056762695312,1404.5314027657187,1345.792266667875
2025-10-16,1391.8646240234375,1394.0544503152107,1368.671809484766,1368.7713249510273,12315932,57.12324578530186,-2.0132221246462905,-3.9965138701829708,1646840327,1368.1753567471328,1374.390399169922,1377.3546752929688,1401.0268600591785,1347.7539382806654
2025-10-17,1410.279541015625,1416.7496262080865,1392.6609284325848,1394.5522084059296,19335561,63.160169614781836,1.0634760097736944,-2.984515894191638,1666175888,1368.594303854282,1374.4799926757812,1377.9645825195312,1401.5825802522152,1347.3774050993472
2025-10-20,1460.04931640625,1467.0170999313523,1426.7034952504036,1433.3726108781723,24721978,73.86879681934349,7.4321135991294796,-0.9011899955274147,1690897866,1369.5043039791774,1377.4363220214843,1379.5480712890626,1422.42708648717,1332.4455575557986
2025-10-21,1458.4566650390625,1467.2162134241023,1453.2806455896807,1461.2438272093502,2066169,73.13616114820259,12.21004136093893,1.7210562757658545,1688831697,1370.389402099176,1381.1491577148438,1381.1671264648437,1438.35700815815,1323.9413072715377
2025-10-23,1441.7340087890625,1476.0752283864208,1437.9514490416038,1468.2115624957596,18707090,65.76110449474471,14.480285218642166,4.272902064341117,1670124607,1371.0992986831552,1384.0656677246093,1382.880029296875,1447.0879032896487,1321.0434321595699
2025-10-24,1444.9193115234375,1453.0816457634617,1434.3681199531734,1443.3266994671071,9700837,66.45499539325539,16.348047032193108,6.687931057911515,1679825444,1371.8338261741033,1387.4798828125,1384.2917895507812,1455.7057208368735,1319.2540447881263
2025-10-27,1477.2696533203125,1478.16553552233,1451.289798512833,1456.266786847925,14113867,72.54142131418375,20.205744698603894,9.391493786049992,1693939311,1372.8829388820257,1393.0391723632813,1386.4655615234376,1470.833933187808,1315.2444115387545
2025-10-28,1480.056884765625,1485.1333888036675,1470.79963742504,1477.26972256393,17631577,72.99603330985266,23.220235752556164,12.157242179351227,1711570888,1373.9493463037531,1398.479022216797,1388.6514575195313,1484.229858668973,1312.7281857646208
2025-10-29,1497.277099609375,1501.3583271895798,1481.2512217130793,1483.1425015536738,11884745,75.6755478669013,26.691090773786073,15.064011898238197,1723455633,1375.1764881276897,1405.018780517578,1391.247451171875,1499.5152433135,1310.5223177216562
2025-10-30,1481.6494140625,1496.1821955688695,1477.1701246011085,1493.0964871305005,9318663,68.98552906486667,27.859596678146545,17.623128854219868,1714136970,1376.2359202265436,1411.2151306152343,1393.3736206054687,1508.6987906275074,1313.7314706029613
2025-10-31,1479.5592041015625,1490.6080945575152,1475.4780977270138,1483.540795005222,8758053,68.11813894471088,28.29086408008493,19.75667589939288,1705378917,1377.2640126034096,1417.0730529785155,1394.6935205078125,1516.1862045295557,1317.9599014274754
2025-11-03,1477.866943359375,1488.1195884585134,1472.4918928888083,1479.1610089962214,8452085,67.37947627277113,28.171353477325283,21.43961141497936,1696926832,1378.2650367900362,1423.1101379394531,1396.1209204101563,1521.5888802938937,1324.6313955850126
2025-11-04,1466.3203125,1485.9297198935935,1463.334119430687,1477.07065615293,10007806,62.406823424565836,26.835579990913175,22.518805130166122,1686919026,1379.1412086876478,1427.9925598144532,1397.0824731445311,1524.8606632592298,1331.1244563696766
2025-11-06,1489.2144775390625,1494.6891648996161,1469.406038969176,1477.1701896475465,16772678,67.52447690479384,27.309530396516493,23.476950183436195,1703691704,1380.2364650941297,1433.5319458007812,1398.8124755859376,1531.0971095269913,1335.966782074571
2025-11-07,1471.19775390625,1491.5038906434634,1469.1074431042953,1487.7213309001133,7821765,60.53991242720222,25.932407827388488,23.968041712226654,1695869939,1381.1415525449966,1439.0364929199218,1400.1144555664061,1531.947329865911,1346.1256559739327
2025-11-10,1482.44580078125,1494.0919049344996,1468.7092643110286,1471.0982430243503,7068438,63.10571471572931,25.455219721064168,24.265477313994158,1702938377,1382.1495550150091,1444.5858337402344,1402.1928466796876,1533.8762170825426,1355.2954503979263
2025-11-11,1486.5269775390625,1491.9021495222175,1473.3876547459602,1490.1103850249956,7127506,64.01987178191868,25.11683037945545,24.435747927086418,1710065883,1383.1881363336563,1450.1451354980468,1404.3329516601561,1535.245018729983,1365.0452522661105
2025-11-12,1504.5435791015625,1517.6827797499902,1493.0965058897411,1498.0734942427068,12384459,67.81156923276905,26.00270061674837,24.74913846501881,1722450342,1384.3956531771182,1456.938720703125,1407.4047485351562,1536.4474537102292,1377.4299876960208
2025-11-13,1503.9464111328125,1515.0948167835015,1499.8653048593553,1508.0275174062697,7196443,67.55744125761308,26.352794091573287,25.069869590329706,1715253899,1385.585212957772,1463.6576538085938,1410.5302978515624,1534.7651051027303,1392.5502025144572
2025-11-14,1511.9095458984375,1513.900341239272,1498.5711928131457,1498.5711928131457,7682823,69.21424379748508,26.96200293102629,25.448296258469025,1722936722,1386.8421714944952,1470.8543762207032,1413.5642700195312,1529.8773978590507,1411.8313545823557
2025-11-17,1511.3123779296875,1516.6874283079178,1504.5436249599409,1513.900387650411,5871416,68.92995433313736,27.084406680315624,25.775518342838346,1717065306,1388.0806810112633,1476.8267639160156,1416.4648608398438,1526.0256786825842,1427.627849149447
2025-11-18,1512.4072265625,1520.7685911952462,1503.5481631005248,1514.696568271851,11045042,69.17989770348512,26.958991198982403,26.012212914067156,1728110348,1389.3177610664995,1481.9331481933593,1419.6521240234374,1522.9663038352687,1440.89999255145
2025-11-19,1511.9095458984375,1515.2939222795571,1505.0412776708577,1510.4164493928117,5692366,68.90853253500666,26.51380521392184,26.112531374038095,1722417982,1390.5375798210462,1484.5261596679688,1422.5168774414062,1526.2485935979378,1442.803725738
2025-11-20,1541.9705810546875,1543.7623455509595,1519.6736478639639,1522.9585089376258,18171724,75.22907389573072,28.260892443629928,26.542203587956465,1740589706,1392.0443758532217,1488.70185546875,1425.913173828125,1535.553369329111,1441.8503416083888
2025-11-21,1539.4820556640625,1550.6305827884978,1533.0119706260582,1533.9078528560988,9615271,73.88994849136124,29.109116681401474,27.05558620664547,1730974435,1393.5114174433795,1493.5892578125,1429.3054907226563,1540.2159407993768,1446.962574825623
2025-11-24,1528.831298828125,1542.8663816107544,1524.7501927010492,1542.8663816107544,18433951,68.28723828916105,28.592318981274047,27.362932761571187,1712540484,1394.8578839248198,1497.7848571777345,1432.4688647460937,1541.1240185316165,1454.4456958238525
2025-11-25,1532.61376953125,1552.4222077972818,1518.0809876078647,1528.8313312270848,15033482,69.18097876013417,28.163317659984386,27.52300974125383,1727573966,1396.2285892542372,1500.5520629882812,1435.5824658203126,1545.3414490540622,1455.7626769225003
2025-11-26,1562.6748046875,1564.3669320995493,1533.4100892950657,1535.2018536795324,14054299,75.17012519676777,29.904287319188143,27.999265256840694,1741628265,1397.8847705023295,1504.682958984375,1439.064365234375,1555.9242356897546,1453.4416822789956
2025-11-27,1556.2047119140625,1568.2489991897637,1548.8387449947777,1567.7513003642512,9794643,71.93010266969739,30.411372531005554,28.481686711673667,1731833622,1399.4600933024462,1507.6293395996095,1442.331259765625,1563.4045371147329,1451.854142084486
2025-11-28,1560.285888671875,1574.0224254817672,1555.806599039324,1560.7835875199362,8959508,72.72859339283826,30.78765712457971,28.942880794254876,1740793130,1401.060349972789,1511.5611633300782,1445.5603295898438,1570.4558730442652,1452.6664536158912
2025-12-01,1558.892333984375,1570.2398922139623,1556.403839701944,1567.7513979315313,8920233,71.97569183812956,30.620443744194063,29.278393384242715,1731872897,1402.630817475392,1515.5278198242188,1448.5923095703124,1575.9337155758492,1455.1219240725884
2025-12-02,1539.1834716796875,1560.2858537619331,1534.9032130787248,1553.9152843475838,11389150,62.172771849591484,28.56826824814243,29.13636835702266,1720483747,1403.9895503530465,1518.5936462402344,1451.2062255859375,1577.2411076075064,1459.9461848729625
2025-12-03,1531.718017578125,1545.2554018922647,1525.9446623591427,1538.0884656023031,6090883,58.900367422087704,26.039339332898862,28.516962552197903,1714392864,1405.2604803751867,1521.8635314941407,1453.8221313476563,1575.5729875244356,1468.1540754638459
2025-12-04,1528.53271484375,1553.3181423785347,1510.6155558800758,1528.9308982335338,11867930,57.509500729896246,23.507141938066525,27.51499842937163,1702524934,1406.4870697728838,1523.829443359375,1456.7087866210939,1575.4525959723308,1472.2062907464194
2025-12-05,1533.5096435546875,1538.685784402705,1513.6016899280953,1523.356635808528,10183266,59.1333004309165,21.6523588969701,26.342470522891325,1712708200,1407.7509759796678,1526.9450378417969,1459.7109033203126,1572.6707907389462,1481.2192849446476
2025-12-08,1535.898681640625,1543.861863398969,1527.9354998822807,1532.1161217020071,11301491,59.92500014678575,20.14300930869922,25.102578280052906,1724009691,1409.0260775285333,1529.6176818847657,1462.8961767578126,1570.6331606818076,1488.6022030877239
2025-12-09,1522.3612060546875,1535.4008911036892,1513.1039592099478,1533.211064854301,11503971,53.58964323897049,17.65100791150371,23.61226420634307,1712505720,1410.1537902501866,1531.4093933105469,1466.0217236328126,1567.5839438911726,1495.2348427299212
2025-12-10,1529.8267822265625,1540.3779737710465,1524.3520947592017,1526.9401045329791,7991629,56.33148147739285,16.092978615030006,22.108407088080458,1720497349,1411.3445662897527,1532.6735534667969,1469.1930615234376,1566.708127697334,1498.6389792362597
2025-12-11,1537.889404296875,1542.8663926602953,1516.9860531705099,1529.826707449835,4706197,59.139066165617855,15.33207675456947,20.753141021378262,1725203546,1412.603718906739,1534.370703125,1472.6212109375,1565.7907962796282,1502.950609970372
2025-12-12,1549.3365478515625,1552.62140892391,1538.9843872841,1543.6628294631555,5106655,62.79632546353911,15.474366500684482,19.697386117239507,1730310201,1413.9642445678815,1536.2420532226563,1476.4534936523437,1566.525861338185,1505.9582451071276
2025-12-15,1549.037841796875,1551.4268205626304,1539.3825327747268,1544.060853330096,5774543,62.63877405358703,15.385672610791516,18.83504341594991,1724535658,1415.3082604607073,1538.1283264160156,1480.1862353515626,1566.6121047247805,1509.6445481072508
2025-12-16,1535.201904296875,1544.5585453663573,1531.7180123854912,1537.8894294536826,11731856,55.6713953286564,14.037126285538989,17.87545998986773,1712803802,1416.5012320411668,1539.2680603027343,1483.7477685546876,1565.2589711594492,1513.2771494460194
2025-12-17,1537.292236328125,1542.8664391614582,1532.2157323461342,1542.8664391614582,7116649,56.45936997697342,12.987355779237987,16.89783914774178,1719920451,1417.7031325813355,1540.5371948242187,1487.12017578125,1563.3443812228281,1517.7300084256092
2025-12-18,1537.292236328125,1544.3595357154854,1528.1345045583196,1528.1345045583196,6580829,56.45936997697343,12.016881954879636,15.921647709169353,1726501280,1418.8930739121492,1540.3032775878905,1490.2974853515625,1563.1428028508692,1517.4637523249119
2025-12-19,1557.8968505859375,1566.9549449740825,1543.8617679066683,1547.2461442463334,13937275,63.812965776626726,12.763267623542788,15.289971692044041,1740438555,1420.2761960681075,1541.2240173339844,1494.2332861328125,1565.3077203008454,1517.1403143671234
2025-12-22,1568.1495361328125,1570.2398469681211,1558.0960438231807,1566.2582562309594,10184852,66.81619867572446,14.020470426108886,15.036071438857011,1750623407,1421.7475725861643,1543.1899291992188,1498.1670971679687,1569.244608795649,1517.1352496027887
2025-12-23,1563.4710693359375,1573.6241984599117,1560.8830596994947,1573.6241984599117,7506564,64.19796803382641,14.472469909552728,14.923351132996157,1743116843,1423.1577566334258,1544.7327941894532,1501.9296997070312,1571.7368401408442,1517.7287482380623
2025-12-24,1551.0286865234375,1568.448146711295,1546.4498812900458,1565.4619535362338,8815745,57.72002213024092,13.669117372683104,14.672504380933546,1734301098,1424.4301041945207,1544.15048828125,1505.5768359375,1570.0620046586398,1518.2389719038604
2025-12-26,1552.0240478515625,1553.8158123179846,1547.1466963201515,1547.5447581940155,2311495,58.084401345217074,12.963338740368727,14.330671252820583,1736612593,1425.6996956736953,1543.941455078125,1509.2259619140625,1569.5260134686696,1518.3568966875805
2025-12-29,1538.4866943359375,1550.9291658570105,1536.495898892566,1547.7439417510202,5972105,51.57427168427459,11.182745072888792,13.701086016834225,1730640488,1426.821954366852,1542.851495361328,1512.6361938476562,1567.3941187001853,1518.3088720224707
2025-12-30,1532.71337890625,1546.449793829553,1530.7225835687998,1539.8801935176687,8815884,49.049396088532575,9.19970498491216,12.800809810449813,1721824604,1427.8756003821695,1541.542547607422,1515.4531689453124,1565.3034727528875,1517.7816224619564
2025-12-31,1563.172607421875,1569.7422080874378,1533.9078900841737,1533.9078900841737,5771830,60.13734863555719,9.970997162417234,12.234847280843297,1727596434,1429.2218392581865,1542.7420043945312,1518.5110302734374,1568.262302729399,1517.2217060596636
2026-01-01,1568.3485107421875,1585.1707553042595,1563.8692213237453,1566.457230908256,6408128,61.66407061811553,10.874548880744669,11.962787600823571,1734004562,1430.6061842480772,1544.5735290527343,1520.6770141601562,1571.862733387179,1517.2843247182896
2026-01-02,1584.9718017578125,1587.2611435561273,1570.9365970213464,1572.7283614795997,6602230,66.14831802196969,12.784607785173876,12.127151637693633,1740606792,1432.1421605417063,1547.3954833984376,1523.2073168945312,1578.8246022423295,1515.9663645545456
2026-01-05,1570.8370361328125,1604.3820104615531,1568.049995566515,1585.6684856930358,8704973,59.748510145786824,13.00783949479569,12.303289209114045,1731901819,1433.5222090550506,1549.2618530273437,1525.7893774414063,1581.5913154141992,1516.9323906404882
2026-01-06,1500.6614990234375,1561.77894010158,1489.4135782872731,1561.77894010158,27417125,39.378565794135945,7.436450101930859,11.329921387677409,1704484694,1434.190261691552,1547.4999938964843,1526.9042211914064,1585.833550472857,1509.1664373201115
2026-01-07,1497.277099609375,1513.004431115157,1491.1056827700695,1503.0504545946628,11199340,38.69342397967396,2.7166749821606118,9.60727210657405,1693285354,1434.8179914220777,1546.2457885742188,1527.3043701171875,1589.1555255475007,1503.3360516009368
2026-01-08,1463.831787109375,1496.9785780764303,1462.040144211037,1493.0965028672745,16518684,32.6481324075137,-3.6801159234389615,6.949794500571447,1676766670,1435.1066859065286,1542.9460388183593,1526.9798681640625,1598.643335942292,1487.2487416944266
2026-01-09,1468.51025390625,1473.0890589574892,1458.2576091430024,1458.2576091430024,8335311,34.196876197114406,-8.276697020400889,3.9044961963769804,1685101981,1435.439059717471,1539.4770812988281,1526.40453125,1603.952483944969,1475.0016786526874
2026-01-12,1476.373779296875,1478.4642116159973,1444.322022844729,1468.5102348906719,8883745,36.826323738176846,-11.15639588833642,0.8923177794343009,1693985726,1435.846370360052,1535.8289428710937,1526.2990185546876,1605.691704189262,1465.9661815529253
2026-01-13,1446.11376953125,1478.9618923221497,1438.050951275772,1478.165525590484,13499760,31.594367330197585,-15.699335713312166,-2.426012919114993,1680485966,1435.948533535885,1530.6827392578125,1525.6301098632812,1610.3679903134207,1450.9974882022043
2026-01-14,1452.086181640625,1460.2483939989072,1433.5716876182923,1437.3542473990606,8321764,33.59949719278035,-18.603277508048905,-5.661465836901776,1688807730,1436.1091071488677,1526.526953125,1525.1144946289062,1613.199072088326,1439.8548341616743
2026-01-15,1452.086181640625,1452.086181640625,1452.086181640625,1452.086181640625,0,33.59949719278035,-20.66644241836343,-8.662461153194108,1688807730,1436.2680830144575,1522.266650390625,1524.8298120117188,1614.5952099775043,1429.9380908037458
2026-01-16,1451.1903076171875,1473.1885721290346,1448.4031454989463,1452.0861898343726,17167161,33.42902994135031,-22.118832883660616,-11.35373549928741,1671640569,1436.416562861251,1517.9615539550782,1524.0693286132812,1614.9957909437146,1420.9273169664418
2026-01-19,1407.0941162109375,1443.9238298491432,1396.8415931572963,1443.9238298491432,20392765,26.344166763485376,-26.522324068267608,-14.38745321308345,1651247804,1436.1247972229394,1510.4214172363281,1522.787255859375,1616.8525248506357,1403.9903096220205
2026-01-20,1387.5843505859375,1409.4830993039366,1383.6027599099377,1404.207443054835,13189498,23.927884572866418,-31.2264386465979,-17.75525029978634,1638058306,1435.6418077041633,1501.3931579589844,1520.8900268554687,1616.9475808604109,1385.8387350575579
2026-01-21,1398.1356201171875,1406.3974698374059,1366.681076311502,1383.105138772638,17352720,27.785550704138615,-33.71444493599779,-20.94708922702863,1655411026,1435.2686118077754,1493.1263854980468,1519.1221997070313,1613.2977504417934,1372.9550205543003
2026-01-22,1396.0452880859375,1412.9670491536458,1388.5798052619484,1403.610286379211,15721693,27.488151418537058,-35.446277547724094,-23.846926891167726,1639689333,1434.8783299796974,1485.377215576172,1516.9522338867187,1609.535868181102,1361.218562971242
2026-01-23,1379.720703125,1400.5245389866304,1374.6441992470054,1395.348519642108,9837802,25.21805618676632,-37.701426370915215,-26.617826787117224,1629851531,1434.3294978716906,1476.7620483398437,1514.4677197265626,1605.0694380913003,1348.454658588387
2026-01-27,1374.146484375,1385.195374217857,1361.7040134914885,1373.6487855396595,26302396,24.474790526858712,-39.48330200024293,-29.190921829742365,1603549135,1433.7306619164997,1468.5450378417968,1511.7124584960939,1600.9712951612128,1336.1187805223808
2026-01-28,1390.2718505859375,1403.4111724845945,1378.526231208921,1378.6257466723232,11121657,30.826390791215942,-39.14305224570694,-31.18134791293528,1614670792,1433.298235933111,1461.4229614257813,1509.2916479492187,1594.5981877532454,1328.2477350983172
2026-01-29,1384.59814453125,1396.4434009824272,1377.6303609139109,1396.4434009824272,20846683,29.87440086491189,-38.88300346522533,-32.72167902339329,1593824109,1432.813657909212,1452.49423828125,1506.7354663085937,1581.0499263137683,1323.9385502487319
2026-01-30,1388.9779052734375,1391.5659148620384,1372.1556606847782,1376.236766748553,11239835,31.62967737221979,-37.88676776928651,-33.75469677257194,1605063944,1432.37748126607,1443.5257080078125,1504.2768334960938,1563.2221958707114,1323.8292201449135
2026-02-02,1384.0009765625,1386.4894707948447,1329.35361891851,1333.8329085367304,15711165,30.689616169749414,-37.071503143776454,-34.418058046812845,1589352779,1431.896123010313,1433.4771667480468,1501.11744140625,1536.581947065047,1330.3723864310466
2026-02-03,1430.4859619140625,1482.6448239290096,1423.6176937150067,1467.1166446366906,25456171,46.64118790908251,-32.3020918206023,-33.99486480157074,1614808950,1431.8820915566191,1426.4596130371094,1498.93751953125,1508.0797956004012,1344.8394304738176
2026-02-04,1450.095458984375,1457.2622740237098,1433.6713964697635,1437.3543194605445,8333387,51.69201541400879,-26.632968176374106,-32.522485476531415,1623142337,1432.0633190932137,1423.9313110351563,1497.362802734375,1499.0767142449051,1348.7859078254075
2026-02-05,1436.757080078125,1454.7737543419996,1432.8750047042822,1450.2944646433757,11763658,48.340156610200665,-22.951867704883398,-30.608361922201816,1611378679,1432.110023182616,1420.9053100585938,1495.4456689453125,1488.4862543099805,1353.3243658072072
2026-02-06,1444.123046875,1446.113842295832,1426.9026178813986,1434.865799564727,8277304,50.25835611474135,-19.218656392085904,-28.330420816178634,1619655983,1432.2295557566697,1419.919873046875,1493.0746337890625,1485.5138960647512,1354.3258500289987
2026-02-09,1454.873291015625,1459.153549837875,1446.3128948796364,1451.2898835062008,5775864,53.00119774983261,-15.217190373495441,-25.707774727641997,1625431847,1432.4548665552663,1419.2380249023438,1491.0480053710937,1483.056983302091,1355.4190665025965
2026-02-10,1451.7874755859375,1464.2299462371711,1445.5164217743147,1464.2299462371711,10259630,52.112892797639326,-12.154885289235835,-22.997196839960765,1615172217,1432.6472308242282,1418.0087097167968,1488.878037109375,1478.2234010291445,1357.7940184044492
2026-02-11,1461.9405517578125,1463.234617369774,1446.91007080626,1452.882456999606,7106877,54.79732778255375,-8.807194200515369,-20.15919631207169,1622279094,1432.9387066544132,1418.800048828125,1486.9390014648438,1480.8591065962978,1356.7409910599522
2026-02-12,1442.231689453125,1466.2207486838624,1438.8473131178025,1463.2345557130195,11135399,49.04933747275259,-7.656209352456017,-17.658598920148556,1611143695,1433.0311741449477,1418.30732421875,1484.9999658203126,1479.4511756664976,1357.1634727710023
2026-02-13,1413.0665283203125,1444.0233720001163,1409.7817888672503,1438.8473526451965,10755693,42.02435546294321,-8.993755908275261,-15.925630317773898,1600388002,1432.832520952663,1416.3563415527344,1482.6269360351562,1475.5225158670858,1357.190167238383
2026-02-16,1430.4859619140625,1432.9744560797708,1402.8139796964888,1413.564201587246,5896514,46.91471260135705,-8.549613852982475,-14.450427024815614,1606284516,1432.8091721065077,1415.3211242675782,1480.6660009765626,1472.7109986326734,1357.931249902483
2026-02-17,1416.450927734375,1425.2104761017015,1412.0711535507119,1424.5136248062843,10731630,43.715146701625905,-9.223811677523145,-13.405103955357122,1595552886,1432.6464035057902,1415.78896484375,1478.3248266601563,1473.055366330874,1358.5225633566258
2026-02-18,1434.666748046875,1435.4629932986807,1412.6683617554224,1420.4325123887006,5521096,48.613509001951535,-8.193800812248583,-12.362843326735415,1601073982,1432.6665064365475,1418.143084716797,1476.3001879882813,1474.440929297422,1361.845240136172
2026-02-19,1403.0130615234375,1436.3588845536149,1393.5567833507007,1436.3588845536149,11884664,41.80505629728084,-9.81851600158393,-11.853977861705118,1589189318,1432.3714472831834,1418.3869567871093,1473.9132250976563,1474.3774309992723,1362.3964825749463
2026-02-20,1412.8675537109375,1420.8307355027325,1399.6287153786739,1403.013091941889,8177670,44.415072101777916,-10.19343575033281,-11.521869439430656,1597366988,1432.1773786904248,1419.2280700683593,1471.5740405273436,1474.3494456525025,1364.1066944842162
2026-02-23,1421.4278564453125,1428.2961245911818,1411.772547760535,1418.4416634695872,7758856,46.65330344753167,-9.68813863164928,-11.155123277874381,1605125844,1432.0704182700756,1421.313427734375,1469.2448095703126,1473.3689037514928,1369.2579517172571
2026-02-24,1422.2242431640625,1426.7035326906043,1408.4877066792656,1418.7403513100855,12529409,46.86765492429113,-9.118315012590983,-10.747761624817702,1617655253,1431.9724463784735,1423.7173156738281,1466.7025634765625,1471.0658075425563,1376.3688238051
2026-02-25,1392.063720703125,1433.8704252219175,1387.0867320699354,1428.395737725409,10728792,40.26855728817572,-10.97392718813171,-10.792994737480504,1606926461,1431.57534463046,1423.8069091796874,1463.5630810546875,1470.9080531380102,1376.7057652213646
2026-02-26,1400.3255615234375,1406.397463315574,1385.4941111892442,1392.0637118415314,16683858,42.650670096541596,-11.643631166913565,-10.963122023367116,1623610319,1431.2644015149672,1424.593280029297,1460.8655541992186,1469.524934107793,1379.661625950801
2026-02-27,1387.48486328125,1403.9089251530934,1381.711508080472,1391.5659695052796,12031440,39.981853420450506,-13.059966267422624,-11.38249087217822,1611578879,1430.8287842191094,1424.5186279296875,1457.8694067382812,1469.6910440859547,1379.3462117734202
2026-03-02,1351.75,1372.2551671563263,1335.3259388807069,1369.1694587628867,23728722,33.66795255956366,-16.871443359859086,-12.480281369714394,1587850157,1430.0419306447898,1422.9060791015625,1454.1585620117187,1475.4500088574716,1370.3621493456533
2026-03-04,1338.8099365234375,1346.5740873609554,1300.9848230751916,1323.8789706886037,32495007,31.71484401173818,-20.69763197616794,-14.123751491005104,1555355150,1429.1341496087566,1418.3222778320312,1449.7768237304688,1482.1952841218051,1354.4492715422573
2026-03-05,1383.005615234375,1392.5614090361375,1346.8726294272453,1346.8726294272453,25957532,43.72282626471588,-19.933906442475518,-15.285782481299188,1581312682,1428.6751592169717,1414.9677856445312,1446.0739453125,1478.860639583363,1351.0749317056993
2026-03-06,1398.334716796875,1417.7449716586152,1383.9014503612218,1390.0728674061675,19311971,47.19154263494998,-17.885544643942012,-15.805734913827752,1600624653,1428.3732642675182,1413.0466674804688,1442.7712182617188,1476.5124939536438,1349.5808410072939
2026-03-09,1417.4462890625,1422.8214608086796,1363.6948146177142,1368.6718029922313,24870822,51.22775197841274,-14.55230904106429,-15.555049739275061,1625495475,1428.2645381460752,1411.7128295898438,1440.0995703125,1473.612084016757,1349.8135751629304
2026-03-10,1402.3162841796875,1424.9117626543534,1394.1539503917586,1424.015880450879,18071259,48.09383866685207,-12.981913342383905,-15.040422459896831,1607424216,1428.0063465643202,1409.084979248047,1437.1054150390626,1467.8130750452374,1350.3568834508565
2026-03-11,1383.8017578125,1427.4002232775151,1377.2321576556008,1418.34212900751,21848087,44.505804587312774,-13.08054658390688,-14.648447284698841,1585576129,1427.5664999100732,1405.685693359375,1434.0117163085938,1461.9521689579633,1349.4192177607865
2026-03-12,1385.7926025390625,1404.4066120742223,1374.7437125844203,1383.6027762448114,20939959,44.98112697864792,-12.84994345780865,-14.288746519320803,1606516088,1427.150839239715,1401.8782958984375,1431.07330078125,1452.4169580134535,1351.3396337834215
2026-03-13,1374.3455810546875,1394.3531723993444,1372.0562392077015,1378.8248707870416,17265090,42.71561100140581,-13.43598610183767,-14.118194435824176,1589250998,1426.6254137851377,1398.4839904785156,1427.2967602539063,1446.7954998142677,1350.1724811427634
2026-03-16,1388.6793212890625,1390.8692691567512,1357.224777946389,1373.6488401657623,22837802,46.3588415949141,-12.598587401376562,-13.814273028934654,1612088800,1426.2478407254753,1397.264630126953,1423.7033764648438,1445.272450336082,1349.256809917824
2026-03-17,1391.167724609375,1399.429573667814,1381.8109624429321,1392.5613056143347,19007744,46.98916143194973,-11.600427044678554,-13.371503832083434,1631096544,1425.898784843723,1395.2987182617187,1419.827294921875,1440.861802415678,1349.7356341077593
2026-03-18,1401.6195068359375,1406.3974645008152,1390.7696473738063,1390.7696473738063,9559327,49.66457444532523,-9.852433572842301,-12.667689780235209,1640655871,1425.6571999879243,1394.557147216797,1416.4429443359375,1439.1923598598112,1349.9219345737827
2026-03-19,1378.4267578125,1409.1844489610974,1369.7667250791762,1381.6119817895922,16498373,44.31934827771879,-10.220778397942013,-12.178307503776571,1624157498,1425.1872453394128,1391.7451477050781,1413.9982495117188,1432.86636752391,1350.6239278862463
2026-03-20,1407.8905029296875,1423.4186824363833,1389.6746767818195,1391.5659566755692,22994918,51.465759587168975,-8.042507315404691,-11.351147466102194,1647152416,1425.0151384497638,1391.9890197753907,1412.210517578125,1433.431246401673,1350.5467931491085
2026-03-23,1401.3209228515625,1409.0849519631759,1384.598192981382,1393.5567722314413,18979554,49.92705931504925,-6.768301233433476,-10.43457821956845,1628172862,1424.7793751104784,1391.411688232422,1410.9603002929687,1431.9870397163854,1350.8363367484585
2026-03-24,1405.302490234375,1415.8536813182018,1400.1263494042955,1413.4647025895886,18620893,50.88545946258138,-5.375242076183895,-9.42271099089154,1646793755,1424.585575260965,1390.605419921875,1409.6961450195313,1429.3630730875066,1351.8477667562433
2026-03-25,1406.596435546875,1423.9163794589117,1401.9181150601291,1413.464703831985,19041331,51.21227364040289,-4.119336932883698,-8.362036179289973,1665835086,1424.4065788458995,1389.8240295410155,1408.3005981445312,1426.5787015528545,1353.0693575291766
2026-03-27,1341.8956298828125,1398.235116023098,1338.809921280448,1394.552193095842,23266517,37.70269855852858,-8.249739486885574,-8.339576840809094,1642568569,1423.5855743786053,1387.315625,1406.2162353515625,1429.5549502407193,1345.0762997592806
2026-03-30,1337.7149658203125,1358.7178325566667,1327.960019957529,1328.855902170806,24393861,37.02308735504713,-11.725296005839937,-9.016720673815264,1618174708,1422.7311404626025,1384.1850952148438,1403.9288110351563,1431.1228531330848,1337.2473372966028
2026-04-01,1362.8984375,1378.028554948465,1356.6275051009459,1377.8294025098971,14404619,43.616294489553454,-12.305750853867949,-9.674526709825802,1632579327,1422.1357901843678,1382.9557739257812,1402.1450561523438,1430.7632509616988,1335.1482968898636
2026-04-02,1344.2845458984375,1351.9490593116357,1321.8880984473344,1350.7546307176451,21280051,40.26117449074076,-14.105155539440602,-10.560652475748762,1611299276,1421.3611509377417,1382.582501220703,1400.0069409179687,1431.463276998687,1333.7017254427192
2026-04-06,1298.6953125,1352.7454554606609,1284.0630151171836,1352.7454554606609,29274881,33.47026120088768,-18.99095098539783,-12.246712177678576,1582024395,1420.140595331396,1380.5767700195313,1397.83896484375,1438.8643588554871,1322.2891811835755
2026-04-07,1298.5958251953125,1302.2788696189978,1285.058440671965,1289.040031502862,28388922,33.45699890275634,-22.610368615676407,-14.319443465278145,1553635473,1418.9311946335245,1376.3562805175782,1396.0591943359375,1444.68773806682,1308.0248229683364
2026-04-08,1341.5970458984375,1344.3840865060406,1320.0963587364665,1342.7914745147666,21817543,43.81906685313547,-21.758129852646107,-15.807180742751738,1575453016,1418.16170061626,1373.5193969726563,1394.9284228515626,1442.6715987005775,1304.367195244735
2026-04-09,1323.87890625,1343.7868597274437,1320.195983460075,1339.8052690319548,20725390,40.986946918929924,-22.25587837376429,-17.09692026895425,1554727626,1417.2235633588843,1368.8410278320312,1393.4850952148438,1438.1331611998094,1299.548894464253
2026-04-10,1343.9859619140625,1346.0763943468285,1325.3720730291864,1330.8467605257397,19364461,45.30705736150618,-20.788242394330382,-17.835184694029476,1574092087,1416.4948310061998,1365.92451171875,1392.770400390625,1434.2385789710436,1297.6104444664563
2026-04-13,1309.0474853515625,1321.4899565481755,1303.970981405046,1315.1193869938081,28753269,39.84826748683983,-22.18859703771591,-18.70586716276676,1545338818,1415.425703188741,1362.1867980957031,1391.4684204101563,1434.256277156778,1290.1173190346283
2026-04-15,1337.9140625,1340.8007402141902,1328.059600686701,1330.8467629297493,15313779,45.67234916422567,-20.730132589351115,-19.110720248083634,1560652597,1414.6544430823853,1359.79287109375,1390.4212646484375,1431.747527677936,1287.8382145095638
2026-04-16,1337.1177978515625,1347.5694738488123,1323.8789596516422,1345.7777093601655,30211012,45.54136097178607,-19.414739872822565,-19.171524173031422,1530441585,1413.8829341746161,1357.9314819335937,1389.4716577148438,1430.2093419018595,1285.6536219653278
2026-04-17,1358.7178955078125,1362.1022720767137,1333.832952366644,1333.832952366644,13869105,49.751396479487184,-16.43982622350154,-18.625184583125446,1544310690,1413.3340283172352,1356.4334106445312,1388.8664575195312,1427.3287555939692,1285.5380656950933
2026-04-20,1357.0257568359375,1366.6810660920328,1346.5740808024586,1356.9261198573818,13614733,49.42901812206205,-14.05669039545387,-17.711485745591133,1530695957,1412.7737470089637,1354.7263122558593,1388.326953125,1423.8151598171391,1285.6374646945794
2026-04-21,1347.07177734375,1363.4958396538184,1343.8864317482064,1352.7454957201878,27293629,47.47999607793897,-12.823420627608584,-16.733872721994622,1503402328,1412.1199960670215,1351.99892578125,1386.6586694335938,1417.6909218749702,1286.3069296875296
2026-04-22,1355.8311767578125,1359.7132520720183,1342.8910067161314,1344.085556855853,9525953,49.37185628931969,-11.012292273586809,-15.58955663231306,1512928281,1411.559908312701,1350.8691467285157,1384.7733837890626,1415.4724277309576,1286.2658657260738
2026-04-23,1337.21728515625,1349.261572940554,1334.529638479888,1339.8052948565,16385079,45.61184245284816,-10.952689704907243,-14.662183246831898,1496543202,1410.8201807191047,1347.3354858398438,1382.782587890625,1406.5860093096785,1288.0849623700092
2026-04-24,1321.6890869140625,1339.7057606040942,1318.9019248091768,1333.8328899956957,11744802,42.690957494830144,-12.019892227911896,-14.1337250430479,1484798400,1409.9333041638306,1343.3538940429687,1380.3339086914064,1398.0884746315185,1288.619313454419
2026-04-27,1359.51416015625,1365.2873936261717,1304.9663202853897,1306.9571155871217,24673098,50.93356687417522,-9.701655971881792,-13.247311228814679,1509471498,1409.4316211388796,1341.0644775390624,1378.4267260742188,1388.5998720009184,1293.5290830772065
2026-04-28,1382.5078125,1388.7787447541255,1350.75460334444,1351.7500009887617,41027699,55.155964427715354,-5.940562353873702,-11.785961453826484,1550499197,1409.163722545458,1339.8600463867188,1377.0411328125,1381.5545736955953,1298.1655190778422
2026-04-29,1418.83984375,1427.2012083655534,1384.896807968084,1385.5935377241706,30542143,60.88388226190661,-0.027856173338932422,-9.434340397728976,1581041340,1409.2600023584387,1343.707257080078,1376.1791186523437,1397.7994232902545,1289.6150908699017
2026-04-30,1424.215087890625,1430.386505071105,1386.6885214286783,1402.5153692729207,30957881,61.66405621943989,5.033717787566957,-6.54072876066979,1611999221,1409.4088091796546,1348.0322631835938,1375.8187866210938,1412.377118359304,1283.6874080078837
2026-05-01,1424.215087890625,1424.215087890625,1424.215087890625,1424.215087890625,0,61.66405621943989,8.941974106936414,-3.4441881871485496,1611999221,1409.5561353359828,1351.098095703125,1376.0417578125,1423.3423134630202,1278.8538779432297
2026-05-04,1456.3663330078125,1460.6465916696056,1426.8030702776819,1426.8030702776819,24035700,66.32347687444005,14.46686714021348,0.13802287832385662,1636034921,1410.0219084471455,1356.7021850585938,1376.559365234375,1442.1457289608798,1271.258641156308
2026-05-05,1456.864013671875,1466.6189594959255,1443.3266295857375,1453.280606341501,23543341,66.3915713099469,18.67032347692043,3.844482998043172,1659578262,1410.4879990463967,1364.6106201171874,1377.367626953125,1456.174503519451,1273.0467367149238
2026-05-06,1431.2823486328125,1466.519450812893,1420.9301884572374,1456.2668061036345,14221786,59.708400823426075,19.710159880318997,7.017618374498337,1645356476,1410.6949079975052,1371.2449462890625,1377.2999389648437,1461.9385009421956,1280.5513916359293
2026-05-07,1429.590087890625,1442.828925531327,1423.717338832762,1432.1782190445704,19816903,59.28326776018166,20.165234155624148,9.6471415307235,1625539573,1410.8829197377352,1375.644598388672,1377.8314794921876,1468.6656960569817,1282.6235007203622
2026-05-08,1428.5947265625,1436.1598462687914,1410.9762359236815,1419.4371163507371,8663105,59.01709388352403,20.21256854849844,11.760226934278489,1616876468,1411.0591566215637,1380.880389404297,1378.1460229492188,1473.4442939210458,1288.316484887548
2026-05-11,1381.81103515625,1421.427912122738,1375.6396180347506,1413.4647305422184,15261787,48.08832274653545,16.287278874627873,12.665637322348365,1601614681,1410.768130537332,1382.7716430664063,1377.3536865234375,1473.775502995888,1291.7677831369247
2026-05-12,1357.722412109375,1387.0866431630602,1354.0394893602804,1385.593546668805,24357500,43.610314374048855,11.104699897062574,12.353449837291208,1577257181,1410.2403124435216,1385.205389404297,1376.0636499023437,1470.6246644262208,1299.7861143823732
2026-05-13,1352.54638671875,1366.0837705701026,1346.1758174038478,1355.1343963286624,13797989,42.69040581310334,6.504823175250294,11.183724504883026,1563459192,1409.6662435308374,1385.9370056152343,1375.2733032226563,1469.9628329980083,1301.9111782324603
2026-05-14,1355.5325927734375,1371.6579863902991,1352.148216400817,1358.9168476375535,17303059,43.43177756128198,3.065017985312352,9.55998320096889,1580762251,1409.1276002397192,1386.8577453613282,1374.3774438476562,1469.1084066070346,1304.6070841156218
2026-05-15,1330.24951171875,1358.5188307246153,1323.082575367519,1350.5556491178086,19976192,38.8494278068308,-1.6817990195465882,7.311626756865795,1560786059,1408.3427436375207,1385.434326171875,1373.2327368164063,1470.5201356812827,1300.3485166624673
2026-05-18,1329.7518310546875,1335.8237328112184,1312.6309174607939,1327.860551095503,13022473,38.76273152794908,-5.421350412286529,4.7650313230353305,1547763586,1407.5607445073433,1384.0706298828125,1372.7927734375,1471.7681498006993,1296.3731099649256
2026-05-19,1316.6124267578125,1337.8144453658963,1312.3322897558653,1332.5387892026445,21665501,36.450011346947356,-9.337574206208956,1.9445102171864734,1526098085,1406.655786121776,1382.5476623535155,1372.3488232421876,1473.7502724877452,1291.345052219286
2026-05-20,1353.442138671875,1356.6274840630256,1306.558933569541,1312.6308349443716,13248515,46.14868523922061,-9.361446892562526,-0.3166812047633263,1539346600,1406.1262970924238,1382.4282104492188,1371.7575537109376,1473.7766160264698,1291.0798048719678
2026-05-21,1343.388671875,1364.590690861155,1339.0088978228712,1360.9076465750106,17150630,44.167164562535575,-10.075453364042687,-2.2684356366191984,1522195970,1405.502042115136,1382.7367797851562,1370.6586328125,1473.5121173092543,1291.961442261058
2026-05-22,1348.26611328125,1361.106767233248,1342.8909416840763,1343.7868238683554,7105813,45.39221710612339,-10.13095651739286,-3.8409398127739314,1529301783,1404.9325303854457,1384.0656311035157,1369.275029296875,1471.9597704313271,1296.1714917757042
2026-05-25,1360.7086181640625,1364.7897243191815,1350.7546414401118,1360.5095872329855,6750071,48.49677591879367,-9.066424905948224,-4.88603683140879,1536051854,1404.4924914578696,1384.1253540039063,1368.4428759765624,1471.9542816213677,1296.2964263864449
2026-05-26,1350.0579833984375,1362.2017870434288,1346.1759079681497,1353.8404218493883,13769747,46.08172426656645,-8.978692372234036,-5.704567939573839,1522282107,1403.950854561756,1382.502862548828,1367.7680004882814,1471.5813923539206,1293.4243327437355
2026-05-27,1344.2845458984375,1354.736221375619,1342.393266034199,1346.7730400596713,13215138,44.77993503275943,-9.268193892860154,-6.417293130231102,1509066969,1403.3571599481907,1378.77509765625,1366.9378393554687,1467.6989541449025,1289.8512411675974
2026-05-28,1344.2845458984375,1344.2845458984375,1344.2845458984375,1344.2845458984375,0,44.77993503275943,-9.389390880326573,-7.011712680250197,1509066969,1402.7693727437156,1374.7785705566407,1366.3366186523438,1462.3486820502005,1287.208459063081
2026-05-29,1315.119384765625,1362.6994431442622,1310.9387630540493,1357.7224546740495,42634247,38.421056419569325,-11.703909740015433,-7.950152092203245,1466432722,1401.897233559854,1369.3237854003905,1364.865419921875,1457.4858835107343,1281.1616872900468
2026-06-01,1313.9249267578125,1329.353590670499,1312.4318302501333,1326.3673976551404,10700603,38.18191983263249,-13.479185727687991,-9.055958819300194,1455732119,1401.0218872235153,1362.2017150878905,1363.3205639648438,1443.8606747313684,1280.5427554444127
2026-06-02,1308.5498046875,1321.689127358814,1294.3156903458798,1301.6815361898255,23302785,37.06394882601709,-15.145247185431572,-10.273816492526471,1432429334,1400.1017669992764,1354.7860046386718,1361.459169921875,1427.1167034288137,1282.4553058485299
2026-06-03,1307.15625,1317.906594083847,1295.0124463014238,1308.9480145168118,20012293,36.76340426876057,-16.389137337533384,-11.496880661527854,1412417041,1399.1769359843584,1348.5796997070313,1360.033759765625,1414.6178529242911,1282.5415464897715
2026-06-04,1297.699951171875,1305.1654340270677,1287.1487597049047,1295.0124259474096,23474327,34.70678714733454,-17.93127297760566,-12.783759124743415,1388942714,1398.1672147424433,1341.9851928710937,1357.8299487304687,1400.2286539820052,1283.7417317601821
2026-06-05,1291.0,1306.0,1288.0,1304.5,17785223,33.28598290254165,-19.46962295459116,-14.120931890712965,1371157491,1397.100874297245,1335.1054565429688,1355.6235302734376,1382.2502694874718,1287.9606435984658
2026-06-08,1263.300048828125,1282.5999755859375,1259.199951171875,1277.0,16494759,28.154331939824303,-22.6626895775687,-15.829283428084114,1354662732,1395.7695228000398,1329.1799072265626,1352.7834814453124,1380.9206643670054,1277.4391500861198
2026-06-09,1269.199951171875,1274.199951171875,1257.5,1269.0,23620214,30.608217310586,-24.435468202593256,-17.550520382985944,1378282946,1394.5101240773715,1324.7537841796875,1350.0355517578125,1380.9260887187518,1268.5814796406232
2026-06-10,1258.800048828125,1300.5,1254.4000244140625,1275.0,21012796,28.744509973951196,-26.37555229004738,-19.315526764398232,1357270150,1393.1597750699163,1320.0664672851562,1348.3736401367187,1381.5720550698145,1258.560879500498
2026-06-11,1263.0,1276.0,1253.199951171875,1258.0,13117486,30.582768675070824,-27.259946256079274,-20.904410662734442,1370387636,1391.8646529299174,1315.4398376464844,1346.8793408203126,1379.4481312320352,1251.4315440609337
2026-06-12,1293.0,1297.0,1262.5,1277.0,11988785,42.07746620032891,-25.24903046016607,-21.77333462222077,1382376421,1390.8809250400675,1313.5773620605469,1345.4813720703125,1377.9204297523813,1249.2342943687124
2026-06-15,1307.0,1325.0,1303.300048828125,1315.300048828125,18633321,46.527395034551276,-22.268979275787615,-21.87246355293414,1401009742,1390.046288970017,1312.4397705078125,1344.7356811523437,1376.402130929542,1248.477410086083
2026-06-16,1328.800048828125,1333.4000244140625,1306.4000244140625,1313.4000244140625,18513223,52.63009653070021,-17.941368563552032,-21.086244555057718,1419522965,1389.4368736452222,1313.0491516113282,1345.3377758789063,1377.3900227486497,1248.7082804740066
2026-06-17,1332.699951171875,1334.0,1317.0,1333.0,10029170,53.649224544189764,-14.035227008725997,-19.676041045791376,1429552135,1388.8723271529502,1312.0120422363282,1346.0198583984375,1374.3526984666375,1249.6713860060188
2026-06-18,1328.0999755859375,1333.9000244140625,1322.0,1330.0,15494549,52.222083448614526,-11.181863706145123,-17.977205577862126,1414057586,1388.267627137358,1311.247607421875,1345.7499169921875,1372.3940359298367,1250.1011789139134
2026-06-19,1309.5,1338.199951171875,1305.300048828125,1328.0,24887034,46.8008430012327,-10.302652747090633,-16.442295011707827,1389170552,1387.4838696534043,1309.3093017578126,1345.4623388671876,1368.049360278536,1250.5692432370893
2026-06-22,1326.5,1344.9000244140625,1314.0999755859375,1316.699951171875,12931213,51.73278486058203,-8.14027774786473,-14.781891558939208,1402101765,1386.8770649802361,1307.5988708496093,1345.1126196289063,1362.0912396296128,1253.1065020696058
2026-06-23,1309.5,1333.0,1304.0,1328.9000244140625,15400184,47.036711897842586,-7.709467959321728,-13.367406839015713,1386701581,1386.1071439356567,1305.5709716796875,1345.121669921875,1356.4938188683998,1254.6481244909753
2026-06-24,1313.5999755859375,1322.0,1297.5,1305.699951171875,11030917,48.256657567725604,-6.957018158487244,-12.08532910291002,1397732498,1385.385679573968,1304.0367431640625,1344.6353881835937,1351.9623704655335,1256.1111158625915
2026-06-25,1318.0999755859375,1328.0,1314.5999755859375,1318.0,12694362,49.628076104996474,-5.929235344061908,-10.854110351140399,1410426860,1384.7161700815498,1302.7275146484376,1344.2550317382813,1347.5112975531488,1257.9437317437264
2026-06-26,1318.0999755859375,1318.0999755859375,1318.0999755859375,1318.0999755859375,0,49.628076104996474,-5.056422764736453,-9.694572833859612,1410426860,1384.0533223751258,1302.8765441894532,1343.4426733398439,1347.8437455043522,1257.909342874554
2026-06-29,1301.0,1313.699951171875,1292.5999755859375,1308.0,13757656,44.43747929646155,-5.6790728104138,-8.89147282917045,1396669204,1383.226921157463,1302.2302978515625,1342.322158203125,1346.914406759779,1257.546188943346
2026-06-30,1293.9000244140625,1306.9000244140625,1290.0,1306.9000244140625,15695263,42.452136710663076,-6.668565083136855,-8.446891279963731,1380973941,1382.3380963142451,1301.4978088378907,1341.2587231445314,1346.223806714736,1256.7718109610455
2026-07-01,1308.0,1312.199951171875,1296.5,1298.9000244140625,7001401,47.471274252594554,-6.243028895843736,-8.006118803139733,1387975342,1381.5984137638545,1301.5399963378907,1340.302099609375,1346.28884966,1256.7911430157812
2026-07-02,1303.5,1313.199951171875,1299.0,1310.0,17795024,46.08967411546417,-6.197460328638499,-7.644387108239487,1370180318,1380.8213151194382,1301.8299987792968,1339.62775390625,1346.5507165896724,1257.1092809689212
2026-07-03,1304.0,1312.0,1302.0,1312.0,7839550,46.27676636522886,-6.051246091328039,-7.325758904857198,1378019868,1380.05692392422,1302.479998779297,1339.2739721679689,1346.9292575787742,1258.0307399798196
2026-07-06,1321.300048828125,1325.5999755859375,1299.4000244140625,1304.0,7610709,52.428439432747496,-4.487669832601114,-6.7581410904059815,1385630577,1379.472278400876,1305.3799987792968,1338.5096899414064,1346.6828046035469,1264.0771929550467
2026-07-07,1308.4000244140625,1328.0,1304.0999755859375,1323.5,14335554,48.013522308903305,-4.24056593833734,-6.254626059992254,1371295023,1378.765091794042,1307.3400024414063,1337.0275341796876,1345.1630146631428,1269.5169902196699
2026-07-08,1275.9000244140625,1302.300048828125,1271.5999755859375,1297.0,19960868,39.083934478359964,-6.591233076012941,-6.321947463196391,1351334155,1377.7415587852863,1308.195001220703,1334.1687377929688,1342.1674192416697,1274.2225831997364
2026-07-09,1279.800048828125,1296.5,1274.199951171875,1277.0999755859375,14651963,40.513663450775006,-8.046697027474465,-6.666897376052006,1365986118,1376.767016397653,1309.0350036621094,1331.2804370117187,1339.1022583920062,1278.9677489322125
2026-07-10,1307.800048828125,1311.0999755859375,1287.800048828125,1291.9000244140625,8412537,49.650438888760824,-6.861699302522766,-6.7058577613461585,1374398655,1376.0807779143743,1309.7750061035156,1328.9521362304688,1338.9422848030956,1280.6077274039355
2026-07-13,1296.9000244140625,1306.4000244140625,1295.0,1300.0,9488352,46.64677408990619,-6.724603895177779,-6.709606988112483,1364910303,1375.2929097203414,1309.2700073242188,1325.7628100585937,1338.9570912260851,1279.5829234223525
2026-07-14,1293.0,1308.0,1286.9000244140625,1290.0,13511284,45.58418080758895,-6.851672359546001,-6.738020062399188,1351399019,1374.474074797751,1307.4800048828124,1322.4855297851564,1336.5517203305233,1278.4082894351016
2026-07-15,1295.5,1310.9000244140625,1294.0999755859375,1294.0999755859375,9577965,46.42664540304634,-6.673715488500875,-6.725159147619525,1360976984,1373.6882631082212,1305.6200073242187,1319.7698828125,1332.6906785503738,1278.5493360980636
2026-07-16,1296.5999755859375,1309.4000244140625,1291.800048828125,1295.5,15631046,46.816792816100055,-6.37048951158431,-6.654225220412483,1376608030,1372.9212154711836,1304.0450073242187,1317.1100805664062,1329.3056712216094,1278.784343426828
2026-07-17,1327.199951171875,1330.300048828125,1296.0999755859375,1300.0,18302218,56.341856202664594,-3.6192974372122535,-6.047239663772438,1394910248,1372.4662775179565,1304.9300048828125,1315.0821850585937,1332.0638795364832,1277.7961302291417
2026-07-20,1323.0999755859375,1345.9000244140625,1314.9000244140625,1317.199951171875,14305844,54.9225091677432,-1.7496230959161494,-5.187716350201181,1380604404,1371.9750705335584,1304.7600036621093,1313.9079638671874,1331.3890889122704,1278.1309184119482
2026-07-21,1303.699951171875,1326.9000244140625,1302.699951171875,1321.0,12753410,48.67420707590461,-1.812420096923688,-4.512657099545683,1367850994,1371.2957161120491,1304.4700012207031,1312.8275146484375,1331.0124767042753,1277.927525737131
2026-07-22,1288.5999755859375,1304.5999755859375,1280.699951171875,1302.0,10840383,44.43668518067027,-3.045522123406954,-4.219230104317937,1357010611,1370.4728729227347,1303.2200012207031,1311.5485864257812,1330.2746359649332,1276.165366476473
2026-07-23,1272.199951171875,1287.300048828125,1268.0,1283.0,12580741,40.329975853216595,-5.285184950708981,-4.432421073596146,1344429870,1369.495032905313,1300.925,1309.88193359375,1330.2345737313929,1271.615426268607
2026-07-24,1278.0,1283.4000244140625,1249.800048828125,1265.0,9817000,42.35885756898203,-6.516994553323684,-4.8493357695416535,1354246870,1368.5846345679468,1298.9200012207032,1308.836943359375,1328.737549738657,1269.1024527027494
2026-07-27,1280.0,1288.699951171875,1278.0,1288.199951171875,7163132,43.077589315853686,-7.248275643083389,-5.329123744250001,1361410002,1367.703195418017,1297.8700012207032,1307.8419067382813,1328.7796147717402,1266.9603876696663
2026-07-28,1267.699951171875,1279.199951171875,1265.9000244140625,1275.0,9312184,39.79145303720973,-8.719815712311629,-6.007262137862327,1352097818,1366.708138261339,1296.5599975585938,1306.8636572265625,1330.1372817298338,1262.9827133873537
2026-07-29,1275.9000244140625,1282.4000244140625,1268.699951171875,1275.0,9448307,42.91775417943517,-9.119223704924934,-6.629654451274849,1361546125,1365.8045749394757,1294.9549987792968,1305.3128149414063,1329.2525510955295,1260.6574464630642
2026-07-30,1292.9000244140625,1297.0,1275.300048828125,1279.800048828125,12158451,48.84773642376897,-7.972102061474516,-6.898143973314783,1373704576,1365.0791565262875,1294.425,1304.3030419921874,1328.5049013322587,1260.3450986677412
2026-07-31,1307.800048828125,1309.699951171875,1293.5999755859375,1295.0,8624996,53.41562361081824,-5.793903931022896,-6.677295964856405,1382329572,1364.5092151561566,1294.6150024414062,1303.493720703125,1328.947749671077,1260.2822552117354
2026-08-03,1319.0,1319.0,1306.0,1315.199951171875,7508023,56.55608393808676,-3.127867650650387,-5.967410302015202,1389837595,1364.0563871446525,1294.5,1302.6595483398437,1328.488114262851,1260.511885737149
2026-08-04,1290.9000244140625,1315.0,1286.4000244140625,1315.0,10759546,47.8417435335849,-3.2450410657536395,-5.42293645476289,1379078049,1363.3284631373829,1293.625,1301.4763891601563,1327.0327721532906,1260.2172278467094
2026-08-05,1280.0,1299.0,1270.0999755859375,1293.0,24820782,44.94855248931061,-4.169380691064589,-5.1722253020232305,1354257267,1362.4993242006926,1293.8299987792968,1300.1906982421874,1326.8482409394076,1260.811756619186
2026-08-06,1325.0,1325.199951171875,1281.199951171875,1285.0,20342297,56.61374699132446,-1.2563205035892224,-4.38904434233643,1374599564,1362.1261965967058,1296.0899963378906,1299.8050073242186,1331.0859940458793,1261.093998629902
2026-08-07,1334.800048828125,1337.0,1316.5999755859375,1320.0,9885638,58.66780236975382,1.8220789287684056,-3.146819688115463,1384485202,1361.8542946288592,1297.4399963378905,1300.1986206054687,1336.036607879217,1258.8433847965641
2026-08-10,1327.300048828125,1332.9000244140625,1321.300048828125,1330.0999755859375,8207102,56.46460206634022,3.6148753053589644,-1.7944806894205776,1376278100,1361.5104712875584,1298.9599975585938,1300.466123046875,1339.687421251193,1258.2325738659947
2026-08-11,1323.9000244140625,1328.699951171875,1314.0999755859375,1326.5999755859375,9953124,55.44801260669003,4.70706567216007,-0.49417141710444823,1366324976,1361.1362379853347,1300.5049987792968,1300.7731274414064,1342.5344122807862,1258.4755852778073
2026-08-12,1329.0,1329.0,1309.199951171875,1323.9000244140625,7901012,56.70710247440495,5.915964260729652,0.7878557184623719,1374225988,1360.8164744232915,1302.179998779297,1301.2100024414062,1345.9136484742012,1258.4463490843928
2026-08-13,1317.0,1327.800048828125,1307.199951171875,1327.800048828125,9397301,52.91755583805345,5.83842367615307,1.7979693100005116,1364828687,1360.3804896031595,1303.2,1301.5960034179689,1347.3154129658137,1259.0845870341864
2026-08-14,1310.0,1317.5,1301.5,1317.0,10497358,50.785535644328796,5.152733204748301,2.4689220889500696,1354331329,1359.879191199148,1302.3400024414063,1301.9760034179687,1345.2032704769945,1259.4767344058182
2026-08-17,1316.0,1320.800048828125,1298.0999755859375,1314.0,13383867,52.55020667397147,5.035423197753289,2.9822223107107133,1367715196,1359.4425823314948,1301.9850036621094,1303.0300024414062,1344.2683273231614,1259.7016800010574
2026-08-18,1322.0,1328.5999755859375,1311.199951171875,1314.0,10180567,54.314356331850234,5.364762386600432,3.458730325888657,1377895763,1359.0700193232212,1302.9000061035156,1304.0860034179686,1346.0747944486027,1259.7252177584285
2026-08-19,1311.0,1321.5999755859375,1303.5,1320.300048828125,7489365,50.60004645336745,4.6841618948242285,3.7038166396757712,1370406398,1358.591710673239,1304.0200073242188,1305.1300024414063,1346.8133309082714,1261.2266837401662
2026-08-20,1313.199951171875,1316.5,1307.0,1315.5,5546227,51.317089242914975,4.27304180933902,3.8176616736084212,1375952625,1358.1400513747183,1306.0700073242188,1306.1340014648438,1346.4285209548143,1265.7114936936232
2026-08-21,1316.0,1316.0,1308.0,1314.0,5434871,52.26676777822481,4.125609263589013,3.8792511916045394,1381387496,1357.72074738094,1307.9700073242188,1306.5940014648438,1346.3953311503474,1269.5446834980903
2026-08-24,1309.800048828125,1320.0,1302.4000244140625,1316.5999755859375,7277167,49.943565746080075,3.4685009446482127,3.7971011422132745,1374110329,1357.2439245097678,1309.460009765625,1306.6500024414063,1345.679212275883,1273.2408072553671
2026-08-25,1317.0,1317.0999755859375,1300.0,1304.300048828125,7115355,52.57960841859857,3.4885004925833982,3.7353810122872995,1381225684,1356.8434874499692,1311.9250122070312,1306.4140014648438,1342.748955402714,1281.1010690113483
2026-08-26,1298.0,1315.5999755859375,1298.0,1310.0,5744474,45.734981682026714,1.9487451470331507,3.37805383923647,1375481210,1356.2579801121585,1313.030010986328,1305.7200024414062,1339.9456686750818,1286.1143532975743
2026-08-27,1282.199951171875,1308.4000244140625,1282.199951171875,1305.0,11271497,40.95989984063621,-0.5402265561062904,2.594397760167918,1364209713,1355.5210843018076,1312.4950073242187,1304.802001953125,1341.345708509752,1283.6443061386854
2026-08-28,1287.0,1291.800048828125,1280.0,1284.9000244140625,6830228,42.910031890688224,-2.1012093052556793,1.6552763470831986,1371039941,1354.8392824679588,1311.4550048828125,1304.352001953125,1342.3358580319857,1280.5741517336394
