Price,Close,High,Low,Open,Volume,Daily_Return
Ticker,RELIANCE.NS,RELIANCE.NS,RELIANCE.NS,RELIANCE.NS,RELIANCE.NS,
Date,,,,,,
2015-01-02,188.62481689453125,190.86135588187943,188.3585707167246,189.16797331601128,7331366,-0.002646653521072184
2015-01-05,186.5587158203125,189.7644197815686,186.1859569003978,188.5076949899657,10103941,-0.010953495453220219
2015-01-06,178.091796875,185.95161054510965,177.218481085265,185.3126055808231,18627980,-0.04538474071330745
2015-01-07,181.96847534179688,182.92699000748544,178.2835287555138,178.30482844947335,20720312,0.021767866543105585
2015-01-08,179.3591766357422,183.80029042115146,178.9544682658332,183.20387060299453,19872227,-0.014339289820138101
2015-01-09,183.24649047851562,183.60859950458453,179.9875519001595,180.71175573354262,13392787,0.02167334794733211
2015-01-12,181.11643981933594,183.39557792357758,179.26332398633403,183.28907946514406,10100113,-0.011623964276846088
2015-01-13,179.5934600830078,182.10689466810504,179.02900406323516,181.69153648256426,9948711,-0.008408843161047619
2015-01-14,177.8468780517578,180.41356237216016,177.0481110582435,179.56154614157887,11380041,-0.009725198403342405
2015-01-15,184.08782958984375,185.54690110657066,178.9225122393432,178.9225122393432,16927085,0.03509171263759647
2015-01-16,185.24871826171875,186.3776304213054,181.48920872023663,183.18257695961665,19136963,0.006306167411835428
2015-01-19,187.3680877685547,188.72064665412026,182.91632415183335,185.3552099905248,13339962,0.011440670287616861
2015-01-20,192.35240173339844,192.88490837586735,187.19771866554115,187.7621890721891,13361320,0.026601722973234265
2015-01-21,193.14048767089844,194.13095192898646,190.00934718363794,192.76774300724009,17084297,0.004097094345576702
2015-01-22,188.24142456054688,193.23634510111373,187.33615910809786,192.79968714574107,23721627,-0.025365282905877917
2015-01-23,188.912353515625,191.2340767726755,186.80362717435793,189.57265817330642,18080494,0.003564193995261311
2015-01-27,189.37033081054688,190.9998000421227,187.54915011606235,190.19038324040642,17939876,0.002424284523478759
2015-01-28,193.16177368164062,193.79014307908727,188.74195929972706,188.74195929972706,19298126,0.020021314082652397
2015-01-29,197.96499633789062,199.05130914446687,193.17242311034371,193.215022497366,36117653,0.024866320932455332
2015-01-30,194.9510040283203,198.3590545149964,193.61973053010593,198.09279412785193,21746801,-0.015224874929030241
2015-02-02,193.41737365722656,195.9414582996459,192.91681666722144,195.12139170498207,19302710,-0.007866747743812352
2015-02-03,199.71165466308594,200.40390901309334,194.51437234829828,194.51437234829828,17092333,0.03254247995846571
2015-02-04,197.8372039794922,201.03224341239962,197.21949863079746,200.03112935050476,14072894,-0.009385785154882198
2015-02-05,196.75086975097656,200.20150513837328,195.4515458936831,199.37080293863093,12365643,-0.005491051261663826
2015-02-06,193.81141662597656,198.0927682034264,192.34169531254173,196.83605801558116,9045844,-0.014939975252563853
2015-02-09,190.9998016357422,195.53676442070753,189.99868758151854,191.9583163020205,8839692,-0.014506962691781533
2015-02-10,187.86868286132812,192.66124252376267,183.45951773438406,191.2767338192018,13651008,-0.016393309038013837
2015-02-11,191.851806640625,192.71447263370337,188.08164727735914,188.72065227801738,9781008,0.021201637860190692
2015-02-12,193.65167236328125,194.67408604671823,188.98691170994425,193.4067258981105,8709626,0.009381541691852568
2015-02-13,195.43026733398438,196.1331714588112,193.63038630553888,194.68474960215633,7393680,0.009184506123792069
2015-02-16,192.29910278320312,196.8573647207144,191.7026829853023,195.68583903510805,12266698,-0.016021901793902726
2015-02-18,192.05416870117188,193.40674195129375,190.5098982015268,191.7027095249581,9835036,-0.0012737141176752953
2015-02-19,192.13938903808594,193.32156486572427,189.05084769224044,193.18310261788875,9550637,0.00044373073227399473
2015-02-20,185.9729461669922,190.8507186544902,185.58953742684378,190.6909567184877,18717199,-0.032093590502005
2015-02-23,181.3613739013672,186.75035151425553,180.43480901134234,185.3019300356679,14104463,-0.024797006019811607
2015-02-24,179.2313995361328,182.50100245834744,178.28354882945453,181.9578459824675,19946218,-0.011744366065470802
2015-02-25,179.5934600830078,182.43705409122765,179.14615236156018,180.7969352584211,15274116,0.0020200732004105326
2015-02-26,179.34854125976562,181.05255942679545,178.1983151337351,180.221842927788,21459750,-0.0013637402115254105
2015-02-27,182.23472595214844,183.3956019574645,179.90235253178665,180.5307077376429,18659378,0.01609260199224316
2015-03-02,184.08782958984375,186.48411596539907,182.23469956358062,185.09959336855016,14579511,0.010168773421273647
2015-03-03,191.8731231689453,193.07658435130193,184.7588261102915,185.09962122387654,20636925,0.04229119109311874
2015-03-04,189.11473083496094,193.75820652930216,187.45331196984404,192.98073922482942,14476047,-0.014376126725969773
2015-03-05,188.4970245361328,191.43646774219923,187.04860262798033,190.1051941558906,10716702,-0.003266304513143359
2015-03-09,185.23806762695312,189.9454422799333,184.0665559966888,188.5289699451565,14065391,-0.017289168978659286
2015-03-10,183.0015411376953,186.54803975590264,182.2027741670949,185.08896804585885,15234060,-0.012073795186429481
2015-03-11,182.31991577148438,185.2273947918955,181.5637482761328,183.3849287975054,11635873,-0.0037246974095046514
2015-03-12,183.99197387695312,184.75879117503467,182.24534237507405,182.75656338629645,11782380,0.009171011835944931
2015-03-13,181.0738525390625,185.22740644561915,180.41354783388658,185.0996082869568,12936157,-0.015860046916188586
2015-03-16,179.3698272705078,181.8939118970542,178.98641859107912,181.37205521793715,13839990,-0.009410664459061469
2015-03-17,182.51161193847656,183.16126675245445,179.13551128120127,181.16968870847458,19070082,0.017515680958038793
2015-03-18,185.02503967285156,185.7918569807374,182.05364748761033,182.5435545957729,9269885,0.013771330534422477
2015-03-19,182.36251831054688,186.73971879510893,181.925860402947,186.49477233551195,13934612,-0.014390059675232991
2015-03-20,181.9258575439453,183.4275284723957,180.75433183845908,182.73526005125544,10405717,-0.002394465543944513
2015-03-23,179.33792114257812,184.03463239151574,178.51785435456634,182.4371124290799,13251683,-0.014225225794206042
2015-03-24,180.6159210205078,181.96849438474888,179.36986035596536,179.36986035596536,9238431,0.007126211064494514
2015-03-25,179.96624755859375,180.94606192000595,179.1355310551669,180.83956345001644,10264941,-0.003596988893577624
2015-03-26,176.64337158203125,180.8927879216776,175.53575920825833,179.15680622347858,20621346,-0.01846388432075652
2015-03-27,172.89456176757812,177.85753299187633,170.71127189154245,177.62322212331762,23326922,-0.021222476568911186
2015-03-30,172.6921844482422,174.17255580025198,169.64624297036656,173.938259172148,17330588,-0.0011705244934655523
2015-03-31,175.94049072265625,177.4102122570868,174.23645833672006,174.23645833672006,20235395,0.018809804767902616
2015-04-01,178.08116149902344,178.70951666860736,173.19273971095927,175.7061746080489,14588531,0.01216701606079762
2015-04-06,175.65293884277344,178.4965334219954,174.9606845403668,178.07052530560864,12334096,-0.01363548303374762
2015-04-07,177.39956665039062,178.0918209370022,175.95114477522606,175.95114477522606,21275454,0.009943629859678005
2015-04-08,184.4392852783203,185.2060883729519,177.4101881868945,177.53798633287437,24821205,0.03968284004776157
2015-04-09,190.6590118408203,191.4897284283451,182.92700885551434,184.3541311541121,27276420,0.033722352334614625
2015-04-10,192.62925720214844,193.57712195413177,189.38096878945564,190.62702923588105,25323219,0.010333869573251997
2015-04-13,196.49530029296875,196.97455767782986,191.43648024096564,193.15114844707654,20177342,0.02006986450019488
2015-04-15,196.74024963378906,200.13763630500225,193.23635026862704,196.17577927775173,22231264,0.0012465913457222477
2015-04-16,197.7413330078125,199.79681013463872,195.74975495617224,196.92126643875375,20177302,0.005088350634335548
2015-04-17,197.42184448242188,201.13874061701674,196.5165790498366,199.16846204683267,23958678,-0.001615689145667898
2015-04-20,188.64610290527344,199.67965652585826,187.12313222242497,199.64770698683893,37628162,-0.04445172518854579
2015-04-21,186.68649291992188,190.74421274878952,185.83449090902553,189.60463642053566,17707007,-0.01038775757978716
2015-04-22,187.38938903808594,188.8804101535762,184.67359296053945,187.84734664074568,14761313,0.003765115018072418
2015-04-23,186.81430053710938,189.44488387194738,185.11026812132016,188.2627224030284,13337818,-0.0030689491220854404
2015-04-24,187.20834350585938,188.39051918484978,185.02506798526454,186.80364931789873,12709854,0.002109276257851178
2015-04-27,186.4415283203125,189.04016192770885,185.62146171252098,187.45329216271597,11042925,-0.0040960524044317825
2015-04-28,184.29022216796875,187.8686704609745,182.87374979352262,186.3137500689618,14687371,-0.0115387712797963
2015-04-29,181.0525665283203,185.42978176208146,180.4987602468445,183.60860098849895,16387960,-0.01756824427015735
2015-04-30,183.68312072753906,184.4392882074335,180.61587986279665,181.05253775391486,34802149,0.01452922899497966
2015-05-04,189.77505493164062,190.4034101693962,183.28911279000505,184.50322387439755,15078502,0.03316545461538545
2015-05-05,190.03062438964844,192.08610159530198,188.52895340893107,190.36078384285693,17846755,0.0013466967937376673
2015-05-06,187.4959259033203,191.01047537978988,185.73864405570748,189.5727032004947,22438208,-0.013338368457553762
2015-05-07,185.47238159179688,187.11250074539757,183.1825933101832,186.37764705705703,16735535,-0.010792470832496126
2015-05-08,191.8964385986328,192.76997354027543,185.7278026704734,187.8630975074672,17104443,0.03463619193166201
2015-05-11,193.24447631835938,193.99937253637208,190.53759940455888,192.57583791046122,14214007,0.007024818853184067
2015-05-12,187.36703491210938,193.01802368411657,186.60135456372754,193.01802368411657,16650201,-0.030414537679034348
2015-05-13,190.90428161621094,191.66997630196153,184.8866219879941,188.36996337123963,16701434,0.01887870353373966
2015-05-14,189.41604614257812,191.14154802413535,187.712126712545,191.09839751898676,12329713,-0.007795715533634451
2015-05-15,188.49935913085938,191.30329225237853,187.66897473862284,190.21407684063172,8331715,-0.004839542532889429
2015-05-18,192.29542541503906,192.8238570105693,188.12189277300467,188.70424449074244,9847540,0.0201383511417903
2015-05-19,193.15821838378906,195.14253690631463,191.22781999525608,192.23076328331737,14513036,0.004486809641403688
2015-05-20,196.02684020996094,196.490567757141,193.6219302602409,194.20429649932248,8708891,0.014851150782889011
2015-05-21,193.41702270507812,197.43957962785979,192.84545492326956,196.54447666480732,10759523,-0.013313572274528784
2015-05-22,194.94837951660156,195.32583479337748,193.47092488272767,193.47092488272767,8349048,0.007917383848155213
2015-05-25,192.9317169189453,195.84349020230397,192.46798942280014,194.1179885242109,6617337,-0.010344597901540964
2015-05-26,190.79641723632812,193.25524698420838,190.3866098786985,193.0395520811887,9510249,-0.011067644639861207
2015-05-27,190.94741821289062,192.15527239102204,189.84741869912585,191.0983945859448,8078236,0.0007914245914557583
2015-05-28,188.89840698242188,192.8778282389221,188.0787921119041,191.066054061104,26538868,-0.010730761639229258
2015-05-29,189.15719604492188,191.19543434355322,188.31601330653854,189.78268388730837,29277517,0.0013699907089428365
2015-06-01,194.60330200195312,195.17488420406747,189.372905153844,189.8042806131137,19594976,0.0287914288798079
2015-06-02,193.8268280029297,198.17290566214237,192.27388506594002,195.3582028879292,20178960,-0.003990035066391839
2015-06-03,193.3307647705078,196.37194674588662,191.6376293522947,193.90233259451733,15546279,-0.00255931151292621
2015-06-04,196.85723876953125,197.61213503722428,192.51114642376737,195.02389663700615,15931395,0.018240625092491136
2015-06-05,195.78956604003906,197.77388429021727,195.07779157322864,196.25329352662837,13066337,-0.005423588871639851
2015-06-08,190.97976684570312,196.27488221056336,190.47290320455636,195.58467572183218,10846953,-0.024566167092644364
2015-06-09,190.60232543945312,192.10133390831174,189.23271088979416,190.56995896227934,9153355,-0.0019763423763886623
2015-06-10,195.36898803710938,196.25330696958846,190.88270361627005,191.09838413741195,13509379,0.025008417849395226
2015-06-11,189.1895751953125,196.167041877973,188.4346645481308,195.4121312307913,14676438,-0.03162944592118744
2015-06-12,191.92877197265625,192.5434758206847,189.42680608088114,189.58858086039226,21543824,0.01447858199647567
2015-06-15,194.49546813964844,195.1964586832514,191.96114983116783,193.01801326211722,12858570,0.013373170372589449
2015-06-16,194.96995544433594,195.19643437871102,192.65133236024005,193.9023081194335,13929305,0.0024395802597663163
2015-06-17,200.84744262695312,203.25235255860255,192.8238964356236,195.2072383139802,26232634,0.03014560458416482
2015-06-18,211.14646911621094,211.80430911799473,201.12782073185448,201.1386047581477,49366799,0.05127785723608569
2015-06-19,214.964111328125,217.06705386807394,211.9121457592755,211.9121457592755,45710935,0.018080540147763058
2015-06-22,213.89646911621094,217.5631386167604,212.7748872566716,215.02882060348534,19394187,-0.004966606775976601
2015-06-23,214.60824584960938,216.26902911960536,213.7454949362534,214.10138220764512,16007498,0.0033276693922970058
2015-06-24,213.7239227294922,217.07785568160645,212.80725170160477,214.60824167859994,18603004,-0.004120639058467934
2015-06-25,216.6680145263672,217.6278215097447,212.45134573257113,212.8827211136517,27175118,0.0137752094350303
2015-06-26,215.83766174316406,218.72785274188087,214.6945117771632,215.66510292680425,20966796,-0.003832373620159202
2015-06-29,213.71311950683594,214.36018982010447,209.64742678886435,213.07684761675623,20168946,-0.009843241532407898
2015-06-30,215.708251953125,216.3013878250147,213.0984454780706,213.50825289436335,23184864,0.00933556372623734
2015-07-01,216.9053192138672,217.94061456857037,215.90237593912974,215.90237593912974,14824266,0.005549473652043391
2015-07-02,218.02687072753906,219.9464849224223,217.21803999215396,217.6278473727771,15931202,0.0051706962177633375
2015-07-03,217.23960876464844,218.6631433767422,216.34450581940408,217.78960848329174,13831096,-0.003610848333802097
2015-07-06,219.04058837890625,219.7631324779175,214.65136046419684,214.84548731911013,12237733,0.008290291188145726
2015-07-07,216.38763427734375,219.26704088799676,215.68664386965497,218.05920131478396,11294999,-0.012111700946371151
2015-07-08,214.95335388183594,217.56316033506758,213.88570644178205,214.79157908329177,15190654,-0.006628291862877389
2015-07-09,212.96902465820312,215.90236616300606,212.05235363821487,214.82392035261478,16245867,-0.009231441090812864
2015-07-10,216.0749053955078,216.5494169333633,213.58372342124125,213.7670518616792,16110573,0.014583720530670474
2015-07-13,217.1964874267578,218.38277354976591,214.64060112592944,216.07491986142963,9860248,0.005190709347747013
2015-07-14,215.212158203125,218.16706773981207,214.6513744484258,217.60628398511287,9942927,-0.00913610181795399
2015-07-15,218.09158325195312,218.792559357728,215.58961716665516,215.6327532717552,13532911,0.013379472019003691
2015-07-16,220.79843139648438,221.68275028899987,218.09156898898715,218.2748974236729,14854295,0.012411520445537505
2015-07-17,220.36709594726562,222.405334741248,219.56906351245433,221.13279069740003,10195142,-0.0019535258764777907
2015-07-20,221.02491760253906,222.14648509448594,219.5474628571846,221.68275758183316,6348354,0.0029851174125870017
2015-07-21,217.36903381347656,221.8229664329722,216.27981831821407,221.72591019242597,7923338,-0.016540595642871136
2015-07-22,226.55728149414062,227.32296173340805,216.67882577991844,216.76509798739664,17309440,0.04227026968592251
2015-07-23,225.45729064941406,230.32101611253134,224.57297169324767,227.2259141638479,18642915,-0.004855243837108891
2015-07-24,221.0896453857422,226.39553068662536,220.23767845085933,226.0396577930844,13099664,-0.019372384237791418
2015-07-27,216.84060668945312,222.13572230140866,216.06414235077094,221.05729081007794,20118553,-0.01921862368938909
2015-07-28,217.89747619628906,219.2886444161505,215.7082468185387,217.47688476320798,13382878,0.004873946457590872
2015-07-29,214.8239288330078,218.42590889815096,213.98276036088097,217.73570240042204,14790821,-0.01410547481748936
2015-07-30,215.71905517578125,217.41220512561705,214.0259196238463,215.7082711480218,11701228,0.004166790671951803
2015-07-31,216.08567810058594,217.3905883607982,213.52979210477474,215.6866547649923,16634259,0.0016995388956526636
2015-08-03,216.21510314941406,218.67393310756034,215.55726315463897,215.90236639024334,9887787,0.0005989524616614172
2015-08-04,213.0984344482422,216.90531089473407,211.37294705588226,216.42001531596114,12006872,-0.014414666948673438
2015-08-05,213.04452514648438,215.85924252602445,212.25726239502848,213.15236541438256,14345010,-0.0002529784036067184
2015-08-06,211.14646911621094,213.96118636612832,210.83373235370829,213.7454914423655,8708037,-0.008909198811696162
2015-08-07,212.31118774414062,214.39256241615172,210.7582303619759,211.15725373384046,8608888,0.005516164361188736
2015-08-10,208.9788360595703,213.27099399129602,208.02981288721188,212.34355327085018,9288894,-0.015695600971278867
2015-08-11,208.35333251953125,210.00333172185398,206.6278307359085,209.43176393534605,8762464,-0.0029931429987520852
2015-08-12,203.37094116210938,208.35330457739516,202.86407760077765,207.83565699130952,9650325,-0.023913182943473332
2015-08-13,201.3111572265625,205.75430550029404,200.45919038047677,204.2552826991285,9340350,-0.010128211649986896
2015-08-14,208.55821228027344,209.64742763487752,201.51604216612088,202.79938437464793,12739366,0.03599927174207673
2015-08-17,205.05331420898438,208.35332692288597,204.05037100351115,208.35332692288597,10857430,-0.01680537070666377
2015-08-18,203.62979125976562,206.19646156298475,203.2199982516922,206.19646156298475,6630334,-0.00694220893093167
2015-08-19,205.89450073242188,207.274884869613,202.62684003742564,203.6082152087451,8877298,0.011121700113944533
2015-08-20,197.63368225097656,207.04841013731846,197.08368254879417,207.04841013731846,19008087,-0.04012160816369237
2015-08-21,195.83273315429688,196.6847000851681,193.47095924605512,196.2748926602718,20050521,-0.009112561564241117
2015-08-24,178.9228515625,189.80424929383173,176.43166985465518,189.80424929383173,35635706,-0.08634859616892321
2015-08-25,182.93466186523438,185.63075500004678,177.5532884183989,181.36015073104545,49504268,0.02242201187662718
2015-08-26,184.06703186035156,188.68272509251156,181.17682617742796,182.85917761777594,18955515,0.0061900242609647105
2015-08-27,187.46405029296875,190.07385636166384,184.85424422427366,186.9571867143987,26997546,0.018455333354831627
2015-08-28,188.16505432128906,190.4513254037068,186.80622386417951,188.7258380659934,10770215,0.0037394051138059936
2015-08-31,184.60623168945312,188.262117387575,184.15328818730984,188.262117387575,20708942,-0.01891330271007341
2015-09-01,181.1444549560547,184.17485267267404,180.1199436824047,184.17485267267404,21645696,-0.018752220343362436
2015-09-02,183.23660278320312,184.86503381918314,181.73758005257042,183.3336590122136,19652369,0.011549610103472219
2015-09-03,184.16404724121094,185.65228586133605,182.12580895689797,184.20718334052788,11659978,0.0050614584854813405
2015-09-04,180.29249572753906,183.26897343967389,177.96307400563813,183.26897343967389,16199949,-0.021022298172026277
2015-09-07,179.7101287841797,182.03955031019262,178.52385716885811,180.79934416881278,10234633,-0.0032301230342912657
2015-09-08,183.03172302246094,183.96996219155176,177.96308622223478,180.31407615860147,12900468,0.018483066373349955
2015-09-09,188.5209197998047,189.52386296507026,183.44149982060765,185.7062171605128,17340694,0.029990411971754893
2015-09-10,187.00035095214844,187.7552616199805,184.51995281168513,185.7062389471499,11074406,-0.008065783093308632
2015-09-11,185.69541931152344,188.96306517554672,184.670908171568,188.07874635637134,10634833,-0.006978230971122157
2015-09-14,186.32095336914062,186.71997677902945,183.7434988427404,185.86800982249662,7964072,0.0033686025209258563
2015-09-15,187.00035095214844,187.6474213525472,184.5415208651718,185.92191948201648,11509788,0.003646383140074372
2015-09-16,188.19740295410156,189.23269821735857,186.6121079821079,188.10034672277712,13424811,0.0064013355903242974
2015-09-18,193.1258544921875,194.01015903348315,189.18956976826752,189.46995444788118,34261453,0.026187670290476417
2015-09-21,189.39447021484375,191.57290113194648,188.95231073602508,189.80427761457076,12732187,-0.01932099814991206
2015-09-22,182.8807373046875,190.86114745030764,182.14740908923733,189.80428403509734,15745524,-0.034392413372825836
2015-09-23,183.40916442871094,184.80034703564294,181.17681336006353,181.82386934551363,15221260,0.002889463000923076
2015-09-24,180.60520935058594,182.9022641174557,180.0444256892399,182.9022641174557,29076982,-0.015287976949564408
2015-09-28,179.9365997314453,181.3709183852897,178.7395440478549,181.13366981293427,11624639,-0.00370205057509021
2015-09-29,181.3385772705078,183.3875999290503,178.17877106934904,179.01995394526207,15853471,0.007791508459951801
2015-09-30,185.9866180419922,186.52583376082114,180.85327748774904,183.54937047979286,17292020,0.02563183654270529
2015-10-01,186.5042724609375,188.49937501221308,185.18859239443228,188.49937501221308,8663393,0.002783288520405547
2015-10-05,191.5297393798828,191.9611147745747,185.88953596992297,186.09444684129758,16015412,0.026945586032072644
2015-10-06,193.6974334716797,194.2258651809335,191.0444765007486,193.17978578918817,12330294,0.011317793773516494
2015-10-07,197.09445190429688,198.01112280567085,192.1768070274065,192.9748392583967,11515191,0.01753775655016021
2015-10-08,191.7670135498047,197.33172911101852,191.15230969549748,197.33172911101852,10753149,-0.027029874778408458
2015-10-09,191.38955688476562,195.29348928942224,190.12779710854883,192.8346594919329,9327873,-0.001968308616022929
2015-10-12,192.3385772705078,194.46308785112484,191.529746575337,191.529746575337,6212395,0.004958579774096972
2015-10-13,192.7376251220703,193.31997696159476,190.4297714194666,190.89349896532667,6162561,0.002074715625047352
2015-10-14,194.7542724609375,195.19643190062985,192.8130902956141,193.21211363366797,8002587,0.01046317416015663
2015-10-15,194.91603088378906,196.49054177146857,194.13956666419938,195.77878170368658,9048478,0.0008305770179393157
2015-10-16,197.31015014648438,197.31015014648438,194.91602461708547,195.0885690163585,15246935,0.012282823797713727
2015-10-19,207.81410217285156,208.24546319047266,202.96114674563634,202.96114674563634,33505855,0.05323574088088723
2015-10-20,206.34742736816406,208.50429000447116,205.54938070582372,208.13761874897176,18091895,-0.007057628858447629
2015-10-21,205.98077392578125,210.25136346681964,205.5493984816352,206.08861418734307,14404450,-0.0017768743088258931
2015-10-23,206.12098693847656,209.8739436004166,202.99353265212667,207.91119305154456,12153422,0.0006807092235989742
2015-10-26,203.3601837158203,207.70626144284748,203.02586450685718,207.46901286725338,10938775,-0.013394090837922756
2015-10-27,202.6483917236328,204.52486970588922,202.18466424068558,202.4866313451271,11601798,-0.0035001541559490645
2015-10-28,202.08761596679688,203.80233363803075,200.5670251553073,202.07683194113875,11958727,-0.0027672351705643194
2015-10-29,202.96115112304688,203.8239019726922,201.65624082290574,201.88271975993925,13280382,0.004322556590471649
2015-10-30,204.40626525878906,206.17488876239378,202.76705007054346,203.19841112174055,13366359,0.007120151456305512
2015-11-02,207.01605224609375,207.38272350321589,203.86703047948544,204.68663079800268,7222044,0.0127676467450768
2015-11-03,208.6121368408203,209.3131272982727,207.32880900291485,207.76018442337065,11373522,0.007709955713140593
2015-11-04,205.18272399902344,210.2945106943322,204.0827245524261,208.78470386228324,10033187,-0.01643918179321302
2015-11-05,202.01214599609375,205.11803205297895,201.23568168082213,204.68665658987277,10767454,-0.015452460817046099
2015-11-06,205.41998291015625,205.9268465194878,202.29252904796547,202.62683384699596,8367190,0.016869465433669406
2015-11-09,207.32879638671875,208.13761265269522,199.17582879222806,201.34348978816624,17031699,0.00929224824927255
2015-11-10,199.02488708496094,206.95137713814407,197.6337044360297,206.4121614010071,11486238,-0.04005188592456299
2015-11-13,201.24647521972656,202.43274700091527,197.2454859676246,197.36411026616346,13682323,0.011162363497873917
2015-11-16,201.5160675048828,203.17685080895376,199.45626081535536,199.7258758805231,15346549,0.001339612457122108
2015-11-17,200.10330200195312,202.5082117654588,199.76899719928755,202.32488332528735,8588142,-0.007010684162420233
2015-11-18,196.70623779296875,200.86898676609366,196.2640783552066,200.07094009346977,11249222,-0.01697655248563168
2015-11-19,201.61312866210938,202.4650955872541,197.83861844300327,198.19450573037636,12183206,0.0249452733385358
2015-11-20,204.22291564941406,205.5062579279124,199.62879102525173,201.45134899778424,11304265,0.012944528982924197
2015-11-23,205.71115112304688,206.6062540560812,204.0827200411242,204.90233479390955,10499517,0.007287308913891177
2015-11-24,208.71995544433594,209.56113814685727,205.12877451879712,205.54936587005778,14806176,0.014626354987870016
2015-11-26,213.23863220214844,213.9504067479622,208.83863420067823,209.43177005692354,23805828,0.0216494716482325
2015-11-27,211.16806030273438,214.06905008080727,210.10041278694703,213.31413936178362,10891864,-0.009710116211265052
2015-11-30,208.59060668945312,212.3219953957347,207.55531125141098,211.0494369542784,29919205,-0.012205698198800352
2015-12-01,208.33175659179688,211.1141072357572,207.32881339729641,207.92194921378302,12981379,-0.001240948007029008
2015-12-02,210.93077087402344,211.30822616048127,208.029781657418,208.40723694387583,7573628,0.012475362972717896
2015-12-03,210.76902770996094,213.30334604563524,210.10040363775107,210.27294806983107,11361395,-0.0007668068693452712
2015-12-04,208.2346649169922,210.5533022175464,207.36114451818057,209.71211949494594,13443688,-0.0120243606022431
2015-12-07,205.34449768066406,209.86313412648315,204.84841808997868,208.23468861943664,14483909,-0.01387937612347212
2015-12-08,202.93959045410156,205.6788050642084,201.9042951560251,204.66507781826277,7532164,-0.011711573739377368
2015-12-09,197.5474395751953,203.48961132957604,196.88959951893887,201.92588419388113,9174419,-0.02657022647399987
2015-12-10,204.9778289794922,205.721941175931,198.43173798486978,198.97095368605838,18592203,0.037613190129293095
2015-12-11,205.5386199951172,206.84353038888125,203.37097308770743,205.2798033603932,18155513,0.002735861816943741
2015-12-14,206.00233459472656,207.81410851562416,204.03958431305358,204.38468753558126,10563900,0.0022560947408345466
2015-12-15,210.4886474609375,210.9308069753967,205.6896113631853,206.4121699836065,15718833,0.021777970987741258
2015-12-16,211.08177185058594,213.00138618504857,209.97098831032028,210.48863598719453,12097338,0.0028178450325142546
2015-12-17,217.77880859375,218.92195844925246,210.94154950044492,211.38370892791042,19369032,0.03172721492931441
2015-12-18,213.9396209716797,217.62785879507004,213.5298135695476,216.50629125084478,16016139,-0.01762883931113801
2015-12-21,213.98272705078125,215.47096568259636,212.31115999542914,213.07684016221603,12331769,0.0002014871247588701
2015-12-22,212.94744873046875,216.2474470029047,212.23567423397597,214.13372036075907,11579277,-0.004838139669408048
2015-12-23,216.5062713623047,217.17489533726848,213.5297939544305,213.918033268044,12919467,0.016712210702934494
2015-12-24,215.8052978515625,217.23961654089567,214.88864121961024,216.52785640832002,11901877,-0.0032376591510790975
2015-12-28,217.9298095703125,218.65235368458278,215.68666025238315,215.8160685597931,12885935,0.009844576291223817
2015-12-29,219.0082550048828,219.72001513928487,217.2288330720293,217.92982357801964,14913870,0.004948590726053803
2015-12-30,216.65724182128906,219.13763959367105,216.11802616624058,218.92195909081062,8151610,-0.010734815377353435
2015-12-31,218.83567810058594,219.93569188706,215.4925438331794,216.41999881504498,18483713,0.01005475866388883
2016-01-01,218.99746704101562,219.76314729320407,217.4553081126233,217.80039694835952,5416562,0.0007393170155522988
2016-01-04,214.67295837402344,218.66316350641532,212.8180481573938,216.7651171822268,30170947,-0.019746843310211704
2016-01-05,216.79747009277344,217.8435495008794,215.0396305093221,215.75139068466748,14946239,0.009896503662321976
2016-01-06,222.63177490234375,223.96903727610155,215.7729330211221,217.32587590779337,26759864,0.026911314080711568
2016-01-07,218.5445098876953,221.7258837807024,217.42294244585054,220.22686105046247,19739943,-0.01835885742922949
2016-01-08,221.2406005859375,222.78275950402073,219.28863428025832,220.00040879500355,21313199,0.012336574822344515
2016-01-11,226.8161163330078,228.80043485596795,218.05924180640085,219.12688925548707,29016443,0.025201141799036986
2016-01-12,225.4896240234375,229.79256536172463,224.55138501337092,227.54943047624425,23373377,-0.005848315944281368
2016-01-13,232.26220703125,235.04457231874218,225.8670919990354,227.1396503485914,71802356,0.030035009535997803
2016-01-14,228.98374938964844,233.15729708893838,227.12885369897384,229.45826093793698,27823189,-0.014115329753843553
2016-01-15,231.49649047851562,234.99061559913002,229.83570732296806,230.73081025404883,28767318,0.01097344722306648
2016-01-18,219.32098388671875,233.79356421462063,217.4337361564748,231.86316598278572,27254669,-0.052594778290718125
2016-01-19,225.09059143066406,226.4278393274596,218.72782950323702,221.94156974092337,21489315,0.026306682751912946
2016-01-20,216.6680145263672,223.21410461883966,213.52977698632424,223.21410461883966,45114225,-0.037418609328641494
2016-01-21,212.27882385253906,221.24060899860402,210.6611766906322,219.47198546633092,31768619,-0.020257677089176362
2016-01-22,216.58177185058594,218.0592266130631,214.40334099699277,214.40334099699277,23682648,0.020270264927772397
2016-01-25,216.53863525390625,219.7307933446895,215.6866684021363,217.84353119872503,13099564,-0.00019917002391800498
2016-01-27,215.54649353027344,217.843548851325,215.02884584122944,217.43375582916914,17251028,-0.004581823111933114
2016-01-28,219.331787109375,220.38866493603942,215.06119728684814,215.902380178273,23074633,0.017561378601456568
2016-01-29,223.3219757080078,224.31413490215292,219.56903385070606,219.77393034601704,19177163,0.01819247748454722
2016-02-01,222.2219696044922,224.70236751564363,221.19745836279253,224.30334416513048,9918809,-0.004925650957673278
2016-02-02,215.9346923828125,222.76116730168903,213.63762309483792,222.22195166001512,14771279,-0.028292779660218592
2016-02-03,211.67489624023438,214.3925571949391,210.2945121086591,213.09843087395132,15691478,-0.01972724297134376
2016-02-04,209.87391662597656,215.90235985186652,208.28862163207913,213.09842674303005,18203784,-0.00850823430764247
2016-02-05,209.41018676757812,211.80429807139885,207.36116428714163,211.17881018111677,20998404,-0.0022095640366062153
2016-02-08,207.28567504882812,212.4082312237686,206.6170366611383,209.45332180123705,12078110,-0.010145216675194413
2016-02-09,206.5199737548828,208.95723546830487,204.90232676211878,205.52781462899057,19603494,-0.0036939421586413834
2016-02-10,207.63075256347656,209.86311774626964,204.6111391513303,205.2689934775196,16883350,0.005378553891896898
2016-02-11,199.41311645507812,208.3425493476131,197.46115011324795,207.67391092466315,17114833,-0.03957812610579525
2016-02-12,195.53076171875,201.429797147739,191.55134065000018,201.429797147739,29319458,-0.01946890357737674
2016-02-15,204.20138549804688,205.19354486288168,198.00039666677995,198.00039666677995,19283523,0.04434403928609787
2016-02-16,200.70726013183594,206.6278494282153,199.94156540655857,205.13961048426364,13024856,-0.017111173646979783
2016-02-17,205.46310424804688,206.50918346886104,197.65523978154397,201.68858031479786,15442221,0.02369542642895439
2016-02-18,202.7670440673828,208.93567969165795,201.88272514281232,207.69547351248744,14433087,-0.013121870179714668
2016-02-19,203.68370056152344,205.4954745135249,202.17389373415506,202.74547590555676,10235503,0.00452073707715539
2016-02-22,207.55528259277344,208.84940891058716,203.62978193309357,203.62978193309357,12770834,0.01900781466841317
2016-02-23,204.82684326171875,208.61213702325975,203.33860453889886,207.72781813044693,18989787,-0.013145602930318745
2016-02-24,205.47393798828125,206.7464820419968,203.17686811796665,203.80237051511565,15186204,0.0031592281375720788
2016-02-25,203.62979125976562,206.31510025269472,202.92881513753028,205.80823660796784,24826958,-0.008975088259713049
2016-02-26,204.9778289794922,206.789602950141,203.6729186318346,205.5493967588782,8349402,0.0066200417502118025
2016-02-29,208.4935302734375,214.52197385064125,201.66703994090304,205.18273335873187,31032353,0.017151617379541406
2016-03-01,211.65333557128906,212.46216634985845,208.06215398249125,208.0729380089282,16453192,0.015155411746865743
2016-03-02,216.01019287109375,216.9268638335654,212.93665921896965,214.15528289516985,20105967,0.020584874261701414
2016-03-03,218.458251953125,219.5690354420797,215.14745514065646,217.84353366693955,15880459,0.01133307206244738
2016-03-04,217.0670623779297,218.92197240694566,216.44157448369114,218.70627749306797,8987660,-0.0063682170975799535
2016-03-08,221.5102081298828,222.35137653076552,217.3043085338768,217.3043085338768,13222993,0.020469000240199042
2016-03-09,224.68081665039062,225.15532821742445,219.69845239548502,220.00041953737903,11854901,0.014313600024468132
2016-03-10,218.2210235595703,225.58673055373933,217.62788762958883,224.75633161302466,20706353,-0.02875097744046362
2016-03-11,218.81414794921875,222.06024094798437,217.9729794229126,218.90043456541704,15319044,0.002717998385185494
2016-03-14,219.94647216796875,221.38077632012852,218.479801542204,219.80626544200553,11880095,0.005174821780778105
2016-03-15,220.10824584960938,221.6935408487817,218.9435422579518,220.86314205963976,10487788,0.00073551387319859
2016-03-16,220.37783813476562,221.2513729943125,216.86215944141694,220.21607775258948,11064129,0.0012248168355331046
2016-03-17,221.60498046875,226.16358791018843,220.73251567383136,224.0042513747723,16832997,0.005568356348218506
2016-03-18,224.04786682128906,224.69130267333813,221.53954152685228,222.09573381387875,14030979,0.011023607625477272
2016-03-21,226.2508087158203,227.16689520232163,223.07723690758957,224.21143229087383,12708074,0.009832460919114272
2016-03-22,228.5519561767578,229.51164999094328,225.890939975581,226.18540157948445,15333442,0.010170781152114339
2016-03-23,224.48410034179688,228.34473003362487,223.00091604888885,228.34473003362487,16806372,-0.017798385553151608
2016-03-28,222.56466674804688,225.02937008513632,221.52862036688163,224.65857040008586,18070240,-0.008550421124825736
2016-03-29,226.02178955078125,227.27594480053187,222.52103991207736,223.30624648374575,15871250,0.015533116074745168
2016-03-30,228.37744140625,229.40258239818098,227.4286385324405,227.4286385324405,14453294,0.010422233449927987
2016-03-31,227.97390747070312,230.3295563021594,225.2474735231891,227.05783556514257,30833349,-0.0017669605765879837
2016-04-01,225.62921142578125,228.21387496915497,223.5680238587869,226.6434470400168,12381116,-0.01028493160000421
2016-04-04,225.7600555419922,227.31957787824732,223.63343549800857,226.83972373170675,8632568,0.0005799076962780259
2016-04-05,223.99331665039062,227.36318636427038,222.95727030185063,224.9530248873549,10259495,-0.00782573731814551
2016-04-06,225.4765167236328,226.11995255526406,223.04452962576372,225.1166224693275,6990781,0.0066216264637803945
2016-04-07,226.2399139404297,228.5846574914566,222.9354766382923,225.72734344881053,8789163,0.0033857060943183193
2016-04-08,226.04359436035156,229.99146712173717,224.92030447608988,225.94543080152783,13411752,-0.0008677495348138331
2016-04-11,226.9051513671875,228.03936131748137,225.31291273082138,226.1853774433531,10308361,0.0038114639314328347
2016-04-12,228.45375061035156,230.64581766758099,226.41437433004717,226.9051338730083,11164859,0.006824874771829359
2016-04-13,232.5216064453125,233.36135478986736,229.5770636371451,229.5770636371451,16038542,0.017806036557040494
2016-04-18,232.2380828857422,232.68522070385603,230.19870637093427,232.4670972374554,19065716,-0.0012193428555079544
2016-04-20,226.2508087158203,233.20868636328697,225.92363081063942,233.20868636328697,21687934,-0.025780759535754205
2016-04-21,227.09056091308594,229.45710072306386,225.74914749525942,227.1450881382,11380697,0.0037115986547495705
2016-04-22,226.6107177734375,228.47559264289401,224.5059085418241,226.62162321898975,11705087,-0.002113003454300766
2016-04-25,221.80126953125,227.81034471937446,220.7979394256467,227.81034471937446,61157544,-0.021223392650809747
2016-04-26,221.81216430664062,223.3280648376199,219.75097696710816,221.47409551254177,26429236,4.911953576125505e-05
2016-04-27,222.34654235839844,223.7751993083306,221.60495755141432,222.01937901414357,14502641,0.0024091467365110475
2016-04-28,217.3953399658203,222.3029211830321,216.14117012941722,221.16872579985477,61949033,-0.02226795316923491
2016-04-29,214.34173583984375,217.79886389919764,213.50198743678092,216.6864648052678,23479680,-0.01404631822584912
2016-05-02,215.26870727539062,216.45742981259014,213.31657452457276,213.53468340846052,10620873,0.004324736066519064
2016-05-03,212.8367462158203,217.01364832855614,212.17149947932916,215.4977477217923,17571826,-0.011297327374475863
2016-05-04,213.33839416503906,214.55983308493052,212.2260096915654,212.4550240290427,13546285,0.002356961183338502
2016-05-05,212.716796875,214.50533370845503,211.76799394798093,213.7528433704791,21665684,-0.0029136681771317896
2016-05-06,211.3426513671875,213.0548499516573,210.9173244423811,212.22602155255407,14748329,-0.006459976494568975
2016-05-09,214.42898559570312,215.06151599757658,212.18240557249408,212.66225973667574,15347096,0.014603461291651021
2016-05-10,214.30902099609375,214.77796970444464,213.31659635284038,214.42898089450728,7248302,-0.0005594607430339238
2016-05-11,212.74948120117188,213.91639287375813,211.57164952416315,211.96426008316607,12339923,-0.007277060889332776
2016-05-12,216.54469299316406,216.85006001829018,212.67315803321173,212.88036149168548,12786216,0.017838876835631456
2016-05-13,213.3493194580078,216.05394278081627,212.66226182165124,215.70495395980603,14648291,-0.014756184928794935
2016-05-16,212.86944580078125,214.2981027309891,211.81158854894935,213.09846013859783,9327335,-0.002249239221599697
2016-05-17,211.38624572753906,214.42895191798985,210.77552631268262,213.80732705929677,12157600,-0.006967651311641343
2016-05-18,211.69163513183594,212.11694748650254,210.28478904791865,210.67739962761758,8228838,0.0014446985575897742
2016-05-19,207.47109985351562,211.98608518474444,206.2496608769543,211.94246340415344,9134784,-0.019937184932658614
2016-05-20,203.7631378173828,208.19087939694907,203.1415129106966,207.64559260301303,18544619,-0.017872185758646908
2016-05-23,202.84707641601562,205.18091466572596,201.8982734916944,204.45022066193465,18365734,-0.00449571699366047
2016-05-24,205.12635803222656,205.9006591491254,202.4217204452974,202.4217204452974,12283217,0.011236452881067782
2016-05-25,207.47109985351562,207.82008865825037,205.27904713879113,207.17665283452646,9240115,0.011430719307758075
2016-05-26,206.5222930908203,207.73284115929368,205.92247905905745,207.20936524211797,14190024,-0.004573199657037619
2016-05-27,212.59681701660156,213.07667119097007,206.93673049621555,207.00216317090113,13401594,0.0294134053756121
2016-05-30,211.28814697265625,214.08001405870363,210.48111481684091,212.96762940285655,9633652,-0.006155642696396124
2016-05-31,208.9215545654297,212.22600615689524,208.62710756500576,211.35354148007175,23332727,-0.011200781686692696
2016-06-01,207.99456787109375,210.72101641439144,207.60197186070434,208.94337068288078,9042808,-0.00443700840855854
2016-06-02,208.57260131835938,208.7689139120948,206.1406285493747,208.1909106972236,10253825,0.00277907953646106
2016-06-03,209.3141632080078,210.02303165142766,208.48532031661978,209.39050131852932,8643295,0.0035554137262570062
2016-06-06,208.25634765625,210.04488456922135,207.76558800183557,209.60865214751868,8672842,-0.005053721810055478
2016-06-07,208.3108673095703,209.59773907476205,207.55836240551068,208.79072149998288,18954268,0.00026179107592105844
2016-06-08,208.10365295410156,208.95429226899543,207.023970162108,208.95429226899543,12135516,-0.000994736175529476
2016-06-09,211.82249450683594,212.97850076339014,208.5616646261698,209.39050754219335,15643495,0.01787014067242043
2016-06-10,213.0330352783203,214.71253205722044,211.2008768286203,212.4441266852022,16316760,0.005714882993436365
2016-06-13,213.99276733398438,214.50533786863613,210.0557847508055,211.5498745696847,10214469,0.004505085581727686
2016-06-14,212.9348602294922,214.9306146709696,211.4189598718675,213.96000105954042,10923848,-0.00494365822579923
2016-06-15,214.75616455078125,215.17057148364384,212.38961005518647,213.75283443541477,11129082,0.008553340300062384
2016-06-16,212.94580078125,214.54894495297302,210.92823511969215,213.97094178031156,9372207,-0.008429857058204093
2016-06-17,212.6404266357422,213.45836414253748,211.59347478064808,213.0984698923467,10534878,-0.0014340463366145917
2016-06-20,215.97756958007812,216.50104544656173,211.13542145510615,212.0405878575636,10758608,0.0156938311173187
2016-06-21,215.3014678955078,216.83917952324077,213.68741814271135,216.82827407680313,13933068,-0.003130425469111686
2016-06-22,213.8618927001953,215.03970996616442,213.12029326606086,214.8434119418388,12788710,-0.006686323179232456
2016-06-23,213.85098266601562,214.1890514784339,211.57167174354558,213.74192821039682,9837526,-5.101439083854409e-05
2016-06-24,207.52560424804688,210.45925603008223,203.58863706279305,210.45925603008223,24985097,-0.029578439804728407
2016-06-27,208.44171142578125,209.04152546268156,205.137274220309,205.137274220309,9163399,0.004414429636544481
2016-06-28,208.91067504882812,209.72861260486494,208.29995552325778,208.60532256604682,7604977,0.0022498549826668324
2016-06-29,210.89549255371094,211.34263032449982,209.39049757886255,209.826729905486,7523987,0.009500795037969745
2016-06-30,211.38624572753906,213.20751308827693,210.92820252639544,212.00787058623214,12758283,0.002326996977913831
2016-07-01,212.3241729736328,213.05485237378142,211.57166812272655,212.17149673837937,6610193,0.004437030625458416
2016-07-04,215.21420288085938,216.71919812114555,212.77132471692366,212.77132471692366,7803505,0.013611403104748954
2016-07-05,216.61013793945312,218.7476635564476,213.81827101440084,215.0833318473131,11359882,0.006486258991775351
2016-07-07,215.47592163085938,218.22416650709627,215.09421650471344,216.4792516675819,12029091,-0.005236210638076333
2016-07-08,213.40382385253906,215.7158363243316,212.95668606846462,215.27961854475262,7140617,-0.009616377378211749
2016-07-11,216.47926330566406,217.01364468699458,214.9524572790044,216.152085385663,8266601,0.014411360572667675
2016-07-12,218.85670471191406,219.205678933113,216.1520671375869,217.0790590326584,9767494,0.01098230551021917
2016-07-13,220.02362060546875,221.75762998033764,219.02029058025994,219.24930491731567,14915296,0.005331871806672384
2016-07-14,219.1838836669922,221.1905438219378,217.73341577673185,219.8818612791514,10758372,-0.0038165763119692997
2016-07-15,220.77609252929688,222.6955088635105,218.87850164252222,220.07812957140325,13992989,0.007264260654874288
2016-07-18,219.4783477783203,226.5670910735215,218.4968285799074,224.22234753064464,32106850,-0.005878103630284848
2016-07-19,221.99757385253906,223.1208638168102,217.08997796202542,219.42381601129358,16649300,0.011478244208231514
2016-07-20,223.13177490234375,224.2877812311067,221.72492877016592,222.46652817503784,12265316,0.005109069572796665
2016-07-21,219.5001678466797,223.56801559951796,219.20570625084096,223.34989212407987,6711097,-0.01627561586534898
2016-07-22,221.35414123535156,221.99757706497212,219.2275066120175,219.42381918648286,6899519,0.008446341553446368
2016-07-25,223.07725524902344,223.29536416373932,219.7182760423451,221.16874400522877,8241568,0.007784421850232315
2016-07-26,223.36077880859375,225.70552225256145,221.43047138914852,223.13176446662797,10516399,0.0012709657883041015
2016-07-27,220.972412109375,223.78608947794288,220.0672311320429,223.1426537181549,11030767,-0.010692865202021173
2016-07-28,223.86244201660156,224.76762305228178,220.96152090852692,221.37594236968226,15610838,0.013078691044002833
2016-07-29,221.3650665283203,223.54621401344878,220.73252152722608,223.3499014213819,9629597,-0.011155848501357979
2016-08-01,220.18722534179688,222.54287442689485,219.21661154877083,222.0412093617356,7978251,-0.005320808766241081
2016-08-02,220.90701293945312,222.4774408028136,219.4892613161394,219.86006103054618,7710138,0.003268979826322349
2016-08-03,216.79551696777344,221.2559602020233,216.26113563281416,221.2559602020233,11872282,-0.01861188523157742
2016-08-04,216.58831787109375,218.11512389854363,214.49441412602044,217.89701499176815,10187608,-0.0009557351534648095
2016-08-05,221.6595001220703,222.25931418807218,217.4716925456135,217.67889601132066,12109001,0.023413923247673774
2016-08-08,224.49501037597656,225.5310568570508,222.1829830438909,222.45563375154578,13556347,0.012792189156542788
2016-08-09,224.81126403808594,225.64010703120874,222.69554933249137,224.0042464963683,13290768,0.001408733590914757
2016-08-10,218.91122436523438,225.65097805919206,218.55133015206022,224.93120419284915,13471958,-0.02624441305508618
2016-08-11,221.19053649902344,223.09904758407637,218.02787013865404,218.54044060561066,14169454,0.010412038671832713
2016-08-12,225.9236297607422,227.47226116073028,221.82306604022682,221.82306604022682,16365425,0.021398262948467694
2016-08-16,223.5462188720703,227.88670304421368,221.4959366970861,226.02182801910058,13367575,-0.010523073178266507
2016-08-17,221.0160675048828,224.39684303904727,219.68555944665835,223.37170202107345,15486572,-0.011318247206119958
2016-08-18,222.05210876464844,223.2735477770104,221.60497094047827,221.60497094047827,7749690,0.004687628693523571
2016-08-19,221.3650665283203,222.91368357236286,219.6637586771128,222.04121875430815,8177802,-0.0030940585980037127
2016-08-22,220.6997833251953,222.41199645300998,219.68554780668342,220.73249966063074,6684236,-0.003005366716432145
2016-08-23,220.39443969726562,221.3868643652759,219.20570244876532,220.73250851031898,7320433,-0.001383524819685844
2016-08-24,222.5864715576172,222.9027440097572,220.51437885188764,220.66705507567644,8719596,0.009945949014696254
2016-08-25,220.8851776123047,224.44045444299567,220.07814559846437,222.7391468592255,14960746,-0.007643294461730621
2016-08-26,224.20054626464844,224.83307668011062,221.2996103261385,222.019398867878,9639663,0.015009466403231642
2016-08-29,230.64585876464844,231.14752384106325,223.8079402769915,224.05878009520293,16193208,0.028747978572683186
2016-08-30,232.5979766845703,233.05600538709734,229.6752299845935,231.63826837830905,18170724,0.00846370245005712
2016-08-31,231.20204162597656,234.25565374375375,228.366538419466,232.27080441119784,23295502,-0.006001492697792488
2016-09-01,224.48410034179688,233.98300561180895,223.7206900239731,229.67523808697118,42621045,-0.029056582878483117
2016-09-02,221.02694702148438,225.21475416788323,218.61677099941394,224.8984817190122,28124615,-0.015400437336313244
2016-09-06,222.45562744140625,223.5680120122679,221.38686465293074,222.45562744140625,11510431,0.00646382913565291
2016-09-07,221.96485900878906,224.0151409394907,220.96152893376458,222.91366185799777,12927438,-0.002206140785296351
2016-09-08,225.40016174316406,225.95636856686406,222.52105141816577,223.14267635288076,12206479,0.01547678650447537
2016-09-09,227.8321533203125,228.99906509661955,224.65858135296872,225.74915501157437,15269894,0.010789662076283735
2016-09-12,228.2574920654297,230.32958503603754,224.47320040058517,224.7458365493452,33684893,0.0018668951634723818
2016-09-14,227.87574768066406,230.98388660167768,227.03601392699005,228.58463066546008,18604842,-0.0016724287177228847
2016-09-15,232.29261779785156,233.42681326863752,228.3665408728151,228.3665408728151,31371009,0.019382800329314165
2016-09-16,234.5937042236328,238.58521346795038,231.00571099363268,232.72882949801365,39324529,0.009905981720795598
2016-09-19,236.08779907226562,237.30925258705597,233.60129938288495,233.9393681764375,16678060,0.0063688616605350745
2016-09-20,234.2992706298828,236.60037783568936,233.17598064031816,236.43679615565773,11531268,-0.007575691964646358
2016-09-21,233.87391662597656,236.63306677644917,233.1650482012322,234.25562172853373,10943394,-0.0018154303372893699
2016-09-22,237.51646423339844,239.01055392355443,235.34622237280945,236.21868711917966,18761415,0.015574834765551104
2016-09-23,240.537353515625,241.987821385665,237.5273633251676,237.5273633251676,31085948,0.012718652123661078
2016-09-26,241.49705505371094,246.37193444948912,239.98115455578508,240.6682121339794,38213411,0.003989823302115836
2016-09-27,242.21681213378906,245.58669624219195,241.36617294371084,243.63456353059317,19374535,0.002980396924169737
2016-09-28,237.88726806640625,241.67155958150352,236.9384651862504,241.6497486904658,24820234,-0.01787466373304991
2016-09-29,233.9175567626953,242.27136053832746,232.81607770486463,238.8360580256888,21260295,-0.016687363455713755
2016-09-30,236.37136840820312,238.7379228953342,232.57615687234332,232.94695658148066,11199883,0.010490070431084186
2016-10-03,237.89816284179688,241.66064329710292,234.7464018681628,237.09113078958296,18125170,0.006459303611413114
2016-10-04,239.1305389404297,241.73701344798764,238.18173597709114,238.41076491307388,13113580,0.005180267404806926
2016-10-05,237.61459350585938,241.34437197880476,236.82938694734858,240.79908519761491,10789932,-0.006339405419681476
2016-10-06,242.28228759765625,245.65215753884016,238.18170914494164,238.18170914494164,21111045,0.019643970611938677
2016-10-07,241.88967895507812,244.95418189401312,241.34439212836293,242.98025260850852,15280380,-0.0016204595328491722
2016-10-10,239.1305389404297,244.7252077021864,238.61796839609806,242.9802780261587,11553662,-0.011406604972016399
2016-10-13,230.5803985595703,237.53826156261627,229.45709407474686,237.52735611790942,21938040,-0.035755116927952524
2016-10-14,235.0517578125,236.00056066416192,231.56191343121733,231.8563750113909,15265659,0.019391757846122903
2016-10-17,231.3438262939453,235.7388521596413,230.92940477767496,235.56435046015426,9826781,-0.01577495762236547
2016-10-18,235.80429077148438,236.16418506572515,231.64919917800785,232.51074401087524,11073137,0.01928067218820706
2016-10-19,237.16744995117188,238.77060848245097,235.86967297633376,236.53491962999013,17073242,0.005780892176421526
2016-10-20,237.21109008789062,239.4903861934927,236.44767986457512,238.60701608251512,10125508,0.00018400559068165734
2016-10-21,232.1181182861328,239.27229411104634,230.85304297465063,239.27229411104634,43608816,-0.021470209507788107
2016-10-24,231.92181396484375,234.2556520990478,231.34381079403795,233.38318734009206,10513017,-0.0008457087397506502
2016-10-25,231.38742065429688,232.34712892770003,229.93695279926723,232.2926017030756,7658966,-0.0023041959762692965
2016-10-26,229.9042205810547,231.08205223158907,229.47889369836219,230.34045290791866,10945927,-0.006410028985362026
2016-10-27,228.73733520507812,229.87153064918294,227.58132887012542,229.26081114543476,12842476,-0.005075528291857423
2016-10-28,230.10055541992188,230.7658021388114,227.66856833413595,229.02088722237718,8127969,0.005959762596786211
2016-11-01,229.23898315429688,230.31865129074313,228.4537620223326,229.30441582195954,10223897,-0.003744329360929499
2016-11-02,223.29534912109375,227.46136015158623,222.69553508602482,227.05784412653767,7039997,-0.025927675788033677
2016-11-03,223.33897399902344,225.6946229519764,222.6082946138057,223.31716310871863,7311872,0.00019536850230594816
2016-11-04,219.32568359375,223.98244003939422,218.1151354171956,222.53197205271658,11535892,-0.017969503187970193
2016-11-07,218.36598205566406,221.7249468623807,217.90793875292846,221.1687545433464,9506040,-0.004375691539453053
2016-11-08,218.87852478027344,219.35837891455245,217.74431483379163,219.35837891455245,13432073,0.002347172942343656
2016-11-09,219.11843872070312,220.0781469636534,202.8470494888762,207.20935836046777,21640144,0.0010961054341467324
2016-11-10,220.38351440429688,224.42955083103493,219.6419150514683,222.17205099875463,9764091,0.005773478904741003
2016-11-11,218.49684143066406,221.93215882715532,217.0463734383674,217.64618752600697,14775330,-0.008560862543337433
2016-11-15,214.9306182861328,218.11509526707894,213.6546376689698,217.35169963356677,14487470,-0.016321623329566215
2016-11-16,215.1814727783203,217.41716188356813,213.9055065475265,217.02455128947497,16550762,0.0011671417231655656
2016-11-17,213.26205444335938,217.71159230367974,212.53136053786142,215.0614964756934,12628378,-0.00891999813077926
2016-11-18,215.388671875,216.5228672160478,214.18902930734805,214.8433850933422,18163751,0.009971851003645948
2016-11-21,216.26113891601562,216.70826214266268,214.45077688029838,215.39957967636647,13232434,0.004050663544283184
2016-11-22,218.43141174316406,219.81643251865887,216.6537657878323,217.61347416518802,17646355,0.010035426790160562
2016-11-23,220.0781707763672,220.4053487091396,218.01698328791883,219.20570599564596,13107911,0.007539021151131031
2016-11-24,215.35597229003906,219.32567085243767,214.2326823060655,219.32567085243767,18913793,-0.02145691446666287
2016-11-25,216.74098205566406,217.2208361838988,214.70162021067438,215.93396458545544,10454964,0.006431257749191621
2016-11-28,215.20327758789062,218.24598412611937,214.64708532864518,216.58831279346612,8312777,-0.007094664115614879
2016-11-29,217.61346435546875,219.05302685660882,215.50865511183503,215.71585857851105,9885281,0.011199582063027735
2016-11-30,215.94485473632812,218.1041908804506,215.20325542703023,218.1041908804506,27596098,-0.00766776827933302
2016-12-01,217.6243438720703,221.38683864085695,217.0245298747291,218.11510342625962,12627845,0.007777398251942014
2016-12-02,216.9700164794922,219.20569094659677,216.3265806638875,217.2208417147253,12481430,-0.0030066828964813164
2016-12-05,216.77371215820312,218.04967830725417,215.17055354836046,217.02453738613377,3987213,-0.0009047532210867404
2016-12-06,219.24932861328125,219.54379020989808,216.93731586357902,217.24266834598842,6726369,0.011420279841272363
2016-12-07,217.92971801757812,219.77278184728613,217.31899855589973,218.98757527084422,4930865,-0.0060187668717138765
2016-12-08,222.4883270263672,222.87003215351368,219.06391544683692,219.21659167369296,8750556,0.020917794279077473
2016-12-09,224.42958068847656,225.06211111944657,222.54288028160954,222.91368000735392,8239158,0.00872519330813848
2016-12-12,224.04786682128906,227.21053341340274,222.5864934271383,222.5864934271383,9023848,-0.0017008179849399285
2016-12-13,226.7960968017578,227.05784203938563,224.1241900010077,224.22233900511569,10365823,0.012266262649404558
2016-12-14,231.09298706054688,232.1726552908185,226.44713621270844,226.79611047056923,24139260,0.01894605030414165
2016-12-15,229.66432189941406,232.85970469511807,228.72642449453002,229.54436200251206,19331986,-0.006182209072222999
2016-12-16,230.5803985595703,231.6382558161464,229.45709407474686,229.45709407474686,14942206,0.003988763481327595
2016-12-19,231.75823974609375,232.71794809985008,229.9696883886366,230.11147374453793,15009634,0.005108158342518987
2016-12-20,230.74398803710938,231.42014019181653,229.70794163489361,230.04602499225058,11688169,-0.004376335055424785
2016-12-21,231.91087341308594,232.79424348380542,230.59128558892982,231.2238158914181,20367894,0.005057056462892007
2016-12-22,229.75157165527344,231.78004275215315,229.2280957128531,230.7658072037133,28892834,-0.009310912101849977
2016-12-23,230.61312866210938,233.15417023054383,229.4571077741469,229.4571077741469,10265033,0.003749950438330929
2016-12-26,228.4646759033203,232.51071248324985,227.85395642257762,229.9696709951541,15321770,-0.009316263871242736
2016-12-27,232.2271728515625,232.75064877657007,228.3665288046274,228.55193593140532,17442849,0.016468615698972844
2016-12-28,228.9554443359375,233.2850372135143,228.38834661333428,232.9251429541673,9637310,-0.014088482736325902
2016-12-29,232.3907470703125,233.12144098885716,228.91180827367563,229.02087728122407,8772325,0.015004241302663646
2016-12-30,236.08779907226562,236.65491132985088,231.87818084023584,232.24898052865493,15711974,0.01590877454701123
2017-01-02,236.6767120361328,237.74547471558395,233.89573633265823,236.4367776974772,7097888,0.002494465898625009
2017-01-03,237.61459350585938,239.27227929828217,235.80424605151097,237.71275706567837,6434204,0.003962711251385809
2017-01-04,232.76156616210938,238.39984173028458,232.13994119927543,238.37803083895733,10392483,-0.020423944809729533
2017-01-05,234.9972381591797,235.542524996326,233.11055240025695,233.60131200968934,8734164,0.009604987773253137
2017-01-06,234.46282958984375,236.65489668988587,234.0593135915271,234.29924792566362,7845839,-0.002274105744910715
2017-01-09,235.06263732910156,236.87299927120247,233.6012787146411,234.9099611132635,5228980,0.0025582210208205947
2017-01-10,237.71278381347656,238.70519392770473,235.564338220236,235.564338220236,11349916,0.011274214032852115
2017-01-11,236.88392639160156,238.9887355139938,236.43678858715455,238.83605928418487,11475958,-0.0034868020498441954
2017-01-12,236.2841339111328,237.82184547449788,235.52072357243685,237.09115147374533,4371992,-0.0025320100422399072
2017-01-13,237.83274841308594,239.38136540610557,236.55676756672054,236.55676756672054,7234429,0.006554035077681375
2017-01-16,234.74639892578125,238.6070283379646,234.24473390069468,237.73457818651454,12013154,-0.012976974398597463
2017-01-17,227.1123809814453,232.9469544645189,226.51256692094339,232.2926131766993,39234251,-0.03252027711296035
2017-01-18,225.2147674560547,228.58465190800652,224.38592450942386,227.4068201585827,15867619,-0.008355394440365926
2017-01-19,225.46560668945312,227.9957427433623,224.87668353620998,225.78186459618755,15284274,0.0011137779117764701
2017-01-20,223.7425079345703,226.28354965845992,223.3280864256083,225.52015387669454,8784907,-0.007642401784393349
2017-01-23,221.58316040039062,224.87669229680026,220.90700822033472,222.87004664760184,13708502,-0.009651038392808009
2017-01-24,224.0696563720703,224.39681970974584,221.8230619866677,221.8230619866677,9419288,0.011221502424582752
2017-01-25,221.88851928710938,225.2474837330992,221.63767949016483,225.0948075019197,23856654,-0.009734192127019314
2017-01-27,223.5897979736328,224.41864086657014,222.259290079182,222.53194074870288,21861796,0.007667267743231454
2017-01-30,227.88670349121094,228.24659778518793,223.524408417586,223.55712475703766,15678126,0.019217806700128737
2017-01-31,227.97390747070312,229.84970218019618,226.90514478087738,228.33380170217706,15125194,0.0003826637454324988
2017-02-01,228.9445343017578,229.21718499216377,225.79277327430373,228.17023313141775,11312284,0.004257622470147826
2017-02-02,227.6031494140625,229.19538819351018,226.4580484759678,229.02090105932672,9099129,-0.005858995025962543
2017-02-03,225.4547119140625,229.11904354762012,224.68039615815806,228.14842977134933,13219481,-0.009439401456134977
2017-02-06,227.19964599609375,227.90851457815853,225.1057420293702,226.18541035221148,9991907,0.007739621262368601
2017-02-07,224.85487365722656,227.35229338718685,224.047856159165,227.2759552714249,9905562,-0.01032031686751611
2017-02-08,223.60072326660156,226.45803730799202,222.91366564962914,224.85487860171116,16230826,-0.005577599320959581
2017-02-09,225.25839233398438,225.53104302491718,223.96061523076355,224.22234591645233,9861688,0.0074135228328682246
2017-02-10,224.69129943847656,225.86911666933952,223.6879693351467,225.74915676916052,12518554,-0.0025175217208645018
2017-02-13,224.62586975097656,225.5310508570991,222.91367110928076,225.31292738477654,8565757,-0.0002911981356800153
2017-02-14,228.97723388671875,229.65340056065762,224.63675052823652,225.7491349789025,18244623,0.019371607288894088
2017-02-15,229.3043975830078,230.65671628715745,227.98479521008727,229.6533863427895,15236663,0.0014288044742951644
2017-02-16,232.83787536621094,233.26320225427946,229.57706015769529,229.57706015769529,19655195,0.015409550887152124
2017-02-17,234.58279418945312,235.17171731234387,230.86393569567684,232.61977049983932,14847356,0.00749413651235975
2017-02-20,234.5609893798828,235.31349418974352,232.61977652895155,233.50313211617075,11650581,-9.295144448107084e-05
2017-02-21,237.3528594970703,237.95267349193142,234.0484079631906,234.51735662681054,14186476,0.011902533855132846
2017-02-22,263.3739929199219,264.2791593572124,238.18168857592565,238.39981202202412,127323130,0.10963058746369447
2017-02-23,257.9756774902344,266.5367001056425,257.2340780434942,264.7045269407625,62249698,-0.020496767239006952
2017-02-27,270.22283935546875,274.12707611713836,259.63334625180096,259.66604802756177,83422197,0.04747409517200696
2017-02-28,270.03741455078125,272.20767081469455,267.95440184320495,268.71781208116585,36111716,-0.0006861922002218135
2017-03-01,269.26312255859375,271.42245889117874,268.28160339650844,270.48456150874114,24385665,-0.0028673507835037526
2017-03-02,269.7539367675781,273.66909420386037,267.63822178618676,270.0047474913373,18063590,0.0018228051592084071
2017-03-03,274.5087585449219,280.8886327717915,270.800820104699,270.800820104699,84305639,0.01762651486877287
2017-03-06,284.716552734375,286.1670205494475,275.9701531854544,276.78807609229557,66724743,0.03718567758479252
2017-03-07,284.6292724609375,289.43870395997834,282.70985621460653,287.66107303548165,42071555,-0.00030655145476887746
2017-03-08,281.6302185058594,285.2291023287309,280.51783411551656,285.2291023287309,43336972,-0.01053670245912497
2017-03-09,280.65960693359375,283.11340473985325,279.51452070401393,281.36850450430023,31094457,-0.003446404215481702
2017-03-10,279.5472412109375,282.67720590423187,275.0867830828697,281.42303602587214,24785585,-0.0039633979923567875
2017-03-14,281.25946044921875,287.6938774317287,280.3324829788653,287.63933564170037,27765035,0.006124972762615366
2017-03-15,284.6292724609375,287.1048808713751,281.4557156845676,281.59747188639335,24107889,0.01198115080764417
2017-03-16,283.0371398925781,285.8181016097939,282.15375502709685,285.73085803592187,15924023,-0.005593706348590244
2017-03-17,283.7023010253906,287.90099867004,283.12429796303616,285.2945248877222,22727289,0.0023500842789216936
2017-03-20,279.36187744140625,284.9129094927155,278.8274960392178,284.85836770391387,12869337,-0.015299218823029315
2017-03-21,275.6539306640625,280.0380366772965,274.67241135005304,279.66725149289954,22596181,-0.01327291615915438
2017-03-22,274.75958251953125,276.11188666158495,271.8913780195265,273.0800859456828,20291685,-0.0032444599733322255
2017-03-23,277.72601318359375,278.6529906692999,274.3888592910316,275.5121348080621,11807911,0.010796459351337218
2017-03-24,280.65960693359375,281.8047222831855,276.6680977767457,277.9004566821145,16282523,0.010562905924338839
2017-03-27,272.8838195800781,278.9147199395627,272.03316575085495,277.2461140560793,32452615,-0.027705402421358882
2017-03-28,271.7168884277344,275.69747727130755,270.92074736301197,274.38879491616166,21707345,-0.0042762929445192555
2017-03-29,274.09442138671875,274.8251009042871,269.01233742509453,273.01473844104345,18924345,0.008750037484757556
2017-03-30,277.14794921875,278.04222472986515,273.2982256394453,273.7344433912039,27862325,0.011140423130768573
2017-03-31,288.1082763671875,291.76170259699813,276.1337475475613,276.1337475475613,45390562,0.03954684557231425
2017-04-03,299.83197021484375,301.10795106245024,291.6308419553817,292.71052477720616,44886623,0.04069197176659611
2017-04-05,308.63287353515625,309.2872293250443,301.0206694355143,304.3142010339264,40323877,0.029352784874829174
2017-04-06,313.7585754394531,316.0269661161793,305.841018959726,307.32418851912024,50620850,0.016607763928663255
2017-04-07,306.80072021484375,312.77707890149367,305.9173645940852,310.00703758207186,31875272,-0.022175824883396866
2017-04-10,301.2933654785156,310.79225658671766,300.4099806611396,307.54234627690647,30768410,-0.017950918539146432
2017-04-11,299.3302917480469,305.45932647845814,298.8395321694194,302.71106701414163,32249647,-0.006515489404657071
2017-04-12,295.32781982421875,302.4056709158633,294.7061949970033,301.6095298760886,27448279,-0.013371422920327447
2017-04-13,297.6834716796875,299.5592369737002,293.8773410772823,295.3278086592861,12713918,0.007976396727104262
2017-04-17,303.58349609375,304.39052803855844,297.7271127321162,297.7271127321162,11837502,0.01981979174312709
2017-04-18,298.8613586425781,307.54232616249385,298.1633810152431,305.3502879516684,16016414,-0.015554657983494646
2017-04-19,298.5559997558594,301.5550993963854,296.1022015481623,298.59962154088436,11572557,-0.001021740944047389
2017-04-20,298.7195739746094,302.4820545755326,297.53083674034093,300.78077596503664,8393496,0.0005478845472333127
2017-04-21,305.90643310546875,309.9415637718871,300.68256539061576,301.10789225675256,30230907,0.024058882500516132
2017-04-24,309.1564025878906,312.9952360104729,305.40481273218376,307.3351203293265,25512511,0.010624063866291333
2017-04-25,312.5153503417969,320.1384749846657,311.0539915557881,318.448087288009,36764315,0.010864881742021604
2017-04-26,308.9490966796875,314.0966112612684,305.9282162358392,312.9951469827563,16763153,-0.011411451175787013
2017-04-27,307.4332580566406,310.6286553448767,305.8410339750038,309.0691330380611,12571594,-0.004906434876611576
2017-04-28,304.3142395019531,309.78891893202416,303.39815292831315,307.4878261720635,11848658,-0.010145351789209722
2017-05-02,298.93768310546875,305.797397579838,298.0107056813703,305.797397579838,18591411,-0.017667777903800252
2017-05-03,298.8394775390625,301.16238054924196,297.7270932468617,300.322646888661,9500038,-0.00032851517876919534
2017-05-04,296.189453125,300.9116420574184,295.3387992576331,299.9083119533474,14365934,-0.008867718669184566
2017-05-05,289.71142578125,298.23974655293347,289.0025572379298,296.98557659474193,15598448,-0.021871228956339972
2017-05-08,288.2173156738281,292.16520329004334,287.55206896104283,290.0931104757881,16066733,-0.005157235698912355
2017-05-09,290.16949462890625,290.88925408540086,287.96650711412985,288.78445926744445,21106150,0.006773288240902842
2017-05-10,296.4402770996094,297.4217963567215,290.23491818388015,291.1400847592102,22906024,0.021610757115329227
2017-05-11,296.5384521484375,298.763221451979,294.8153333788241,297.53086232991257,13783848,0.00033117985784070214
2017-05-12,294.55352783203125,297.5089758528413,293.1576019287722,296.64743124692467,7523427,-0.006693649009176905
2017-05-15,293.16851806640625,295.8513447878458,290.8565055799695,295.8513447878458,6738085,-0.004702064768393521
2017-05-16,295.82952880859375,300.3226883694539,292.49234635104966,293.5938399125287,12655992,0.009076727473120938
2017-05-17,295.1316223144531,297.9343949926931,293.964695805761,295.1098114204594,9844573,-0.0023591508831161123
2017-05-18,289.51513671875,294.45543490316874,288.8062681534826,292.3288292073666,9790379,-0.019030443270219743
2017-05-19,287.6611633300781,291.3364007680988,285.7308555946252,290.74750664949414,12813204,-0.006403718332948283
2017-05-22,288.817138671875,290.87834066492604,286.86502025349535,289.3297091687695,8801430,0.004018531137171433
2017-05-23,284.7601623535156,290.060382934759,283.9858612582353,289.15518738956195,9223001,-0.014046868329959161
2017-05-24,283.0479736328125,286.53783236317406,282.48089051713663,285.1854990011535,14326531,-0.006012739656249821
2017-05-25,284.0840759277344,286.2543033858169,282.77536415319435,283.54969450780237,25922008,0.0036605183270661534
2017-05-26,291.6853942871094,293.23399677759835,283.54969840886093,284.4112432242728,21430443,0.026757284210849663
2017-05-29,295.96038818359375,297.82526281349783,291.31452337504686,291.61990493129684,24022633,0.014656180872314906
2017-05-30,296.49481201171875,297.6617383832214,294.12825749157685,295.7423216973924,9658309,0.0018057275549776541
2017-05-31,292.4269714355469,298.3706290715659,291.3582085561189,298.1634110275898,16423338,-0.013719769828590134
2017-06-01,289.71142578125,292.27427836711075,288.56633940204534,290.6820541461166,9534069,-0.009286235264025278
2017-06-02,288.947998046875,291.99071918898,287.2576103546006,291.1836871211805,11495005,-0.0026351316048937035
2017-06-05,289.9513854980469,292.4924275418462,287.00685646052887,289.2752477593666,10835031,0.0034725537396147477
2017-06-06,286.3415222167969,290.95465656746495,285.94892619036233,290.95465656746495,9591064,-0.012449891470769692
2017-06-07,292.0561828613281,292.71053876522075,285.5127403024704,285.9925799439791,11199223,0.019957499004299217
2017-06-08,290.4638977050781,293.3212117091364,289.6677856450208,292.2742598493302,7903123,-0.005451982357127627
2017-06-09,291.33636474609375,295.09884529203276,290.3112237685909,293.3866467010995,13836547,0.0030037021740356717
2017-06-12,287.7920227050781,290.038632026423,287.25764127078133,289.3406543359069,8432435,-0.012165807190271605
2017-06-13,286.6795959472656,289.43874628483593,285.94891658482817,288.0428202288354,6025338,-0.003865384270753336
2017-06-14,296.0912780761719,296.6365503289753,287.01768570940146,287.01768570940146,52939271,0.032829968584989544
2017-06-15,301.8604431152344,304.27061946783266,296.440276323375,296.63657435028017,28290813,0.01948441398391454
2017-06-16,302.9183349609375,304.4451266127883,298.66506516502824,302.9837676408732,32710880,0.0035045726256330845
2017-06-19,307.37872314453125,308.80738014397826,303.2236466084416,303.2236466084416,15236956,0.0147247217114439
2017-06-20,308.05487060546875,310.1815050838986,306.9861079240045,307.3241912636536,10142474,0.0021997210933157874
2017-06-21,310.1596984863281,311.4683809650011,306.2881345935681,307.06246484412753,19992472,0.0068326395123128325
2017-06-22,312.482666015625,315.2636275144517,311.40298319371925,311.784688359443,22118609,0.007489585335018312
2017-06-23,313.1805419921875,314.5219552043687,312.0354558803325,313.21327288224484,31143289,0.002233327004857344
2017-06-27,313.4640808105469,314.74006135159607,310.81398529914236,312.34080559510045,32591540,0.0009053526012687829
2017-06-28,305.0340270996094,314.074889223181,304.39059123489363,314.074889223181,15567803,-0.026893204762533873
2017-06-29,303.7688903808594,307.5422905415671,303.2018072843435,305.36114346879157,12898245,-0.00414752652607131
2017-06-30,300.9988708496094,303.70347943566975,299.91918812016473,303.61623587612024,7814271,-0.009118838758560788
2017-07-03,301.22784423828125,304.2051323670682,299.0358063166584,302.78736640859466,9195278,0.0007607117861458956
2017-07-04,310.1487731933594,311.27207765374163,302.9618960078436,303.18000489723477,18816782,0.029615220258394803
2017-07-05,314.6637878417969,315.7107396809208,310.59592582019263,311.7846630042028,27209010,0.014557577003932343
2017-07-06,314.6419982910156,316.2669533848606,313.6495590495309,315.9833826758562,13590313,-6.924708728228701e-05
2017-07-07,325.24237060546875,326.681918508177,314.0857942794407,314.7401209988471,35845310,0.03369026503781836
2017-07-10,325.6131591796875,327.3690086953103,324.79523621179834,326.1039187844239,3504540,0.0011400377310264442
2017-07-11,325.9403076171875,328.13234553411354,324.3371636743567,327.3907753445121,20995547,0.0010047150376975011
2017-07-12,329.59381103515625,332.625612532755,326.62744221678514,327.04184918522674,17104482,0.01120911815012371
2017-07-13,334.6321716308594,335.26974492424296,331.12557722025053,331.69719769206,23010262,0.015286575254186863
2017-07-14,337.19342041015625,337.6880812587091,333.19216507304014,334.170509308723,20530867,0.007653922714048633
2017-07-17,341.1507263183594,342.8765359785552,337.9079429402156,337.9079429402156,18749450,0.011736011643968425
2017-07-18,334.1485290527344,341.1616887626977,332.19186990933974,340.0624456806391,19640167,-0.020525230419971563
2017-07-19,337.01751708984375,338.12776687565776,332.5435855651652,332.5435855651652,11790198,0.008585966382202992
2017-07-20,336.127197265625,340.7659969567694,334.9839561985099,338.51253526414393,13626050,-0.002641761270769205
2017-07-21,348.460693359375,349.93366907014655,339.6557421270225,340.7659626407307,97142371,0.03669294301110493
2017-07-24,355.1111145019531,357.2326408971597,348.46068106117417,351.7584101021349,43429394,0.019085140072654827
2017-07-25,352.2311096191406,357.24367100289487,351.23078109410665,357.1886956404528,20063064,-0.008110151344746686
2017-07-26,356.7599792480469,358.33189887783334,352.0002518103649,352.681793660867,21954323,0.012857665053501943
2017-07-27,350.615234375,358.6836689403043,349.19720457864884,357.9142192981585,18409364,-0.017223750505867663
2017-07-28,350.5382385253906,353.06651800007035,346.9217228506224,349.83471243088417,14331863,-0.00021960212238536503
2017-07-31,355.10009765625,355.89156082213776,350.87899990684724,352.18710815509934,16567422,0.013013870184461984
2017-08-01,352.5499267578125,356.76001845260976,349.88974123745953,356.76001845260976,12311920,-0.007181555046786192
2017-08-02,358.1780090332031,359.6070162054877,353.5391804266931,353.95691098734613,20786240,0.015963929781942277
2017-08-03,362.7728576660156,366.0266478093563,355.5068639103855,357.6613815881096,19707381,0.012828394030149903
2017-08-04,356.62811279296875,365.60893926253345,355.0781772670211,365.60893926253345,18579866,-0.01693827072008791
2017-08-07,355.35296630859375,358.7056415909039,354.51753451555027,358.7056415909039,9537088,-0.0035755635594416635
2017-08-08,352.319091796875,356.3863005384344,348.85646536202665,355.7157653992552,10961296,-0.00853763665809415
2017-08-09,351.49462890625,356.1554423793819,348.460739982703,352.08823373568595,10436651,-0.0023401027926704954
2017-08-10,348.3177795410156,353.2204193855858,346.9107566578007,350.230470076191,10188164,-0.009038116386357875
2017-08-11,339.9415283203125,347.36141138197297,337.0285093628311,340.97481852222666,16996281,-0.02404772800211541
2017-08-14,345.8334655761719,348.3507382987404,343.1842872111325,343.1842872111325,13440617,0.01733220793873591
2017-08-16,344.3055419921875,346.4820437840534,340.809925079827,345.60264348755703,13576650,-0.004418090601610247
2017-08-17,344.525390625,351.24177711711064,343.2172822946796,344.9430918310222,15828719,0.0006385277202929363
2017-08-18,346.3501281738281,346.8777801218553,341.45849493678236,343.8438621373288,7935890,0.005296380465654282
2017-08-21,343.93182373046875,348.27385040535904,343.01946158325046,346.7019306140107,7573558,-0.006982253640586689
2017-08-22,342.9754943847656,347.3394760018056,342.0960939729541,345.6026888061943,9533641,-0.002780578241729059
2017-08-23,347.8121032714844,348.8014249254596,341.45847215325404,344.03072019418977,8320052,0.014101908054377832
2017-08-24,344.7342529296875,350.2414754216198,343.95379646717896,349.5599628754376,12654347,-0.00884917549690456
2017-08-28,344.4045104980469,347.7901772211408,343.2283076476144,347.15263318614853,12316426,-0.0009565119475025696
2017-08-29,336.8417053222656,344.61336720844696,336.3690287013287,343.37121155779795,15164812,-0.021959077030799024
2017-08-30,343.8658447265625,344.8991349911947,338.84230586501064,340.22734452560223,10334911,0.02085293861571169
2017-08-31,350.5492858886719,351.1978366994043,346.04236259993326,346.2622053575539,25104625,0.019436187875605748
2017-09-01,353.9789123535156,355.4079195948004,351.53859910026716,351.7254507639491,15431918,0.00978357852348588
2017-09-04,354.6934509277344,359.70601293106546,350.84608497778424,355.1661275674554,21560532,0.002018590795332953
2017-09-05,358.9255676269531,359.4202285595299,356.38631012982586,358.35394704533957,25216776,0.011931758785366009
2017-09-06,361.73956298828125,363.30050521525425,356.77099943555487,357.56243333503215,48745984,0.007840052688174115
2017-09-07,359.7169494628906,366.0486260924024,358.3538950680626,361.8714964568472,16205339,-0.005591352819365625
2017-09-08,359.1893310546875,361.9814220530865,357.07878193740225,360.5523854654127,13248413,-0.0014667599316376956
2017-09-11,359.6289978027344,363.5643002551419,359.0354224046733,361.1239871378895,12690592,0.0012240529159257552
2017-09-12,362.20123291015625,362.7508397404784,359.2332679719178,361.7615180943989,6500191,0.007152468580503113
2017-09-13,373.30364990234375,378.0963393329069,361.4317889996409,362.3111893648229,29377106,0.03065262065229213
2017-09-14,371.0391845703125,378.7998686425318,370.22576637590083,376.29360252971753,11867640,-0.006066014443265266
2017-09-15,370.1378479003906,374.9964904418501,367.03797684091234,370.22578500691446,28595395,-0.0024292223231507926
2017-09-18,371.7866516113281,374.20500979350754,370.7093928393166,373.74331069035946,5061995,0.004454566643995905
2017-09-19,368.7307434082031,373.193697691398,368.02724665538426,373.1717134178724,7718697,-0.008219521034121713
2017-09-20,372.49017333984375,383.6365229362676,371.58878876955305,376.42547572544214,24942703,0.010195596648361782
2017-09-21,369.93994140625,374.490833196917,367.6974865999516,372.4242525947984,12950541,-0.006846440835546641
2017-09-22,359.4091491699219,369.30236582373954,357.56241148100924,369.30236582373954,12294087,-0.02846622129067089
2017-09-25,361.2339172363281,364.04799243111563,354.0448540033758,358.3538892179402,14229631,0.005077133040771731
2017-09-26,360.5964050292969,363.6523077617996,357.1228010098755,361.2999312850872,10564143,-0.001764818242729338
2017-09-27,351.3846435546875,363.0586447135669,349.7797622772281,363.0146761676502,18448855,-0.025545904912338102
2017-09-28,345.8005065917969,353.03353817197933,343.05238429729576,351.6045310156791,29547622,-0.015891807070452013
2017-09-29,343.3601989746094,348.85641430000516,342.56873574933206,348.13090389754257,16666208,-0.007056981035797549
2017-10-03,351.0329284667969,353.4512574244829,345.31684084671826,349.5599526874431,18345748,0.022346007239921528
2017-10-04,360.04669189453125,362.7288317541598,349.82371200386234,351.4066089232091,18907611,0.025677828764109734
2017-10-05,362.3771667480469,364.26787325859016,359.9588375935405,362.7508994541874,10631751,0.0064727017522445696
2017-10-06,368.0492248535156,369.06053077049916,361.6955644489999,362.3111534490549,12997688,0.015652360650560526
2017-10-09,365.23516845703125,369.2584080569421,364.0699725684971,368.90663031690275,8850408,-0.007645869645845238
2017-10-10,370.75341796875,372.5561874056908,365.38910756391857,365.38910756391857,14732024,0.015108757283782692
2017-10-11,369.4122619628906,377.43675610611996,367.58750867224154,371.6767006963476,15420644,-0.003617380018253624
2017-10-12,383.7464904785156,385.5272755597401,370.2697475528312,370.2697475528312,18642942,0.038802795661030176
2017-10-13,385.3733215332031,391.6390158155488,384.0102671755721,386.62648387087313,21509701,0.004239337935465937
2017-10-16,385.5271911621094,392.21058579541966,378.7118615485322,386.4945284579171,32009221,0.0003992742110274783
2017-10-17,384.45001220703125,388.6930948847174,381.30614333029655,386.0548937079238,13898844,-0.002794041457442109
2017-10-18,402.1038513183594,403.59881131458104,384.7357757350589,385.79105024753915,36671941,0.04591972571409708
2017-10-19,400.0812072753906,405.35757941425436,397.04728962660664,402.67541012422845,8014767,-0.005030153370422119
2017-10-23,413.20623779296875,415.38276917369177,399.72949502172276,401.4003587024283,27455320,0.032805916096288135
2017-10-24,410.78790283203125,416.7018491061896,408.1277467684974,416.7018491061896,13857773,-0.005852610003794667
2017-10-25,413.2721862792969,415.91035788990115,408.699310481948,413.36012337621696,10011782,0.00604760614939881
2017-10-26,416.5699768066406,421.1428239258228,409.3589283368881,413.3162156869909,16840049,0.00797970595852071
2017-10-27,408.8531799316406,420.6590868200903,407.0284265589064,417.7131061662602,11498547,-0.01852461124096305
2017-10-30,414.41546630859375,415.75653660952963,409.1830614205014,410.6780216664539,7823263,0.013604605882931109
2017-10-31,413.6899108886719,415.8444285880789,409.886513825748,415.4926801805031,9504986,-0.0017507923301819384
2017-11-01,418.8343811035156,421.1427887477525,415.8444315632219,416.7238319399557,17571371,0.012435570893649883
2017-11-02,416.2181701660156,420.5712035603068,415.1848798451769,418.9443084374955,10277678,-0.006246409214561099
2017-11-03,415.6465759277344,420.32934407515495,413.38213681925845,420.32934407515495,4798537,-0.001373304385181573
2017-11-06,410.0184020996094,414.41540376544935,408.4794735301914,414.41540376544935,9757496,-0.013540767936227494
2017-11-07,398.6742248535156,411.1176774385511,397.0693433345378,410.39219632174775,20447574,-0.02766748318612733
2017-11-08,390.36395263671875,398.3664643998481,388.7370867621902,396.82753563467213,17752793,-0.02084476923445533
2017-11-09,395.9480895996094,400.0812506693049,392.23262975124413,393.41980994231596,15007224,0.014304950355104484
2017-11-10,388.627197265625,396.1460261927929,386.58260060239,396.1460261927929,13923102,-0.018489525587526923
2017-11-13,384.8457336425781,392.16670310241875,384.0762546214768,389.1327849220655,9088619,-0.009730311336039299
2017-11-14,389.8802490234375,393.52972665263053,383.8563816887379,384.73578202209205,12481463,0.013081905139515237
2017-11-15,388.56121826171875,391.59510728204236,386.0329382761083,388.9129667043057,15272059,-0.0033831689730953185
2017-11-16,397.4210510253906,398.36640415948153,389.3525876503477,389.3525876503477,15160866,0.02280163934863988
2017-11-17,400.96063232421875,406.67669026508275,399.46564300403094,404.0605029820047,12219276,0.008906375970008762
2017-11-20,404.8959655761719,406.4349236727002,397.9267736422081,398.4543962914145,9231195,0.009814762185358372
2017-11-21,410.0403747558594,413.16222970682384,406.9405040788137,407.51212455220184,13082246,0.012705508617175232
2017-11-22,409.24896240234375,412.722565918559,406.03914083551564,412.1949139652783,11058315,-0.0019300839679186055
2017-11-23,416.39410400390625,417.6692214528438,407.4462388807907,409.35892972994975,16031638,0.017459156303340606
2017-11-24,418.19683837890625,421.89031436132217,416.56997251160783,417.7131842796163,13987125,0.004329394575152579
2017-11-27,418.3067321777344,421.0108861544857,415.07495558200895,416.5039922114032,10237135,0.0002627800804380076
2017-11-28,414.7891845703125,418.306756959709,412.48077677253656,417.6472286469186,10153618,-0.008409015052445512
2017-11-29,415.9543151855469,417.71311577936956,413.75582911901864,414.1295617708184,8038351,0.0028089705772857965
2017-11-30,405.2037658691406,413.9537427541948,404.30238117845596,413.9537427541948,20637767,-0.025845504960348098
2017-12-01,400.1692199707031,409.46883312587073,399.113945343553,406.47888345702796,11114967,-0.012424726329081981
2017-12-04,396.4317626953125,401.7960727634677,394.56304054392774,401.66416710828804,10103208,-0.009339692032446334
2017-12-05,401.7520751953125,404.8519459226566,393.7276096242593,396.18990704611383,18306627,0.013420500072515829
2017-12-06,407.44622802734375,409.05110959665984,399.59760634189985,400.1252583403562,24078081,0.014173300360086571
2017-12-07,409.6007385253906,411.5573978424175,405.841309827271,408.94118087702634,12095301,0.0052878400874587506
2017-12-08,404.96185302734375,411.9750417346528,404.104466360806,410.6119874260927,12224184,-0.011325383627840635
2017-12-11,402.8293151855469,407.16036377318153,401.6861036250772,405.59942166947314,10792248,-0.005266021542164601
2017-12-12,402.58758544921875,408.4795482126226,399.24588705341785,402.74147539914617,15782031,-0.0006000798035683541
2017-12-13,402.1697998046875,406.6986776443967,400.4329834596337,403.15912148393954,9147866,-0.0010377509382587524
2017-12-14,405.1817932128906,406.67675341371495,399.5756264189133,404.08255000159204,10983157,0.007489357504382177
2017-12-15,404.4122619628906,410.2162865025176,403.5108773626947,409.35887045103846,24408414,-0.0018992246514780708
2017-12-18,404.96185302734375,410.0843355105695,379.30550141571325,400.98261146916843,18581421,0.001358987142935808
2017-12-19,407.13836669921875,407.6000364229414,404.52215021029406,406.10507653748357,8891691,0.005374614066989691
2017-12-20,403.708740234375,407.77594844103834,403.20310191861756,407.11642020309387,10443493,-0.008423736855479036
2017-12-21,401.4223327636719,406.2590201230297,400.12523115985636,403.84066176759944,9071450,-0.005663507481596164
2017-12-22,404.6980285644531,405.5774288273501,399.81737324869937,402.169778491186,10658428,0.008160223120196264
2017-12-26,408.8312072753906,412.8324625046236,403.7087247332023,406.654705470742,11596338,0.01021299442845991
2017-12-27,406.1710510253906,412.216873058955,404.0824863179319,410.23825907165235,9520350,-0.006506734815398096
2017-12-28,406.3689270019531,410.8538364423893,404.12647228173506,406.8305967702033,15511891,0.0004871740023395521
2017-12-29,404.98388671875,409.9304956175748,403.8626592818835,407.3802608772716,11089700,-0.0034083321611754203
2018-01-01,400.0152587890625,405.7093321656008,399.0259371678456,405.7093321656008,9453202,-0.012268705231569088
2018-01-02,400.630859375,404.3243349654804,398.5422945557765,401.44430689808223,9499419,0.0015389427588363702
2018-01-03,402.2357177734375,407.1603414690369,401.4662389003599,406.72062667663624,13507800,0.004005828210390749
2018-01-04,404.6540832519531,405.31364082486886,402.6314713366122,403.7087301164242,9008932,0.006012309130333904
2018-01-05,405.951171875,407.556082532456,404.6320861225771,405.3136279478872,7441284,0.0032054257617344373
2018-01-08,408.2816162109375,409.3588750180191,406.06114577296336,407.20435740385597,8827020,0.005740701092630696
2018-01-09,413.7338562011719,415.03095773275516,406.2809817737514,408.1057058870631,14294571,0.013354115820432888
2018-01-10,414.3495178222656,416.56998861238435,411.337583669395,414.6353134374378,11727682,0.0014880619796180383
2018-01-11,412.3268737792969,414.48139156921326,411.1176798744526,414.1076295189599,7849171,-0.004881492450140468
2018-01-12,417.2734680175781,418.9443317853938,412.54673102033144,414.63529605434854,15071161,0.011996778655104068
2018-01-15,417.33941650390625,421.450593697631,415.6026292741727,417.71317856338413,11120925,0.00015804620083192944
2018-01-16,405.8193054199219,416.701844644829,404.52220381560244,416.701844644829,10825151,-0.027603697682067718
2018-01-17,406.5008544921875,408.47949802257943,398.8061231292183,407.16041211948584,13204016,0.0016794397485855317
2018-01-18,404.3902893066406,408.7432931606718,402.3676773045552,408.4794818607916,9381821,-0.005192031362845406
2018-01-19,409.4908142089844,410.85386869756803,405.44558994453865,405.8413069198199,9973533,0.012612876810392804
2018-01-22,427.1666564941406,428.3978052812969,413.31618127350276,416.8337534298782,45700733,0.043165418299555114
2018-01-23,432.3331604003906,435.71882731309574,428.7056664263865,428.7056664263865,22526810,0.012094820201213219
2018-01-24,424.9022521972656,431.6735857569043,423.2753569639145,431.6735857569043,14289485,-0.017187920991864503
2018-01-25,424.704345703125,427.3864859503366,420.4172653298735,425.5837167012259,13669901,-0.0004657694637230092
2018-01-29,424.08880615234375,429.7169279546101,421.8023825874076,424.8363009394786,9897064,-0.0014493365961729676
2018-01-30,417.8890075683594,424.6603695937107,417.2734185291451,424.6603695937107,9182956,-0.014619104522549553
2018-01-31,422.6817626953125,424.0887857402805,413.9977093299284,417.71316945774777,12551686,0.01146896673554898
2018-02-01,415.0090026855469,427.6503134810664,411.82119464193335,423.5391658544019,16524809,-0.01815256934871945
2018-02-02,397.6408996582031,415.0529439106164,396.16792392595465,411.1176413978391,28965593,-0.041849942808357854
2018-02-05,396.6735534667969,401.2244449119785,387.7257191964092,393.09002877417123,19191099,-0.002432713013771348
2018-02-06,392.254638671875,394.8488713165877,382.97700995694254,385.61521115403156,24062503,-0.01113992792386087
2018-02-07,393.26593017578125,398.10261751571784,391.33125523980664,396.84948446786,15532284,0.002578150528264933
2018-02-08,397.7289123535156,400.41108238725053,392.3646016375524,394.8049446075877,13825894,0.011348509584187871
2018-02-09,394.7829284667969,396.6076527880399,389.5724787694808,390.89159407711986,11580639,-0.007407014665557599
2018-02-12,402.5435791015625,403.73075938391463,396.6296326147951,397.0473632197457,11877059,0.019658019825997464
2018-02-14,410.5240173339844,414.4153508368687,404.9618204763312,405.8412206971833,22247829,0.019825029255797322
2018-02-15,411.4034729003906,415.84441379405536,408.1057142906776,412.2828732395473,13363743,0.002142275553371098
2018-02-16,405.0937805175781,414.4593450190421,403.6867283365745,413.14022993041374,9628162,-0.01533699348313522
2018-02-19,407.6000671386719,409.798553263164,401.68612126585737,404.9618661783807,8941900,0.006186929401610586
2018-02-20,405.005859375,408.72131934944093,403.9945826995693,408.4794923183597,8458450,-0.0063645911098176855
2018-02-21,408.6334228515625,410.01846170052016,405.46759880286953,408.91921846214785,11917390,0.008956817272126605
2018-02-22,406.4349060058594,409.3589027809596,404.52221528261697,405.4016156779068,11196908,-0.005380168930777196
2018-02-23,410.78790283203125,412.4367822130504,405.7313726619427,406.89656862590834,10610664,0.010710194330870504
2018-02-26,412.74456787109375,415.4707061515473,411.82119892693214,412.8764735271878,8435611,0.0047632002441477805
2018-02-27,417.9329833984375,420.26337524552326,412.5906578294948,412.87645340376895,14021366,0.012570524075229406
2018-02-28,419.7137756347656,420.8350030278222,414.7231983785712,415.9323628729262,56650480,0.00426095165269702
2018-03-01,417.0096130371094,422.06614301404807,415.93235421712035,417.6032178100225,8956590,-0.006442873106956126
2018-03-05,406.3249206542969,417.77904956283504,405.22567767112326,414.6352105217487,12325694,-0.025622172843918767
2018-03-06,400.49896240234375,411.6453128884909,397.9707120301943,408.47948917870684,16019726,-0.014338176065036068
2018-03-07,391.2213439941406,399.79544642431404,390.47384926054247,399.79544642431404,15853546,-0.02316514967367822
2018-03-08,400.7628173828125,402.1039170303888,392.7823190882227,394.69498060656684,13283967,0.024388938730333543
2018-03-09,401.4883117675781,404.2364344341332,400.58692706332397,402.2797750873506,10638527,0.0018102836722815319
2018-03-12,409.05108642578125,410.28226456860386,403.44494936195815,404.52220822330077,8315150,0.01883684888585546
2018-03-13,409.73260498046875,411.5573584635263,405.11578993817983,409.7545892549272,11148731,0.0016660964297698921
2018-03-14,408.5014953613281,409.82058130660283,404.1704754724315,408.3915739785139,14724464,-0.003004665980144039
2018-03-15,400.9166564941406,408.67734037844394,400.12522259441727,406.72068120112385,12711836,-0.01856746903821871
2018-03-16,395.7502746582031,399.9933575686648,389.594500926149,399.6855483360086,30814962,-0.012886423530305446
2018-03-19,393.7496337890625,398.76216623768994,392.21067573086674,396.1679629073655,12630833,-0.005055311385111505
2018-03-20,391.2432861328125,397.4869959374654,390.0341217346192,392.7822439861495,15192983,-0.006365333301091236
2018-03-21,394.36517333984375,396.76151805895245,392.78227616119017,393.4637886978802,14715126,0.007979401353794602
2018-03-22,399.3117370605469,400.9826005039292,393.85949062390335,393.96941198840227,22129723,0.012543104855865295
2018-03-23,393.0460510253906,395.72819107573343,390.9355020818587,391.5950302820251,23469999,-0.015691214291069566
2018-03-26,396.2119445800781,397.6189676743443,392.43053149038747,393.0681048815811,13227705,0.008054764947843074
2018-03-27,395.6402587890625,400.4549614662703,394.4091101156281,398.8940486887464,15179544,-0.001442878739108977
2018-03-28,388.1214599609375,393.90350044850135,386.93427974844013,393.8815161732977,19160609,-0.01900412978986976
2018-04-02,392.62835693359375,396.14595840040124,389.79232670657075,392.6503412089737,12494499,0.011612078788711733
2018-04-03,395.5303649902344,396.475718172684,389.24268619166367,391.7709658870762,13922126,0.007391233988561563
2018-04-04,393.48577880859375,400.91666945676945,392.2326457420129,397.7948142524174,14214534,-0.005169226847327124
2018-04-05,399.3337707519531,400.1252340257902,397.2671901406303,397.9707163119858,8527915,0.014862016007455292
2018-04-06,400.56488037109375,403.8626094462106,397.92670885160027,399.245794611347,9664888,0.003082908857977129
2018-04-09,402.7633972167969,404.08251242890424,401.2464528798263,401.2464528798263,7813897,0.005488541191295493
2018-04-10,403.22509765625,406.2370314163251,401.9499803418064,403.8186730872744,8455132,0.0011463316742374996
2018-04-11,409.2929382324219,410.12834070009694,402.7853872342242,405.31366696722233,13140816,0.015048271080945197
2018-04-12,408.34759521484375,411.84318315544266,406.36895167065467,408.8532335631459,10822592,-0.002309697845412906
2018-04-13,412.810546875,414.0636800388565,408.3476211548157,410.1063926990947,12616816,0.010929295806941575
2018-04-16,412.01904296875,413.3161739112137,408.2596438473364,410.8758313045042,8934275,-0.0019173538860421946
2018-04-17,415.1849060058594,416.4820370712529,411.5574121921365,413.31621308142917,9599816,0.007683778434846467
2018-04-18,412.436767578125,416.92167706918997,411.1396366544429,415.62457549700974,7360987,-0.00661907113669391
2018-04-19,414.32745361328125,415.5146337526287,411.1176322253227,412.92040138394316,9802587,0.004584184010214543
2018-04-20,407.9957580566406,414.12954628045236,405.0498067967051,412.436727922355,7326696,-0.015281863418470043
2018-04-23,411.557373046875,415.228835066044,408.2596437067435,408.9191719638684,7674482,0.008729539265797781
2018-04-24,426.529052734375,429.0133637586765,411.11763633948044,411.4694140760855,19921115,0.03637811072769859
2018-04-25,426.7269592285156,431.69552279157006,423.67105694467574,428.1119979069819,14079382,0.00046399299853527864
2018-04-26,428.85943603515625,434.4216036418031,423.09938062783175,427.8261458934986,34096999,0.004997286345573171
2018-04-27,438.0711669921875,444.53471994533214,433.3224168389882,435.2131231902759,25518647,0.021479604231620764
2018-04-30,423.5611572265625,436.44429527158326,422.1101362973087,431.78351132065546,19406069,-0.03312249437745751
2018-05-02,427.6943054199219,430.5523199353733,424.33059386541703,425.1880099606535,13381914,0.009758090709787615
2018-05-03,422.8136291503906,429.98070807246245,421.78033890105667,429.98070807246245,8634812,-0.011411599845219556
2018-05-04,419.4499816894531,424.176718485862,417.71316516392886,423.3632709136858,8302649,-0.007955390339938861
2018-05-07,426.94683837890625,427.9361601911576,420.5052691365719,421.60451233335067,7683268,0.017873064767478075
2018-05-08,425.2319641113281,431.78348344312815,424.3965323198635,429.8048400138968,10792648,-0.004016599055023828
2018-05-09,429.45306396484375,432.7947617924149,423.0994324320435,424.70434319711154,9831044,0.009926581747769392
2018-05-10,431.40972900390625,432.9267026903479,428.37581098252514,430.9040906760938,8781584,0.004556179017557671
2018-05-11,434.9712829589844,435.8726382057994,429.91475310958987,431.4536816629702,8774740,0.008255618071714599
2018-05-14,433.80609130859375,436.15849689669636,429.4530872516334,436.15849689669636,5642499,-0.0026787783378805496
2018-05-15,430.4423522949219,439.6979954408977,429.43104638001597,432.2451213935584,10501479,-0.007754015171905548
2018-05-16,420.417236328125,428.26585675676756,418.7903707423629,428.26585675676756,18840763,-0.023290263872380423
2018-05-17,415.6685791015625,422.11014830735087,413.97573108643536,421.82435270920104,10353948,-0.011295105947693118
2018-05-18,410.6120300292969,419.25208522362976,409.7985824738615,415.77848159557163,11440117,-0.012164857596874357
2018-05-21,409.51275634765625,411.425446901046,405.4455482253105,409.24894505794754,14491208,-0.0026771589754985836
2018-05-22,407.4901123046875,410.67791985856985,406.7206334188542,410.30418722760726,11310073,-0.00493914783267857
2018-05-23,401.1145324707031,407.1603840239931,399.75144875844427,407.1603840239931,9991028,-0.015645974322972656
2018-05-24,402.6974792480469,404.9619184876834,400.19121296080937,401.88403164552074,11632489,0.003946371046676944
2018-05-25,404.8739318847656,406.0171435033568,402.08187033713955,402.7633828425202,17782410,0.005404684034235441
2018-05-28,404.6980285644531,407.60004062656344,403.68672266484646,406.67667181809657,11369679,-0.00043446442573780164
2018-05-29,403.40093994140625,408.0397390524784,402.0598699073972,405.18172479659034,17878384,-0.0032050776912552204
2018-05-30,402.807373046875,405.9292282293453,398.6302432865486,402.25776615814925,13105124,-0.0014714068207611897
2018-05-31,405.1158142089844,405.53351544872055,402.12586464899505,404.9618949270522,37080158,0.005730881102419039
2018-06-01,409.1610412597656,411.44746465964994,403.8406703753189,404.5222122806992,19174278,0.009985359516709646
2018-06-04,413.6899108886719,415.0749495950042,409.16103273512294,410.41416578861435,12250151,0.011068672655056178
2018-06-05,416.67987060546875,419.9116472336744,413.75587384142466,414.54733712934325,17436812,0.007227538400378153
2018-06-06,419.6477966308594,420.35129339736164,414.4813454943552,416.3940360312845,9164022,0.007122796743403992
2018-06-07,427.1006774902344,429.14527370213693,419.6697873199599,419.86764578856315,14999572,0.017759847470212975
2018-06-08,432.8167724609375,433.7840805465304,422.3739191249521,424.90219876680175,14289325,0.013383483735714297
2018-06-11,432.06927490234375,439.6760393490657,430.486348433424,434.0259340382162,15018718,-0.0017270531230654251
2018-06-12,438.4449157714844,439.698048842878,431.0360093705574,432.3990638208888,16285583,0.014756061676872712
2018-06-13,440.79730224609375,442.2922917374588,435.08124365073724,439.6980590796212,12962502,0.005365295365485467
2018-06-14,443.1937255859375,444.88654440029757,434.1579228609122,438.5768802933488,11997529,0.005436565350179556
2018-06-15,445.94171142578125,450.030903689506,439.3682375616216,442.3362025289863,24705890,0.006200416840763445
2018-06-18,446.53533935546875,448.6898569663923,442.77591099788714,443.5673742339309,12363932,0.0013311783008356226
2018-06-19,437.9612121582031,446.20554945788956,436.90590833677953,445.80980318698073,13881382,-0.019201452699447175
2018-06-20,448.1622009277344,449.76711165971903,437.43358152034756,437.93921983084886,15735681,0.023291991359833952
2018-06-21,453.7463684082031,455.5271532789503,449.06357135773834,450.00892447730166,22988909,0.01246014828762676
2018-06-22,445.1943054199219,452.53725918351375,443.4135203320392,452.18548141030624,35370008,-0.018847672584759056
2018-06-25,441.65472412109375,446.9530815357164,440.70937087641374,444.71062662098865,11369371,-0.007950643698125148
2018-06-26,430.4423522949219,442.3361962694999,428.8154867327251,442.3361962694999,17649122,-0.02538718871055856
2018-06-27,427.521240234375,436.1747889046505,426.1269134300521,433.1205900420165,19595831,-0.006786302613980388
2018-06-28,418.2701416015625,428.69424861566904,416.2118776803641,425.8170994633865,18770484,-0.021638921677296974
2018-06-29,430.4425964355469,431.79266069227293,420.0627530788779,420.10701554318325,17425606,0.029101897609463245
2018-07-02,425.1973876953125,430.3983754914588,423.6039092788918,430.3983754914588,14570004,-0.012185617277819194
2018-07-03,429.93365478515625,433.098510190637,425.08676634062783,427.1450303933809,11084063,0.011138984450294043
2018-07-04,438.25518798828125,439.09620441578414,429.8008203413119,430.1549200801727,10938521,0.019355389164133596
2018-07-05,426.9237365722656,446.3555241187266,424.31219150359385,441.30945433016115,40946479,-0.025855829495208704
2018-07-06,432.7000732421875,435.11243665609027,426.92364433094065,427.03430049233924,20039239,0.013530137059840186
2018-07-09,441.3536376953125,442.63727876250505,435.33376500734437,436.9272728855685,11309207,0.019998990035486885
2018-07-10,454.0130615234375,455.252440135157,442.63728258968735,443.8545299681209,22846197,0.028683175455924026
2018-07-11,459.8116149902344,460.7411563219205,450.53836245403227,453.70321740927255,18953870,0.012771776757567022
2018-07-12,479.08843994140625,486.4583471820609,461.4936078305945,462.2682305141414,52736376,0.041923310161665395
2018-07-13,486.8125,490.88476515910867,478.04826559542386,478.26960747836455,39301408,0.016122409590050735
2018-07-16,476.36627197265625,490.840512658671,474.9719451369637,486.81250988481946,14427529,-0.021458421933175043
2018-07-17,483.514892578125,485.1083710549062,473.4448851186983,477.29583822146117,14150770,0.015006563281371621
2018-07-18,483.6034240722656,488.9371995484613,476.8531904333908,486.1928377125174,10241565,0.00018309982898068178
2018-07-19,489.0477600097656,493.5405181127493,480.8589681231968,483.93529788843375,11885426,0.011257852336228336
2018-07-20,499.5825500488281,503.9424912089298,492.1683512652057,492.8323177444315,17538801,0.021541433987658287
2018-07-23,495.8865051269531,500.0915573734525,492.6995486419767,500.0915573734525,12779803,-0.007398266655858521
2018-07-24,491.7478942871094,498.7415411032088,490.1765176707463,496.63904445000685,9775749,-0.008345883174990187
2018-07-25,493.60693359375,497.0816552197648,488.76007557931655,491.32735759499656,13014255,0.0037804723278698216
2018-07-26,491.6150817871094,496.41773661036893,490.3535719647022,491.3716382253252,14053674,-0.004035299488479138
2018-07-27,500.11370849609375,503.4556130873496,492.2790161830502,495.5323958485275,14610585,0.01728715619970478
2018-07-30,509.6525573730469,512.264101892655,499.29484512883414,500.18009442517126,30344461,0.01907336014771044
2018-07-31,524.9678955078125,526.9155034693482,507.7714810538533,509.4756158594122,30350826,0.03005054701129528
2018-08-01,527.778564453125,532.4484024548143,524.702234357026,526.915416799906,21227054,0.005353982537529722
2018-08-02,517.1552124023438,527.4022972477499,516.0929133280641,527.4022972477499,13668930,-0.02012842651498925
2018-08-03,520.9620971679688,523.8613781192586,517.6865556060744,520.0989492995083,14536058,0.0073612035116901176
2018-08-06,527.8892211914062,529.3941449850735,520.2537392278248,520.8512529511331,8785462,0.01329679080511692
2018-08-07,524.1710815429688,531.7844621932755,520.9840657513095,528.9072836683633,8879612,-0.00704340891834454
2018-08-08,538.99951171875,541.1241695701573,524.5252690256458,524.5252690256458,17307566,0.028289294655729158
2018-08-09,539.110107421875,545.196344330461,536.476402010622,540.6814545371221,14976885,0.00020518701913530002
2018-08-10,533.0237426757812,537.8042657481574,532.1827559171065,536.0337082134338,7833494,-0.011289650596980838
2018-08-13,525.7203369140625,531.1426369232181,523.507154442885,530.080278607436,10211072,-0.013701839481024991
2018-08-14,535.8567504882812,538.7781325107724,524.2153666760712,526.7383864812343,11592139,0.01928099954001916
2018-08-16,531.518798828125,538.2469297718325,529.1728291288373,532.6033178447335,13086024,-0.008095356932992681
2018-08-17,532.82470703125,537.9814325957946,531.186936523282,535.1485162859524,8379864,0.0024569370001668034
2018-08-20,546.61279296875,547.4537798214348,534.5508868824152,534.6615725949496,16639535,0.02587733968704886
2018-08-21,552.0572509765625,553.9605963018237,543.1159955616758,547.6530465225219,15923396,0.009960355992113978
2018-08-23,561.9058837890625,563.9198554134165,548.1620048381349,551.6587985281662,17429373,0.017839875837294406
2018-08-24,565.4691772460938,566.553637289523,557.7451695344503,560.0468770289477,14550512,0.0063414417962721625
2018-08-27,571.6661987304688,573.5916460207346,566.0225851947622,566.310261746509,12188510,0.010959079174845954
2018-08-28,583.838623046875,585.6091808781202,573.2153351548222,573.6579598387789,19018790,0.021292887953561435
2018-08-29,572.8611450195312,588.2649559431339,571.0906463804185,582.6434454777053,24230135,-0.01880224704911715
2018-08-30,564.1190795898438,574.1669544597751,562.3485219230006,572.5955483345114,21545859,-0.015260356729883351
2018-08-31,549.6005249023438,562.1492573480824,547.3651820272736,562.1492573480824,33479841,-0.025736684350502803
2018-09-03,544.0675659179688,556.7934079028934,542.6953704962716,551.0833730008234,26686176,-0.010067237445521182
2018-09-04,549.7333984375,555.4212731824157,544.0012612256086,546.723432492321,19333815,0.010413839887646548
2018-09-05,543.115966796875,554.4696148937215,534.9271738135313,549.9768266412864,22584608,-0.012037528844770273
2018-09-06,558.3427124023438,560.2460577730595,542.3856482042748,544.5103059325828,24487897,0.02803590123720956
2018-09-07,565.9559936523438,567.1732409512334,555.2884444285472,559.8918588420294,23389269,0.01363549855830093
2018-09-10,555.885986328125,565.2477628051493,553.3408061649557,564.3624544853731,15440786,-0.01779291576935671
2018-09-11,547.8522338867188,561.4412268741748,546.3251490083154,557.2804361881091,23787332,-0.01445215860625082
2018-09-12,554.4031982421875,557.1475301010046,543.9348004989483,554.0933018992939,17642490,0.011957538822089164
2018-09-14,554.69091796875,564.628107824439,552.2564231675549,557.4574108229871,17233514,0.0005189719818983196
2018-09-17,542.6290893554688,553.6286379041651,540.7257440969619,553.6286379041651,14773803,-0.0217451344930093
2018-09-18,538.7559204101562,548.6046437585512,537.5165714076329,542.6732962459503,16660044,-0.007137783471787396
2018-09-19,535.923095703125,541.7880203228374,531.607416524799,541.7880203228374,24642640,-0.005258085525769451
2018-09-21,538.910888671875,547.7193557926669,523.8612365552019,539.5748256622617,41713856,0.005575040509926188
2018-09-24,545.3513793945312,548.8260722264904,533.156683758085,537.5609476340716,22098277,0.011950938194120742
2018-09-25,544.7094116210938,551.0833835775716,528.951502034145,546.8783314029075,21250513,-0.0011771635640680511
2018-09-26,553.916259765625,555.0449821591765,543.1823461846037,548.4275959714746,13992341,0.01690231148591881
2018-09-27,554.9564208984375,559.05084633914,547.7635640471631,555.5097312167069,23642923,0.0018778310159239808
2018-09-28,556.8155517578125,562.9018475967209,552.1014514445271,557.6786993825865,24220992,0.003350048381033588
2018-10-01,545.1963500976562,556.704946131616,532.9352921219858,556.704946131616,16039441,-0.020867236239138
2018-10-03,533.4221801757812,548.6932041353247,531.1868960326858,544.2225767537168,16135428,-0.021596200927915254
2018-10-04,496.74969482421875,526.915423306167,489.55683702218835,526.5170610987046,50774608,-0.06874945721131742
2018-10-05,464.2601623535156,493.6734015355921,459.52393023943023,486.6797538630286,47998260,-0.0654042323713957
2018-10-08,491.06182861328125,494.4258648450093,453.9466852504677,464.7691837675426,53983473,0.0577298429481814
2018-10-09,482.496826171875,497.214511197296,478.5794793640813,496.48415089049286,24042005,-0.017441800486902248
2018-10-10,487.8305969238281,493.9168638111641,479.9516409131189,484.20095620725556,20784941,0.011054519869635682
2018-10-11,481.5008850097656,493.4299456169422,461.67073718064023,470.9661217456406,28926389,-0.012975225322020667
2018-10-12,498.65301513671875,499.73747508395496,487.7420219664262,489.0920567053838,19814528,0.03562221931659648
2018-10-15,504.49591064453125,507.66076601238575,494.93495083345624,500.13590944604493,19406012,0.011717357221254332
2018-10-16,515.1412963867188,516.7347451698961,504.60647485877587,507.262341021569,16358598,0.021101034750880876
2018-10-17,509.60833740234375,522.0242848435612,504.60650117471573,521.8693957514935,27967162,-0.01074066284955999
2018-10-19,487.4764099121094,491.7700167155231,473.73253053784686,486.90099787248624,55606079,-0.04342928846699945
2018-10-22,470.36859130859375,493.4521213866385,468.02262110769686,491.3274635541824,28798142,-0.03509465946588086
2018-10-23,466.84954833984375,471.2759130683031,461.95839817722594,465.9864007172986,23128845,-0.007481458230363169
2018-10-24,462.8879699707031,476.255619514561,456.53612848480526,475.79083404980474,29869514,-0.008485771022438193
2018-10-25,456.2704772949219,460.63047771253343,449.896505229115,458.572214052885,30833933,-0.0142960999314804
2018-10-26,462.51171875,467.86765480715,452.3753473781812,457.20007470974065,20085933,0.01367881939695148
2018-10-29,481.5008850097656,484.1788235216352,462.99864081915166,462.99864081915166,16781215,0.04105661649198078
2018-10-30,467.86761474609375,480.4827719550035,465.6986652988151,480.4827719550035,19263668,-0.02831411257612826
2018-10-31,469.7488098144531,471.784942364411,463.44123106576563,468.75287477267574,35999348,0.004020784959395618
2018-11-01,467.53564453125,472.6923697947122,464.7691811842669,472.6923697947122,20552752,-0.004711380288706435
2018-11-02,475.7908020019531,478.4909010289118,470.5898145896325,472.2939785994359,36739798,0.01765674460816724
2018-11-05,482.60748291015625,483.6698117450583,471.4087528995298,475.14904983069204,16585905,0.014327054830654662
2018-11-06,488.7158203125,492.21264367437743,483.1828349269601,484.2451636297323,18886485,0.012656947143691255
2018-11-07,491.6371765136719,493.54052149624897,489.8666484662768,493.54052149624897,2808599,0.00597761742049574
2018-11-09,484.0017395019531,493.00941737855555,480.2614724335663,489.66751250930923,23712291,-0.015530633923707016
2018-11-12,478.04827880859375,486.3698592250039,475.6359151924671,485.8829720740352,12690610,-0.012300494414515084
2018-11-13,486.6575622558594,488.2289093220157,473.6440133349889,475.3924398100861,14899604,0.018009234273830943
2018-11-14,485.9936218261719,492.50038186216375,480.4827968608081,489.13634567495455,17034346,-0.0013642866795491315
2018-11-15,485.5067443847656,488.2289452972339,480.92543114923296,485.55100685333554,14943663,-0.0010018185826734527
2018-11-16,499.029296875,500.1580193355547,485.6173852021472,485.993616173096,24131016,0.02785245034519579
2018-11-19,509.0329895019531,509.7854515614715,500.6228830432787,501.46387005097574,15987574,0.02004630327236856
2018-11-20,503.4556884765625,511.64448171893866,500.1801475414441,506.8197543507155,12511640,-0.01095665927437739
2018-11-21,492.611083984375,507.04109301151124,490.0216702878151,503.49997707552075,16422494,-0.02154033560530988
2018-11-22,488.16253662109375,498.12188722093686,486.94528922504816,493.31926178986436,12670591,-0.009030546627778135
2018-11-26,491.2167053222656,494.6471349635808,485.75014321886636,490.88473683856927,13969873,0.006256458601497483
2018-11-27,499.3833923339844,500.1801167362265,489.31338566189805,490.3978456459913,14896607,0.016625426055819847
2018-11-28,510.2059020996094,512.4633470527494,498.5424168099133,501.26458812722854,17507771,0.021671745460023262
2018-11-29,517.2217407226562,522.2677805414729,513.4593125460436,513.9019372502519,27640198,0.01375099463603835
2018-11-30,516.80126953125,524.9679029768241,514.4774009579852,518.9037666347901,23443212,-0.0008129418357758489
2018-12-03,511.88800048828125,520.0546336763155,508.36898610935697,520.0546336763155,12182825,-0.009507076186993868
2018-12-04,510.0509033203125,512.5739228299735,505.58027632529297,512.5739228299735,11358720,-0.0035888654670872544
2018-12-05,511.3124694824219,512.9281382181655,504.2966614243573,506.2664299064278,12729759,0.002473412269043962
2018-12-06,497.36944580078125,508.590247631458,494.9791838295669,508.590247631458,12831451,-0.027269085957857597
2018-12-07,501.86212158203125,503.25641875590645,490.59699938710315,499.9366748362823,15779984,0.009032874494364407
2018-12-10,482.5853271484375,493.23074619157273,479.4204720397295,491.3274009700011,20521072,-0.03841053868107658
2018-12-11,485.8165283203125,487.8305295145175,466.9823181531122,471.85130735200704,29518062,0.006695605916922309
2018-12-12,491.5487060546875,492.8766391720069,481.4787287925514,486.45837456551925,27572962,0.011799058698545473
2018-12-13,490.0216064453125,499.29485901164674,484.7099627810662,499.29485901164674,20337275,-0.0031067106688814627
2018-12-14,492.3011779785156,493.4962940984288,483.2713690591499,488.2731754146962,15795834,0.0046519816743173514
2018-12-17,500.1358947753906,501.50809045246905,491.99139339222495,493.9611324193799,11077711,0.015914479077717925
2018-12-18,503.0130310058594,504.16385513832273,495.9750624295153,497.2144705906611,12841994,0.005752708934760431
2018-12-19,503.1900939941406,507.8377713026574,501.596586058375,505.2704890755681,16118419,0.0003520047739662413
2018-12-20,499.4941101074219,501.2867696752321,494.0496490564129,496.19640838128,12609700,-0.00734510462513549
2018-12-21,486.9895324707031,500.7334121178466,485.1304498257496,497.96691938314893,18115814,-0.025034484658947198
2018-12-24,482.09844970703125,488.31750426070846,480.94759589631184,487.29943786495147,9065704,-0.010043506969969918
2018-12-26,486.170654296875,486.90101453525165,471.69641421389167,480.61556706264236,15771193,0.008446831953760503
2018-12-27,495.8422546386719,498.85222043678067,488.671558052731,490.0879864744526,27294221,0.019893426837505057
2018-12-28,498.2104187011719,502.50399626800674,496.2849127090147,498.1882579195662,16768547,0.004776043268490238
2018-12-31,496.30706787109375,501.8843160362173,494.0717541773984,500.6006453893138,15799099,-0.0038203754049145333
2019-01-01,496.19635009765625,498.98500354776144,491.37162328363314,498.0775934791784,9746670,-0.00022308320917618918
2019-01-02,489.7339172363281,498.8522514846727,487.343655344541,493.31926575244586,15628818,-0.013023942759869622
2019-01-03,483.69189453125,493.3635092523611,482.51890963809075,490.22078553274525,16288287,-0.01233735808860148
2019-01-04,486.303466796875,488.8707786063825,478.535196761192,485.7501859420517,18516544,0.005399247527511086
2019-01-07,489.0035400390625,495.06767517209585,487.3436384673368,489.99947507255644,12060290,0.005552239345468779
2019-01-08,488.95928955078125,491.30525940351646,485.1304679541355,489.1584706528177,12304389,-9.049114097969824e-05
2019-01-09,491.65936279296875,494.425855651597,486.32558772693704,492.21267318377784,12614237,0.005522081899022924
2019-01-10,490.2208251953125,491.7700707213868,488.2289549747655,490.33148136893067,8925160,-0.0029258826466445065
2019-01-11,486.037841796875,493.00938668171045,481.854920775515,490.26502528205026,14139060,-0.00853285536527526
2019-01-14,485.4845886230469,487.1223294251018,480.88114438580243,484.6878346813324,8994060,-0.001138292384359918
2019-01-15,500.0251770019531,501.0653744138922,489.11415501831715,489.11415501831715,22011407,0.029950669330507385
2019-01-16,502.79168701171875,506.81968941252785,500.3350316251482,502.3932657416925,13961606,0.005532741423847964
2019-01-17,502.1498107910156,508.10325943136405,500.18004266737336,506.5761750054958,16379077,-0.0012766245689502798
2019-01-18,524.2373657226562,526.6940208916542,502.5039069449697,508.50161800344654,56181172,0.04398598676527832
2019-01-21,547.8522338867188,548.8481690848818,526.1408702049339,528.509001172476,48206814,0.0450461369374342
2019-01-22,546.7234497070312,551.9465982608722,539.8404290416297,545.7054129345357,36207430,-0.0020603807192304258
2019-01-23,542.8060913085938,550.7293089254705,540.9027462181267,545.9045229540942,19313542,-0.007165155254519773
2019-01-24,552.1679077148438,554.7130882758987,540.0617976543355,542.2307176885093,28775487,0.017247073229559096
2019-01-25,551.5261840820312,559.8035036819263,546.834243318302,553.4959529562393,18703992,-0.0011621892975784975
2019-01-28,544.2446899414062,555.9303361110078,541.0798348240664,553.5179429525717,18744303,-0.013202445052984069
2019-01-29,535.8788452148438,545.1742589755294,531.7623174984154,544.8865233857091,20405845,-0.015371476986689836
2019-01-30,529.2614135742188,542.2307307181926,527.2252808955305,537.8043656072043,17164298,-0.012348745802741923
2019-01-31,543.182373046875,544.3110954962458,531.6074129717023,532.0500376390211,22279301,0.02630261552348001
2019-02-01,553.2744750976562,555.5098184046919,543.1381334083609,546.2144636186489,20187323,0.018579583122647403
2019-02-04,571.4004516601562,574.0784193450475,549.7776177383931,551.9686392293681,25528059,0.032761273795073764
2019-02-05,571.688232421875,577.3761668533017,565.9560946142955,571.8874430916759,20479210,0.000503641116982978
2019-02-06,579.9655151367188,583.2410560216659,572.8833428361716,573.7685922129579,20586783,0.014478665547790426
2019-02-07,571.17919921875,584.812393978493,569.2758539932959,579.9655059785771,20150710,-0.01514972130006298
2019-02-08,565.5576782226562,575.6498162527372,563.145285109626,568.7003724990501,14230054,-0.009841956786561523
2019-02-11,554.7351684570312,564.8052045928157,553.7392334148291,564.7609421263937,16457901,-0.019135996525829646
2019-02-12,556.1294555664062,563.189525666057,553.9605356558238,553.9605356558238,13998153,0.002513428368446702
2019-02-14,541.8765258789062,549.3128564552972,539.1321939259117,549.3128564552972,14496604,-0.025628798375701423
2019-02-15,550.8399658203125,553.2523589386116,537.3616603663344,544.3332058212081,20994460,0.016541480417273657
2019-02-18,540.061767578125,554.4032201240432,537.8043227333932,553.2965993868063,21106139,-0.019566841389470624
2019-02-19,538.291259765625,548.7374981100645,536.1223396511388,539.1322466913853,13658461,-0.0032783431799657814
2019-02-20,546.3693237304688,548.8702417164039,539.57482832799,541.7216465839695,13776558,0.015006864440565204
2019-02-21,551.92431640625,556.7491016863789,544.1560480775452,547.0995902215266,23142949,0.010167102058097344
2019-02-22,545.484130859375,551.2162685698074,542.673375318835,550.9064312740302,19152470,-0.011668602660612981
2019-02-25,545.4618530273438,550.1981136755784,540.3051285442053,547.0996231918582,17176522,-4.084047687358261e-05
2019-02-26,540.128173828125,546.5685699194651,533.8206242395728,535.369810658872,22160532,-0.009778280863485755
2019-02-27,541.5667724609375,551.0392370096412,535.148536691583,543.5808035935923,24308835,0.002663439351101582
2019-02-28,544.9086303710938,548.8038457853164,542.916760195535,546.1037761145965,24688859,0.0061707218391011676
2019-03-01,542.6953735351562,549.9103912857396,541.0133999644827,547.5422609049652,17329606,-0.004061702664592048
2019-03-05,547.8300170898438,548.7816896146917,539.3977517583712,541.5224091283327,15577500,0.009461373369078263
2019-03-06,559.84765625,563.5215593191119,546.7013485588425,548.7817436696697,26332276,0.021936802995928817
2019-03-07,562.260009765625,566.4871638440499,556.9040741791548,559.4935170418076,17738092,0.004308946351197607
2019-03-08,560.86572265625,564.1191025568273,558.6082777903562,560.4009372146203,13211934,-0.002479790639843271
2019-03-11,577.2432861328125,580.7400799174743,561.2640637135738,562.1714737819083,21258869,0.02920050702866739
2019-03-12,589.30517578125,590.4781607218365,581.7360574304449,582.9090423710314,24561597,0.02089567767733591
2019-03-13,596.3652954101562,601.9867474570777,587.8666645373902,591.8061426746194,24577591,0.011980413407274959
2019-03-14,593.8199462890625,602.8718850342068,591.4075536436943,597.4495860979528,22753310,-0.0042681040306732365
2019-03-15,585.0116577148438,601.455609336697,580.3860816359203,595.3472108928156,34764353,-0.014833264913487798
2019-03-18,597.58251953125,601.079372818546,588.26500375624,589.1502531477479,22104063,0.021488224466346795
2019-03-19,609.3124389648438,610.8395237390288,594.5061994229327,601.9867341954044,21448030,0.01962895340846793
2019-03-20,608.825439453125,614.3805267326183,603.7572393047114,609.8656369626848,21639437,-0.0007992607414122332
2019-03-22,593.9085693359375,611.2378271135251,591.6732852516752,607.5196617727818,25078643,-0.024501062456566358
2019-03-25,586.2509155273438,591.7396385052343,582.8204858269424,588.9731457836614,17394088,-0.012893657717644946
2019-03-26,605.1959228515625,607.1213698963418,588.7076500196026,588.8404374331935,20734876,0.032315527059224136
2019-03-27,597.2283935546875,609.9320763376186,595.0152110776627,609.9320763376186,22079870,-0.013165206499299531
2019-03-28,601.9866943359375,606.3245934275687,594.3733726565703,597.6710151211328,22930248,0.007967305025350147
2019-04-01,616.084716796875,622.7021032334529,603.1154596255492,606.4131020011401,22088854,0.023419159582072302
2019-04-02,615.133056640625,621.0644045184021,610.8837416081006,618.806959600837,17526740,-0.0015446904140031803
2019-04-03,608.7147827148438,621.0201023548342,607.2983247627387,616.48305202846,17169813,-0.010433960354582217
2019-04-04,598.910400390625,612.4772302504579,596.3430591887059,610.3968352667464,18320845,-0.016106693319474785
2019-04-05,599.28662109375,603.7129859979176,594.4618939853823,602.4072136697757,14717266,0.0006281752710917132
2019-04-08,588.3756103515625,600.8801417011313,585.9190138260517,600.2162046801037,19081843,-0.018206664988238752
2019-04-09,590.6773681640625,593.4438019252227,584.7238594627548,588.2207125793918,20774977,0.003912055109022372
2019-04-10,589.3273315429688,596.6751382297164,587.1584113334028,592.22661208358,16651949,-0.002285573637754057
2019-04-11,596.1439208984375,598.888252928807,588.264965445455,590.0133624275286,12558520,0.011566728693240158
2019-04-12,594.506103515625,600.6145007223635,591.65108599662,597.5602725712885,12948769,-0.002747352317782892
2019-04-15,593.2003784179688,597.0955936790656,590.9207727394057,595.347137600993,9285737,-0.0021963190788704123
2019-04-16,594.7940063476562,601.9868063777213,593.1340748680153,595.3472577454418,17360317,0.002686491761751064
2019-04-18,613.4732666015625,615.1552405762882,604.200012574651,608.6263780674099,39286534,0.031404587226099734
2019-04-22,595.5020141601562,605.0851029791396,593.7092958309894,601.9866124914394,23607922,-0.029294271518889525
2019-04-23,603.6908569335938,607.7409611357401,595.7898000746608,596.67504937718,19807450,0.013751158818473996
2019-04-24,615.0446166992188,617.3905868751744,604.7532666512986,606.5459854597473,16101112,0.018807241546270337
2019-04-25,607.4754028320312,625.180921221674,603.137562941129,614.8674710903454,30469914,-0.01230677199941932
2019-04-26,616.5052490234375,617.8996055066781,606.7230065254395,608.6263518787861,15069884,0.014864546201063256
2019-04-30,616.5052490234375,618.0987570789824,604.996711056551,618.0987570789824,22348580,0.0
2019-05-02,621.9275512695312,625.8448682453895,611.768990059855,616.1510924873053,18992003,0.00879522478467587
2019-05-03,623.6094970703125,627.4383480359272,620.865165141616,623.211134884836,14240262,0.0027044079287819045
2019-05-06,613.0084228515625,620.9316411509761,609.9984567813605,618.8069835524767,15832114,-0.016999539404953468
2019-05-07,594.6832275390625,617.4790489756616,593.2225069761276,617.3905240382364,19417647,-0.029893871975291586
2019-05-08,575.18505859375,593.1339922776132,571.9759409135609,593.1339922776132,31958919,-0.03278748759402628
2019-05-09,556.1517333984375,570.4710281590392,554.071337981232,570.4710281590392,42670173,-0.03309078514982011
2019-05-10,553.8057250976562,565.5577364097078,551.0834944331871,559.9362251932031,24557430,-0.004218288211466414
2019-05-13,545.3513793945312,558.0771656204672,543.3373481960891,552.3671883167767,17603659,-0.015265905208246444
2019-05-14,557.9223022460938,561.8617807817881,545.1079313861411,547.3211142708041,28438234,0.02305105171920374
2019-05-15,556.3507690429688,565.6904447842285,553.5621746080103,563.4772624034616,24419559,-0.0028167599624504547
2019-05-16,560.0910034179688,562.9902830901406,556.881886536584,557.7007715657779,14451308,0.006722798966259935
2019-05-17,560.99853515625,565.2256894999022,554.1818786920556,560.8214852839767,17276949,0.001620329076423399
2019-05-20,586.892822265625,592.1159710878152,576.9777333643875,581.4484201856392,26979100,0.04615749504972033
2019-05-21,593.04541015625,605.0851552655346,588.7297311552686,589.6814037049653,30343560,0.010483324479712897
2019-05-22,593.3109741210938,601.8538661321671,590.96500441242,595.6348421452735,24689918,0.0004477970157019673
2019-05-23,590.4338989257812,616.1511018080408,586.4944211091025,607.2983718851489,38766006,-0.004849185875205664
2019-05-24,591.7395629882812,599.2422567255087,582.7318865290257,596.6749749729242,22269265,0.0022113636511649215
2019-05-27,580.1425170898438,592.0273731116835,578.5269075629556,591.8503232509513,16076686,-0.019598226354635595
2019-05-28,585.941162109375,590.8323129584585,581.337746873328,584.1927649339189,42594251,0.00999520781310581
2019-05-29,581.2048950195312,590.1683104518131,577.265417294087,584.7238497637976,15558515,-0.008083178646800082
2019-05-30,588.596923828125,594.019223371127,582.6213139410421,582.6213139410421,23494381,0.012718455869758838
2019-05-31,588.7739868164062,593.9749741568739,584.3697238404902,592.204416473568,25724066,0.0003008221434961378
2019-06-03,602.0752563476562,605.1958488284881,584.8123628335076,590.920760397822,18556942,0.022591469441732848
2019-06-04,598.2907104492188,608.2943239066423,596.7193632541569,600.8579927431291,15442761,-0.006285835298058151
2019-06-06,587.5346069335938,602.8277324367702,584.7681141139942,602.8277324367702,16764835,-0.017978055363000567
2019-06-07,582.0237426757812,587.4903046969813,577.9072153490195,586.9148926672266,14722419,-0.009379641969643804
2019-06-10,583.9049682617188,587.3796605611984,579.89912635872,584.6795909812258,11768468,0.003232214509478304
2019-06-11,588.331298828125,590.6994293154609,583.3959454068723,585.1000798331271,11492074,0.007580566713764059
2019-06-12,589.6593017578125,592.4257947525115,586.4944465364875,590.7880242809626,10297599,0.002257236581383104
2019-06-13,587.4903564453125,590.787998934032,579.2573010665908,588.7076038554885,15686169,-0.003678302548665413
2019-06-14,583.19677734375,586.4944198237544,579.5892975904819,585.1222242324548,14942768,-0.007308339710529688
2019-06-17,567.5938110351562,584.2812339912606,565.911778180256,584.2812339912606,14908257,-0.026754205295268618
2019-06-18,567.0184936523438,570.0948242903805,561.7510818712044,566.088922587236,16797371,-0.001013607568699948
2019-06-19,565.4027709960938,576.3137950100071,558.8739088523005,569.6299846715991,14492763,-0.002849506099602883
2019-06-20,573.9898681640625,575.428486953255,565.6904489489388,566.575698269597,10748848,0.015187575315275703
2019-06-21,566.3543701171875,573.6579131902394,564.605973210025,573.6357524101344,23236832,-0.013302496211819115
2019-06-24,558.7853393554688,565.0043637095691,556.4393695082755,563.1010185325224,11267228,-0.01336447842744215
2019-06-25,573.591552734375,574.5432253793795,555.1778335046871,557.2361269861518,14966899,0.026497140021576993
2019-06-26,572.8389892578125,577.4645642543747,569.3863990466393,571.4446921634263,11593027,-0.00131201980394402
2019-06-27,563.9862670898438,574.0562431959233,562.591910883796,572.3963713113941,24905533,-0.015454119454122006
2019-06-28,554.6687622070312,567.837229088313,552.6989939576308,565.2920488190996,18942165,-0.016520800995546647
2019-07-01,561.6402587890625,563.3222322411394,551.7251724366304,556.8597359022041,13478857,0.012568756448968932
2019-07-02,565.911865234375,567.018486183894,559.1837918752126,563.8978931122131,10146746,0.007605591619308738
2019-07-03,567.7044677734375,569.4529239698368,564.3847234502912,567.8594159651082,8806492,0.0031676355439553827
2019-07-04,568.3463134765625,571.4448046030109,566.5757555607951,567.1954892433374,9351405,0.0011305982946414606
2019-07-05,559.205810546875,571.2234546184956,557.7229883348122,568.8331631776572,10926753,-0.01608262904667268
2019-07-08,554.2039794921875,561.3083116822136,552.4998451082868,556.8376847003334,14009219,-0.008944526255540763
2019-07-09,566.6199340820312,568.1249169517715,551.3047078871608,552.8317924411703,17535754,0.022403221646333904
2019-07-10,566.0667114257812,570.7143885662242,561.5739233692843,566.5978610200226,12018196,-0.0009763557950820401
2019-07-11,567.2618408203125,570.9136422948378,566.2659057082456,569.6742340526625,8608376,0.002111287186489008
2019-07-12,566.7970581054688,575.4284751870541,565.7125390667155,567.9036197336648,15692436,-0.0008193442276526186
2019-07-15,564.8494262695312,570.7807145325879,562.3042459909406,568.7888445920233,10659498,-0.00343620667765554
2019-07-16,572.3300170898438,573.1710630706701,565.2699466652127,566.5536173225701,10070773,0.013243513177869426
2019-07-17,567.39453125,574.1005010711244,566.5756461560046,572.90535550275,9482233,-0.008623496396256591
2019-07-18,558.5418090820312,569.4085686468941,556.8376747286476,567.4609612021368,11942908,-0.015602410105126863
2019-07-19,552.85400390625,563.4551309237335,550.065350230861,561.3526341456075,16336536,-0.010183311407124918
2019-07-22,566.7970581054688,568.5675567105824,543.2487175124882,553.7392172248569,29092589,0.02522013786768773
2019-07-23,563.720703125,572.7283212128182,557.8999823849913,568.7888438003976,20316348,-0.005427612822747396
2019-07-24,557.3245849609375,566.0445268142822,554.867929547874,563.6985571097337,15189179,-0.011346253789519256
2019-07-25,545.1078491210938,561.7289085810165,543.1159789159576,559.4935652480942,21805071,-0.021920324653720402
2019-07-26,537.273193359375,549.9768774552333,535.5911603200976,545.1078873216514,20387504,-0.014372670975754565
2019-07-29,536.01171875,540.9028699903904,533.4222753117766,538.6454246633529,17626045,-0.002347920247960711
2019-07-30,522.7103881835938,540.0175454119949,520.5193664215706,537.3395773958161,20853117,-0.024815372688913317
2019-07-31,516.2257690429688,524.5251884932695,514.5215754092878,520.4308216260823,21229950,-0.012405759072741773
2019-08-01,522.4227294921875,525.9416845388708,509.1878371492463,514.9642372860822,22628222,0.012004360922755364
2019-08-02,527.3841552734375,533.5737464690229,517.4763743805444,523.5323811262336,23766807,0.00949695620263813
2019-08-05,509.1271667480469,519.6583423312425,502.29188726944534,519.6583423312425,30399133,-0.03461800727768316
2019-08-06,502.4255676269531,511.91036316273204,499.62023403615984,505.2977231842644,29067994,-0.013162917948179698
2019-08-07,494.00946044921875,506.9898045620142,491.20409739999894,501.6240130506623,25349369,-0.016750953215787123
2019-08-08,513.1349487304688,515.6508197039626,487.7308882191028,493.54196220587255,31198568,0.0387148219061606
2019-08-09,517.4764404296875,523.4433916370499,513.1125622758229,517.365149765636,21970009,0.008460721122113934
2019-08-13,567.638916015625,580.1293917889301,545.9308139324703,549.1146665266605,104827144,0.09693673308930739
2019-08-14,573.6503295898438,580.8640689784442,570.1324864795871,580.6637220080089,31688983,0.010590206916069267
2019-08-16,569.0860595703125,575.2311234055627,566.8595923358139,574.9639544714397,21977767,-0.007956536907761658
2019-08-19,575.5873413085938,577.4575832737376,569.9766154131626,570.4441907669835,16317602,0.011424074845885368
2019-08-20,568.1732177734375,575.5873639681415,566.6814947931508,574.3405755757227,14969299,-0.012880970450636187
2019-08-21,565.9467163085938,569.3755030810053,563.9651837223562,568.0395990053597,10677848,-0.003918701894413457
2019-08-22,555.1705932617188,565.9689379340402,551.6750440617036,565.9467035825179,14031953,-0.019040879178807923
2019-08-23,568.128662109375,571.7577958939527,546.1533935304763,551.7195912204171,21307915,0.02334069744495193
2019-08-26,564.0987548828125,576.2107097858199,560.6254400381222,576.2107097858199,19202504,-0.007093300330245689
2019-08-27,567.6832885742188,572.2029847207436,561.6049883649061,572.2029847207436,28401906,0.006354443544465793
2019-08-28,562.5402221679688,570.4219432426154,559.3118418211694,567.1935628958161,11605488,-0.009059746005853353
2019-08-29,552.9441528320312,561.1820993687841,550.0719976379863,559.4899700160746,18890222,-0.017058459035969586
2019-08-30,555.9720458984375,558.5770317812273,543.7042139151635,554.613907633516,24735240,0.005475947346397003
2019-09-03,537.2030029296875,553.5007833479864,534.3530820941628,553.1667924586299,18730619,-0.033758968831642755
2019-09-04,534.8651123046875,536.6908258693913,528.141183434771,534.5979434098722,32949395,-0.00435196864546572
2019-09-05,533.7296752929688,540.2309641543467,531.3696236710425,537.3811028363892,22995486,-0.0021228473975919426
2019-09-06,544.3721923828125,547.266641257182,532.2379435925851,535.6889646599803,23186819,0.01993990138172852
2019-09-09,544.2385864257812,549.0477457084417,540.2086995227424,543.5483703495372,11747929,-0.0002454312672482972
2019-09-11,549.6712646484375,552.1649008896854,544.3722356169108,544.3722356169108,12127900,0.009982162893547697
2019-09-12,538.9617919921875,552.365120863349,536.8912034434586,549.9383071406563,11880005,-0.019483413714740272
2019-09-13,545.752685546875,547.0440021410868,537.4256821215511,539.6966776511717,12947715,0.012599953569224276
2019-09-16,539.1400146484375,542.858204835973,528.1634972590346,529.454873228426,20547730,-0.01211660716210905
2019-09-17,533.217529296875,539.2513017834867,531.4586376216965,539.2513017834867,15640772,-0.010985059892882232
2019-09-18,536.8912353515625,541.6113380873621,533.1062237529914,536.5572445060574,14933909,0.00688969482967261
2019-09-19,525.0241088867188,538.6723734072475,522.1742478115991,537.8485728999581,13766222,-0.022103408816262382
2019-09-20,558.5547485351562,565.4790838872689,522.9089837818785,528.9872248397661,48165560,0.06386495225816802
2019-09-23,551.8086547851562,570.4219587525063,549.9384128123469,567.3716909391333,21610844,-0.012077766356282993
2019-09-24,569.397705078125,578.3481013609863,553.3893886827366,553.7679076968577,34958974,0.03187527078533581
2019-09-25,569.7763061523438,576.6561146490986,565.0116743389566,571.7578389113681,18192270,0.0006649149985014091
2019-09-26,577.4576416015625,578.3482047938991,571.5352180220854,575.3202304898084,18350457,0.013481317784325375
2019-09-27,582.9124755859375,585.561990193842,571.757844897735,575.5428572732922,19058663,0.009446292838460213
2019-09-30,593.2432861328125,594.8018310804109,581.3539114942233,583.3355036590597,25263770,0.01772274737556545
2019-10-01,581.0645141601562,597.5849362038297,575.8990695365911,595.3584688773351,17920384,-0.02052913578179072
2019-10-03,583.8030395507812,585.4283468989939,570.5555272924099,572.6484099833085,13524851,0.004712945505858546
2019-10-04,582.4893188476562,591.6178868813973,580.5968427407329,587.7438189170942,14992253,-0.002250280683937289
2019-10-07,583.3799438476562,588.144574835985,579.6394603175088,582.4893213904081,10061584,0.0015289979939236975
2019-10-09,589.903564453125,592.2191475563906,575.5428471529523,582.7566465089587,17588647,0.011182456089324111
2019-10-10,606.8247680664062,609.6078075068975,588.2336983910574,590.0148840590675,35006390,0.02868469463982337
2019-10-11,602.3049926757812,608.0938310517881,595.1580158763934,607.2477366748323,16597126,-0.0074482381545283305
2019-10-14,604.7095947265625,607.8043907217964,601.525742419961,607.8043907217964,13394275,0.003992332921064934
2019-10-15,607.4480590820312,610.0530449084814,603.0618878900631,606.7133149168686,9672791,0.004528561113218421
2019-10-16,611.0995483398438,614.3501629165811,607.2477145302422,610.0085788805053,19403660,0.006011195859824792
2019-10-17,621.8533935546875,622.9666568670059,610.9436984546371,612.2796025393912,16038940,0.017597534221811095
2019-10-18,630.6925048828125,635.835655393317,622.8330774763288,625.1931291335094,28121951,0.01421414021333578
2019-10-22,629.7128295898438,639.820957644229,624.9036109424554,634.5442231374791,27786502,-0.0015533327023614651
2019-10-23,620.0277099609375,634.9673523948646,615.908766295107,630.6702961024129,18446160,-0.015380216463454555
2019-10-24,639.6428833007812,641.8471160772802,617.4227401722367,623.8572069872114,22642488,0.031635962433162135
2019-10-25,637.3050537109375,641.8692781119589,628.4214205506927,641.7134593171186,13539957,-0.0036548981484476606
2019-10-27,638.6632080078125,643.450132721921,636.7706724719341,641.6689472852668,3014841,0.0021310897959567754
2019-10-29,653.26904296875,659.0355886148401,642.158939493555,643.6729564626572,25768505,0.02286938526879867
2019-10-30,658.634765625,661.0616393905873,650.2632341915835,659.0355190435935,16341366,0.008213649053176786
2019-10-31,652.0665893554688,663.3325688124955,650.886563570956,660.8166389822482,19463741,-0.009972410526034814
2019-11-01,648.7492065429688,650.9311456801099,641.669051249015,647.9031715622959,13904301,-0.0050874908585318845
2019-11-04,649.0831298828125,655.0277868325503,643.4946981510161,652.7567916180376,14063434,0.000514718687091964
2019-11-05,644.474365234375,654.1149784345749,641.6690319851688,651.5100516103723,12685356,-0.007100422790636385
2019-11-06,638.9525756835938,644.0957253086756,636.102714813685,642.4258900642089,14625505,-0.008567896333274816
2019-11-07,649.5062255859375,651.4654644310114,637.7504358146491,638.9972836207461,14084039,0.01651710988261179
2019-11-08,643.6728515625,649.973734129593,641.8026095996164,645.2313964399264,12019353,-0.008981244203125294
2019-11-11,635.7910766601562,643.1161656257182,633.4532595413081,640.8228766581775,11357841,-0.012245001297182201
2019-11-13,655.6067504882812,657.2098236579902,636.7708042321007,636.7708042321007,25225749,0.031166958070908635
2019-11-14,651.3541870117188,659.7479525828084,648.2593909614728,657.25431637005,14258133,-0.006486454682468223
2019-11-15,654.9611206054688,662.0635700076792,651.5323334784945,652.6455968983422,15691605,0.005537591782894369
2019-11-18,649.7733764648438,661.7072190766786,648.0812471500655,655.7625618479275,14076051,-0.007920690217198323
2019-11-19,672.282958984375,674.5762480267925,652.3560458473484,653.2466089025762,30176255,0.034642205013072136
2019-11-20,689.1595458984375,700.1805897457675,687.1780135439317,692.4547478229387,43538120,0.02510339833625741
2019-11-21,684.6843872070312,692.8778052437542,680.6545001439249,687.9795894631586,14897371,-0.006493646816677412
2019-11-22,688.6475219726562,698.889294670371,684.6843973559228,686.6882237413482,22352865,0.005788265133065851
2019-11-25,695.3492431640625,696.7964379518986,690.6513741041939,690.7181960629307,15146156,0.009731714669078961
2019-11-26,694.7703247070312,701.9395355965804,692.8777890541031,698.2658738469718,35330983,-0.0008325578300725223
2019-11-27,699.0452270507812,701.5611571283956,692.9223973101485,694.6368205516004,9642739,0.006152971984738409
2019-11-28,703.6986083984375,705.4129722878201,696.4180461446233,700.2920555245078,13747479,0.006656767212743109
2019-11-29,690.7180786132812,704.4331049614652,689.2485902723575,704.4331049614652,18559594,-0.018446149573464243
2019-12-02,706.4592895507812,718.9052350893612,702.2289961837148,712.4707684592657,31225364,0.02278963215948071
2019-12-03,703.0750732421875,709.7990029904348,700.2697400300401,709.2424307785986,12990426,-0.004790391121823445
2019-12-04,691.4083862304688,702.4516656991397,682.9700335019947,700.4478393142873,20987607,-0.016593799802798515
2019-12-05,690.5845947265625,703.4535881327247,687.5343269551083,700.8931300628573,19942460,-0.001191468776358784
2019-12-06,692.3880615234375,698.2214285325554,686.2429974104203,691.5420265271395,13085234,0.0026115074252257564
2019-12-09,700.269775390625,702.407186386415,688.6475696603118,692.9446854555637,12642677,0.011383376324897387
2019-12-10,695.52734375,700.7150224336392,692.0540287591915,700.0248063059641,10173333,-0.0067722923468738205
2019-12-11,695.7277221679688,701.115747607188,690.473221738255,692.6996888491133,12364641,0.0002880956726853956
2019-12-12,698.3104248046875,700.8263546736185,693.1672744072167,699.2232816841165,10326606,0.0037122318896116724
2019-12-13,704.856201171875,708.0178188148872,700.1806263844514,703.5648253338594,12668303,0.009373734280163859
2019-12-16,697.5979614257812,709.7544444582198,696.5960482571616,708.9084095503324,11892718,-0.010297475902214415
2019-12-17,695.8612670898438,703.1195340018024,692.6774151407083,697.6646869176287,20324601,-0.0024895347061908435
2019-12-18,701.7169189453125,703.5648670591819,695.5496209983077,695.9949025377775,14742077,0.008414970242499153
2019-12-19,716.9014282226562,719.1056609955814,699.9134917904707,700.7595267067665,20507816,0.0216390810416347
2019-12-20,712.070068359375,720.2857211455093,710.7341642408371,719.1502234523015,21271510,-0.006739224770773822
2019-12-23,699.7354125976562,702.4739238931126,693.6794050834533,694.703552662622,25107772,-0.017322250028200314
2019-12-24,688.6253051757812,700.0248101711578,686.8663538680914,698.6221435556297,18048449,-0.015877583472059142
2019-12-26,674.7988891601562,691.5196564072455,672.461071963697,686.4878562421779,29761019,-0.02007828627804431
2019-12-27,686.799560546875,688.5139241722563,677.4261167611049,679.9642809467703,17677571,0.017784071046196503
2019-12-30,687.6234130859375,689.1596642144276,680.4319077161741,688.4026855518733,17123749,0.0011995530958210932
2019-12-31,674.1978149414062,687.4008003439995,671.526065985025,686.6437622004211,22203005,-0.019524637889043683
2020-01-01,672.2161865234375,680.0088516309808,670.3905321258029,675.9566705310696,14004468,-0.002939238861432658
2020-01-02,683.6602783203125,686.1762083080744,673.2849207275859,673.2849207275859,17710316,0.017024421646347765
2020-01-03,684.4840087890625,686.4878350527088,678.1830672888824,682.6360013302883,20984698,0.0012048827390904737
2020-01-06,668.6092529296875,680.3649817308929,667.0507082361115,676.8471984455604,24519177,-0.023192296175712612
2020-01-07,678.8956909179688,683.3040975466399,673.952886932682,676.4019951208164,16683622,0.015384827450724892
2020-01-08,673.7969360351562,683.2816698165456,672.3942695805264,674.6207365379029,16047902,-0.0075103656585567835
2020-01-09,689.3154907226562,690.206053788195,681.8568169732863,685.1297254143482,14982742,0.02303150082399652
2020-01-10,689.1595458984375,693.7460641432477,685.5971750800793,691.052021954991,12478359,-0.00022623142279198927
2020-01-13,687.4006958007812,694.0800969009713,685.0406443123888,688.0018555733295,18282382,-0.0025521667778152235
2020-01-14,681.0330200195312,690.2060574437152,677.6710552541097,685.7531231921615,15816535,-0.009263411893745688
2020-01-15,678.5616455078125,685.708622508407,676.068009361063,683.9052024938248,15817859,-0.0036288615075490416
2020-01-16,684.8179321289062,687.2448055274269,680.4095262908653,680.8548672498658,12847975,0.009219923735023006
2020-01-17,704.0101318359375,705.7690234515036,691.6309496779546,691.7645341253344,29463471,0.028025258695209887
2020-01-20,682.3466186523438,716.4784286658733,679.6971043882497,716.4784286658733,32545850,-0.030771592913157453
2020-01-21,683.0368041992188,688.3580668407448,677.737775908007,680.6767527586403,18922720,0.001011488190911125
2020-01-22,682.7919311523438,688.7588822425179,681.7900179448524,687.534328261155,10322817,-0.00035850637237933025
2020-01-23,679.8976440429688,686.6215747770138,677.1590729366771,684.1947008010877,11247739,-0.0042389005747187625
2020-01-24,677.5374755859375,684.1278207028573,676.201571520967,679.9642896946181,14628445,-0.003471358487134424
2020-01-27,670.8580932617188,678.8288715307318,670.1678770715025,674.576343167049,13387750,-0.009858321590908936
2020-01-28,655.3616943359375,672.3942157283439,651.732561214589,671.7707622261146,24532236,-0.023099369421687332
2020-01-29,658.9686889648438,665.4476838598071,651.9330029814765,656.385937187332,24746565,0.0055038227898887015
2020-01-30,642.8934936523438,658.9018091461028,641.2236583343256,658.5901121020851,22402689,-0.024394475157464734
2020-01-31,628.599609375,647.1238564671794,626.6180767993984,647.0125063572486,34750310,-0.022233673879850202
2020-02-03,616.9552001953125,623.3897268292178,606.9583616221806,610.0086294911721,30712290,-0.018524365917543695
2020-02-04,635.1676635742188,637.8839401729988,622.4322559797637,623.4118752792756,25383901,0.029519912261280368
2020-02-05,645.0086669921875,646.9234370233874,636.9043647870463,638.9526598272524,18472100,0.015493552304900682
2020-02-06,649.1498413085938,653.2465498928482,641.2681806313898,647.5022998052495,15538577,0.0064203390253922965
2020-02-07,638.3961181640625,646.7231209827357,636.0137726868787,646.121961162775,12209212,-0.016565856540692203
2020-02-10,639.2644653320312,643.6728717218461,628.0653070065835,635.8802065407942,15142476,0.0013602012030806687
2020-02-11,646.9011840820312,652.8903691202153,643.4723974955958,644.5188387872203,13999816,0.011946102378822987
2020-02-12,654.7161254882812,656.742245701073,647.9031394730254,648.4152429768247,13533565,0.012080579845188621
2020-02-13,656.430419921875,658.0334927711046,651.2872699744411,658.0334927711046,13565659,0.0026183782052340288
2020-02-14,662.4197998046875,668.5870984643474,647.0571093166483,657.8109867132612,21227841,0.009124165640473025
2020-02-17,658.2562255859375,670.6799378673376,656.4973336908605,663.0431510030807,13149130,-0.006285401221366893
2020-02-18,653.4247436523438,657.2097556655767,648.97180932506,657.2097556655767,11127161,-0.0073398195805790545
2020-02-19,669.6334228515625,670.8134485862718,656.8534867255756,658.7459628812005,14084409,0.02480573219284543
2020-02-20,661.6849975585938,671.5037233050037,660.7276124968037,666.6055073331329,16892268,-0.011869815665892625
2020-02-24,643.4278564453125,657.6995152268572,641.0232768478887,654.4711351131652,21370214,-0.02759189218532121
2020-02-25,630.7147827148438,646.3000526686237,627.8648619763386,646.3000526686237,27745062,-0.019758351465700486
2020-02-26,619.8496704101562,628.9114188834695,617.7790811565051,627.8649773536304,29362748,-0.017226665051229384
2020-02-27,617.2891845703125,620.6511494965837,609.6078101962304,618.0683975689975,25054993,-0.0041308174579643975
2020-02-28,591.6401977539062,604.2643163833105,590.0148903377343,603.3291656588368,39315769,-0.04155100633143316
2020-03-02,586.0740356445312,609.6077893226085,579.3723403742132,603.4181975497225,29500495,-0.009408018810260543
2020-03-03,597.9634399414062,602.883950336585,588.679050886282,592.1078381691597,27398798,0.020286522817547725
2020-03-04,596.5606689453125,602.8393168736188,582.4003001293128,602.0378101189941,22105261,-0.002345914319161757
2020-03-05,583.8475341796875,604.6873035839145,581.5542452021383,602.126845697354,30510390,-0.021310715619420773
2020-03-06,565.9689331054688,573.6057788366949,552.654658716733,565.5236515774449,33734039,-0.030622037479936193
2020-03-09,496.12457275390625,552.6101407818697,487.59719353402716,552.1870935973562,88187018,-0.12340670355937533
2020-03-11,513.6691284179688,524.7569350107589,493.385961606044,493.385961606044,59578576,0.03536320639527202
2020-03-12,473.3477478027344,490.26892105164063,466.98004375854214,483.14423842846696,55970485,-0.07849679566965362
2020-03-13,492.1837463378906,507.6354328669012,419.64532802906,444.40366683588684,73297403,0.039793151277453864
2020-03-16,452.28533935546875,480.7841591374453,447.5206784786443,472.2567802513006,38482258,-0.0810640482935231
2020-03-17,448.85662841796875,472.0119237181846,446.7192174587202,466.3344054216944,45445979,-0.0075808580096495826
2020-03-18,431.2674560546875,461.280292373532,427.9277554968568,456.5601596607462,44730415,-0.039186616058841994
2020-03-19,408.6465148925781,430.59951868687136,397.2915088300032,409.7152202964063,61404010,-0.05245223316651304
2020-03-20,453.2872619628906,460.8349919401429,414.1236220114131,418.3539154289049,63360475,0.10924049378482348
2020-03-23,393.6623840332031,423.02953408613564,389.9219001729814,407.9785720617482,40670949,-0.1315388340530267
2020-03-24,420.0906066894531,431.9354232678665,398.8946097412174,414.1236553813101,45734887,0.06713423412591268
2020-03-25,481.919677734375,512.778550360912,428.9296884312166,429.17459327724464,73130298,0.14718032267412307
2020-03-26,474.7726745605469,497.3491012446338,464.1524132137663,487.95339378494543,45744488,-0.014830278787178797
2020-03-27,474.5055236816406,493.0742985498193,465.86682419167437,487.59718710077345,41657940,-0.0005626921961200404
2020-03-30,458.8534851074219,478.6022880413513,454.20017367620915,463.3732417891349,30229866,-0.03298599867242036
2020-03-31,495.9464416503906,503.09338839129396,466.6683494310366,478.2237318418846,44292810,0.0808383454563606
2020-04-01,481.1181640625,500.7778787446454,465.42154418897144,499.7314374197435,41597459,-0.02989894944814142
2020-04-03,479.7822265625,505.16401523449554,470.3642552950806,505.16401523449554,41367807,-0.002776734698019978
2020-04-07,537.0693359375,540.5871191109118,489.8236031363708,490.7587239777516,54373624,0.11940231672491386
2020-04-08,530.8575439453125,547.2666748233642,516.5413553079427,525.4472243442474,49880330,-0.01156608947212423
2020-04-09,543.2366943359375,548.9587106749909,531.2360300150857,540.5871800325931,33032857,0.023319156959932474
2020-04-13,529.5216064453125,541.0324597756588,525.4471322437827,536.111950755027,23673784,-0.02524698355914745
2020-04-15,512.0215454101562,550.3836477833194,508.97127785494433,533.0394274350746,35321842,-0.03304881391457182
2020-04-16,520.1259155273438,528.7646148704049,509.8619089009577,512.0215540116548,37455706,0.015828181821324394
2020-04-17,545.0401611328125,547.7119694676354,531.0801974114287,541.4778491032873,33269335,0.04790041192277217
2020-04-20,553.85693359375,559.7347681895708,535.2436321732976,545.9306852340615,36030932,0.01617637210919054
2020-04-21,550.9847412109375,557.5082632503704,518.3224245172161,538.8059068072215,61371628,-0.005185801979901261
2020-04-22,607.2032470703125,616.6880417343276,578.8825664491623,587.7884356237253,142683366,0.10203278177145103
2020-04-23,610.4537963867188,617.1109625507321,602.6166045822772,608.8730174165447,65464502,0.0053533134614971445
2020-04-24,630.9819946289062,665.692673747736,599.9004494609227,601.2140598103026,134986308,0.033627767348969106
2020-04-27,636.659423828125,656.8089776563307,633.6536843523593,638.5519000387314,58482901,0.008997767365070075
2020-04-28,635.9469604492188,648.1034431126441,619.9163502379175,645.6766291201964,78453401,-0.001119065158295074
2020-04-29,635.4126586914062,647.3020336819599,632.3178625081999,643.4057306477636,37494672,-0.0008401671696568469
2020-04-30,652.8013305664062,665.6926172797448,640.3553848329962,647.4355395070829,71345899,0.02736595130290742
2020-05-04,639.086181640625,652.3559254145888,631.1821684590363,641.2235920287173,53456868,-0.021009682859992385
2020-05-05,650.4189453125,658.5901284085901,644.4297604788242,647.3242091452047,44903763,0.01773276280639058
2020-05-06,650.4635620117188,661.2396721044524,643.6728107196592,651.9107566845831,40489094,6.85968628992839e-05
2020-05-07,671.0361328125,674.0196380436263,643.4501981639638,647.9031324834183,50026966,0.03162755302872844
2020-05-08,695.4605712890625,703.5203455803562,684.4617604589652,687.9796035544326,84262770,0.036398097333735
2020-05-11,702.1400146484375,719.1502462326481,700.1361881322265,703.5649156731971,67085063,0.009604345142089743
2020-05-12,658.7014770507812,698.3772514173569,652.3560664564766,696.79641276918,100683202,-0.06186591946252484
2020-05-13,672.677001953125,686.4096865474885,653.5950534044931,686.4096865474885,66430125,0.02121678087760892
2020-05-14,645.4813232421875,672.7893884091039,642.8291930409412,660.3377943598729,49266771,-0.04042903002774667
2020-05-15,656.0224609375,659.3039301915819,636.1089238922658,649.0999085460102,62152260,0.016330662585813283
2020-05-18,647.638916015625,666.1814121272063,641.9076260584688,660.7872638675454,62796089,-0.012779356532845454
2020-05-19,633.3219604492188,657.0564195102567,630.7822503273412,654.9436803175768,42315854,-0.022106385537308926
2020-05-20,644.4699096679688,650.3810366625504,626.1746060014038,633.8163858969135,55320985,0.017602341170741553
2020-05-21,647.8637084960938,656.9438839898754,640.5590706705585,645.0542141170009,39167981,0.005266031473639243
2020-05-22,643.5034790039062,655.3931503743523,641.233434844536,652.6061872445827,37828973,-0.006730164747627332
2020-05-26,640.132080078125,651.6621368125705,636.6483020759156,650.9653812121286,33216635,-0.00523913084510419
2020-05-27,649.7966918945312,653.5950802585778,634.7154397533718,643.2562252592883,35667956,0.01509784014453186
2020-05-28,661.7987060546875,665.1700639694456,651.3474905739236,654.0445650157022,40126278,0.01847041437709307
2020-05-29,658.27001953125,661.6863216286777,652.9882315987021,659.8882522484166,40022527,-0.0053319634673717475
2020-06-01,683.4204711914062,691.5117545227077,663.4619881609007,665.2825298829506,39943702,0.03820689217787221
2020-06-02,690.3203735351562,692.2533351438987,683.6226027052328,685.9601224657711,22153960,0.010096130617394783
2020-06-03,692.9951171875,701.243705152625,689.2640858781962,694.5009892228203,25381289,0.0038746410433263545
2020-06-04,710.1441040039062,714.5044150378368,692.7029193183236,694.0514268333575,34202350,0.0247461870813821
2020-06-05,710.9982299804688,727.3156301764457,707.4020907099616,716.9767743613463,33076685,0.0012027502189300154
2020-06-08,705.5140380859375,727.495369555277,703.4912471731864,727.495369555277,31414953,-0.007713369264902292
2020-06-09,690.9722290039062,711.5825211649343,689.1067431761999,701.3784997663072,25857161,-0.02061165093395345
2020-06-10,706.705322265625,710.0317358884901,692.2758817982025,693.6468614517847,22132647,0.02276950158242874
2020-06-11,691.219482421875,704.8172743086072,688.2077385143969,703.9407414982666,20385805,-0.021912725652191156
2020-06-12,714.1898193359375,716.0777776124157,672.9242842139472,674.2728513186369,38548899,0.033231610940102074
2020-06-15,725.7647705078125,731.3387563203479,701.7381741898191,703.4912994111404,53107403,0.016207107492287598
2020-06-16,727.1806640625,741.0481806936685,712.6163324095153,738.5534152661882,51187003,0.0019508987101934938
2020-06-17,726.1243286132812,735.159560417052,720.1682571993283,722.9327480146142,41782053,-0.00145264512853982
2020-06-18,744.3521728515625,748.4427585087822,721.74156125064,722.3709004133316,40471557,0.02510292455438301
2020-06-19,790.8770751953125,804.092782405198,747.094304408189,750.6903840730492,105804173,0.06250388464040646
2020-06-22,784.9209594726562,811.0152901303186,779.90883714488,797.1702444845414,60198705,-0.0075310258818481746
2020-06-23,773.5706176757812,792.8323423074329,771.4129344994001,786.6514901886577,37962078,-0.014460490142218507
2020-06-24,776.69482421875,796.8556158794696,769.4351890087056,780.3134354719743,51586221,0.00403868305178845
2020-06-25,772.2221069335938,786.2020448440715,770.0419514480267,776.3126926255497,39679374,-0.00575865468094916
2020-06-26,782.8981323242188,787.5506408989148,771.8175772674693,777.1218971867132,30921913,0.013825070915177928
2020-06-29,774.58203125,782.0439742026722,771.1657293301229,776.7846586950787,25621946,-0.010622200680860505
2020-06-30,766.0188598632812,782.6059245493964,762.1754677566296,780.807914512527,30276420,-0.011055215640491611
2020-07-01,781.07763671875,786.2021202640287,767.7944531593192,773.166189855075,28464103,0.019658493601784732
2020-07-02,794.524169921875,797.7964291606368,783.1051378323464,786.6933471641555,28789533,0.017215360638940913
2020-07-03,806.958740234375,809.2606454481156,797.9769941642788,803.3028398448629,29434266,0.01565033611717892
2020-07-06,835.7996215820312,838.5979258395846,808.8543255351691,814.6766894354603,47016185,0.035740218067753515
2020-07-07,823.0040283203125,841.4640390934211,815.2635191046126,839.5007072874031,35189589,-0.015309403033108349
2020-07-08,811.5172729492188,828.1943991602055,807.9065001671087,823.2747585521189,26204095,-0.013957107104976552
2020-07-09,823.3651123046875,828.2170627008593,806.2140290581237,816.4821392810322,36418942,0.01459961451271563
2020-07-10,847.6473999023438,850.6037089763864,823.3650271392274,825.2832912510764,43759967,0.029491518689306107
2020-07-13,873.3515014648438,879.0835514065949,857.5544142629645,859.066414273634,69608392,0.03032404932223165
2020-07-14,865.2272338867188,876.3754426124376,851.8223070969156,872.9001111198423,67331128,-0.009302402943715649
2020-07-15,832.2791137695312,893.1203699369507,811.5173183412455,874.6829238098223,139669773,-0.0380803086481456
2020-07-16,832.0083618164062,843.5627758296462,818.0392246836387,833.6331798351821,60961724,-0.000325313886466172
2020-07-17,862.8351440429688,866.581298459645,829.5710262803591,832.7304674212536,49726765,0.03705104857271224
2020-07-20,866.5361328125,871.9974193757844,857.3964422325445,865.5883422314392,36592938,0.004289334753090346
2020-07-21,889.8480224609375,892.3078725048149,874.028433084142,875.1567920683302,42173371,0.0269023861391382
2020-07-22,904.4942626953125,907.202312550526,884.9510213382299,895.0159986639695,59771457,0.01645926030590017
2020-07-23,928.776611328125,938.6610205330575,898.784750623047,904.4716734406272,58333751,0.02684632687492483
2020-07-24,968.65283203125,976.2579590026274,928.776564146926,928.8668185460966,120597372,0.042934135309569355
2020-07-27,973.1888427734375,992.4161339989756,960.4158156178775,983.3892613715004,80304827,0.0046828033658616874
2020-07-28,982.8927001953125,990.2496273324197,970.6838232619775,973.1888006028569,55114422,0.009971196745557132
2020-07-29,946.311279296875,985.1945694094204,934.4860429521891,982.9830381867582,72663399,-0.037218122477833404
2020-07-30,951.8177490234375,965.7416994124951,935.1856889845394,947.372003332624,72857444,0.005818877833363656
2020-07-31,932.9739990234375,960.9122109353187,926.5197950725442,954.3677525902174,74958061,-0.019797645105203876
2020-08-03,906.7510986328125,928.415619672611,904.088115939825,925.8429510837768,46715383,-0.02810678584620041
2020-08-04,970.661376953125,978.0634321827964,902.8017624032967,911.9866406350051,92041055,0.07048271396271333
2020-08-05,959.7612915039062,991.1522713264957,956.0828280071764,978.9660179222315,74549993,-0.011229544832033755
2020-08-06,963.2141723632812,978.379359794549,951.3438079467057,973.549973124917,49322975,0.0035976454665769264
2020-08-07,968.7882080078125,973.9109808198931,956.9404677314833,961.2733354792168,32984416,0.005786911991603194
2020-08-10,956.782470703125,977.1606844285126,951.4791890501768,974.497761802115,26958997,-0.01239253038533128
2020-08-11,963.0787963867188,974.9040336698868,947.9812996710002,963.5301281069163,46828306,0.006580728510804157
2020-08-12,960.2803955078125,968.1338417220617,950.8924453804724,957.3015226996713,30264617,-0.00290568216163134
2020-08-13,957.7755126953125,965.3806401973786,952.3367893848268,960.4609991024712,24830322,-0.0026084910451341647
2020-08-14,954.0518798828125,973.549934599968,942.9713613334557,958.0011068702576,33224635,-0.0038877928733228595
2020-08-17,943.919189453125,950.0800072856482,934.3281075225127,950.0800072856482,30979066,-0.010620691225860956
2020-08-18,956.19580078125,963.3044692046789,939.8571273001791,941.0531772225081,30547672,0.013005998252072493
2020-08-19,962.063232421875,972.1959605908819,957.4595415393626,966.3284692913196,34087543,0.006136224020050207
2020-08-20,946.4918212890625,958.6104445458395,942.4071530026558,956.850185253758,22537845,-0.016185434187743986
2020-08-21,939.6314086914062,957.7529046597705,937.4423813079499,955.9475181738237,25280895,-0.007248253437956653
2020-08-24,945.9050903320312,949.854317250222,934.5086218851164,943.9417586729289,32717218,0.006676747480548917
2020-08-25,939.7442016601562,952.9234928104662,937.8936880228628,950.5313333957848,19388008,-0.006513220760565375
2020-08-26,964.658447265625,969.4652701628314,923.9020783795879,941.0531605726751,59870421,0.026511731130083094
2020-08-27,952.6075439453125,970.3905257659359,949.2901575537568,969.4878026998181,28085062,-0.012492404285134762
2020-08-28,955.112548828125,962.6725488024437,950.6442396447251,956.8501848269598,27166900,0.002629629482502116
2020-08-31,939.1123657226562,981.2227882057733,929.9274882908779,981.2227882057733,62076132,-0.016752144158403315
2020-09-01,942.0686645507812,957.9333821236513,930.8527051045198,947.8232778251647,38616258,0.0031479713568143275
2020-09-02,960.5511474609375,964.9743291453718,941.0530940448734,944.2124754240062,26949439,0.019619040103588947
2020-09-03,953.2846069335938,965.3129161947521,949.177375013291,960.4609660708118,18586429,-0.007564969909776953
2020-09-04,937.55517578125,946.4466666938623,935.2758940537118,940.3986668867657,28475945,-0.016500246660795415
2020-09-07,939.9925537109375,950.4186091878753,922.6609018892434,940.6018903476146,21926473,0.0025997167875015936
2020-09-08,951.02783203125,957.3014676946553,939.0220273942846,944.2124909097532,27397082,0.011739750784989678
2020-09-09,975.5133666992188,978.4245489846124,939.4509394472198,941.0532536995638,55310877,0.02574639126561773
2020-09-10,1044.410888671875,1058.3800235694275,981.83194598064,985.3299004503288,140304404,0.07062693790222507
2020-09-11,1047.006103515625,1055.1754392235675,1032.2698057113957,1043.5082682863067,59470807,0.0024848600028004597
2020-09-14,1039.2431640625,1065.1729199258552,1029.9679721043801,1049.3758922384438,44063445,-0.007414416618068076
2020-09-15,1046.60009765625,1049.7143521325797,1032.7437783357252,1043.4858431799203,27178393,0.007079126279735171
2020-09-16,1049.1727294921875,1069.392939817957,1042.8539659959436,1047.1190836022542,33952295,0.002458084842241748
2020-09-17,1037.528076171875,1053.3025400234242,1034.4137023752521,1047.1190390154095,25828669,-0.011098890576338838
2020-09-18,1040.6646728515625,1046.870616756089,1027.5079476144977,1044.5236446456088,33074915,0.003023143904944181
2020-09-21,1018.16552734375,1054.340713885513,1014.3289984765122,1038.0922930525278,33627381,-0.02161997624668255
2020-09-22,997.9901733398438,1027.7111483287306,993.6572461097632,1027.7111483287306,34792254,-0.019815396870232815
2020-09-23,1006.8590698242188,1027.5983602691515,995.3498434566727,1020.0383606869218,42988708,0.008886757326171502
2020-09-24,984.4725341796875,1004.6926843399245,982.1480654339798,996.5234072507043,29826318,-0.022234030874290656
2020-09-25,993.7249755859375,998.7349303522368,978.198771791248,987.9929259452438,28374935,0.009398374342621585
2020-09-28,1000.2920532226562,1010.1088306263572,996.1396943292455,1005.1440030800964,19666849,0.006608546426889017
2020-09-29,1013.290771484375,1021.8436888287242,1000.2920490892888,1004.2413355722142,25842539,0.012994923052563001
2020-09-30,1008.4614868164062,1023.1977860425367,1004.2413772750692,1020.0384044786468,24465159,-0.004765941626897807
2020-10-01,1004.3541870117188,1021.7534684542669,999.2765413206039,1021.7534684542669,20783227,-0.004072837543507735
2020-10-05,998.4641723632812,1015.1412998899507,995.6658680054296,1012.8168908433682,18922799,-0.005864479607500028
2020-10-06,997.6292114257812,1008.2583389587751,993.7024882079692,1004.3542390342081,18412175,-0.0008362452660907183
2020-10-07,1018.9100341796875,1042.154241671535,1001.9845893759028,1008.7547434205927,53170865,0.021331394981400242
2020-10-08,1010.6729125976562,1023.6491310362912,1002.9324042401191,1019.5869668804303,21077808,-0.008084248172767095
2020-10-09,1008.05517578125,1016.8789756571788,1000.6756850189712,1008.754766738928,18545499,-0.0025900929804065775
2020-10-12,1009.6799926757812,1018.1200919736274,1004.8055389601913,1008.7547657275612,14226473,0.001611833294017817
2020-10-13,1029.38134765625,1031.6606295627953,1004.6250177214829,1006.7689180188713,23112012,0.019512474371466526
2020-10-14,1032.4503173828125,1039.897498590876,1023.8747175024403,1028.5687815922101,26742011,0.0029813729708141334
2020-10-15,995.8914794921875,1033.5787209899615,990.7010157207518,1033.5787209899615,20036197,-0.03540977931344824
2020-10-16,982.03515625,1007.6263364491078,980.6134107518138,999.7278829970974,21583600,-0.013913487089228793
2020-10-19,982.2156982421875,1005.9112981674255,972.7149304876791,988.4668301104947,31200385,0.0001838447341100391
2020-10-20,973.053466796875,989.798344269808,971.40602552376,983.4795214556434,18482288,-0.009328125646647312
2020-10-21,958.9263916015625,989.3470196032074,946.8077683832299,978.5147603722606,34082321,-0.014518292855804082
2020-10-22,950.9601440429688,962.4919944695694,943.7612212611413,960.1901490428081,30802210,-0.00830746512804681
2020-10-23,953.7133178710938,963.6202899304686,946.1984454833869,950.5313131498879,23422125,0.0028951516479123196
2020-10-26,915.822998046875,948.7034169019341,911.0387387404159,948.7034169019341,37324416,-0.039729255232378025
2020-10-27,918.26025390625,929.7017897460652,904.9455811340416,918.4407627043238,36478896,0.0026612739192757306
2020-10-28,907.8567504882812,928.7314227324945,906.028800472741,921.5550042670169,29924017,-0.011329580447060117
2020-10-29,914.8299560546875,921.6452970796064,898.6267252669395,901.3347749825296,30655304,0.007680953589490613
2020-10-30,927.287109375,932.0713684328344,912.5281277212341,917.8088456567091,34021563,0.013616905784366251
2020-11-02,847.3765869140625,914.875118139784,839.1169961667077,914.875118139784,99366895,-0.0861766778088805
2020-11-03,835.1678466796875,861.6166281077168,828.2623095542855,853.0410858636542,88691623,-0.014407691247213084
2020-11-04,863.5120849609375,870.6433759833506,829.1196689111366,829.1196689111366,80180117,0.03393837345862383
2020-11-05,882.3783569335938,885.063843200435,871.9974294692396,882.3557933334056,37205373,0.02184830102697366
2020-11-06,915.8455200195312,920.7425971059893,892.8269476303738,898.1754160907856,66674086,0.0379283589890409
2020-11-09,925.5719604492188,933.8315508837121,918.9371879060812,930.7172966945931,35838510,0.01062017580156982
2020-11-10,940.8500366210938,943.3098869382017,921.2842908558239,937.4423956918613,36934242,0.016506632465896898
2020-11-11,901.4249877929688,945.5664886118119,892.8043204833926,942.8584390211519,56724780,-0.04190364807734237
2020-11-12,893.6619262695312,906.502703689629,886.8917719189561,894.1133176465529,40046527,-0.00861198838346433
2020-11-13,901.06396484375,919.2305871473199,894.4518154997988,894.564633496026,45388670,0.00828281742416559
2020-11-14,903.7269287109375,909.5944198559474,900.5901107359409,909.4139110537326,5226220,0.0029553549704424142
2020-11-17,899.6422119140625,941.0531016992426,895.9186211486201,941.0531016992426,46542562,-0.004519857345295031
2020-11-18,896.91162109375,905.6226031588405,884.6801802584594,899.6422344929193,30402290,-0.0030351964193664482
2020-11-19,890.5702514648438,907.4053832429535,888.3360969077845,896.9116378432019,27796343,-0.0070702279686968295
2020-11-20,857.3287353515625,895.3770527052618,855.2976532438502,891.4052025799142,57471248,-0.03732610207740983
2020-11-23,880.4376220703125,889.1485449890283,869.4022304000791,880.5730036765486,45327567,0.026954522537115055
2020-11-24,886.4629516601562,890.9538240299142,871.9973571487645,886.4403880618394,30936268,0.006843562154551508
2020-11-25,879.1286010742188,899.5068137121415,876.6011198738435,893.6618865906463,32637879,-0.008273724888560596
2020-11-26,881.295166015625,886.891834503416,871.1173701719107,881.4982981188252,25838637,0.0024644459738414337
2020-11-27,871.0044555664062,882.8748194602481,867.2131737985623,875.8338420233673,47336811,-0.011676803466134422
2020-12-01,882.333251953125,887.456025013745,871.1173516152288,875.7661696758335,19750687,0.013006588329507185
2020-12-02,883.8001708984375,885.5378667077028,873.3515518250487,883.9581161119759,22188887,0.0016625452368086435
2020-12-03,886.4629516601562,894.1583922194357,884.0256651975251,890.0511607131228,27785372,0.003012876495613215
2020-12-04,878.6547241210938,888.6971374121213,875.6081607043218,888.6971374121213,18464552,-0.008808295399643451
2020-12-07,883.8226318359375,886.8917588790096,875.8789913444388,875.8789913444388,18242188,0.0058816137590487205
2020-12-08,899.867919921875,909.120487964561,880.1216067950427,885.1541251431139,43403061,0.0181544209301443
2020-12-09,914.8525390625,917.9442894095523,902.3503351540464,907.179721423537,29175254,0.016652020600896655
2020-12-10,905.8482055664062,915.5521050393417,903.1401558672769,912.4378508699459,16065507,-0.009842387829322785
2020-12-11,905.306640625,919.8399265746882,891.0666814664153,908.556276462948,26944202,-0.0005978539650223214
2020-12-14,898.7620849609375,909.4589616611561,896.5279305693003,906.2769570615246,17312747,-0.007229103786916102
2020-12-15,891.1119384765625,898.0400384687348,885.1315694222841,898.0400384687348,18551265,-0.00851187050765223
2020-12-16,892.1047973632812,900.40957493361,887.2077202532149,897.272697360613,18561011,0.0011141797610927373
2020-12-17,896.1895141601562,904.9456238899453,892.3756687000254,895.6930552499342,20252358,0.004578740983063767
2020-12-18,898.875,904.9004961820984,886.8918178223723,893.7071594170455,18466344,0.002996560211218746
2020-12-21,875.4727172851562,912.6183705411303,837.3567098855556,907.2022710782971,44135540,-0.0260350802000765
2020-12-22,874.1187133789062,884.1385629445498,852.3413186774952,879.6702540717112,28140001,-0.001546597489009982
2020-12-23,877.3458251953125,880.7760293674728,866.8745845082068,871.0946936975114,19501410,0.003691846161183232
2020-12-24,900.0485229492188,902.1472362313513,878.2711268911072,878.7675857883312,20776988,0.025876566687773606
2020-12-28,904.1782836914062,910.8130563627905,900.5675108718648,905.7128472166959,17221499,0.004588375667408773
2020-12-29,898.1980590820312,908.2404734290649,894.8129219384762,906.7510369627275,18611939,-0.006613988322037634
2020-12-30,900.6578369140625,905.9385552751692,891.6535274403722,900.5450189082468,22043630,0.002738569525016832
2020-12-31,896.0541381835938,908.0598840441618,893.0301381174847,899.7551656628455,18781189,-0.005111484674626743
2021-01-01,897.047119140625,901.3348599535196,894.5647051802756,897.27275515116,10015175,0.0011081707172784228
2021-01-04,898.55908203125,902.1923588792536,888.2458453983129,900.4772865018267,24513534,0.0016854888203348128
2021-01-05,887.3882446289062,895.2867576296607,882.8296217394585,888.6971124168427,24123091,-0.012431945350873663
2021-01-06,863.986083984375,887.3431107117481,859.8788522034279,887.297983512097,46401468,-0.0263719525091497
2021-01-07,862.5869750976562,877.8649808483686,859.8789250447446,866.8070252352164,32325918,-0.0016193650715606855
2021-01-08,872.7647705078125,874.8861072218933,863.015742571038,865.6786654184649,27540187,0.011799152669797808
2021-01-11,856.313232421875,875.0665690475399,854.1693322211945,875.0665690475399,33307825,-0.01884991081430254
2021-01-12,883.3036499023438,884.6350813991116,857.5092762592445,858.9084582491231,41161546,0.03151932780967637
2021-01-13,875.0665893554688,891.3826993524976,865.8817711258671,886.2373626282811,26619458,-0.009325287569892482
2021-01-14,884.9059448242188,887.7494361349055,875.1794806347706,877.8649670437152,21553242,0.011244121977045385
2021-01-15,874.4572143554688,890.86357691647,866.6038285437963,884.9058318391973,20593268,-0.011807729996463734
2021-01-18,895.4447631835938,901.3348178565226,868.093322463363,879.7154269171596,35100458,0.0240006583324881
2021-01-19,910.0909423828125,916.6805284572496,900.2741645341835,900.2741645341835,32006615,0.01635631788961156
2021-01-20,927.3773803710938,928.8668167227358,903.3207030552749,912.3476352561834,30924537,0.018994187485287695
2021-01-21,947.552490234375,956.8501859101181,936.539722158253,939.6991037539394,39087742,0.021755016124296755
2021-01-22,925.0755615234375,954.7514714069698,918.5536065523528,952.7880800202875,30532660,-0.023721038087692548
2021-01-25,876.0595703125,918.4633817134077,871.9974654980874,918.4633817134077,54207104,-0.05298593244666061
2021-01-27,855.2976684570312,868.8380370064367,852.13828693381,868.8380370064367,42370131,-0.023699189597418346
2021-01-28,846.9703369140625,868.0707040284875,844.0140279643443,848.5951547796549,34067814,-0.00973617940288718
2021-01-29,831.3538818359375,863.4670185270817,825.9602859922227,854.9817319108826,43712383,-0.01843801889806862
2021-02-01,855.4330444335938,859.8110390936073,834.0844184137254,839.2297544881135,34180952,0.028963794027737633
2021-02-02,869.1990966796875,875.6081736879117,837.2213427448476,863.9860695183817,41470034,0.016092495298926313
2021-02-03,871.38818359375,881.0243335187519,857.554427887479,870.3275152709535,30301696,0.002518510341790181
2021-02-04,868.5220336914062,875.6081377765653,859.8110520523379,868.3865924082124,25626981,-0.0032891769205811716
2021-02-05,868.2738037109375,877.7069402051127,866.5812949964159,871.1172947571725,20248046,-0.00028580734954264386
2021-02-08,880.776123046875,888.6972004305863,870.6660182415897,872.4713450669083,21183400,0.014399051638438909
2021-02-09,882.8973999023438,897.9948961529354,881.1597638793062,885.5152551213864,19604141,0.002408417757886694
2021-02-10,891.0892333984375,895.8058015904561,869.8760478719553,881.8141615916637,21234156,0.009278352724789718
2021-02-11,927.8287353515625,931.6652040177879,890.1640575276463,893.6619528050209,42539278,0.04122987976524839
2021-02-12,921.4647827148438,937.8937101488065,909.6395460369704,927.7384783498696,30497029,-0.006858973422834702
2021-02-15,917.4027099609375,930.3563061780627,913.9725053748315,924.375996830397,15791099,-0.004408277809531125
2021-02-16,929.5438232421875,938.5255683500038,918.4858688517324,920.6297689320974,21421660,0.013234224348178447
2021-02-17,940.2633056640625,945.9953555067547,925.5268870227972,929.7695004811927,23742994,0.011531981767665567
2021-02-18,933.2449340820312,951.6146304224952,929.3633380518262,941.0531936529034,18646877,-0.007464261914458592
2021-02-19,938.9318237304688,950.0574695218014,926.745509641073,928.4155145358285,23403483,0.006093673204914163
2021-02-22,906.3447875976562,943.2648094400308,900.409664928644,938.7964999678287,23804335,-0.0347064987139758
2021-02-23,913.2728271484375,926.5649358038843,908.8270818640342,924.3533449611235,25644108,0.007643933793832103
2021-02-24,930.2208862304688,932.1390906998175,914.4914901976813,916.2291858661802,10807663,0.01855749845853749
2021-02-25,967.8403930664062,971.2931609562635,935.6369439506498,936.9909986645049,34855693,0.040441477280071414
2021-02-26,941.4141235351562,963.1237666915109,934.5987828713652,955.496076817354,37481215,-0.02730436724956653
2021-03-01,948.5905151367188,953.2393924295695,930.8977886745398,952.4269238065036,17680764,0.0076229912236860375
2021-03-02,950.53125,961.3635079846885,942.9035601228561,957.7527951178306,17150760,0.002045914261541437
2021-03-03,993.9055786132812,1001.9395335212855,951.0730007855624,957.3241328149178,31924461,0.04563167030361304
2021-03-04,982.0577392578125,988.4216890350315,973.865839474236,983.9308164628377,21435754,-0.011920487831448834
2021-03-05,983.3441162109375,998.3513582522689,971.7671384426377,973.098629670046,25511666,0.0013098791463088677
2021-03-08,988.9407958984375,1007.3556183257853,978.5147413680846,978.7403773670584,19506841,0.005691476254584549
2021-03-09,988.9181518554688,999.1862609710787,968.8559482883367,992.9576927650287,15154484,-2.289726853488272e-05
2021-03-10,984.8109741210938,999.7730887336929,979.5302558776189,996.1171885060364,11519358,-0.00415320289820631
2021-03-12,964.7938232421875,995.8462898296174,958.6103823666095,990.7009535816271,16864952,-0.020325881214687702
2021-03-15,951.8402709960938,969.894016181107,939.022056998036,965.899662068002,16698099,-0.013426238781839794
2021-03-16,948.0940551757812,959.558213666829,945.7922099765842,954.142054646313,13873801,-0.0039357610036735435
2021-03-17,927.6707153320312,949.177286837256,918.5309656400523,946.94313243389,19210236,-0.02154147020778796
2021-03-18,906.796142578125,940.9629260845496,903.1402423037733,935.5918936777657,20647480,-0.022502136166317244
2021-03-19,939.6990966796875,945.9502287147974,894.9257507304794,898.6267780925764,41787429,0.03628484127426446
2021-03-22,930.8527221679688,936.088313055874,917.6734905482226,934.7343179799378,18572478,-0.009414050245420413
2021-03-23,942.1815185546875,952.2013688377597,927.9641819762402,930.6496682735799,17421165,0.012170342436485404
2021-03-24,924.0374755859375,938.6835805295864,920.9232211318065,938.6835805295864,16822814,-0.019257481293607936
2021-03-25,898.8298950195312,927.0614969311192,895.9187129062007,927.0614969311192,22001648,-0.02727982493396386
2021-03-26,900.2741088867188,908.8722130154059,890.8184686126791,908.1049312659724,20180202,0.0016067710644582789
2021-03-30,915.9132080078125,924.7595715908199,898.8749446091667,906.2995626603248,20441701,0.017371486047103035
2021-03-31,904.0879516601562,925.2108826971944,902.2374380883726,910.8130382876154,16250796,-0.012910891822793036
2021-04-01,912.5507202148438,916.2291839450849,904.1105608753422,910.813084242052,11723312,0.009360558935828545
2021-04-05,899.3489990234375,913.9725410564147,885.5829932474485,913.9499774544976,14875099,-0.014466835540163925
2021-04-06,895.6027221679688,904.9229807916713,888.6971267728383,904.4942127215924,14009194,-0.004165542919975063
2021-04-07,903.97509765625,923.8568508845015,899.6647938214671,902.6887934928391,24266353,0.009348314024788085
2021-04-08,905.103515625,912.6183880971798,899.529411169469,907.6536202120652,15369188,0.0012482843517211961
2021-04-09,894.5872192382812,905.5548598128081,893.661932570132,901.9892738152234,14037885,-0.011618888011341921
2021-04-12,862.5869750976562,885.2670360594527,857.6673339221142,884.1838040998745,20901482,-0.035770960564216914
2021-04-13,871.9071655273438,875.8790157297038,865.6109063786529,868.3866470158723,19411189,0.010804928313034479
2021-04-15,877.5489501953125,885.0863863250735,863.421868505896,869.4247410901053,19723716,0.006470625418655063
2021-04-16,872.0426025390625,880.0765578540482,869.4924977392149,874.0736848152176,15656948,-0.0062746900386860816
2021-04-19,858.3216552734375,864.9564280013587,853.0409372873982,859.3597599294095,18478808,-0.015734262552855482
2021-04-20,858.0734252929688,866.1298835841033,853.2440391612164,862.2934748740392,17203668,-0.0002892039120109269
2021-04-22,860.4430541992188,864.0763909126439,847.038126173648,854.0565402952617,14490954,0.0027615689245252817
2021-04-23,859.517822265625,866.0848449417196,855.4557174605446,860.262540485022,11828857,-0.001075297114757734
2021-04-26,874.6378173828125,885.5378273951245,862.7448895453444,866.5813583165724,20846778,0.01759125259012362
2021-04-27,897.566162109375,901.4251348981196,874.8184105130574,875.6082559520604,19992524,0.026214673400666744
2021-04-28,901.47021484375,906.2996013229371,893.7297060704715,901.7184741400474,17122437,0.0043495988364803395
2021-04-29,913.543701171875,922.7737059327087,905.9837012820783,913.0246189844161,17412606,0.013393106205087157
2021-04-30,900.2064208984375,918.9371927131189,897.0696030939774,906.5252433975188,19828769,-0.014599498914314335
2021-05-03,884.2063598632812,893.2106694861402,877.007436823715,887.3431780134558,23640186,-0.017773769064197142
2021-05-04,865.0466918945312,888.1555786981006,862.5192105636345,880.1216239409943,21849830,-0.0216687742120657
2021-05-05,866.62646484375,874.9311830141904,861.1877417678091,868.0933376376232,12393609,0.0018262285308079385
2021-05-06,871.546142578125,873.3515291463112,860.5333143582229,867.4163469186785,14624666,0.005676814560771515
2021-05-07,871.8846435546875,882.6717759114722,869.2894115930914,874.5926935213764,12288548,0.0003883913427247254
2021-05-10,869.379638671875,878.677334300937,867.010102487007,875.1568754240988,13941237,-0.002873092101495889
2021-05-11,872.5165405273438,874.9537675806936,862.0678622246373,864.324640162575,13478264,0.003608207181227341
2021-05-12,863.4895629882812,872.4036175039552,860.7138223730607,871.1398768410697,13177961,-0.010345909928087593
2021-05-14,874.3895874023438,876.5108642766377,860.2625054108522,870.2146050700743,13291616,0.012623226592734627
2021-05-17,884.7930297851562,886.1921519936135,871.2752254332202,874.3895393110239,11873078,0.011897948617754395
2021-05-18,897.2501831054688,903.8623926091062,890.2768962963072,894.1133650520243,12064918,0.014079172078624191
2021-05-19,901.3573608398438,910.1134700489604,890.0512067367108,893.6619198826413,16317002,0.004577516741383736
2021-05-20,896.0992431640625,907.6085298258828,894.1133478678807,901.7410386469029,11422532,-0.00583355492973614
2021-05-21,903.8397827148438,907.0217278069957,896.3700373777015,899.0780871843959,10785605,0.008638038263987236
2021-05-24,896.2120361328125,907.1120455871035,894.5646545808229,906.2995769189343,8551760,-0.00843926847202936
2021-05-25,886.0568237304688,901.3348284850034,884.6350781454706,901.0640055897504,14780102,-0.011331260899110296
2021-05-26,889.1710815429688,893.436318314461,887.0272410491106,891.4052361303035,7480204,0.003514738252777594
2021-05-27,891.9017944335938,899.5294855338184,885.6506620923865,889.2839988316376,26819294,0.0030710770371507046
2021-05-28,945.4763793945312,950.0800703747383,898.1754900723914,898.1754900723914,56469931,0.06006780712327231
2021-05-31,975.039306640625,989.2115150434242,941.0756583298827,948.7259121956556,59124142,0.03126775865625042
2021-06-01,978.9208984375,993.8603885283871,968.8107347954659,977.611970938607,28013832,0.003980959301270071
2021-06-02,993.5219116210938,997.2455024822107,973.5499025688986,973.5499025688986,24630162,0.014915416768504164
2021-06-03,997.3132934570312,1015.5250451063384,991.1976022674735,1002.4360070865299,23974257,0.0038161028877070624
2021-06-04,988.6700439453125,1000.382403586374,985.8491162192327,999.6376853522006,14468646,-0.008666533945174137
2021-06-07,1005.3245239257812,1011.9141694726093,986.1875471509084,993.8604245557929,16336573,0.016845336907355568
2021-06-08,999.54736328125,1005.2117222594065,992.1227450436447,1004.9635226595291,9674735,-0.005746562932705035
2021-06-09,981.6741333007812,1002.4359284900111,973.9786921208427,1001.5332651004173,11409161,-0.017881323724166176
2021-06-10,985.284912109375,1006.4980988117626,982.8250618353879,989.9788572705107,14155653,0.0036781847316815774
2021-06-11,1002.3753051757812,1009.1011952964063,987.4063735342977,988.6745798453265,13762778,0.017345635619059552
2021-06-14,1016.7554321289062,1022.8018743951756,994.1774433422952,1003.2132032493698,20332436,0.014346050704634239
2021-06-15,1019.0652465820312,1030.3428892787051,1014.6719292575741,1024.04738247787,15174215,0.0022717502952394053
2021-06-16,1001.6732177734375,1017.7291568032897,999.0689384128791,1016.7554197633551,10797349,-0.017066648938256934
2021-06-17,1003.507568359375,1012.2715613635339,987.315775310826,996.419402245226,15745975,0.0018312864449097077
2021-06-18,1008.0367431640625,1012.2715649781592,989.331239663787,1007.9688163777718,29369026,0.004513343942280645
2021-06-21,1013.29052734375,1017.9329096042337,996.4873342427861,998.0046053152495,12186448,0.005211897498097917
2021-06-22,1008.0820922851562,1024.047523693767,1005.1834033496904,1020.877007795391,12871913,-0.005140120151174377
2021-06-23,998.842529296875,1019.3370107371757,997.1893446925246,1019.0653035968686,16653951,-0.00916548667910233
2021-06-24,975.3587646484375,1003.0320420254984,969.24439537304,999.5219522378009,91461975,-0.023510977916577747
2021-06-25,953.14306640625,975.3587188779936,942.5674531142881,975.3587188779936,55355022,-0.022776950438534338
2021-06-28,944.7868041992188,963.1299720367883,942.5222185353294,961.0918688993542,20277042,-0.00876705974323233
2021-06-29,945.60205078125,955.2039275943256,943.9262837366043,946.3720075153033,27144063,0.0008628894671345311
2021-06-30,955.951171875,961.3861531398231,947.0739679222726,949.4291224770184,19762858,0.010944478266729174
2021-07-01,950.1991577148438,961.6126545352091,948.863024683412,959.280142195751,12534407,-0.006017058537492348
2021-07-02,964.284912109375,966.0286658416347,947.9345627995748,949.7688855828178,14086620,0.014824002189610885
2021-07-05,973.8641357421875,975.3814069298204,965.3945518663345,967.6364952540457,11702287,0.00993401795726312
2021-07-06,962.3599243164062,973.2752309763289,960.2765368506975,971.486252797126,10070124,-0.011812953166217444
2021-07-07,955.679443359375,963.6961219133111,950.2218196134942,963.6961219133111,10454892,-0.006941769693679434
2021-07-08,947.7760009765625,958.8045791709611,942.5221577829742,958.8045791709611,11185460,-0.008269972151991212
2021-07-09,938.0835571289062,947.3683817256788,935.7736870853545,945.6925548959384,9037675,-0.010226513266499038
2021-07-12,943.9262084960938,951.8069732106677,939.5781755914345,941.9559723923293,8585292,0.006228284594465672
2021-07-13,950.9917602539062,952.5090313833667,945.7152147930674,951.1276138236502,6717133,0.007485279775280018
2021-07-14,944.7868041992188,954.2301252196338,942.6354298484742,951.2861518765445,8532544,-0.006524721153241986
2021-07-15,943.1336669921875,948.8630578642602,941.3899132919198,948.8630578642602,9448356,-0.0017497462916328255
2021-07-16,956.7438354492188,957.808201493028,945.5114761829108,945.5794029707818,8828185,0.014430794842088979
2021-07-19,950.652099609375,961.9976700838799,947.6175572445412,951.1276470202398,8354449,-0.006367154523638563
2021-07-20,948.3194580078125,954.7509382666392,943.8809159970199,950.9010950356152,6741464,-0.0024537279226763964
2021-07-22,960.5029907226562,961.9523350417173,950.289713605715,959.7330340406753,7972397,0.01284749839514876
2021-07-23,953.7092895507812,966.7306870173245,952.0561048845019,966.7306870173245,9937030,-0.007073066130448558
2021-07-26,940.6426391601562,960.6389323639107,938.0383595793566,954.7510454031105,12389668,-0.013700873561564797
2021-07-27,930.7462768554688,943.745031435626,924.8583903750485,940.6199201537044,10824523,-0.01052085233295752
2021-07-28,922.7523193359375,932.1050710097164,913.1957274047861,932.1050710097164,12897848,-0.008588761210561957
2021-07-29,929.9536743164062,939.5329082786225,925.4924300252735,930.2933681370648,13765738,0.007804212278383904
2021-07-30,921.8238525390625,936.6115854453042,919.9215431668897,932.1050565925411,11350608,-0.008742179316964194
2021-08-02,938.6724243164062,941.7975357253354,924.4734496016514,930.4293230086479,10925104,0.018277430911487258
2021-08-03,945.5794067382812,947.051393415347,934.9132237953986,946.5984882609035,11817299,0.007358245797947083
2021-08-04,952.8261108398438,957.468493410625,945.239695070289,948.5912889902256,13169800,0.007663771069803094
2021-08-05,966.6400756835938,975.9474827845528,953.0525024475675,957.604315821072,21252078,0.014497886536268378
2021-08-06,946.168212890625,972.3921457790564,941.5031281309346,964.6925186543999,16620987,-0.02117837166899106
2021-08-09,940.7784423828125,946.5078930939915,935.9548618556917,942.522196064497,7494143,-0.005696418918308743
2021-08-10,945.7152099609375,957.0155553586313,939.238504866793,942.9750770172923,11919198,0.005247534760279171
2021-08-11,958.963134765625,960.1859966454768,943.6092248291548,949.7462363911606,9184963,0.01400836601246458
2021-08-12,955.88330078125,962.9941092821113,953.3922326146494,962.4052906590396,8137612,-0.0032116291781412176
2021-08-13,971.8032836914062,973.7282353115995,955.181228214771,958.9630848706249,12780901,0.01665473483755253
2021-08-16,984.4171142578125,997.7782056289792,963.8772875225334,973.4791642916643,21935444,0.01297981883585786
2021-08-17,980.2276611328125,989.7162669243918,972.7998007947025,982.3111087496648,12658169,-0.00425577030744595
2021-08-18,984.0321655273438,990.4409443539315,974.9511803260805,984.6436264377176,10075860,0.003881245699733249
2021-08-20,972.98095703125,983.7377088016336,967.8856094241049,970.6031001945055,9426282,-0.011230535833319455
2021-08-23,979.3670654296875,984.6435509846982,965.7568499022403,984.6435509846982,9854395,0.006563446439818099
2021-08-24,989.0369262695312,992.7961409161452,976.3098780018888,980.5899844960273,11864472,0.00987358180724729
2021-08-25,997.5970458984375,1005.4778714076189,987.4064100092222,989.8069092436782,13380559,0.008655005087821577
2021-08-26,1010.2107543945312,1016.7554463089577,998.6839861429403,1000.0427614622415,18589616,0.012644091668027935
2021-08-27,1008.8292846679688,1015.7816567389563,1003.6887127626729,1013.1773175448565,10480636,-0.0013675064540275006
2021-08-30,1028.2369384765625,1030.7733511879242,1013.086868200183,1019.0653841621985,14027062,0.019237797815297553
2021-08-31,1022.7566528320312,1034.351288521445,1015.5552151770501,1031.2488192815088,26485463,-0.005329788728122176
2021-09-01,1026.810302734375,1038.4956282529236,1024.9533974079704,1029.4825691995866,11145486,0.0039634549343865455
2021-09-02,1039.1749267578125,1045.2440116453542,1021.3299483032399,1021.3299483032399,9956770,0.012041780249487877
2021-09-03,1081.79443359375,1084.7384068201698,1042.8435137983438,1046.2403322593964,30664428,0.04101283214069529
2021-09-06,1098.5977783203125,1123.2365131929273,1092.4380047519112,1092.8909697996994,33641710,0.015532844507936128
2021-09-07,1105.5274658203125,1113.2723180946527,1092.4380808510261,1100.5906136768078,17349882,0.006307756702908174
2021-09-08,1101.201904296875,1111.460525484485,1090.01483063056,1110.5547152662286,14301651,-0.003912667624433763
2021-09-09,1098.5977783203125,1104.145971203985,1094.2950296674799,1099.6394421897962,8963249,-0.0023648033720258255
2021-09-13,1074.1175537109375,1101.949327153265,1072.5323557228828,1101.949327153265,16311160,-0.02228315502949929
2021-09-14,1072.7135009765625,1084.2854942866497,1071.6037904973264,1075.6801166083583,8908356,-0.0013071685957688484
2021-09-15,1077.174560546875,1085.0779069197367,1072.7359589929417,1072.7359589929417,9071075,0.004158668242966401
2021-09-16,1099.775146484375,1103.647571826163,1072.0565884901453,1078.6465641491313,13448882,0.02098135879297569
2021-09-17,1082.722900390625,1112.2984866148895,1075.9517858407112,1107.837242193017,34882133,-0.015505211359122417
2021-09-20,1084.4439697265625,1095.3139316833478,1073.415392150155,1074.3664868663025,11779819,0.001589575075318539
2021-09-21,1089.1317138671875,1094.521410709491,1079.756260196694,1089.2675674362638,9915736,0.004322716776051561
2021-09-22,1100.8170166015625,1106.025455452025,1086.210362198153,1090.6263219107966,10995912,0.010729007874432206
2021-09-23,1127.72021484375,1130.9358947742098,1107.6106545484265,1108.4711801776828,15748397,0.024439300843334566
2021-09-24,1124.4591064453125,1134.7630111170504,1119.6129443950488,1133.902485506276,15192163,-0.0028917708093840755
2021-09-27,1143.3685302734375,1145.8370159244848,1121.1077134942575,1126.4068411721403,15373834,0.016816461994693777
2021-09-28,1154.0576171875,1161.6892580938154,1138.0921855961788,1147.6940628547109,18035258,0.009348767812864534
2021-09-29,1144.9085693359375,1163.9989904714507,1141.3757775989957,1163.9989904714507,9719875,-0.007927721905132579
2021-09-30,1141.0133056640625,1147.965677369511,1132.4532137255203,1143.6176447212324,13590654,-0.0034022486827348652
2021-10-01,1143.0289306640625,1150.320936930379,1130.0302358504632,1133.1779894261922,8958928,0.0017665219064442184
2021-10-04,1157.72607421875,1166.1955973057436,1149.075293250508,1156.2993722307872,10918552,0.012858067858482869
2021-10-05,1181.75341796875,1183.0216242133338,1153.7403880823629,1157.2505376163047,13533634,0.020753910864635294
2021-10-06,1159.4019775390625,1186.6222902143543,1155.4389825506435,1186.6222902143543,10258881,-0.018913793765966913
2021-10-07,1165.0860595703125,1177.0204479976474,1162.9573276219362,1175.3219190109808,6336665,0.0049025981854153855
2021-10-08,1209.8570556640625,1215.8129290316733,1169.207605953432,1170.906015220909,15772493,0.03842720091446439
2021-10-11,1201.4326171875,1231.9366542030143,1198.1263679197398,1223.5124154081877,14768666,-0.006963168447977175
2021-10-12,1208.2943115234375,1215.1787568517786,1196.269354160262,1197.9678831315707,6682011,0.005711260238631111
2021-10-13,1220.591064453125,1231.7102112927382,1208.9736680853593,1213.3669853963502,9959762,0.010176951767805198
2021-10-14,1223.0595703125,1230.7818997818822,1217.0810544912147,1223.0369280495506,8623469,0.0020223856550032338
2021-10-18,1226.3204345703125,1243.2594798164876,1205.8031936198447,1208.6565974394791,13594479,0.0026661532577512137
2021-10-19,1237.3037109375,1246.1356302424738,1226.5016753447112,1233.6577079515857,8833409,0.008956285859361035
2021-10-20,1223.0595703125,1242.2406818392346,1219.0286485058555,1242.2406818392346,12710570,-0.011512242708952458
2021-10-21,1187.7772216796875,1235.5600608138357,1179.0358711096487,1235.2883536749923,20831669,-0.02884761256869739
2021-10-22,1189.9964599609375,1206.9809106504802,1182.7950231580921,1186.6448064236538,11027475,0.0018683960600891503
2021-10-25,1178.4017333984375,1213.819979870448,1163.9989792562783,1213.819979870448,17198417,-0.009743496684755382
2021-10-26,1205.2373046875,1208.792739180254,1179.013369646043,1185.3316395816128,9750178,0.022772854560957123
2021-10-27,1189.9964599609375,1212.3706072222662,1186.6221641632774,1201.1382490708493,9896298,-0.012645513599095048
2021-10-28,1176.952392578125,1194.77472717133,1173.283867099268,1186.644837678606,9886181,-0.010961433770349749
2021-10-29,1148.7132568359375,1175.843002928945,1133.0649360229452,1175.843002928945,14233025,-0.023993439259110017
2021-11-01,1149.4151611328125,1157.6582624374937,1129.6225892164332,1148.7131311991511,15481114,0.0006110352541837116
2021-11-02,1132.6571044921875,1154.0348738636576,1130.143454028727,1152.6760985535552,10569130,-0.014579637721246819
2021-11-03,1124.866943359375,1141.3531452072293,1114.6309640383438,1135.0348760961226,11989430,-0.006877775367245986
2021-11-04,1131.77392578125,1134.514118637374,1127.7656464746356,1129.1016597099565,1705656,0.006140266155610918
2021-11-08,1133.177978515625,1141.3531527093287,1112.5475239087214,1141.0813257713814,20337183,0.0012405770290262463
2021-11-09,1142.1231689453125,1145.38413396809,1126.4295651226153,1134.5594552172417,15682497,0.00789389716291966
2021-11-10,1154.8953857421875,1158.56403111527,1133.9479393972968,1139.8585280650227,10253470,0.01118287164130427
2021-11-11,1157.00146484375,1164.2254244154967,1148.3959679290283,1150.4341308509872,10722478,0.0018236102832889234
2021-11-12,1174.4615478515625,1177.0206028987552,1158.111197547698,1160.783463915503,8712341,0.015090804582663653
2021-11-15,1167.5318603515625,1178.583081524526,1163.9990683781703,1177.586582367733,4803269,-0.005900310242320406
2021-11-16,1140.4022216796875,1166.2637612012684,1130.0303872332545,1164.927627982119,11337581,-0.023236743761070322
2021-11-17,1115.9896240234375,1131.81907885733,1114.630848883986,1131.81907885733,10202029,-0.021407006398402983
2021-11-18,1120.201904296875,1127.3127730233773,1109.6715745881545,1114.1781038166205,8505625,0.003774479782572726
2021-11-22,1070.584716796875,1109.1960026578379,1064.8099816539602,1103.3533407297432,24124307,-0.044293075480123845
2021-11-23,1080.5941162109375,1087.5691305828452,1045.7874503355001,1056.6800550508478,25326999,0.009349469740246308
2021-11-24,1064.9912109375,1091.4868494573443,1061.4357769402945,1077.9446209027212,16820296,-0.014439191403473939
2021-11-25,1129.1016845703125,1133.2006528139436,1067.5954770563671,1074.7742721480843,42401936,0.06019812461773921
2021-11-26,1092.7098388671875,1122.149452357917,1087.6824179851199,1117.7108501017365,15763138,-0.03223079568513276
2021-11-29,1105.799072265625,1132.2948314861248,1086.5953193762673,1104.7121238946838,24325354,0.011978690895660948
2021-11-30,1089.4488525390625,1121.3795969947287,1081.9530649636156,1117.8015201912658,32172299,-0.014785886637672108
2021-12-01,1117.3486328125,1120.519028933976,1098.3713010103995,1101.9493776790864,10104610,0.025609077661988833
2021-12-02,1124.5272216796875,1130.5736640269113,1114.9027029403865,1118.571348380323,12720411,0.006424663400820707
2021-12-03,1090.739501953125,1131.6153710496726,1087.0029299803193,1131.5700865288095,19222481,-0.03004615546442202
2021-12-06,1070.0638427734375,1098.3259382907745,1067.595476803198,1094.2497321105475,10332254,-0.018955634358767348
2021-12-07,1078.7825927734375,1088.8146726752468,1068.8863664494722,1076.2010153934032,11235122,0.008147878333504277
2021-12-08,1095.200927734375,1101.4058665244686,1089.8565147837464,1097.9184786382343,8744178,0.015219317655773112
2021-12-09,1112.5703125,1120.926625884508,1098.326051956675,1102.85522364802,13213547,0.01585954168387782
2021-12-10,1113.7025146484375,1116.8955527047663,1100.7489847314073,1105.2328712872275,8364414,0.0010176454788672906
2021-12-13,1091.373779296875,1120.564329866256,1088.8147242582452,1120.292622697696,12901733,-0.02004910203386856
2021-12-14,1078.0125732421875,1089.7205393231307,1074.9553887174345,1077.944646457222,12991523,-0.01224255732375712
2021-12-15,1074.8648681640625,1089.2676234327396,1069.38448219365,1079.7563157042177,9366969,-0.0029199149956647963
2021-12-16,1088.769287109375,1094.0231302341062,1072.8039773873268,1089.5845283011158,9761279,0.012935969308460304
2021-12-17,1060.03173828125,1090.6263454753455,1050.7694958949853,1086.1198166210095,21049821,-0.02639452560645028
2021-12-20,1031.4525146484375,1049.7956192892589,1017.751672013911,1049.7956192892589,14325846,-0.026960724477128606
2021-12-21,1046.806640625,1062.545530320319,1038.1786200134966,1046.8519251541745,12836561,0.014885926165777885
2021-12-22,1071.6490478515625,1074.276029474332,1051.6754577350616,1052.988828746117,17658543,0.023731610273058923
2021-12-23,1071.26416015625,1077.944705915956,1068.0031950967277,1075.2271551661324,9072401,-0.0003591546095096376
2021-12-24,1074.6837158203125,1083.3796623765666,1058.718285237532,1073.4155095265614,7886494,0.003192075112046888
2021-12-27,1073.52880859375,1077.038958550713,1063.4967281365457,1069.5884556164642,4017223,-0.0010746484845366444
2021-12-28,1086.2783203125,1089.1996512774408,1074.7968966086662,1075.9517717574063,6374613,0.011876264164210948
2021-12-29,1088.13525390625,1095.60839765478,1078.8956544896844,1082.9266955421135,15425312,0.0017094455067609982
2021-12-30,1068.478759765625,1089.245070757408,1062.3643899373753,1087.003127167027,29333171,-0.018064384983448534
2021-12-31,1072.5775146484375,1079.710904759357,1068.8862272626782,1074.7741732718725,9477290,0.0038360658509595247
2022-01-03,1088.7467041015625,1090.603728995159,1070.4941656370397,1071.1509110384136,5421611,0.015075077775077883
2022-01-04,1113.3173828125,1114.6308734629547,1088.8145046450295,1094.2043208037267,10847728,0.022567855882708043
2022-01-05,1118.526123046875,1121.877776996668,1101.9267085410534,1115.0840198447643,11643813,0.004678576221649022
2022-01-06,1094.47607421875,1111.4605249543165,1091.0791361515087,1110.1923187691705,14447422,-0.021501553099727788
2022-01-07,1103.30810546875,1113.2949007403674,1092.2342419850618,1101.020877531252,13112115,0.008069643053919107
2022-01-10,1104.2138671875,1112.8193642531028,1094.2723568788356,1110.5547786779957,9246731,0.0008209508425256473
2022-01-11,1112.1627197265625,1120.9492358826358,1102.8551919025351,1103.3081569787676,16205164,0.007198653064653726
2022-01-12,1141.8514404296875,1143.595254204983,1116.4427463358454,1119.2961508769274,14800442,0.026694583604119027
2022-01-13,1148.2828369140625,1150.8645340891296,1136.0993826537385,1141.9194026287705,11856712,0.005632428402380318
2022-01-14,1149.95849609375,1162.776052313962,1144.0026230998735,1148.146875628832,19930176,0.001459273905191072
2022-01-17,1155.9595947265625,1161.734329339856,1149.0526273304495,1149.5055923237667,8036453,0.005218534975999001
2022-01-18,1142.1683349609375,1160.5340832716051,1139.4281422634044,1157.0919805047831,6215029,-0.011930572511824944
2022-01-19,1142.0777587890625,1151.3172385374578,1136.370950826631,1145.882257497244,9755485,-7.930194622152165e-05
2022-01-20,1122.08154296875,1136.8014098425185,1111.913489734347,1132.3175229917704,16494486,-0.017508629045989266
2022-01-21,1122.2625732421875,1133.3137934671236,1110.5547274570392,1110.5547274570392,13338594,0.00016133432955189875
2022-01-24,1076.9935302734375,1134.4461715764583,1066.666981959244,1120.9717499530957,21868937,-0.04033730077798903
2022-01-25,1074.887451171875,1081.8623458947789,1043.9757327083191,1064.1532222498897,24510205,-0.0019555169482102785
2022-01-27,1058.9674072265625,1067.119939925388,1046.7160258148951,1058.0163123551283,20020431,-0.014810893854938945
2022-01-28,1057.9483642578125,1076.0876922422228,1054.5741878483832,1071.1509600753575,14667727,-0.0009622987089081825
2022-01-31,1080.9339599609375,1089.9017336429354,1067.1651879580827,1068.9769283849403,12143683,0.021726576154073696
2022-02-01,1077.35595703125,1096.3331695818495,1063.0437697429202,1090.6264803582178,13200509,-0.0033101031720909058
2022-02-02,1079.5523681640625,1090.1732649193555,1075.7252273627023,1090.1732649193555,10017691,0.002038705145200881
2022-02-03,1065.6025390625,1087.6596951339798,1063.0888887078768,1083.3795890325775,9572839,-0.012921864203110589
2022-02-04,1055.8875732421875,1063.6551874088461,1051.2678326966015,1060.2808911532845,11061241,-0.009116875630626353
2022-02-07,1049.4560546875,1067.4368843783152,1043.9756693517945,1060.7336971993545,10714467,-0.006091101664298382
2022-02-08,1067.09716796875,1068.8862659765236,1046.240291320876,1055.5931024543218,12060849,0.01680976845333748
2022-02-09,1079.52978515625,1081.2055520274612,1067.9804353407576,1073.936188431649,11486225,0.011650876378170638
2022-02-10,1078.4202880859375,1085.0554293647551,1071.1962083846827,1085.0554293647551,12464491,-0.0010277595723325872
2022-02-11,1076.314208984375,1079.982854527415,1061.6849113374171,1074.887506839841,15943370,-0.0019529297851957894
2022-02-14,1059.1712646484375,1066.599124811997,1047.5991516117767,1059.9412213800138,10719633,-0.01592745333364487
2022-02-15,1095.1328125,1097.8277206759533,1057.8803043046898,1064.9004831978962,11212671,0.033952533505994476
2022-02-16,1092.868408203125,1101.9493936888987,1085.1688404247225,1100.5906182455715,10392840,-0.002067698338529156
2022-02-17,1106.7049560546875,1111.8682307103675,1091.5322435754686,1096.106699582626,12853252,0.01266076294977947
2022-02-18,1098.0543212890625,1112.5476464311962,1096.129369451274,1107.1126644779383,6775458,-0.00781656819940868
2022-02-21,1086.9576416015625,1103.987376793005,1080.028031731223,1092.4379072087868,11107193,-0.010105765691512447
2022-02-22,1082.02099609375,1085.1462276183765,1063.0664255657716,1065.6706454025614,13494914,-0.004541709187985132
2022-02-23,1075.249755859375,1089.9696221846223,1072.5096827529123,1087.5012562225045,7310110,-0.006257956415651966
2022-02-24,1021.6695556640625,1059.7827129241718,1016.0760782454672,1043.975778151862,24846650,-0.049830469528904464
2022-02-25,1034.44189453125,1045.3118571320392,1030.9543872983322,1032.698081014629,14570089,0.012501438255039021
2022-02-28,1068.682373046875,1072.2151647642706,1015.8948766365417,1015.8948766365417,21297446,0.03310043676367225
2022-03-02,1086.34619140625,1087.4559017749605,1054.9363443782538,1057.314141139364,21471786,0.01652859521675687
2022-03-03,1077.174560546875,1093.7286874382123,1073.4379888203655,1087.0028583304952,10186748,-0.00844264096650671
2022-03-04,1053.283203125,1070.8337101992126,1050.9280486616494,1065.7157207883167,10805667,-0.022179652488029
2022-03-07,1014.3323974609375,1047.1915918601796,1006.3836454479082,1032.0640445664155,17983310,-0.03698037294100853
2022-03-08,1012.4979858398438,1017.253699474235,987.3610616449254,1001.6279629474421,21289374,-0.001808491600668205
2022-03-09,1066.214111328125,1072.0567736389658,1011.8865764630572,1012.724579802494,20414228,0.05305306898336681
2022-03-10,1083.4927978515625,1089.267532756051,1068.8862634347242,1087.0029472759036,17980493,0.016205644194592805
2022-03-11,1086.617919921875,1091.9850941858494,1076.1555181267943,1076.1555181267943,12257423,0.002884303501148544
2022-03-14,1095.54052734375,1098.0542977910961,1075.2271823953638,1081.0698447752459,8340678,0.00821135677802598
2022-03-15,1070.4488525390625,1099.6620420875429,1060.2128731362302,1099.6620420875429,15925769,-0.02290346562123524
2022-03-16,1088.5203857421875,1090.581191192119,1076.6312801930274,1078.850581492875,11149828,0.016882201480491243
2022-03-17,1124.00634765625,1131.1170954708805,1093.8419456429745,1101.8359811947334,21422098,0.03260018129092468
2022-03-21,1117.52978515625,1125.0482148088292,1104.6669425964524,1106.9315283978274,11999466,-0.005762033740738914
2022-03-22,1146.4031982421875,1148.124249688356,1111.2794206216663,1114.2232739689239,22557065,0.025836817478561036
2022-03-23,1150.049072265625,1161.6664689349448,1142.7119015169374,1142.7119015169374,15462187,0.003180272027352826
2022-03-24,1167.9166259765625,1170.407753742212,1136.823891628139,1136.823891628139,13168266,0.015536340267409576
2022-03-25,1175.706787109375,1184.8330546330317,1167.1692182902332,1169.6603458567138,14222488,0.006670134630799351
2022-03-28,1187.5283203125,1191.060992805179,1171.4723190412603,1182.1158606493575,9891424,0.010054831130293707
2022-03-29,1187.7998046875,1194.7973413665754,1180.9381215710694,1194.7973413665754,8684065,0.00022861296893417205
2022-03-30,1210.6270751953125,1217.4434746814534,1185.331593767139,1195.6581430818142,15811550,0.019218112696876677
2022-03-31,1193.325439453125,1209.1550162306944,1190.5400818204482,1207.0036419353132,13223718,-0.01429146604820164
2022-04-01,1202.8819580078125,1207.094137293246,1187.5507515318518,1193.891542920345,7922880,0.00800830874691405
2022-04-04,1206.4373779296875,1211.5553673825946,1196.4505836886062,1202.7008059618925,7929162,0.002955751308934218
2022-04-05,1189.3851318359375,1209.2456310104756,1186.9620503043643,1200.7307025551163,13149870,-0.014134381448801414
2022-04-06,1186.2147216796875,1193.2122590361132,1171.744039651222,1171.744039651222,12257215,-0.002665587513571932
2022-04-07,1165.2899169921875,1180.3041331292436,1162.6402930619627,1175.3672812713683,15496499,-0.017639980608123218
2022-04-08,1184.6748046875,1188.9096265891387,1159.4698932414146,1159.4698932414146,15152495,0.016635248801730063
2022-04-11,1182.206298828125,1195.0464967892808,1169.886872844364,1177.5864392090166,9254209,-0.0020836991295903884
2022-04-12,1159.945556640625,1178.7642727503164,1157.3865016457235,1171.6986884850992,13217742,-0.018829828778248126
2022-04-13,1155.6881103515625,1174.2351195875087,1152.9026326764838,1166.0373022107094,10354235,-0.0036703845837322557
2022-04-18,1152.1551513671875,1159.3792305452218,1142.1683569783831,1147.2410619855225,9974224,-0.003057017678671392
2022-04-19,1196.065673828125,1208.385101413979,1155.4163428280708,1158.564096562945,26141820,0.0381116400936381
2022-04-20,1231.2347412109375,1238.277682969599,1199.8248909839451,1203.448252046231,25072240,0.02940396012724822
2022-04-21,1260.06298828125,1263.1880996959114,1237.3717275306717,1245.9319403276972,21708633,0.023414094896282434
2022-04-22,1249.5101318359375,1269.0761631730086,1242.897512398799,1249.555416364938,15054154,-0.008374864227784995
2022-04-25,1220.61376953125,1249.3287095526507,1206.414795351199,1242.0821076628993,17063215,-0.02312615285658337
2022-04-26,1257.1416015625,1265.9055943331985,1226.3658564890222,1227.4075203143414,12227666,0.029925790567869592
2022-04-27,1258.3646240234375,1280.851985416539,1247.811532355269,1248.1739283672139,19338945,0.0009728597473963596
2022-04-28,1277.16064453125,1291.269050141953,1261.874601680994,1272.6767577965609,25614076,0.014936863409045209
2022-04-29,1263.75439453125,1293.6016912062303,1257.8890896131295,1293.6016912062303,18214862,-0.010496917562723973
2022-05-02,1259.315673828125,1270.6612443033114,1249.1702630612974,1250.9593611931234,9467006,-0.0035123285998711617
2022-05-04,1220.00244140625,1263.6411523249315,1212.1443778001394,1261.376566525436,19247660,-0.031217933071831627
2022-05-05,1196.11083984375,1236.4658174286478,1192.079918457506,1233.5218443509423,17210669,-0.01958324078020779
2022-05-06,1186.939453125,1204.3088248386653,1174.6653095599413,1183.1123115474356,19649948,-0.007667672939029702
2022-05-09,1140.583251953125,1176.2732081933118,1135.4652620079833,1166.2410086662385,18083752,-0.03905523660017152
2022-05-10,1120.813232421875,1144.3423749690376,1113.2721615832613,1130.0301899582084,19511677,-0.017333254277928423
2022-05-11,1109.3319091796875,1125.478478168712,1096.9445548183617,1119.9075231154202,16643899,-0.010243743480239265
2022-05-12,1086.7313232421875,1102.787203178042,1073.4155164726255,1099.458311385817,20490321,-0.02037315049759303
2022-05-13,1099.0506591796875,1122.3306194635952,1093.9553113783713,1098.7789520224087,19308778,0.011336137713180205
2022-05-16,1099.322509765625,1123.689419002713,1094.544153545097,1102.60611718799,13437911,0.00024735036885426
2022-05-17,1145.497314453125,1150.366239393939,1101.496331090796,1102.9003909379085,16551828,0.042002964805427645
2022-05-18,1149.6641845703125,1163.9990123371506,1136.0313867118257,1150.2530031709177,17276788,0.0036376079320419308
2022-05-19,1123.16845703125,1137.956250241304,1116.918234266966,1125.0481241931686,14699118,-0.0230464929626083
2022-05-20,1188.6605224609375,1197.6962234407256,1133.200752456055,1137.9563467189944,21793091,0.0583101003413109
2022-05-23,1180.7117919921875,1201.8403770570499,1174.4161648907582,1191.8534622113486,15252755,-0.006687132548402808
2022-05-24,1184.7652587890625,1194.7973375363194,1176.5448004718992,1180.7569797022973,13527818,0.0034330704786438293
2022-05-25,1183.0216064453125,1203.2670225299603,1178.2658929997126,1193.4387237828619,12714544,-0.0014717281172914598
2022-05-26,1171.743896484375,1193.393371125466,1154.0347740615534,1188.6376579513867,17882023,-0.009532970403494323
2022-05-27,1166.3089599609375,1179.9191164627784,1150.4568600156867,1174.4388502012214,16521973,-0.004638331413326813
2022-05-30,1206.935791015625,1211.1025664956994,1174.9597635821942,1184.3803827895526,13853398,0.034833678252843114
2022-05-31,1192.3743896484375,1213.2765527152142,1184.697464521731,1196.3373846577454,70620653,-0.012064768876341114
2022-06-01,1192.7593994140625,1202.587698682473,1184.9238588339676,1193.121675611818,9776989,0.00032289335377155837
2022-06-02,1233.8843994140625,1237.575687367432,1192.9858825014019,1192.9858825014019,22126569,0.03447887312412079
2022-06-03,1258.8853759765625,1276.0283243723425,1241.9009234208313,1242.8068535360608,23939791,0.020262008802746978
2022-06-06,1253.47314453125,1274.5111629536582,1246.3396331112071,1259.1120268728403,11093152,-0.0042992249720226194
2022-06-07,1255.828125,1264.139152836091,1246.4527910651425,1254.5372764842177,12358255,0.0018787641993165405
2022-06-08,1233.7711181640625,1259.564728048269,1230.260968517713,1255.8281557796806,12479250,-0.017563714649198148
2022-06-09,1267.6041259765625,1269.528957983228,1227.4076388685442,1227.4076388685442,17278305,0.027422434610761437
2022-06-10,1229.3323974609375,1263.595647717919,1223.5576627478845,1255.4431162995847,18093057,-0.03019217729836632
2022-06-13,1206.074951171875,1210.5588374187555,1184.9690106078476,1200.2324095352897,17620803,-0.018918761383901028
2022-06-14,1190.3135986328125,1210.1288135182253,1183.6783373201108,1200.2552293704455,14714312,-0.013068302698557854
2022-06-15,1175.910888671875,1194.4805402025763,1170.5211912252462,1185.5354082981676,11195535,-0.012099928940978555
2022-06-16,1159.4698486328125,1204.331357067944,1156.752298028243,1188.0036507794862,17111475,-0.013981535673703749
2022-06-17,1173.057373046875,1188.8415454022556,1157.7035234680366,1159.4698594973618,24457187,0.011718738896129288
2022-06-20,1151.7930908203125,1185.3316762636523,1141.8514592915058,1179.8512897369692,12066797,-0.018127231212341388
2022-06-21,1170.38525390625,1174.5973137201734,1145.112415821389,1159.4698864092793,11720049,0.01614192968695094
2022-06-22,1134.831298828125,1158.7000801408756,1132.7478510128988,1158.6095110793892,10617206,-0.03037799302363131
2022-06-23,1116.419921875,1143.6177098347453,1107.3842221697334,1139.1111811125647,19446323,-0.016223888935859798
2022-06-24,1132.3175048828125,1137.2768791745684,1117.8014186070498,1123.2365200121847,14240234,0.01423978800119663
2022-06-27,1128.9658203125,1152.6534598644344,1123.9383995696694,1152.6534598644344,15474529,-0.002960021863001594
2022-06-28,1144.840576171875,1147.67133814574,1124.187598454475,1124.187598454475,13572847,0.01406132548368988
2022-06-29,1168.59619140625,1176.2279518820312,1132.7477384681235,1135.555858296585,19205146,0.020750151356278
2022-06-30,1175.616455078125,1184.7880089664673,1162.1874370508547,1168.5282289340553,23112959,0.006007433297747555
2022-07-01,1090.943359375,1173.9631898181497,1071.150907551117,1166.2183382001654,81997149,-0.07202442202758896
2022-07-04,1093.2078857421875,1106.0254419629423,1071.648979247077,1077.4689986763794,41857728,0.0020757506315312035
2022-07-05,1102.0625,1116.3973279805082,1094.7478514073186,1097.42011751126,17647327,0.008099661897152277
2022-07-06,1092.3699951171875,1106.0027924376789,1081.5679595799388,1096.106567126978,23943726,-0.008794877679634827
2022-07-07,1081.61328125,1102.0624779330788,1075.6800503518655,1098.7335863010783,23301033,-0.009847134135200775
2022-07-08,1083.1080322265625,1095.155633472675,1079.0996326989614,1095.155633472675,19010108,0.0013819643327928066
2022-07-11,1097.8277587890625,1100.046939975301,1073.4154479368833,1076.3594210782474,13847467,0.013590266274953633
2022-07-12,1096.2650146484375,1104.9837222205626,1088.8145132177926,1088.8145132177926,10778989,-0.001423487544483959
2022-07-13,1076.8349609375,1102.4022679488555,1074.7742754785731,1099.3677256155834,14224132,-0.017723865535532513
2022-07-14,1085.7120361328125,1102.379494520794,1076.563125697215,1081.5679036455379,16970315,0.008243672909341804
2022-07-15,1087.8182373046875,1093.796752824721,1079.3487135847495,1093.796752824721,9603210,0.0019399261514840838
2022-07-18,1097.080322265625,1098.3257662865883,1083.5153331838935,1096.5141460013817,15160908,0.008514368157576113
2022-07-19,1103.8065185546875,1108.2904060429255,1087.139055303216,1087.139055303216,16439888,0.006130997113476644
2022-07-20,1133.6534423828125,1151.543703777921,1126.0670869457035,1150.4114709277653,23924246,0.0270399959833596
2022-07-21,1126.0897216796875,1132.2947793542016,1117.484344754926,1129.5772288514759,16523230,-0.006671986711588751
2022-07-22,1133.6988525390625,1139.6773678755283,1130.030207237111,1132.2947927493988,10969995,0.00675712664176098
2022-07-25,1096.242431640625,1117.5522733397709,1088.361726850526,1117.5522733397709,23110452,-0.033039127467183294
2022-07-26,1096.74072265625,1106.886133119494,1092.143624721455,1096.5595845623452,11303288,0.00045454454347226836
2022-07-27,1095.698974609375,1099.2316463703332,1087.90871936657,1096.038608509345,8655086,-0.0009498580889308883
2022-07-28,1112.86474609375,1117.7788361232904,1096.5143960795697,1103.3081533989875,12496073,0.015666503193082493
2022-07-29,1136.5748291015625,1140.0396942059215,1115.989778235377,1120.8359411287292,15130683,0.0213054489245319
2022-08-01,1166.19580078125,1172.038463313215,1135.7370437974075,1140.968245399228,15700044,0.026061611537800955
2022-08-02,1170.6343994140625,1181.1194448466035,1160.1719962455124,1165.1314906618964,13917913,0.003806049232760955
2022-08-03,1180.4625244140625,1182.11564904104,1162.8440902328596,1177.586478112168,14250977,0.008395554585547194
2022-08-04,1164.859619140625,1185.6259288355277,1148.1469933470867,1182.1157790494954,14467127,-0.013217620170688726
2022-08-05,1147.69384765625,1167.9845468317753,1144.5008098568317,1166.7164604960217,13942438,-0.01473634350638664
2022-08-08,1162.7081298828125,1170.1359894573532,1146.3351396535795,1146.3351396535795,10165178,0.013082131839622368
2022-08-10,1169.660400390625,1173.011933912273,1158.133573794528,1167.1239881901556,10724688,0.0059793772221350405
2022-08-11,1173.5555419921875,1182.070349687536,1168.6186906335156,1178.9905230785732,8198226,0.003330147451569454
2022-08-12,1192.53271484375,1196.314571208688,1169.5245850188705,1173.1931102851886,12650587,0.01617066442321735
2022-08-16,1200.8211669921875,1203.5387175050762,1189.9512045412775,1198.511296976361,6607378,0.006950293308744637
2022-08-17,1207.09423828125,1212.4160085847718,1202.746205068067,1207.0263114935751,6595965,0.005223984604447951
2022-08-18,1209.2833251953125,1212.7820913718717,1199.6955520359063,1208.6925853891362,7410035,0.001813517822087718
2022-08-19,1187.7220458984375,1209.4648732471105,1183.677852607992,1204.148456169832,9460724,-0.017829799557843584
2022-08-22,1184.427734375,1195.651309470641,1175.0672431781986,1189.1535324408326,9471680,-0.0027736384407561765
2022-08-23,1202.694580078125,1205.6027266806439,1177.4982950302235,1178.7024907985585,9678484,0.015422507573046751
2022-08-24,1199.490966796875,1213.2365143204822,1197.4917062121833,1199.6500999587201,10369622,-0.0026636964482220638
2022-08-25,1195.9923095703125,1210.0103318429638,1191.6982378249359,1203.6715670494066,7871946,-0.002916784972466502
2022-08-26,1189.6077880859375,1204.1485194816453,1184.6095168359632,1196.4237108559755,10742038,-0.005338262991564591
2022-08-29,1180.36083984375,1206.4204546360302,1171.4546722003442,1174.6126958822672,19838975,-0.007773106678349628
2022-08-30,1198.6729736328125,1201.990130578996,1170.795826558723,1187.790261371782,23139054,0.015514013317729614
2022-09-01,1163.4346923828125,1183.6780172121637,1159.0270403092493,1173.5450568236956,19909939,-0.029397744026215533
2022-09-02,1149.8482666015625,1170.2278880627014,1147.6671567250864,1163.4346809089884,12999345,-0.01167785855983361
2022-09-05,1167.7060546875,1173.0224725362493,1150.0754462865928,1150.0754462865928,11327815,0.015530560513620673
2022-09-06,1179.9974365234375,1184.1552111927028,1168.7057123414318,1169.1601553219334,10899618,0.010526092407071586
2022-09-07,1173.1361083984375,1179.1114147484413,1167.796974159679,1170.0689487334319,7488501,-0.005814697483763287
2022-09-08,1174.7945556640625,1180.519984126391,1168.2513462113554,1176.0896159479148,7057077,0.0014136869999585855
2022-09-09,1167.4788818359375,1185.9727033347192,1165.0704903678632,1185.9727033347192,8314850,-0.006227194187148566
2022-09-12,1180.5426025390625,1186.8814864106484,1168.04668408102,1168.04668408102,7435419,0.011189684804046696
2022-09-13,1190.403076171875,1194.9243089400052,1181.8832020191865,1189.607891122723,8888657,0.008352492838128
2022-09-14,1176.135009765625,1185.9726599528265,1169.046493026583,1170.0688394223355,8678219,-0.011985911908203084
2022-09-15,1164.4798583984375,1183.041828116281,1161.776157155841,1173.7040529111878,10365600,-0.009909705323294493
2022-09-16,1135.625732421875,1160.0722649582217,1131.899684568862,1155.8690579820689,20217708,-0.02477855307540222
2022-09-19,1137.1025390625,1146.3040180403946,1127.5147655140897,1135.6257495827476,7580254,0.0013004342878666364
2022-09-20,1137.2841796875,1153.119972213298,1133.5808482063046,1146.1903481529216,8411448,0.00015973988163797692
2022-09-21,1140.419677734375,1150.9843653188254,1133.7173348356014,1134.5125199123227,9207309,0.002757004891896564
2022-09-22,1129.673095703125,1137.3523524884633,1123.3116153435435,1129.6276634257686,10308170,-0.009423357243887431
2022-09-23,1108.498291015625,1134.1488981287762,1106.9533532004177,1129.1733426023927,9528051,-0.01874418782570053
2022-09-26,1080.257568359375,1098.6379294477279,1079.257938059937,1087.845960638479,12479523,-0.02547655949056571
2022-09-27,1088.845703125,1102.3639690673094,1072.4192906698377,1087.8232365030442,16154822,0.007950080626297318
2022-09-28,1059.8551025390625,1080.5528678614462,1057.4241154049128,1072.5327497220442,16997059,-0.026625076907347056
2022-09-29,1056.606201171875,1075.7816245647894,1051.017070236145,1072.373723430393,14671827,-0.0030654203196306407
2022-09-30,1080.439453125,1091.4584634929545,1050.1084789606275,1050.1084789606275,18613024,0.022556418774271503
2022-10-03,1076.690673828125,1098.2516553264609,1073.7370949613044,1086.687337582096,11852723,-0.0034696801250937437
2022-10-04,1096.5477294921875,1098.7288394831442,1086.0739063841288,1089.5500767240444,8948850,0.018442674527366032
2022-10-06,1100.5916748046875,1113.269322563035,1098.7968595905177,1103.7271026820092,13352162,0.0036878880907196265
2022-10-07,1105.2493896484375,1110.4976589700225,1097.2065545320427,1097.2065545320427,7714340,0.004232009881936172
2022-10-10,1093.1851806640625,1098.547030597458,1085.0969133921378,1092.8216022630288,6329527,-0.010915372672779755
2022-10-11,1071.41943359375,1096.9110251312234,1068.32955827905,1096.9110251312234,9215177,-0.019910393458764886
2022-10-12,1079.3033447265625,1082.2342073300697,1064.6944639855953,1068.7386577474495,7417103,0.007358379814307092
2022-10-13,1082.734130859375,1087.8232672093102,1072.4193209412924,1077.5540097610362,7328492,0.0031787042536051135
2022-10-14,1077.23583984375,1097.9790399185752,1076.5088032110611,1097.3655839798673,9106089,-0.005078154330704354
2022-10-17,1094.5255126953125,1096.911067683068,1064.9216983657,1070.1018190034106,16729355,0.016050034924636636
2022-10-18,1113.8375244140625,1119.1766588278992,1099.705801236905,1100.5464186357249,12415820,0.017644185991785077
2022-10-19,1133.2174072265625,1148.6441893082867,1109.497912475689,1115.3142054707246,19247142,0.017399200859833597
2022-10-20,1136.2618408203125,1144.6227018334394,1129.173323936751,1129.173323936751,8717053,0.0026865397357431764
2022-10-21,1123.0843505859375,1143.6231056125362,1120.9942254138175,1139.4880471639096,8243452,-0.01159723028704518
2022-10-24,1126.8331298828125,1137.1252236758137,1115.6778227953112,1117.8133802746593,3370033,0.0033379320929181056
2022-10-25,1109.4298095703125,1135.5348605120162,1107.8167232856267,1135.5348605120162,12233241,-0.015444452111831208
2022-10-27,1113.7918701171875,1121.6529753517277,1105.4537260220727,1116.90446154382,12513059,0.003931803985476545
2022-10-28,1147.871826171875,1151.8931840194223,1117.5635667319068,1120.0854189154575,17609592,0.03059813684140278
2022-10-31,1158.5272216796875,1163.6846262416873,1150.62068370947,1154.6194450652783,12419943,0.0092827398189117
2022-11-01,1149.552978515625,1181.428769564145,1139.6244632866772,1181.428769564145,13963166,-0.007746251444183727
2022-11-02,1156.7322998046875,1158.7998289194838,1142.8051438822936,1150.666129478395,8981896,0.00624531572118836
2022-11-03,1161.049072265625,1163.048452941367,1147.3717940343818,1149.5529038103175,6693449,0.0037318681787188446
2022-11-04,1178.1343994140625,1181.428720196316,1159.2088516372303,1160.4810755593053,12575815,0.014715422075225248
2022-11-07,1184.427734375,1186.1090891689403,1169.6145286927685,1177.3392175630618,11789748,0.005341780160283527
2022-11-09,1183.246337890625,1191.4027533204435,1176.9074538352093,1186.1090519678319,11254205,-0.000997440747196321
2022-11-10,1168.932861328125,1179.8610058478407,1164.6160741722886,1176.8847111507705,5966242,-0.01209678500929623
2022-11-11,1195.8785400390625,1197.7869359415272,1175.9759587388326,1181.4286729917058,12310132,0.02305151955461504
2022-11-14,1190.0850830078125,1200.5134736804264,1183.7689145270133,1195.4015009715274,9043112,-0.004844519604023323
2022-11-15,1184.7459716796875,1193.4248592098502,1176.8848651845096,1191.561895358841,7086433,-0.004486327409995772
2022-11-16,1177.95263671875,1188.6763362500183,1172.954245151571,1185.972635134196,9716161,-0.0057340013161691905
2022-11-17,1180.9971923828125,1187.3359568517499,1172.3409009131724,1174.5901593039591,6661451,0.0025846163667015976
2022-11-18,1180.36083984375,1185.518244075579,1168.2966485184213,1184.4957775689334,5303197,-0.0005388264622192551
2022-11-21,1159.1180419921875,1175.9760614312995,1155.5737233322704,1175.9760614312995,6390268,-0.017996867681898454
2022-11-22,1165.547607421875,1167.1152613187112,1152.5746494360667,1156.4369938334312,6611488,0.005546946209755266
2022-11-23,1161.9124755859375,1171.3866679891707,1159.7313656787815,1170.0688915510787,6413408,-0.003118818839136228
2022-11-24,1171.931884765625,1178.702375351731,1157.8910283853108,1165.9792953074673,9389439,0.008623204750973112
2022-11-25,1189.426025390625,1192.7430620390162,1173.294924490057,1176.4303522401324,7349922,0.01492760872232668
2022-11-28,1230.299072265625,1236.4333911015242,1136.8980043426527,1185.472920181286,31527484,0.03436367289977249
2022-11-29,1232.4119873046875,1241.2500078770877,1224.1419904117938,1228.6632233258865,11058913,0.0017173995223547234
2022-11-30,1241.1136474609375,1247.5206802015884,1226.0504438987869,1232.54834119291,26164986,0.007060674714208792
2022-12-01,1237.455810546875,1251.8601266305577,1234.1387734132652,1245.862104269674,9485801,-0.0029472215711636718
2022-12-02,1236.9329833984375,1248.679148346858,1227.1407666492871,1240.5000175780488,11589592,-0.00042250167155988283
2022-12-05,1218.8936767578125,1234.4794719283639,1216.871700030192,1232.3210781772725,14828536,-0.014583899760731156
2022-12-06,1222.4151611328125,1225.5050364637573,1209.146773966004,1211.0098577338963,8594245,0.0028890824869705067
2022-12-07,1204.375732421875,1224.5963402295367,1200.5815364526634,1220.0523915216042,8462111,-0.014757203022760623
2022-12-08,1203.8077392578125,1210.9645247591304,1199.6500849785011,1208.6925503476532,7757008,-0.00047160794490630487
2022-12-09,1185.5638427734375,1208.6925984914808,1182.2694016212881,1202.3309977712286,12655763,-0.015155157995265012
2022-12-12,1187.38134765625,1191.8798642806923,1174.6128344148897,1174.8401159938364,9479842,0.0015330299535458725
2022-12-13,1192.7886962890625,1196.4237590933476,1184.473147579326,1187.381293975718,8333348,0.004554011770090405
2022-12-14,1188.471923828125,1199.127475241392,1186.4271108317469,1198.5367354613884,7268947,-0.003619058827743382
2022-12-15,1171.591064453125,1188.244637773301,1168.2513114103942,1182.564761948623,8688551,-0.014203835224500638
2022-12-16,1165.7974853515625,1189.9714223850988,1162.412300039899,1168.2513090093973,15837349,-0.0049450523116330025
2022-12-19,1181.1107177734375,1183.2463953663826,1166.2973916450521,1172.7952889779006,7729933,0.013135413838413879
2022-12-20,1191.3345947265625,1193.242990634255,1165.9792991040035,1174.1129983269077,7467588,0.008656154583372544
2022-12-21,1174.3856201171875,1196.4237592798247,1170.5687080191292,1190.9710448813423,8527550,-0.014226880243719542
2022-12-22,1171.3411865234375,1183.541675654874,1166.3200787009303,1180.5199485444361,7451122,-0.0025923627994067777
2022-12-23,1136.9888916015625,1177.112082738486,1132.4676588679463,1164.7524600759673,10257115,-0.02932731753745743
2022-12-26,1146.9173583984375,1155.0737739248264,1132.5357596211306,1142.6915558359974,5990242,0.008732246084559137
2022-12-27,1156.3006591796875,1158.1636228081527,1142.9186909584178,1149.6210331376262,5763271,0.00818132249245318
2022-12-28,1156.187255859375,1158.618243480646,1145.7588646322624,1153.2563929529824,7459393,-9.80742503363663e-05
2022-12-29,1155.66455078125,1158.209118855438,1147.5762834083114,1148.2578877514563,6930648,-0.00045209378971788894
2022-12-30,1157.4365234375,1170.9775038842033,1154.6647942823151,1156.4823255378853,7289476,0.0015332932511014086
2023-01-02,1170.477783203125,1171.88642405352,1157.8910002870925,1158.708901395193,5316175,0.011267364992849416
2023-01-03,1161.9124755859375,1169.160125804233,1157.7093889350726,1165.5476587645308,7658932,-0.007317787436979528
2023-01-04,1144.418212890625,1163.7300547153022,1142.3506838068283,1161.8896870062515,9264891,-0.015056437608598983
2023-01-05,1142.3734130859375,1152.5292093307505,1137.8067482537933,1146.6674842652508,13637099,-0.001786759229847168
2023-01-06,1152.7564697265625,1157.777577935928,1144.3047436595773,1148.0989399434065,6349597,0.00908902161209868
2023-01-09,1179.974609375,1182.3375684218504,1155.687212453628,1156.5732620005954,10722753,0.023611352755967374
2023-01-10,1162.5260009765625,1184.1552520379166,1156.8915568565494,1184.1552520379166,8047142,-0.01478727445472705
2023-01-11,1147.871826171875,1162.3442913861395,1145.5770152034006,1159.8451553432185,11509553,-0.012605459828319954
2023-01-12,1123.0843505859375,1150.7570549852321,1120.0853394706564,1147.2810049505638,17688773,-0.02159428868343527
2023-01-13,1121.266845703125,1123.675117069892,1106.2717897707075,1117.0863548772086,20618583,-0.0016183155627307322
2023-01-16,1110.5885009765625,1126.7421991055548,1102.8182596793808,1123.584175159578,13623855,-0.009523464256063208
2023-01-17,1126.3560791015625,1128.2644751675343,1113.5421334042796,1116.9046027544262,10751000,0.014197498093249994
2023-01-18,1124.492919921875,1131.9450149571076,1117.9724269094495,1123.947732620178,13448286,-0.0016541475775349035
2023-01-19,1123.2889404296875,1127.4238787769261,1116.2911675478767,1123.6751148013898,11940054,-0.0010706865920251385
2023-01-20,1109.9296875,1124.6293134044963,1107.475983857866,1124.6293134044963,14930286,-0.011892980023979649
2023-01-23,1104.31787109375,1120.630703944606,1101.9095996617807,1112.8151498129876,10954118,-0.00505601072703088
2023-01-24,1097.7972412109375,1110.3839043654414,1084.8014472016187,1108.7253859560433,16488755,-0.005904667535946206
2023-01-25,1082.6202392578125,1097.2291180769223,1081.4615961665293,1096.2067717974144,12385018,-0.013824959093888589
2023-01-27,1062.081787109375,1084.8015319770323,1050.403768536496,1083.4611595770739,25830975,-0.018971058736642066
2023-01-30,1072.2603759765625,1077.7812395145372,1045.564583725004,1059.5145777715713,21772103,0.009583620574918461
2023-01-31,1069.5792236328125,1084.9378563899695,1063.7402148448057,1082.370452122445,22691594,-0.0025004676138555837
2023-02-01,1063.2406005859375,1081.4391134749721,1047.382090519888,1081.4391134749721,19347800,-0.005926277275044578
2023-02-02,1057.3560791015625,1066.9210156997124,1050.1084290116537,1053.2891691648742,13662663,-0.005534515406138696
2023-02-03,1058.28759765625,1067.3754956611733,1041.9293331709027,1067.3754956611733,24699575,0.0008809885081277891
2023-02-06,1050.3128662109375,1054.6523697762398,1047.7455820077842,1051.9259524136774,14837879,-0.007535504963843365
2023-02-07,1047.7908935546875,1057.5603943899198,1041.9291690153093,1050.5627428744976,15135435,-0.0024011632508589287
2023-02-08,1068.7159423828125,1072.3284093286718,1048.290888887822,1051.017186057536,21160332,0.01997063436687796
2023-02-09,1070.578857421875,1077.3039157739506,1060.559478401166,1069.3974980927496,13172763,0.0017431339471822849
2023-02-10,1061.763671875,1070.0563840638993,1054.7886158361225,1070.0563840638993,10790445,-0.008234036648270271
2023-02-13,1055.7203369140625,1067.8299624778901,1051.2672523692866,1063.3768779331142,10352493,-0.005691789162710181
2023-02-14,1080.598388671875,1082.3250555378218,1055.8565481440585,1058.7192622894795,14321920,0.023565001911900918
2023-02-15,1105.0675048828125,1107.4531801088635,1078.2809718116707,1079.6440602664363,33503591,0.022644042844642387
2023-02-16,1104.2042236328125,1119.5401413378127,1101.9322491792432,1113.019527781497,17264487,-0.0007812022760469439
2023-02-17,1108.8162841796875,1112.1334412904273,1095.3661670147737,1099.6375221146495,11809520,0.00417681842558193
2023-02-20,1097.093017578125,1113.1558521216361,1095.1390690194628,1110.9974583087273,8836937,-0.010572776364152547
2023-02-21,1106.044677734375,1111.8154187780797,1096.1614739086865,1101.4552961916092,13311592,0.008159435902719725
2023-02-22,1080.9619140625,1104.1815344089787,1079.212530949885,1102.3412867389513,11024335,-0.022677893738664023
2023-02-23,1075.78173828125,1088.1640768500556,1072.9872927091903,1080.5529686414243,9851910,-0.004792190838418864
2023-02-24,1083.142822265625,1088.8001014405165,1076.0088741166164,1077.8264053087537,9434053,0.006842544098336845
2023-02-27,1075.9407958984375,1085.8467152410444,1068.6024012348664,1082.3705449963543,11199715,-0.006649193642000895
2023-02-28,1055.356689453125,1075.55458156191,1051.3126158801917,1070.6016220746747,21994038,-0.019131263099029794
2023-03-01,1065.0579833984375,1065.7850199744744,1055.6746563210354,1065.1034156724897,11551145,0.009192431376295662
2023-03-02,1056.9471435546875,1068.57973034707,1054.925046511839,1061.9228195758383,9333535,-0.007615397443310634
2023-03-03,1083.91552734375,1087.573426851757,1063.9903475271667,1067.44368158329,14643807,0.0255153570862241
2023-03-06,1094.5028076171875,1101.7277412564927,1090.5495987349282,1090.5495987349282,10171916,0.009767624880679282
2023-03-08,1098.4334716796875,1099.1832244435238,1083.7337262043,1094.5028585607813,15782657,0.003591278190557823
2023-03-09,1072.032958984375,1098.2288726400263,1070.147279158801,1097.8199821583767,16235128,-0.02403469429508709
2023-03-10,1055.4248046875,1065.1034417835135,1051.9486346812796,1063.967514713159,13334091,-0.015492204934267395
2023-03-13,1038.0670166015625,1065.1035499544928,1033.7502288751577,1058.2876262665352,12771592,-0.016446257477411574
2023-03-14,1034.181884765625,1047.3592882483779,1031.0465769110588,1036.0221323528851,16027522,-0.003742659937945758
2023-03-15,1016.505859375,1044.3375763114452,1012.1209234658597,1037.885231401589,21728555,-0.017091795602889426
2023-03-16,1011.4393310546875,1024.207844384365,1000.6701985245505,1019.2095726723305,18363159,-0.004984258844732747
2023-03-17,1010.1670532226562,1023.2763079373278,1005.4413153341551,1020.0047033408911,34014213,-0.0012578884298523052
2023-03-20,1000.2384643554688,1008.7583980790381,990.5825434751304,1006.4864237654998,19524589,-0.009828660354258334
2023-03-21,1031.341796875,1033.2957451749278,1007.3951430408976,1008.2811925498517,21400360,0.03109591725166605
2023-03-22,1034.4771728515625,1041.2249475152355,1031.47816188993,1038.294084967167,10920094,0.003040093968908142
2023-03-23,1021.3906860351562,1031.4327819622354,1019.2322922558061,1030.5694484887376,16249370,-0.012650338895669466
2023-03-24,1001.1699829101562,1022.3902814688943,998.7617116838695,1020.231887763167,12375945,-0.019797226860852724
2023-03-27,1016.7329711914062,1024.207782359069,999.7613722312702,1007.6224178329715,14054323,0.015544801129586672
2023-03-28,1021.4815673828125,1025.3439120336418,1016.4831753805086,1020.1183586375283,12576424,0.004670445757101627
2023-03-29,1015.4381103515625,1020.0274916428302,1004.71434981678,1017.391938716083,18804065,-0.005916364253869211
2023-03-31,1059.2191162109375,1064.8536804760474,1024.5260415402947,1024.6623383806666,28171201,0.043115385775916115
2023-04-03,1059.40087890625,1067.3755664241319,1051.9260666767912,1065.5580347791372,10293043,0.00017160065611609987
2023-04-05,1056.856201171875,1066.9210129823457,1048.995215362799,1066.9210129823457,16262928,-0.002401997001363787
2023-04-06,1063.9447021484375,1069.6474143387793,1053.3572991214214,1053.3572991214214,18435046,0.006707157481502746
2023-04-10,1056.4017333984375,1068.0116029231133,1054.9022279148219,1067.829873819937,12961408,-0.007089624803590211
2023-04-11,1061.6273193359375,1063.7402807994256,1056.0383079017138,1060.559540630498,10542367,0.0049465897037950235
2023-04-12,1066.3076171875,1075.9179854968688,1058.7646577412916,1061.6272515959452,18179087,0.004408607207367465
2023-04-13,1070.3291015625,1075.0093475188144,1064.1947822733791,1069.1930541875877,12378208,0.00377141109205148
2023-04-17,1075.759033203125,1101.8867990924884,1067.3981721567704,1101.8867990924884,17929479,0.005073142113671603
2023-04-18,1063.4449462890625,1080.0985197030036,1056.9243329412964,1080.0985197030036,10405576,-0.011446882186428642
2023-04-19,1068.7386474609375,1071.4195123263064,1059.741614492453,1062.8542061722762,12273475,0.004977879852029687
2023-04-20,1066.034912109375,1071.9193532094926,1059.6961482625013,1069.692811176778,7007330,-0.0025298377278542006
2023-04-21,1067.37548828125,1072.8282030082607,1061.6500596936005,1068.1252410633845,7647317,0.0012575349612353737
2023-04-24,1071.465087890625,1081.8706418346944,1066.9210188410907,1079.1897769115358,12936186,0.0038314535552623763
2023-04-25,1079.666748046875,1081.7342770992536,1068.0569991057368,1075.1000833366595,9236126,0.007654621927436267
2023-04-26,1073.328125,1084.2336751201349,1069.6702254865136,1081.0073822687018,8617834,-0.0058709069797153735
2023-04-27,1080.1212158203125,1083.2792397187284,1074.191342363561,1079.189733985385,9167125,0.0063289973141367195
2023-04-28,1099.8646240234375,1101.409681900637,1082.2568535921685,1082.3704342762564,15565210,0.01827888195690197
2023-05-02,1109.2025146484375,1111.3609082117491,1103.3180737047812,1106.9986888116582,12981805,0.008490036338145712
2023-05-03,1099.682861328125,1110.997299985596,1096.4794053699195,1110.997299985596,7061872,-0.008582430344858838
2023-05-04,1112.360595703125,1114.564421653396,1097.1838117593734,1100.1601065895743,8635233,0.011528536836237224
2023-05-05,1109.5205078125,1118.4266754436653,1106.9077915916328,1109.1797657715506,8746585,-0.0025532079269939834
2023-05-08,1123.220703125,1128.5598368262858,1110.6112034431017,1113.269352129285,9153782,0.012347852262335257
2023-05-09,1126.69677734375,1129.9912183396398,1119.290114376559,1124.6292481933926,6464721,0.0030947383796247063
2023-05-10,1134.4443359375,1135.9211253467272,1127.446563252221,1131.4453248412979,10872255,0.006876347522725146
2023-05-11,1127.03759765625,1140.3058651251242,1125.3335267806174,1135.51203899488,10557860,-0.006528956993847701
2023-05-12,1128.8778076171875,1130.2637323324755,1116.2228762779578,1122.2663301444138,6955341,0.0016327848909072351
2023-05-15,1131.1044921875,1138.0567125858797,1123.7886933664054,1131.3999221918086,6833343,0.00197247616640861
2023-05-16,1114.99609375,1135.8073202110538,1113.3374551908087,1133.2627523170945,8717229,-0.014241300029095627
2023-05-17,1108.4073486328125,1120.0852459817609,1103.7271032383842,1119.1764803056624,8798967,-0.005909209148014072
2023-05-18,1106.0218505859375,1116.4502407386783,1102.8864225456616,1113.0649351771951,10525531,-0.002152185340360102
2023-05-19,1109.611572265625,1111.4292240517473,1099.1150328365684,1106.0219413561279,8050447,0.003245615516353384
2023-05-22,1115.541259765625,1120.539651102296,1105.2492875108546,1106.4533629289124,7434906,0.0053439308386922235
2023-05-23,1115.3367919921875,1121.4483940779485,1113.9281511842048,1118.1086413363598,6092034,-0.00018329019356977394
2023-05-24,1108.8388671875,1119.630834331706,1105.748992019405,1111.4062712432678,8112254,-0.005825975482330326
2023-05-25,1108.70263671875,1112.8149786046417,1097.842640709934,1105.9536236071287,11487863,-0.00012285867025529917
2023-05-26,1138.9427490234375,1140.0786760550607,1113.6101699812016,1116.9044905832286,12626260,0.02727522358401191
2023-05-29,1145.3497314453125,1149.6210865747194,1139.2608448772517,1145.5314605509366,10010304,0.0056253770677836545
2023-05-30,1145.0543212890625,1153.1198717474913,1142.50963326853,1145.3496310598186,11342504,-0.00025792135636792946
2023-05-31,1122.3118896484375,1140.4650896335454,1118.2678159183406,1135.9892890678166,27107927,-0.019861443442283466
2023-06-01,1119.2900390625,1129.1278089205925,1116.9044841377781,1126.9694153626442,14592692,-0.0026925230088082897
2023-06-02,1115.6322021484375,1128.1962696801756,1113.7238061790024,1122.8117036497752,15800644,-0.0032679973790584738
2023-06-05,1125.6517333984375,1128.6053121788445,1117.1090229973545,1121.085068396339,10908682,0.008981034458045212
2023-06-06,1126.6058349609375,1130.4000307352399,1118.7221336360576,1128.4689187387335,7493309,0.0008475992477881
2023-06-07,1135.148681640625,1135.9892989888378,1123.5388113588674,1130.0821412207565,10312545,0.007582817711913936
2023-06-08,1135.8302001953125,1143.6458744813403,1131.8997070078415,1138.7156307485393,12071109,0.0006003782286057024
2023-06-09,1127.7872314453125,1139.8741383055774,1125.9922962095304,1139.1698179304815,5877018,-0.007081136554228817
2023-06-12,1128.7869873046875,1131.0816777652867,1120.0852643496842,1124.8564945620458,6391969,0.0008864755970803273
2023-06-13,1145.46337890625,1146.6448585440896,1129.741286337972,1133.7173319025067,11248016,0.01477372771755836
2023-06-14,1159.549560546875,1160.9809175855808,1143.7138887627082,1145.5314201372407,13277380,0.012297365328322707
2023-06-15,1159.86767578125,1164.4116242878063,1152.1201510303479,1159.5268135380984,11813494,0.0002743438014196631
2023-06-16,1171.1595458984375,1173.431520437393,1163.3438717544047,1163.3438717544047,24171579,0.0097354813423709
2023-06-19,1159.5269775390625,1174.1585755296505,1155.369322961202,1174.1585755296505,6798554,-0.009932522345152628
2023-06-20,1161.9351806640625,1165.070488566,1151.893084884151,1157.5957972211602,6921096,0.0020768840843281566
2023-06-21,1165.2069091796875,1167.728761153971,1157.800246036839,1161.889751966922,6961603,0.0028157582024113115
2023-06-22,1152.1202392578125,1169.296404389101,1150.52986917785,1161.4354185434336,7619166,-0.011231198355224348
2023-06-23,1142.691650390625,1151.1660925456156,1141.4420223330224,1149.1212794125972,6628570,-0.008183684780384892
2023-06-26,1133.9671630859375,1142.9869124040958,1130.8545713330911,1139.1700001634836,12641159,-0.0076350319893429
2023-06-27,1134.376220703125,1140.305974461151,1129.9231362063101,1134.4216529822017,9689466,0.0003607314484084245
2023-06-28,1149.3939208984375,1153.1881169201986,1135.0122016455275,1141.896393407388,11354006,0.013238729727606646
2023-06-30,1158.8226318359375,1161.7307784588775,1151.1888070463274,1157.0732487107562,11151555,0.008203202371324547
2023-07-03,1188.5628662109375,1191.425580555085,1161.1400387375704,1162.3669506539804,12154387,0.025664181521793505
2023-07-04,1176.31689453125,1192.7887391966194,1169.2736896643748,1192.7887391966194,8061643,-0.010303175395952602
2023-07-05,1174.3856201171875,1185.5183304828597,1170.432411192628,1185.5183304828597,10248062,-0.0016417977358321734
2023-07-06,1199.03662109375,1201.6266214253383,1170.546016490242,1170.546016490242,19117987,0.02099055076483536
2023-07-07,1196.6964111328125,1210.9417123971473,1194.15172307179,1197.3325831480681,13375267,-0.0019517418565604405
2023-07-10,1242.7947998046875,1252.3144236363512,1215.508392547687,1221.8244401255106,33240016,0.038521372875379045
2023-07-11,1256.267578125,1258.6758491021378,1243.9535094175255,1250.905728718348,20069348,0.010840710246317276
2023-07-12,1257.6536865234375,1273.2167658916628,1254.8818367760516,1256.9947982953927,18733835,0.0011033544306748855
2023-07-13,1246.4073486328125,1271.8535100977601,1243.794632147719,1264.992154591986,14682934,-0.00894231695985681
2023-07-14,1245.3621826171875,1254.5409440468316,1238.2735461254954,1249.5879849572364,15124144,-0.0008385428862974775
2023-07-17,1270.8084716796875,1279.1466167196916,1239.5914489485467,1248.225023984058,22220040,0.02043284228289588
2023-07-18,1281.600341796875,1289.3250310279557,1269.127138140066,1280.0326878114854,25867313,0.008492129504710899
2023-07-19,1291.3243408203125,1297.7540895736324,1270.944719940005,1285.9397747939042,39122156,0.007587387976039306
2023-07-20,1289.7606201171875,1295.2251136644823,1270.1422890108254,1270.1422890108254,38717624,-0.0012109434118864337
2023-07-21,1249.834716796875,1287.3235564344566,1242.3763715855305,1284.4190157057792,30249238,-0.030956057036913398
2023-07-24,1224.554931640625,1238.1179088392782,1215.6443158350814,1221.4042392370138,23727866,-0.020226502605910968
2023-07-25,1223.767333984375,1233.3179681079685,1220.9119513502328,1227.8041962368873,12026020,-0.0006431705396791054
2023-07-26,1243.65625,1253.8961800235134,1223.3733833366434,1223.3733833366434,12911012,0.016252203718226443
2023-07-27,1232.087158203125,1249.2931304965796,1226.0072859774648,1247.5209111436616,17226898,-0.009302483541473006
2023-07-28,1244.4686279296875,1251.853175548335,1231.0287272255082,1236.6902137331379,20827852,0.010049183326137134
2023-07-31,1255.00390625,1257.2930680054526,1239.594792375287,1244.4686660676819,8551174,0.008465684135275486
2023-08-01,1237.25634765625,1259.803857697837,1233.3672005487501,1257.8346449464532,9536632,-0.014141436935268481
2023-08-02,1224.0380859375,1236.665614699006,1212.8381883521488,1235.2871417271826,12748214,-0.010683527099125012
2023-08-03,1218.8934326171875,1231.201012494138,1210.1058926997707,1218.5981228148664,10168350,-0.004203017356581795
2023-08-04,1235.45947265625,1238.6348041373592,1216.776590964359,1230.1672134573323,22885610,0.013591048729741928
2023-08-07,1242.4996337890625,1244.739517474421,1233.219669239453,1241.096521418228,5982870,0.005698415276768287
2023-08-08,1235.0162353515625,1247.7176805176769,1230.5363488514104,1244.5423492739476,9844072,-0.0060228576604719475
2023-08-09,1243.1639404296875,1245.034716513302,1221.453442754676,1233.1456430382627,11486586,0.0065972453194558245
2023-08-10,1248.702392578125,1255.3731247892663,1234.9179033647526,1243.0409059369185,15470598,0.004455126124816022
2023-08-11,1253.969970703125,1259.7300139419374,1236.837916549459,1246.733138146324,22179330,0.004218441604908252
2023-08-14,1268.788330078125,1271.274485095857,1243.065489745762,1249.9577340453427,9575812,0.01181715648795878
2023-08-16,1267.7545166015625,1271.5207081344915,1255.8654425931288,1255.8654425931288,10203112,-0.0008148037399577923
2023-08-17,1249.465576171875,1269.2069834305885,1246.9302626576266,1263.7916479940673,13673744,-0.014426247503116163
2023-08-18,1258.7208251953125,1268.960755625946,1234.9671961841154,1246.142454602955,18639978,0.0074073661571323335
2023-08-21,1244.986328125,1262.5000997685252,1242.8371963360953,1254.8424457661688,9221746,-0.010911472024133229
2023-08-22,1244.68994140625,1253.8544488619668,1234.6115281978846,1243.4548358358238,7713044,-0.00023806423577066305
2023-08-23,1246.0732421875,1256.2752862282496,1243.4795205761563,1247.061326610869,9517952,0.001111361741774175
2023-08-24,1225.1259765625,1254.8178429548684,1220.778380707161,1254.8178429548684,14140020,-0.016810621491419542
2023-08-25,1219.46923828125,1237.5758385308063,1206.7476503203045,1213.3677682361918,22222400,-0.004617270704782461
2023-08-28,1207.3155517578125,1227.2007490808824,1201.0659665597248,1221.2722430466752,12580826,-0.00996637401085021
2023-08-29,1195.755126953125,1212.107851949824,1189.7277154191993,1211.4162410930335,16876644,-0.00957531341980633
2023-08-30,1194.618896484375,1206.9452265993075,1193.1120434864215,1201.5107618049594,12168946,-0.0009502200267752503
2023-08-31,1189.15966796875,1198.0524282609965,1185.651919829385,1197.0643437840804,21638600,-0.00456984945717076
2023-09-01,1191.9508056640625,1198.3733539411996,1186.5163417372542,1188.937220765019,18112842,0.0023471513292072643
2023-09-04,1190.987548828125,1197.3853714174265,1188.3197691016735,1191.950907028467,9347626,-0.0008081347244870418
2023-09-05,1197.36083984375,1202.4741047382813,1191.852196412095,1195.5822395056102,8675876,0.005351265864950383
2023-09-06,1199.88037109375,1203.5609616798479,1194.2236115362405,1196.125722417537,8200370,0.0021042372242012775
2023-09-07,1201.5106201171875,1204.5983838407617,1191.1357340059783,1196.421961377583,13652572,0.001358676300331041
2023-09-08,1209.51416015625,1213.3677136631895,1197.039593881822,1205.463038004146,23109288,0.006661231207662377
2023-09-11,1222.556884765625,1223.668479723262,1211.391482722607,1211.391482722607,13271074,0.010783441020392859
2023-09-12,1204.8948974609375,1226.7068128830886,1203.462102676104,1226.7068128830886,16255666,-0.014446761148519838
2023-09-13,1210.9222412109375,1216.653058753229,1198.6699696902265,1205.4630504045967,12803338,0.00500238133857267
2023-09-14,1212.03369140625,1218.2092185904667,1207.933117232777,1215.3437498538372,9209636,0.0009178543076400203
2023-09-15,1214.2816162109375,1219.2960960745,1210.1563157757241,1219.2960960745,25468592,0.0018546718796894623
2023-09-18,1203.709228515625,1210.8975674516837,1201.535490839137,1205.487828880595,7516300,-0.008706701603786726
2023-09-20,1176.8826904296875,1199.3370070481767,1163.4694916701224,1197.089090701199,57081884,-0.0222865601180271
2023-09-21,1168.31103515625,1180.8103271156433,1165.9396084396587,1173.3255153106452,12226182,-0.0072833557185788544
2023-09-22,1163.4447021484375,1177.0308632017375,1160.9992172819989,1173.8443150051187,19176786,-0.004165271799526971
2023-09-25,1156.2811279296875,1166.2854832156668,1153.638074334712,1161.1968240581607,14254884,-0.0061572107428239375
2023-09-26,1157.2939453125,1161.0980464311394,1153.8851021083722,1155.342502590839,10087782,0.0008759265877027467
2023-09-27,1170.336669921875,1171.769464855697,1155.3178333556975,1157.7880446735417,11722778,0.011270018876538002
2023-09-28,1153.14404296875,1177.3026603074284,1148.6482103293206,1177.3026603074284,14518346,-0.014690325779737057
2023-09-29,1158.529052734375,1170.435518964013,1153.1440405649926,1156.9481416896208,12342014,0.004669850049054958
2023-10-03,1145.263916015625,1153.885049186791,1144.2017734963838,1151.0936382938999,8859056,-0.011449981929621433
2023-10-04,1143.2877197265625,1145.683872665596,1133.8763122199225,1140.7434506187415,10286386,-0.0017255378969222024
2023-10-05,1143.26318359375,1150.8219332922222,1140.743519950406,1145.8074528562056,10953682,-2.146103066547056e-05
2023-10-06,1145.1898193359375,1148.5493304183171,1142.2502923697696,1144.7205033692,5431026,0.001685207544365408
2023-10-09,1135.4324951171875,1142.200849187487,1133.826857954507,1140.2988590719287,7576878,-0.00852026804116024
2023-10-10,1140.447021484375,1145.1404226117538,1138.1497733893898,1139.5331157395624,10236032,0.0044164020219183975
2023-10-11,1158.5537109375,1160.8509589721596,1142.7196339530417,1143.4359710357805,9814118,0.01587683523392247
2023-10-12,1160.7027587890625,1165.6185754357678,1155.1447837404767,1157.9609209243824,12554450,0.0018549401993832593
2023-10-13,1160.6534423828125,1164.7045645712087,1150.6984190160554,1156.058825491677,10150316,-4.2488402716811535e-05
2023-10-16,1158.0596923828125,1163.2471357038708,1154.0826283801794,1158.5290083696577,5929036,-0.002234732526769645
2023-10-17,1163.5928955078125,1165.791359182136,1156.701030917525,1163.9634271590728,7928180,0.004777994745344127
2023-10-18,1148.1541748046875,1169.3979912920374,1146.6720480730119,1163.5929949263082,8918320,-0.013268146241462997
2023-10-19,1139.33544921875,1147.0672825471008,1136.7911799610206,1142.2256445327594,12032556,-0.0076807851937111815
2023-10-20,1135.8525390625,1143.559525479833,1134.4691966955595,1136.2971288231192,8913312,-0.0030569663733699404
2023-10-23,1118.1163330078125,1139.3848747937852,1114.1887214650121,1131.356688684127,7853962,-0.01561488436635139
2023-10-25,1115.522705078125,1127.009187707913,1108.1367973597628,1111.6198194416302,11620688,-0.00231964049993838
2023-10-26,1099.98486328125,1115.5471912369471,1096.9218260289952,1112.0888961356811,15222534,-0.013928754409159971
2023-10-27,1119.40087890625,1123.204979852311,1104.6536704890175,1106.654565590137,11771084,0.01765116618703466
2023-10-30,1142.47265625,1148.6481841216216,1121.4511352518443,1123.4520304054054,16813304,0.020610826539901428
2023-10-31,1130.3192138671875,1150.1303563093797,1127.8490026208185,1150.1303563093797,12808438,-0.010637840928906295
2023-11-01,1135.0125732421875,1144.9428703315039,1124.0448598372486,1130.9367248364767,10309190,0.004152242408533846
2023-11-02,1146.2767333984375,1148.302354744411,1140.2247162104195,1143.1889695269997,10562104,0.009924260243279637
2023-11-03,1146.0296630859375,1153.5638066087804,1144.078220526126,1149.7349795725816,8850156,-0.00021554159244552284
2023-11-06,1155.564697265625,1156.0587394619763,1148.9445800808262,1152.2546386732256,10647304,0.008320058796743801
2023-11-07,1148.0552978515625,1155.614167696399,1145.9556184844287,1153.1192304428853,6960204,-0.0064984673137140625
2023-11-08,1154.033203125,1156.552866758098,1147.042553778562,1152.1064866637696,7884494,0.005206983744271199
2023-11-09,1141.50927734375,1154.0331752710283,1138.3720609954937,1154.0085696526105,14513610,-0.010852309749265876
2023-11-10,1143.6583251953125,1144.3747829309668,1135.3337858785344,1139.039102652828,7734954,0.001882637219176475
2023-11-13,1143.51025390625,1148.4506764659145,1142.0774589944763,1147.6107081381433,3854810,-0.00012947161385568062
2023-11-15,1164.185791015625,1166.9030232858888,1149.6362714370953,1156.0588204395372,12220648,0.01808076231826261
2023-11-16,1166.285400390625,1172.9302438744137,1159.4923201233041,1161.542667627995,13134910,0.0018035002584666504
2023-11-17,1163.7412109375,1172.4857343750468,1162.012063114762,1162.4319266451018,7758634,-0.0021814467130196746
2023-11-20,1160.6781005859375,1165.1490860409533,1154.2801575494677,1160.2828426994563,4490186,-0.002632123295775446
2023-11-21,1175.2769775390625,1179.7728099438689,1166.0384122376151,1168.9038812090425,8214450,0.01257788610447208
2023-11-22,1179.87158203125,1182.9593458443583,1171.9669066696931,1173.3502489811203,8534814,0.00390938015463238
2023-11-23,1183.4781494140625,1185.7013394254852,1179.8716170501546,1179.8716170501546,8531542,0.003056745698208463
2023-11-24,1182.6876220703125,1186.9858858764198,1181.2796741129466,1181.5514214570694,6749486,-0.0006679695304399047
2023-11-28,1182.9346923828125,1185.5531403805655,1173.4738317237427,1182.6876712625676,13792174,0.00020890580732335629
2023-11-29,1186.047119140625,1191.605094048659,1184.7379555197092,1189.6536514263266,12531306,0.0026311061615269526
2023-11-30,1174.5606689453125,1186.0471507278282,1170.8306260067593,1183.0828973645985,28439984,-0.009684649125605738
2023-12-01,1182.88525390625,1183.9226701483003,1174.6347733568996,1174.8323419889748,14342842,0.007087403129556913
2023-12-04,1195.6810302734375,1210.4035134582498,1185.0097900344595,1210.4035134582498,15590990,0.010817428254289219
2023-12-05,1204.3514404296875,1205.8830195816831,1196.3973123183705,1204.9689932142376,12693624,0.007251440757797489
2023-12-06,1215.8873291015625,1221.7416569101222,1202.9927791973269,1208.9707381739393,16422442,0.009578506974475154
2023-12-07,1213.8863525390625,1215.813068778958,1206.4509936678744,1215.3437528349593,8142096,-0.0016456924211707413
2023-12-08,1213.244140625,1223.5943006598802,1207.9331869400896,1217.2459307176134,10204894,-0.000529054398477391
2023-12-11,1215.022705078125,1219.098553135076,1211.5890153738967,1213.367615499601,7066138,0.0014659575872411068
2023-12-12,1197.5830078125,1217.7892853568703,1195.6561708810905,1215.3438006129375,9197124,-0.014353392074680338
2023-12-13,1202.4739990234375,1204.6478570918039,1188.8137803209581,1196.570218805253,10031182,0.004084051943815892
2023-12-14,1217.39404296875,1222.7297228698085,1206.7721356331074,1212.3795628682321,16972354,0.01240778923904351
2023-12-15,1232.9317626953125,1235.1055001292314,1220.3089603608373,1224.236571728094,15932152,0.012763098206618473
2023-12-18,1245.48046875,1252.3476075388428,1230.6344755328585,1232.9318442845902,14165188,0.010177940445994071
2023-12-19,1263.809326171875,1271.6150959828576,1247.5552663727806,1262.2777471951172,16820604,0.01471629453994594
2023-12-20,1248.518798828125,1283.9417239360823,1244.9864450577063,1270.207325538083,17736722,-0.01209876128234122
2023-12-21,1266.0079345703125,1271.4176728398502,1244.1218397625619,1248.44470925444,13765454,0.014007907416855092
2023-12-22,1267.2430419921875,1275.0735389423144,1258.6466348491601,1264.550535970751,16541784,0.000975592165063377
2023-12-26,1273.66552734375,1280.5326657287192,1266.0819312708138,1268.7003790735205,7465664,0.0050680770292224064
2023-12-27,1278.01318359375,1284.4603381656593,1271.2201029702012,1275.6170305456778,9204156,0.003413499193204217
2023-12-28,1287.251708984375,1290.4382571270967,1278.0131437475463,1279.4705441490948,12302636,0.0072288185358513335
2023-12-29,1277.0743408203125,1291.4262906293047,1274.2830506802181,1289.9936165179902,10864584,-0.007906276676915236
2024-01-01,1279.69287109375,1287.8940202608817,1271.2447008145452,1274.9006856426909,4030540,0.002050413346928126
2024-01-02,1290.2900390625,1291.920402508132,1271.1706293129728,1277.099135940161,7448800,0.008281024461512132
2024-01-03,1276.25927734375,1301.3071935056118,1273.2455715878027,1289.450180352941,9037536,-0.010874114574227378
2024-01-04,1282.8546142578125,1289.376067708453,1274.1842702494187,1278.5811975278393,9612778,0.00516770928223087
2024-01-05,1288.3138427734375,1294.3165279752034,1283.521657474919,1285.9424160498672,8086406,0.004255531729745909
2024-01-08,1278.2601318359375,1300.294341541995,1269.1696830048252,1289.4501393970402,7734652,-0.007803774673302177
2024-01-09,1274.8759765625,1287.8693113555237,1273.245613077726,1284.5098000629723,5403074,-0.0026474699391405565
2024-01-10,1309.2613525390625,1313.658280108081,1272.1834593214687,1273.146817539874,11102740,0.026971545945415842
2024-01-11,1343.6961669921875,1346.2651626289091,1312.6702888458758,1313.6583733689063,23725852,0.026300947772074146
2024-01-12,1354.3919677734375,1356.9609630954171,1329.714583957277,1343.6960023683716,15012164,0.007959984588772118
2024-01-15,1377.5133056640625,1379.8105538837538,1349.7234290591657,1358.6161895727328,8610594,0.017071378478887178
2024-01-16,1358.2454833984375,1379.662260463631,1354.169635353321,1373.412554424991,9069024,-0.013987394667187236
2024-01-17,1345.3509521484375,1369.7567088979374,1338.879071777444,1343.3007252899447,12197382,-0.009493520433240699
2024-01-18,1351.6500244140625,1354.663730119792,1335.1490629645289,1335.2972997496222,10279438,0.004682103398794046
2024-01-19,1351.156005859375,1359.6041759840746,1342.8067406703178,1359.6041759840746,10422704,-0.00036549294992371806
2024-01-23,1312.7442626953125,1355.4048574857818,1306.791150318716,1355.4048574857818,20055420,-0.02842879948539434
2024-01-24,1327.8619384765625,1333.4199132911328,1308.1497027138623,1319.314984194113,21919128,0.011516085966515988
2024-01-25,1336.9522705078125,1347.895377764627,1319.2902616038493,1326.9479158139593,11808872,0.006845841248886986
2024-01-29,1430.7957763671875,1435.192704047216,1343.9678528779282,1348.241269998228,23893438,0.07019211375715795
2024-01-30,1390.852294921875,1442.5784888178382,1387.690473107798,1442.5537625848374,14093978,-0.027916969077676157
2024-01-31,1409.6259765625,1417.1601204834947,1385.788439238697,1387.2705659116798,15130226,0.013497969345249272
2024-02-01,1409.650634765625,1426.1515960154993,1401.1531330404457,1417.9011153905622,13349362,1.7492727528489738e-05
2024-02-02,1440.33056640625,1457.3256902760372,1416.0978932450594,1416.0978932450594,19652588,0.02176420943174051
2024-02-05,1421.878173828125,1452.9781061073709,1414.4675408489986,1443.3442832345067,8814432,-0.012811220568737403
2024-02-06,1410.786865234375,1424.6693778058625,1402.906796150729,1424.6693778058625,9047984,-0.00780046335748219
2024-02-07,1424.9659423828125,1432.2283386037336,1412.2196294925052,1418.8151411125152,9296568,0.010050474311781965
2024-02-08,1432.845947265625,1442.0845126481563,1410.515263064875,1432.7224367107362,14694634,0.0055299601544409605
2024-02-09,1443.34423828125,1454.4354611714164,1433.660963243804,1436.6746688077615,12556798,0.007326880489601395
2024-02-12,1435.04443359375,1443.5913882496639,1425.163589047209,1443.3443671360003,6674430,-0.005750398600255946
2024-02-13,1447.6424560546875,1461.3768535820275,1436.6747431428453,1438.1568697691962,7715594,0.00877883789938716
2024-02-14,1463.7235107421875,1465.9714268487612,1440.1329959711338,1440.1329959711338,7117888,0.011108443676987934
2024-02-15,1453.076904296875,1467.0335965408115,1449.0505085860837,1465.674980481667,10006782,-0.007273645854000144
2024-02-16,1443.17138671875,1459.4007219371786,1441.170612214809,1458.8819534815811,9767498,-0.006816925896236836
2024-02-19,1456.4364013671875,1461.8708655513933,1436.2053974591388,1444.6288410678121,6729828,0.009191572650700364
2024-02-20,1453.4970703125,1457.9187244624495,1444.3820146436099,1457.449408433713,7117496,-0.0020181664313857484
2024-02-21,1450.2115478515625,1470.7884795851646,1440.1825868389801,1456.4365283424868,12720292,-0.0022604259258885984
2024-02-22,1464.093994140625,1467.2558158327358,1440.6269906914333,1450.6560710255042,18493728,0.009572704278647315
2024-02-23,1475.82763671875,1479.7059164315408,1465.6750448712426,1471.7517883622584,14438584,0.008014268636497013
2024-02-26,1469.6026611328125,1476.7169415654328,1464.8352018923576,1475.753583346703,7513106,-0.004217955695542952
2024-02-27,1467.9476318359375,1482.0771665679397,1460.4382144226488,1465.3539102526265,10826044,-0.0011261746733632894
2024-02-28,1438.2803955078125,1473.5056294891751,1432.8953836215212,1465.3292067243183,8647950,-0.02021001000629752
2024-02-29,1443.393798828125,1461.352161163495,1437.1935448412644,1447.5437052316252,23628976,0.0035552200643791387
2024-03-01,1474.345458984375,1482.1266237591103,1445.0734581651325,1446.061542580972,12132926,0.021443669898941753
2024-03-04,1489.4384765625,1494.4282305064353,1469.503825173054,1472.7150995331629,10024420,0.010237097069856427
2024-03-05,1482.32421875,1489.4384990399915,1468.3429205099196,1487.8328618357061,7107668,-0.004776469739736444
2024-03-06,1485.0909423828125,1491.0194491388315,1460.8828731290673,1475.654687549837,7805676,0.0018664767112457348
2024-03-07,1461.3028564453125,1485.1897258668157,1457.968071396935,1485.0662153094684,8315726,-0.01601793214046021
2024-03-11,1449.12451171875,1471.257625711574,1446.0614742974403,1471.257625711574,11277130,-0.008333895107949685
2024-03-12,1457.8446044921875,1470.269718687064,1447.5685016900354,1449.1246865128974,9432678,0.006017490355673338
2024-03-13,1415.10986328125,1465.4279903850718,1410.7622676768488,1462.142657909758,13522134,-0.029313646378533842
2024-03-14,1414.418212890625,1431.2651015924712,1408.5144322207132,1422.5451836499767,18571102,-0.0004887609143089389
2024-03-15,1401.3260498046875,1416.1473166057365,1396.0645483366263,1408.9589780840722,19223818,-0.009256217833324754
2024-03-18,1422.32275390625,1424.5459437848976,1399.6462653903534,1403.0798345242215,9169392,0.014983453782571932
2024-03-19,1408.267333984375,1420.4701525728194,1400.3626585436627,1411.7256294896865,8275764,-0.009882018608837861
2024-03-20,1426.5467529296875,1427.7818583434794,1407.0568136232032,1410.9349722530521,8488806,0.012980077364711073
2024-03-21,1433.685791015625,1440.5283239841642,1427.460931435626,1435.2173701383908,13006936,0.005004419288239914
2024-03-22,1437.6875,1442.6031956703118,1430.1039041326171,1432.697625631682,19527608,0.002791203630148509
2024-03-26,1424.3978271484375,1435.0939139473653,1421.853557874578,1427.7820647176966,11415906,-0.009243784098813213
2024-03-27,1475.0618896484375,1482.126717793074,1429.7582404310522,1430.7463249095808,16326644,0.035568758625128316
2024-03-28,1468.145263671875,1488.0057370987279,1461.0311038405712,1475.0865810929813,21854364,-0.004689041202339594
2024-04-01,1467.0831298828125,1476.1734586788064,1464.8352136106084,1474.691331987126,5013880,-0.0007234527913171362
2024-04-02,1469.2320556640625,1476.198098955644,1457.4244952875333,1466.3172549197961,8910166,0.0014647607470079649
2024-04-03,1454.0650634765625,1466.7619246317818,1451.397283687729,1464.4152240453116,7008292,-0.010323074649119857
2024-04-04,1445.4935302734375,1462.1180033355356,1432.7224901750476,1462.1180033355356,14490272,-0.005894875971114488
2024-04-05,1442.7020263671875,1453.274601948929,1438.6509043996564,1443.467815909923,7442298,-0.001931177032471365
2024-04-08,1468.2686767578125,1473.2090987059642,1443.5912932499484,1445.5427357963142,8357118,0.017721365828398783
2024-04-09,1446.2098388671875,1472.0482715276003,1445.0735176190665,1471.2577557160955,7071414,-0.015023706655197921
2024-04-10,1461.945068359375,1469.281643980642,1448.8776750369068,1448.8776750369068,9138330,0.010880322529483566
2024-04-12,1449.6680908203125,1468.7627741208264,1445.6415744118667,1458.2891033204971,15551012,-0.008397700983963752
2024-04-15,1447.3707275390625,1464.4646364315843,1429.0911655763507,1443.591352839028,12902062,-0.0015847512239508532
2024-04-16,1448.2847900390625,1453.6451964542034,1433.6364862387566,1436.0325186728678,9366184,0.0006315330845154676
2024-04-18,1446.8765869140625,1468.2933637329888,1441.9608913302363,1446.0614655607194,19005692,-0.0009723247352214637
2024-04-19,1452.607666015625,1456.4364932961696,1425.8306012864564,1439.4167626045175,15741778,0.00396100065022531
2024-04-22,1462.2166748046875,1465.1562017707047,1450.3103301575065,1454.9048261235944,10350362,0.006615006249704791
2024-04-23,1441.9364013671875,1475.7042382593086,1438.2064787775075,1461.3770126451404,14605554,-0.013869540531815439
2024-04-24,1432.8953857421875,1451.051437133562,1432.2283805059903,1446.0615625184662,10462776,-0.006270051589257086
2024-04-25,1442.5784912109375,1450.483166375014,1424.3236561270523,1425.3117405225619,15943926,0.0067577197645412035
2024-04-26,1435.2421875,1447.5437912682185,1432.7225237808307,1446.5062542977878,9413848,-0.0050855490745458365
2024-04-29,1447.568359375,1450.4091019997668,1432.7223672737166,1432.7223672737166,7247974,0.008588217363141082
2024-04-30,1449.519775390625,1465.4031834424802,1445.4439273514386,1450.507859763761,11474262,0.001348064844735486
2024-05-02,1449.0753173828125,1459.7218309784546,1446.6791643138517,1454.460329459568,14512646,-0.0003066243147270553
2024-05-03,1416.9130859375,1457.3750954799905,1399.275802819383,1453.4722101911175,17226958,-0.022195003295895632
2024-05-06,1402.610595703125,1422.841600588335,1401.1037428015688,1418.3952205864964,7394208,-0.010094119657954703
2024-05-07,1384.775634765625,1403.8209867220144,1375.4135586957902,1399.1028593353728,14517472,-0.012715546989404691
2024-05-08,1401.6473388671875,1415.8756594095175,1380.8481115524094,1380.8481115524094,9439002,0.01218370953242398
2024-05-09,1377.5133056640625,1406.7853090212204,1373.4374570953444,1396.1634006300155,11009612,-0.01721833483637203
2024-05-10,1390.65478515625,1393.1990543318577,1371.535254832905,1380.106935558881,10505096,0.009540001855627978
2024-05-13,1385.986083984375,1390.2101693574684,1367.5089520262873,1383.2195197456997,8456620,-0.003357196352184899
2024-05-14,1403.15380859375,1410.0703989131912,1383.3427901196658,1384.2814219881418,7188300,0.012386650059300619
2024-05-15,1399.3994140625,1412.9361236084007,1396.188139403763,1403.5740469957013,5046534,-0.0026756828141404343
2024-05-16,1408.3660888671875,1410.4904944706304,1381.3667306256436,1401.6471872524828,14711774,0.006407516477841657
2024-05-17,1418.5928955078125,1420.0750222861304,1396.4104463053004,1406.093722836626,10916476,0.007261468961419659
2024-05-21,1419.0128173828125,1424.6448506468714,1408.6132041549795,1408.6132041549795,11176128,0.00029601295504133596
2024-05-22,1443.24560546875,1451.2737917888355,1419.1610465084934,1419.1610465084934,10281604,0.017077215786275746
2024-05-23,1468.3428955078125,1474.4442444107415,1437.6628261266358,1441.1705740518107,14608260,0.01738947961730397
2024-05-24,1462.6119384765625,1470.7636348065282,1458.5113640783345,1465.9467233388211,7094776,-0.0039030100181525196
2024-05-27,1448.77880859375,1467.2066075031105,1444.134859977049,1462.587264504762,6629010,-0.009457826453420637
2024-05-28,1438.8485107421875,1460.8828419616084,1435.4396676765145,1450.5079553599196,7820162,-0.006854253936252164
2024-05-29,1423.607421875,1440.6271526936466,1421.310053120064,1429.264181324664,7383556,-0.01059255978193685
2024-05-30,1407.8720703125,1423.2368313836507,1403.178669288835,1418.3951935729253,13206858,-0.011053153643843294
2024-05-31,1413.35595703125,1425.0647331073133,1405.3030450073677,1414.245257118902,31069832,0.003895159819125249
2024-06-03,1492.32861328125,1496.4539141466187,1441.6152266357983,1465.3292536675044,21527942,0.055875984996647254
2024-06-04,1380.625732421875,1480.1999676014107,1343.1032493273078,1480.1999676014107,36709098,-0.07485139657931561
2024-06-05,1403.8209228515625,1414.0970248192752,1367.6076051704213,1405.0560283617258,17464890,0.016800491172215715
2024-06-06,1414.5416259765625,1426.4974232883105,1404.4137607114592,1417.9011371144834,17855722,0.007636802494169315
2024-06-07,1452.4345703125,1454.4601915157414,1409.5023527154926,1411.478521453965,18558696,0.02678814369268001
2024-06-10,1453.867431640625,1475.5558362929214,1450.5819785928986,1452.4346368701142,9251760,0.000986523838947706
2024-06-11,1439.3179931640625,1456.1154291491666,1437.3418242246385,1451.4960860069511,11774902,-0.010007403811325588
2024-06-12,1445.888671875,1458.4126908916728,1437.835879864395,1440.1331280315808,10081742,0.00456513344663545
2024-06-13,1447.790771484375,1454.7073627830548,1442.7021123343332,1454.4603416652449,9181160,0.0013155228658845441
2024-06-14,1459.9442138671875,1462.0438933040555,1439.8613252368543,1452.4841280922399,8157998,0.008394474272240382
2024-06-18,1463.3778076171875,1469.6768460329972,1453.8180422457062,1469.6273935638167,7196766,0.00235186640515872
2024-06-19,1441.2694091796875,1469.7756214798555,1438.650961260282,1469.7756214798555,8725874,-0.015107785783289307
2024-06-20,1456.14013671875,1465.181134372769,1432.8213657240578,1441.6153422433538,16113776,0.010317798632475172
2024-06-21,1436.872314453125,1457.1280450509373,1423.4096642387256,1456.0659025463858,31170360,-0.013232120851392026
2024-06-24,1424.2989501953125,1432.2283517054532,1420.3713387903338,1428.3007403004744,8878386,-0.00875050909627828
2024-06-25,1436.822998046875,1438.576872033328,1423.8296636688654,1425.8058325289194,7045386,0.008793131420791411
2024-06-26,1495.9844970703125,1500.875466568816,1427.905458276952,1428.8194845866847,22014882,0.04117521720062789
2024-06-27,1512.3126220703125,1519.1797603831344,1488.0551018777237,1495.7127559544517,28383030,0.010914635166324516
2024-06-28,1546.7474365234375,1562.1615299634889,1512.782033239127,1512.782033239127,28957336,0.02276964031814055
2024-07-01,1541.5599365234375,1560.5805616644209,1537.138282854078,1543.9066370278445,7724306,-0.0033538119265674737
2024-07-02,1546.525146484375,1554.7509013864856,1538.4475077589818,1550.7985635373939,7749246,0.0032208997154759
2024-07-03,1533.927001953125,1556.2329594590622,1524.391963189475,1547.661278880494,9049620,-0.008146097436494082
2024-07-04,1535.5079345703125,1548.822348177101,1532.321386398175,1538.447461634288,6837176,0.0010306439714371507
2024-07-05,1569.695556640625,1579.4528899457323,1529.5546284867023,1535.3101717849263,12269710,0.022264699061864013
2024-07-08,1581.824462890625,1589.6303543798022,1563.6684106310508,1570.0662334946016,9500806,0.007726916342910117
2024-07-09,1571.3260498046875,1581.4291893561121,1561.6675000170792,1578.5637202787966,6960002,-0.006636901459187605
2024-07-10,1565.3480224609375,1578.4648673124634,1544.5241914718106,1575.9946562525065,7134578,-0.0038044474248314364
2024-07-11,1561.815673828125,1585.1344421846698,1551.786592769845,1568.5840280306456,11940946,-0.00225658996090794
2024-07-12,1577.6990966796875,1586.023756297877,1555.7389442164904,1565.619788574804,12924784,0.010169844699170483
2024-07-15,1578.1932373046875,1586.7154660951303,1566.607970695329,1585.332123675554,5329688,0.00031320333898898767
2024-07-16,1557.4681396484375,1580.9351457176842,1550.4280378276635,1574.5125966882063,9386838,-0.013132167320425991
2024-07-18,1567.7689208984375,1574.9078068261192,1539.2625884242743,1557.2210712967385,12298374,0.006613799016347954
2024-07-19,1536.6195068359375,1571.0294984478235,1534.2975325767013,1567.1018870092746,13140390,-0.019868625820602004
2024-07-22,1482.793701171875,1519.1798633102128,1481.4103587992008,1518.9328421942273,19674376,-0.03502871428132237
2024-07-23,1470.1707763671875,1487.8080584659276,1445.5674511277782,1483.1146576505776,18052044,-0.00851293392648711
2024-07-24,1477.8778076171875,1491.5134207568017,1458.8078508242754,1467.3053526491226,11913362,0.005242269383863185
2024-07-25,1474.6171875,1482.595920809754,1459.474721651074,1463.3530011800513,12519876,-0.002206285323713364
2024-07-26,1491.044189453125,1494.4037007697482,1472.59166375446,1474.6172851615388,9859940,0.011139841643223125
2024-07-29,1501.9871826171875,1509.2990318372968,1493.7614276294273,1493.9342700426573,7538550,0.007339147452146255
2024-07-30,1495.119873046875,1506.8286485865085,1492.0073831905756,1498.9486999408243,8228208,-0.004572149249866597
2024-07-31,1487.4869384765625,1492.4519658681731,1483.2628537354879,1486.0788700242824,10057346,-0.005105232502031765
2024-08-01,1497.2445068359375,1499.9122867676688,1486.3755772216791,1493.983779705346,10764222,0.006559767421802309
2024-08-02,1481.4595947265625,1491.3404387261814,1475.481756476256,1487.0670219426547,10268248,-0.010542641524017071
2024-08-05,1430.0792236328125,1466.2184833782828,1416.1719837774867,1462.3649300475706,17046704,-0.03468226286875775
2024-08-06,1438.700439453125,1459.8948030686215,1434.0316438440889,1437.8111393077952,10236186,0.006028488266833332
2024-08-07,1447.3707275390625,1454.954323788822,1444.0853950542364,1451.4960282823629,8174568,0.006026472118986215
2024-08-08,1431.85791015625,1447.5437511456266,1428.6960880928925,1440.157843842289,12387192,-0.010717929475600685
2024-08-09,1456.73291015625,1458.9066476361847,1438.6509170052725,1442.603254689353,6249776,0.01737253384121451
2024-08-12,1443.2208251953125,1455.4483700557605,1440.3800824499558,1452.4841167562581,8184584,-0.009275609047294853
2024-08-13,1446.1851806640625,1452.5582774619256,1440.6272053348387,1443.3444377180147,6265064,0.0020539860685206968
2024-08-14,1444.4312744140625,1454.4603560192809,1436.3783617708266,1446.1110904012166,6267466,-0.0012127812353841527
2024-08-16,1460.58642578125,1462.7602840003062,1440.676620060605,1451.1502913945535,9416902,0.011184437538394487
2024-08-19,1475.65625,1485.47150978375,1467.8238660907393,1469.8067419652286,13797742,0.01031765320610134
2024-08-20,1483.1416015625,1491.0484162933285,1477.2674041310693,1484.4057091952604,8411808,0.005072557760318563
2024-08-21,1485.8433837890625,1494.964564922092,1477.2426107826689,1480.464784262564,7769996,0.001821661683359288
2024-08-22,1485.2979736328125,1493.6012664349316,1477.8869991875908,1490.1312336221058,10445782,-0.0003670710938989963
2024-08-23,1487.1322021484375,1498.3849993365056,1485.5955458508122,1490.8749048344312,9249654,0.001234922923336823
2024-08-26,1499.649169921875,1509.9601498448217,1490.1313888488291,1494.0723308917522,8816114,0.008416849393318548
2024-08-27,1487.6031494140625,1500.516654009415,1486.6117113802566,1497.5671500638725,6251156,-0.008032559047420396
2024-08-28,1485.4716796875,1494.5680511870519,1480.2170096090344,1492.1142662167426,9610286,-0.0014328214668017925
2024-08-29,1507.90283203125,1523.8401488737275,1481.2083164719252,1490.2303777286736,38335358,0.015100356775882062
2024-08-30,1496.6995849609375,1526.5418444404818,1490.4534771750382,1520.865886117465,41620730,-0.00742968766443719
2024-09-02,1503.2679443359375,1513.7276641806195,1493.7253530981907,1497.9389648135596,11240852,0.0043885623013462105
2024-09-03,1496.203857421875,1509.9600595401412,1494.5927706873033,1508.2250430567562,10923800,-0.004699153561198988
2024-09-04,1501.5823974609375,1504.50709100704,1486.6612078847159,1487.850885016148,11983304,0.0035947909186186955
2024-09-05,1480.192138671875,1512.7113538076746,1474.3179410781217,1506.0439573959175,16264168,-0.014245144871990911
2024-09-06,1452.2830810546875,1484.182646260627,1449.110527949692,1479.721175380084,19394228,-0.01885502353919355
2024-09-09,1449.928466796875,1457.3395627288749,1443.1371406451965,1453.943839140462,9010298,-0.0016213190723826099
2024-09-10,1449.011474609375,1459.446383962114,1445.0952218200862,1447.995226435091,10768260,-0.000632439605469437
2024-09-11,1439.072265625,1456.1745712275017,1435.1561339115874,1450.5234230036904,9760202,-0.006859303158420094
2024-09-12,1467.1298828125,1473.2767495080643,1433.4953029575859,1444.5250498204912,22349376,0.01949701752838262
2024-09-13,1460.016357421875,1470.451266381587,1456.918113729867,1463.7590600068495,8711328,-0.004848599618861527
2024-09-16,1458.7523193359375,1468.2206009201684,1452.2088525514882,1464.8993077290233,5481774,-0.000865769811079109
2024-09-17,1459.6942138671875,1464.8248328952707,1454.0677548146177,1461.3796100548857,5935328,0.0006456850273792725
2024-09-18,1450.9197998046875,1469.3110219373734,1448.0447266088618,1457.413766699014,8574714,-0.006011131632325806
2024-09-19,1457.0916748046875,1463.8581906691413,1443.0876132109174,1453.6959512825117,16955902,0.00425376716261705
2024-09-20,1473.2025146484375,1482.1997658201985,1458.7770437683578,1461.3795684407844,30897320,0.011056847089535138
2024-09-23,1480.5887451171875,1488.6441789861601,1476.2015834923338,1478.2340798324108,8832314,0.005013723772059109
2024-09-24,1476.6229248046875,1487.6526722077606,1475.1357678514642,1475.7554165819738,17137444,-0.0026785427929117978
2024-09-25,1481.15869140625,1483.6869066134093,1467.5264194610884,1471.1948125268714,7069002,0.0030717162285438526
2024-09-26,1485.12451171875,1491.122760061236,1475.309372285805,1477.8870868947113,18818998,0.00267751209611089
2024-09-27,1513.10791015625,1520.345334807694,1479.2254687210307,1486.1655345930462,20597478,0.01884245948180774
2024-09-30,1463.9324951171875,1511.9181178232873,1461.7761901136828,1506.3908994638518,27008814,-0.03249960872518631
2024-10-01,1452.2830810546875,1475.2100841908111,1450.3002051077794,1467.9726595996829,16431642,-0.007957616967555259
2024-10-03,1394.928466796875,1436.9902726871705,1390.070396353704,1424.2750076222521,37757294,-0.03949272356471989
2024-10-04,1374.653564453125,1405.2145916660443,1369.9442340651563,1391.9046094477658,37072876,-0.01453472549048096
2024-10-07,1358.98876953125,1384.5431070803497,1349.7188488374588,1381.568793209071,22181340,-0.011395449244047784
2024-10-08,1385.3857421875,1389.004514771482,1353.4118695241307,1361.2194430814652,17020808,0.01942398145450097
2024-10-09,1362.8306884765625,1388.979866453412,1360.7486928237201,1385.5594536683957,14310610,-0.016280702929224233
2024-10-10,1359.31103515625,1374.132983939481,1357.699948504806,1368.209166456891,22358646,-0.0025826049780599547
2024-10-11,1360.35205078125,1371.4314188021033,1357.1050671377104,1358.2700551936466,7980122,0.0007658406340240731
2024-10-14,1360.7734375,1368.2587216327886,1356.5350159311083,1367.6390728953818,12221432,0.0003097629900348231
2024-10-15,1332.5174560546875,1359.9554295521655,1329.2208521541709,1346.8933067731043,33762794,-0.020764648005787145
2024-10-16,1342.4814453125,1352.3215164873245,1326.1723376036346,1328.5270030007441,20034438,0.0074775675264426855
2024-10-17,1344.811279296875,1356.7332239102464,1340.4737382347967,1354.0067695283685,15543660,0.0017354682945600608
2024-10-18,1347.66162109375,1356.70849216764,1329.840427555484,1340.5976258716714,12082452,0.0021195106263276475
2024-10-21,1357.4769287109375,1362.2358797577067,1346.1002013000875,1355.4197431686716,14067408,0.007283213726322124
2024-10-22,1331.84814453125,1364.2186177698431,1328.749900940748,1357.4767913068545,15831960,-0.018879719896252367
2024-10-23,1327.064453125,1345.8521531156357,1323.5696102860716,1326.048205061888,17214742,-0.003591769396453004
2024-10-24,1328.3287353515625,1332.1952468902052,1311.7964576126847,1323.8424540123256,22155934,0.000952690898761821
2024-10-25,1316.4808349609375,1332.8395608533488,1310.6809472586556,1331.996862815434,18597496,-0.008919403815719762
2024-10-28,1322.9251708984375,1341.4155124030337,1310.7800563182918,1325.552505604476,10824350,0.004895123245520772
2024-10-29,1328.52685546875,1331.6994085045892,1308.995576227512,1316.728719636798,12008361,0.004234317022260736
2024-10-30,1332.3935546875,1338.4413022928309,1314.0023313459362,1323.569732267355,11984423,0.0029105164135998507
2024-10-31,1320.64501953125,1331.5012170832633,1314.7955112005386,1328.5269031210519,9331650,-0.008817616322833066
2024-11-01,1327.1884765625,1330.4601492824747,1321.5868277686543,1321.6364480777281,2127335,0.004954743276563756
2024-11-04,1291.0009765625,1328.52687951389,1274.0969107675833,1326.3952636738204,19796890,-0.027266285564600312
2024-11-05,1294.1240234375,1298.337634786513,1275.1379622128013,1281.9292880644173,16267479,0.0024190894752966763
2024-11-06,1314.0023193359375,1316.9271340293028,1289.0676296160968,1298.7837703539942,21625209,0.015360425692149793
2024-11-07,1294.4710693359375,1312.6639327180499,1291.4471349781516,1312.6639327180499,9611974,-0.014863938756113138
2024-11-08,1272.7584228515625,1290.505185727704,1264.0833410989228,1286.5394340693545,19814406,-0.016773373309542983
2024-11-11,1261.802978515625,1274.9891511168566,1256.151830843746,1267.9994654475693,9056552,-0.008607638448302146
2024-11-12,1263.33984375,1278.2610337323058,1256.6476373969983,1264.6287615317467,10671091,0.0012179914460044294
2024-11-13,1241.3299560546875,1264.5295076822267,1238.8017408266169,1259.374078659472,14633633,-0.017421984911027644
2024-11-14,1256.746826171875,1261.7040163358736,1240.38809863068,1242.866693712679,12612633,0.012419639147505102
2024-11-18,1249.9554443359375,1262.0014401044657,1233.24973843027,1256.7467703539512,13620611,-0.0054039379248916886
2024-11-19,1231.0189208984375,1270.5276979121372,1224.5745744010292,1249.9553610165642,14183746,-0.015149758756049403
2024-11-21,1212.5286865234375,1233.299264427905,1206.8279179645579,1231.0190296194417,19433843,-0.015020268219358646
2024-11-22,1254.5655517578125,1257.9859641270039,1211.983221035894,1218.8737871048172,20471957,0.034668759346967004
2024-11-25,1275.9805908203125,1293.2811339485756,1271.4694999174592,1278.9549045518283,28923341,0.01706968522489305
2024-11-26,1284.606201171875,1286.737817131633,1273.2046638791435,1283.8626226527838,9247557,0.006759985546502145
2024-11-27,1282.1275634765625,1292.6864023015983,1274.9892583407009,1282.4250432843673,9572746,-0.0019294922389845315
2024-11-28,1259.91943359375,1285.4984608667178,1258.184417128475,1278.905374093644,15027412,-0.01732131069906484
2024-11-29,1281.1361083984375,1288.3736540571424,1264.3312830599236,1269.0406134614407,13202307,0.016839707555085237
2024-12-02,1297.941162109375,1300.1222774340952,1266.1160245478172,1276.9722229086012,11024152,0.013117305492189812
2024-12-03,1311.9698486328125,1315.4398813546288,1295.8093621182986,1305.7237413234882,16869482,0.010808414844197145
2024-12-04,1297.74267578125,1317.0262168141671,1292.884726573221,1314.6467414933138,19608540,-0.010844130958031162
2024-12-05,1310.7305908203125,1318.5628538088617,1294.966703202915,1303.0964459866593,16858723,0.010008081942164404
2024-12-06,1300.3204345703125,1312.5646685095264,1298.783657405313,1312.5646685095264,9037514,-0.007942254741674204
2024-12-09,1284.0609130859375,1303.7409326166044,1282.0284168341586,1291.8436769577456,14650002,-0.012504242071492144
2024-12-10,1273.8489990234375,1283.812998621138,1269.238788448007,1278.2113501165884,16043729,-0.007952826815636138
2024-12-11,1267.2559814453125,1278.9549980546296,1265.1244866020038,1273.9978081396894,11724373,-0.005175666490439101
2024-12-12,1252.0870361328125,1267.25596445406,1249.8066803924569,1259.1262215126183,20906813,-0.011969914156727657
2024-12-13,1261.951904296875,1264.2817595214547,1228.986588963027,1249.2119494931856,28630222,0.007878739959269243
2024-12-16,1257.44091796875,1270.0321327010022,1255.7059013940218,1264.0835044447913,9486781,-0.0035746103419356245
2024-12-17,1234.6376953125,1253.078416496042,1232.1591005022085,1250.2528426173371,17462791,-0.018134627504476253
2024-12-18,1242.5196533203125,1249.162239402372,1230.027558928225,1230.027558928225,12670179,0.006384025076941802
2024-12-19,1219.914794921875,1234.2411461229626,1218.4772582835096,1228.3916379278016,14244653,-0.01819275722362368
2024-12-20,1194.980224609375,1228.8873545167635,1191.2127119418244,1213.5200660980383,20312896,-0.020439599893611327
2024-12-23,1211.834716796875,1216.6926661807136,1202.8125341694108,1204.5971709809228,10052824,0.014104410968817094
2024-12-24,1212.28076171875,1222.9883400626134,1210.5457452942906,1211.834663048231,6734917,0.00036807405803163107
2024-12-26,1206.1339111328125,1217.1883476811242,1203.8535553911518,1213.767935093776,10016178,-0.005070484313569934
2024-12-27,1210.595458984375,1217.3867853075249,1206.5800865394056,1207.86900439277,7000397,0.003699048513918557
2024-12-30,1200.333984375,1212.7269598518426,1197.756269680847,1205.9852538075309,8818766,-0.008476386172787898
2024-12-31,1205.043212890625,1208.6619856280877,1195.8229125326573,1197.6570485426987,6405475,0.0039232651719653955
