Price,Close,High,Low,Open,Volume,Daily_Return,RSI_14,MACD,EMA_50,ATR_14,Body,Upper_Wick,Lower_Wick,Color,OBV,Volume_Trend,Macro_Trend,Dist_to_Resistance,Dist_to_Support
2015-03-17,182.51161193847656,183.16126675245445,179.13551128120127,181.16968870847455,19070082.0,0.0175156809580387,44.975980229922094,-1.966320344245105,186.88675429807702,4.586529112602959,1.3419232300020099,0.6496548139778895,2.0341774272732778,1,-26752899.0,1.3207012689973179,-1,0.07860186335472011,0.023632999341408768
2015-03-18,185.0250396728516,185.7918569807374,182.05364748761036,182.5435545957729,9269885.0,0.0137713305344224,49.043709978168685,-1.7083262553441045,186.81374588140153,4.525934854068965,2.481485077078702,0.766817307885816,0.4899071081625266,1,-17483014.0,0.6968446385600555,-1,0.04719991884283308,0.03689621983698551
2015-03-19,182.36251831054688,186.73971879510893,181.925860402947,186.49477233551195,13934612.0,-0.0143900596752329,45.229270395327774,-1.699120895444878,186.63918793744645,4.546500821075606,4.1322540249650785,0.24494645959697436,0.43665790759988,-1,-31417626.0,1.0517868525805598,-1,0.06248920186191691,0.022834753629145
2015-03-20,181.9258575439453,183.4275284723957,180.75433183845908,182.73526005125544,10405717.0,-0.0023944655439445,44.61638738495714,-1.7073788553046256,186.45435145142682,4.412693379137106,0.809402507310125,0.6922684211402554,1.171525705486232,-1,-41823343.0,0.7872732479219253,-1,0.06503940201298031,0.020489349125699784
2015-03-23,179.33792114257812,184.03463239151571,178.51785435456634,182.4371124290799,13251683.0,-0.014225225794206,41.064805137006196,-1.9008365270382512,186.1752757530406,4.491556568980839,3.099191286501764,1.5975199624358254,0.8200667880117862,-1,-55075026.0,1.0088031907384232,-1,0.08040845625315098,0.006354517781752452
2015-03-24,180.6159210205078,181.96849438474888,179.36986035596536,179.36986035596536,9238431.0,0.0071262110644945,43.4584360639952,-1.9287952650341538,185.9572618419609,4.358629188494405,1.2460606645424548,1.352573364241067,0.0,1,-45836595.0,0.7369237826787278,-1,0.07276371559350031,0.013385342073461039
2015-03-25,179.96624755859375,180.94606192000597,179.1355310551669,180.83956345001644,10264941.0,-0.0035969888935776,42.5131681167063,-1.9805454895991943,185.72232010535828,4.176622165376167,0.873315891422692,0.10649846998953194,0.8307165034268564,-1,-56101536.0,0.8278586947655593,-1,0.07663636463953051,0.009823688879677562
2015-03-26,176.64337158203125,180.8927879216776,175.53575920825833,179.15680622347858,20621346.0,-0.0184638843207565,37.964706130988425,-2.263592945840628,185.3662829083651,4.260936918807818,2.5134346414473328,1.7359816981990264,1.1076123737729233,-1,-76722882.0,1.5524282533617966,-1,0.0968891999399081,0.006270330801847044
2015-03-27,172.89456176757812,177.85753299187633,170.71127189154245,177.62322212331762,23326922.0,-0.0212224765689111,33.59742586499024,-2.7586081979423795,184.87719580480484,4.467031503202536,4.728660355739493,0.2343108685587083,2.1832898760356727,-1,-100049804.0,1.6287064795302009,-1,0.12067264897418228,0.012627868995501812
2015-03-30,172.6921844482422,174.17255580025198,169.64624297036656,173.938259172148,17330588.0,-0.0011705244934655,33.374225280265165,-3.1311475896165177,184.39935222219455,4.4712658836798855,1.2460747239058207,0.23429662810397645,3.0459414778756297,-1,-117380392.0,1.1812481118478186,-1,0.12198596102288402,0.017637981056337456
2015-03-31,175.94049072265625,177.4102122570868,174.23645833672006,174.23645833672006,20235395.0,0.0188098047679026,40.237025322114285,-3.1282164405234596,184.06763216338913,4.488891735477367,1.7040323859361877,1.4697215344305619,0.0,1,-97144997.0,1.36837034634681,-1,0.10127126355884081,0.03577486755002649
2015-04-01,178.08116149902344,178.70951666860736,173.19273971095927,175.7061746080489,14588531.0,0.0121670160607976,44.30827149377738,-2.9195050060477286,183.8328686079238,4.562312108489562,2.374986890974526,0.6283551695839265,2.5134348970896383,1,-82556466.0,0.9522653815581579,-1,0.08803314678720067,0.04736558576805518
2015-04-06,175.65293884277344,178.4965334219954,174.9606845403668,178.07052530560864,12334096.0,-0.0136354830337476,40.904289019732644,-2.916418310520612,183.51208704850615,4.488993306570921,2.417586462835203,0.42600811638675395,0.6922543024066385,-1,-94890562.0,0.8136073349421973,-1,0.08985633262619985,0.03419638698891033
2015-04-07,177.39956665039062,178.0918209370022,175.95114477522606,175.95114477522606,21275454.0,0.009943629859678,44.22361147886623,-2.7414322902205583,183.2723803662271,4.342556791403625,1.4484218751645699,0.6922542866115862,0.0,1,-73615108.0,1.3095215226179517,-1,0.07072100494060059,0.04370542626693048
2015-04-08,184.4392852783203,185.2060883729519,177.4101881868945,177.53798633287437,24821205.0,0.0396828400477615,55.15645301488479,-2.0115205912877343,183.31814134317193,4.589982857914886,6.901298945445944,0.766803094631598,0.12779814597988093,1,-48793903.0,1.4262035072112205,-1,0.01247257878557295,0.08020548488696938
2015-04-09,190.6590118408203,191.4897284283451,182.92700885551437,184.3541311541121,27276420.0,0.0337223523346146,62.20524742530379,-0.9205686160122752,183.6060186175895,4.873749766123161,6.304880686708202,0.8307165875247904,1.4271222985977374,1,-21517483.0,1.420092905633093,-1,0.004357080106018534,0.11021125446720109
2015-04-10,192.62925720214844,193.57712195413177,189.38096878945564,190.62702923588105,25323219.0,0.0103338695732519,64.128759797849,0.10182721812441287,183.95987111110165,4.825350008876945,2.002227966267384,0.9478647519833316,1.2460604464254175,1,3805736.0,1.2225573657017648,-1,0.004920668675935484,0.11931216766133876
2015-04-13,196.49530029296875,196.97455767782984,191.43648024096564,193.1511484470765,20177342.0,0.0200698645001948,67.61196555931876,1.2100914690020943,184.4514565692141,4.876259110876035,3.3441518458922417,0.4792573848610857,1.714668206110872,1,23983078.0,0.976216693151202,-1,0.0024390272141192534,0.13663969205660914
2015-04-15,196.74024963378903,200.13763630500225,193.23635026862704,196.17577927775173,22231264.0,0.0012465913457222,67.8251441641938,2.0841395734417745,184.93337002272685,5.020903891268833,0.5644703560373046,3.397386671213212,2.9394290091246944,1,46214342.0,1.08132127164284,-1,0.017268386502187958,0.13771460956187195
2015-04-16,197.7413330078125,199.79681013463872,195.74975495617224,196.92126643875372,20177302.0,0.0050883506343355,68.73098497170518,2.825042721304442,185.4356430809655,4.951343268925807,0.8200665690587812,2.0554771268262186,1.1715114825814794,1,66391644.0,0.9680138135331534,-1,0.012118373335204893,0.14208000730093157
2015-04-17,197.42184448242188,201.13874061701677,196.5165790498366,199.16846204683267,23958678.0,-0.0016156891456678,68.07230354340386,3.347841912375884,185.9056901947481,4.92783029022969,1.7466175644107977,1.9702785701840924,0.9052654325852814,-1,42432966.0,1.1292553506055054,-1,0.01882717763244197,0.14069163209813093
2015-04-20,188.64610290527344,199.67965652585823,187.12313222242497,199.64770698683893,37628162.0,-0.0444517251885457,53.03692324932157,3.0192312164641635,186.01315735986674,5.472737005458518,11.001604081565489,0.031949539019308304,1.5229706828484666,-1,4804804.0,1.599815448043632,-1,0.06622261217882867,0.10071694905061172
2015-04-21,186.68649291992188,190.74421274878952,185.83449090902556,189.60463642053568,17707007.0,-0.0103877575797871,50.361964238328966,2.5710433366025427,186.03956267594734,5.4325216364803355,2.918143500613809,1.1395763282538383,0.8520020108963138,-1,-12902203.0,0.7360253349904281,-1,0.07741453316225776,0.09127735854390193
2015-04-22,187.38938903808597,188.8804101535762,184.67359296053945,187.84734664074568,14761313.0,0.0037651150180724,51.31055698700903,2.246670832329727,186.09249704309005,5.344971319091508,0.4579576026597181,1.0330635128305232,2.715796077546514,-1,1859110.0,0.6306584815046713,-1,0.07337315975845522,0.09468596999434797
2015-04-23,186.81430053710935,189.44488387194735,185.11026812132016,188.2627224030284,13337818.0,-0.0030689491220854,50.46089077573478,1.921053738222355,186.12080306246335,5.2728030642012,1.4484218659190446,1.182161468918963,1.704032415789186,-1,-11478708.0,0.5992410094370065,-1,0.07667742800590348,0.09189905439456694
2015-04-24,187.20834350585935,188.39051918484975,185.0250679852645,186.80364931789876,12709854.0,0.0021092762578511,51.058901420442886,1.675481907147116,186.1634517073024,5.136563645300059,0.40469418796058676,1.1821756789904043,1.7785813326342463,1,1231146.0,0.6110155426207972,-1,0.0744111979748457,0.09381045847960895
2015-04-27,186.4415283203125,189.04016192770885,185.62146171252095,187.453292162716,11042925.0,-0.0040960524044317,49.79906625399348,1.4028180713362701,186.17435667251848,5.0138591145777625,1.0117638424034965,1.586869764992855,0.8200666077915457,-1,-9811779.0,0.5700113608170353,-1,0.07883014277513314,0.09008339237109828
2015-04-28,184.29022216796875,187.8686704609745,182.87374979352265,186.3137500689618,14687371.0,-0.0115387712797963,46.34418068796996,1.001591862222483,186.10046904488908,5.012506368354484,2.0235279009930593,1.55492039201269,1.4164723744461014,-1,-24499150.0,0.7802400567007223,-1,0.09142383275056051,0.07946150927234295
2015-04-29,181.0525665283203,185.42978176208143,180.4987602468445,183.60860098849892,16387960.0,-0.0175682442701573,41.65989128453192,0.41755216744942913,185.902512083455,5.00668602170323,2.5560344601786085,1.8211807735825118,0.5538062814758007,-1,-40887110.0,0.8984706498779951,-1,0.11094111767564789,0.06300006554267527
2015-04-30,183.68312072753903,184.4392882074335,180.61587986279665,181.0525377539149,34802149.0,0.0145292289949796,46.40026353503628,0.16505756017232898,185.81547712832105,4.922166187627059,2.6305829736241435,0.756167479894458,0.4366578911182444,1,-6084961.0,1.7663981939348607,-1,0.09503115920689312,0.05711129566521444
2015-05-04,189.77505493164065,190.4034101693962,183.28911279000505,184.50322387439755,15078502.0,0.0331654546153854,55.43182249397696,0.45131941337160697,185.97075468923555,5.078746987038779,5.271831057243105,0.6283552377555566,1.2141110843924992,1,8993541.0,0.8014381141593098,-1,0.05987976496420698,0.08737879289063853
2015-05-05,190.03062438964844,192.086101595302,188.52895340893107,190.36078384285693,17846755.0,0.0013466967937376,55.76854313715406,0.6908427090996554,186.12996526572232,4.970061358419648,0.3301594532084948,1.7253177524450791,1.501670980717364,-1,26840296.0,1.0600249270537578,-1,0.05845434788758933,0.07930269080409623
2015-05-06,187.4959259033203,191.01047537978988,185.73864405570748,189.5727032004947,22438208.0,-0.0133383684575537,51.60432913125995,0.6684323896456021,186.1835323495497,4.991616355966988,2.076777297174374,1.4377721792951945,1.7572818476128305,-1,4402088.0,1.2963104687365634,-1,0.07276325951066895,0.06157350391734466
2015-05-07,185.47238159179688,187.1125007453976,183.1825933101832,186.37764705705703,16735535.0,-0.0107924708324961,48.49133044141365,0.48183464568231216,186.15564408453977,4.943167515764855,0.9052654652601575,0.7348536883405643,2.2897882816136814,-1,-12333447.0,0.9559498728593041,-1,0.08446734166437633,0.043468430909817814
2015-05-08,191.8964385986328,192.76997354027543,185.7278026704734,187.8630975074672,17104443.0,0.034636191931662,57.29817932545686,0.8426092269324101,186.3807732811709,5.1113406895301186,4.0333410911656244,0.8735349416426175,2.135294836993779,1,4770996.0,0.956444048784496,-1,0.048162967931442376,0.05939494466401996
2015-05-11,193.24447631835935,193.99937253637208,190.53759940455888,192.5758379104612,14214007.0,0.007024818853184,58.88672471964576,1.223200762796779,186.64993810615866,4.993514435407482,0.6686384078981575,0.7548962180127319,2.0382385059023136,1,18985003.0,0.7881876492320483,-1,0.04085117696017383,0.06595643153347881
2015-05-12,187.36703491210935,193.01802368411657,186.60135456372757,193.01802368411657,16650201.0,-0.0304145376790343,50.130339997140226,1.0385896799948,186.67805954952928,5.1113435296377885,5.650988772007224,0.0,0.7656803483817782,-1,2334802.0,0.8954362456524876,-1,0.07350122027264555,0.0366567932746901
2015-05-13,190.9042816162109,191.66997630196155,184.8866219879941,188.36996337123963,16701434.0,0.0188787035337396,54.51409247966828,1.1642891136823152,186.84379374822268,5.230772871375622,2.5343182449712742,0.7656946857506455,3.483341383245545,1,19036236.0,0.8885670152426809,-1,0.05361042148536485,0.054506485036754655
2015-05-14,189.41604614257807,191.14154802413532,187.712126712545,191.0983975189868,12329713.0,-0.0077957155336344,52.42601111397347,1.130783685043042,186.94466639113858,5.102104902819529,1.6823513764087181,0.04315050514853169,1.7039194300330678,-1,6706523.0,0.6704540243612775,-1,0.06188860296246887,0.047077774440615755
2015-05-15,188.49935913085935,191.30329225237853,187.66897473862284,190.2140768406317,8331715.0,-0.0048395425328894,51.12697029412045,1.018520539903193,187.00563473387274,4.997262946457826,1.7147177097723443,1.0892154117468351,0.8303843922365104,-1,-1625192.0,0.529231267892775,-1,0.06705264964525928,0.042443639707340795
2015-05-18,192.29542541503903,192.8238570105693,188.12189277300467,188.70424449074244,9847540.0,0.0201383511417903,55.99017970377746,1.221778115071146,187.21307750568317,4.976170181536882,3.5911809242965944,0.5284315955302645,0.5823517177377653,1,8222348.0,0.6470150493413742,-1,0.038400451258169634,0.061346572040043595
2015-05-19,193.15821838378903,195.14253690631463,191.22781999525608,192.23076328331737,14513036.0,0.0044868096414036,57.03660867961924,1.4359288952304325,187.44622028521673,4.90035209078843,0.9274551004716614,1.984318522525598,1.0029432880612887,1,22735384.0,0.9749071230797944,-1,0.010273021459448984,0.0655393192320259
2015-05-20,196.0268402099609,196.490567757141,193.6219302602409,194.20429649932248,8708891.0,0.014851150782889,60.40735495039656,1.8161829125970712,187.7827151842263,4.788351896685826,1.8225437106384277,0.463727547180099,0.5823662390815798,1,31444275.0,0.6444513535072294,-1,0.002365632923957804,0.07921405021110652
2015-05-21,193.41702270507807,197.43957962785976,192.8454549232696,196.5444766648073,10759523.0,-0.0133135722745287,56.09538094627991,1.8852149154139397,188.00366842033816,4.7744785258218485,3.1274539597292232,0.8951029630524658,0.5715677818084544,-1,20684752.0,0.8330350803914103,-1,0.020797326246280178,0.06678968726517573
2015-05-22,194.9483795166016,195.32583479337748,193.47092488272767,193.47092488272767,8349048.0,0.0079173838481552,57.9902840097197,2.039975404974143,188.27601003195633,4.569788065998817,1.4774546338739185,0.3774552767758905,0.0,1,29033800.0,0.6934131066931146,-1,0.012778767986866075,0.07412023277950133
2015-05-25,192.9317169189453,195.843490202304,192.46798942280012,194.1179885242109,6617337.0,-0.0103445979015409,54.64546630537602,1.977105548207163,188.4585867726226,4.4844818312491785,1.1862716052655742,1.72550167809311,0.4637274961451965,-1,22416463.0,0.5865994705112395,-1,0.0233650681230826,0.06444226418885884
2015-05-26,190.79641723632807,193.2552469842084,190.3866098786985,193.0395520811887,9510249.0,-0.0110676446398612,51.273228760290316,1.7349801239421367,188.55026639865028,4.369064350839231,2.2431348448606343,0.21569490301970973,0.40980735762957465,-1,12906214.0,0.9000080686307931,-1,0.034818066752811204,0.05397196204543226
2015-05-27,190.94741821289065,192.15527239102204,189.84741869912585,191.0983945859448,8078236.0,0.0007914245914557,51.50115849845152,1.5375545261503873,188.6442723521499,4.221835018057585,0.15097637305413514,1.0568778050772494,1.0999995137648,-1,20984450.0,0.8324191896880144,-1,0.03399973393581514,0.0547200798200725
2015-05-28,188.89840698242188,192.8778282389221,188.0787921119041,191.066054061104,26538868.0,-0.0107307616392292,48.205947373655185,1.2019004750094666,188.65423841608214,4.2630636686976136,2.167647078682137,1.81177417781808,0.8196148705177677,-1,-5554418.0,2.385420957974685,-1,0.04521569441415506,0.04384646356703245
2015-05-29,189.15719604492188,191.1954343435532,188.3160133065385,189.7826838873084,29277517.0,0.0013699907089428,48.65280505943784,0.9458709245428452,188.6739622446641,4.164232052148832,0.6254878423865193,1.412750456244794,0.8411827383833668,-1,23723099.0,2.2146340954209274,-1,0.04378571767880798,0.03158538432405081
2015-06-01,194.60330200195312,195.17488420406747,189.372905153844,189.8042806131137,19594976.0,0.0287914288798079,57.05069747132837,1.1689460149142974,188.90648537240094,4.296621774077172,4.799021388839435,0.5715822021143424,0.43137545926970233,1,43318075.0,1.380436500403272,-1,0.014574663413872422,0.05868712696177842
2015-06-02,193.8268280029297,198.1729056621424,192.27388506594,195.3582028879292,20178960.0,-0.0039900350663918,55.65314284470034,1.2684576782186525,189.09943998536286,4.411078832800404,1.531374884999508,2.8147027742132025,1.5529429369896945,-1,23139115.0,1.367012207309753,-1,0.022422477342233654,0.054916209496992885
2015-06-03,193.3307647705078,196.37194674588665,191.6376293522947,193.90233259451733,15546279.0,-0.0025593115129262,54.73071216700258,1.2923953026859465,189.2653742906627,4.43416730142837,0.5715678240095201,2.4696141513693135,1.693135418213103,-1,7592836.0,1.006550925833154,-1,0.0250458890874529,0.05249123941743544
2015-06-04,196.85723876953125,197.61213503722428,192.51114642376737,195.02389663700612,15931395.0,0.0182406250924911,59.82817362541295,1.5777358653366775,189.5630944663046,4.481797395144694,1.8333421325251322,0.7548962676930273,2.5127502132387463,1,23524231.0,0.9980647196126946,-1,0.006683355414486192,0.06080861875519673
2015-06-05,195.78956604003903,197.77388429021727,195.07779157322864,196.2532935266284,13066337.0,-0.0054235888716398,57.70942618019542,1.6981429161680808,189.80726982213733,4.35424706099069,0.463727486589363,1.5205907635888707,0.7117744668103967,-1,10457894.0,0.795078785188433,-1,0.01217296544605431,0.05568705356758025
2015-06-08,190.97976684570312,196.27488221056336,190.4729032045564,195.58467572183216,10846953.0,-0.0245661670926443,49.24813378722432,1.3894391836112732,189.8532500975713,4.45765648563471,4.604908876129031,0.6902064887312065,0.5068636411467367,-1,-389059.0,0.6434696446462495,-1,0.03766440254506527,0.03190466172592945
2015-06-09,190.60232543945312,192.10133390831172,189.23271088979416,190.56995896227932,9153355.0,-0.0019763423763886,48.64538153652724,1.1016339341452692,189.8826256011745,4.344154095126342,0.03236647717380947,1.499008468858591,1.3372480724851528,1,-9542414.0,0.5441530528257539,-1,0.03971924374602737,0.02998758508470921
2015-06-10,195.36898803710935,196.2533069695885,190.88270361627005,191.09838413741195,13509379.0,0.0250084178493952,55.97379361261645,1.243837846950555,190.0977770692504,4.437498911912701,4.270603899697392,0.8843189324791467,0.2156805211419055,1,3966965.0,0.7779927623075806,-1,0.01435190739945104,0.03941266920532921
2015-06-11,189.1895751953125,196.167041877973,188.4346645481308,195.4121312307913,14676438.0,-0.0316294459211874,46.67490046003122,0.8481317645099011,190.06216130948815,4.672847370336236,6.222556035478789,0.7549106471817026,0.7549106471817026,-1,-10709473.0,0.9071760322492567,-1,0.047483221300940244,0.008037443157847629
2015-06-12,191.92877197265625,192.5434758206847,189.42680608088116,189.58858086039223,21543824.0,0.0144785819964756,50.593169178106535,0.7469517361236058,190.1353617276516,4.578636888553092,2.340191112264023,0.614703848028455,0.16177477951106312,1,10834351.0,1.3985146541696356,-1,0.03253359892479143,0.020059420071216017
2015-06-15,194.49546813964844,195.1964586832514,191.96114983116783,193.0180132621172,12858570.0,0.0133731703725894,54.0036954283632,0.8639180549983507,190.30634629282795,4.4849975901275245,1.477454877531244,0.7009905436029555,1.0568634309493632,1,23692921.0,0.8728830317309261,-1,0.01890757433923112,0.03299139095177855
2015-06-16,194.96995544433597,195.19643437871105,192.65133236024005,193.9023081194335,13929305.0,0.0024395802597663,54.62723562780289,0.9835639524394537,190.48923292622044,4.346433620723487,1.0676473249024525,0.2264789343750806,1.2509757591934658,1,37622226.0,0.9874609244945665,-1,0.01642791685778928,0.035344744869674496
2015-06-17,200.84744262695312,203.25235255860252,192.8238964356236,195.2072383139802,26232634.0,0.0301456045841648,61.57584122429641,1.5349542860572,190.89543722820997,4.780863799456019,5.640204312972912,2.4049099316493994,2.3833418783566174,1,63854860.0,1.728695017713226,-1,0.011973814056055437,0.06357387651066612
2015-06-18,211.1464691162109,211.80430911799476,201.12782073185448,201.1386047581477,49366799.0,0.0512778572360856,70.19062621250913,2.7710376658289135,191.68959534146492,5.222006848854991,10.007864358063216,0.6578400017838533,0.010784026293208626,1,113221659.0,2.665830051878138,-1,0.003115562408111077,0.10924964599626244
2015-06-19,214.964111328125,217.06705386807397,211.9121457592755,211.9121457592755,45710935.0,0.018080540147763,72.63940391148711,4.012441542488432,192.60232145858885,5.271905270498424,3.0519655688495106,2.1029425399489696,0.0,1,158932594.0,2.0984857185060783,-1,0.009782761070935238,0.12506887335804007
2015-06-22,213.8964691162109,217.5631386167604,212.7748872566716,215.02882060348531,19394187.0,-0.0049666067759766,70.88564457056803,4.854157548123283,193.43738607261324,5.237358562612022,1.1323514872744056,2.534318013275083,1.1215818595393046,-1,139538407.0,0.8567266925872068,-1,0.01714226286997459,0.12070174468508847
2015-06-23,214.60824584960935,216.26902911960536,213.7454949362534,214.10138220764512,16007498.0,0.003327669392297,71.38171581387334,5.515083530722251,194.26761586778954,5.043513964093447,0.5068636419642303,1.660783269996017,0.3558872713917083,1,155545905.0,0.6863408472876782,-1,0.013768775544727887,0.12361805406254632
2015-06-24,213.7239227294922,217.07785568160645,212.8072517016048,214.60824167859997,18603004.0,-0.0041206390584679,69.7906577132852,5.899508783510129,195.03060829373868,4.98830610808689,0.8843189491077794,2.469614003006484,0.9166710278873893,-1,136942901.0,0.7805788302753278,-1,0.017963435436881156,0.11999185814143425
2015-06-25,216.6680145263672,217.6278215097447,212.45134573257116,212.8827211136517,27175118.0,0.0137752094350303,72.02616512504554,6.368322115974905,195.87913402835156,5.001746798735938,3.7852934127154754,0.9598069833775185,0.4313753810805565,1,164118019.0,1.0834429057810167,-1,0.004429850827200504,0.13085457621331742
2015-06-26,215.8376617431641,218.72785274188087,214.6945117771632,215.66510292680425,20966796.0,-0.0038323736201592,70.44284863096851,6.596813569063869,196.66182138971675,4.932574953448919,0.17255881635983883,2.8901909987167755,0.9705911496410522,1,143151223.0,0.8378512618797351,-1,0.013390577785984157,0.12696114743700973
2015-06-29,213.71311950683597,214.36018982010447,209.64742678886435,213.07684761675625,20168946.0,-0.0098432415324078,66.41973770699705,6.5311745739242895,197.33049974725083,5.022407810652548,0.636271890079712,0.6470703132685003,3.429420827891903,1,122982277.0,0.7830921013125488,-1,0.02346478890307198,0.11828218603068304
2015-06-30,215.708251953125,216.3013878250147,213.0984454780706,213.50825289436332,23184864.0,0.0093355637262373,68.25337608275213,6.564474535568223,198.05119591218707,4.89244599181623,2.1999990587616765,0.5931358718897002,0.4098074162927219,1,146167141.0,0.8689627875269402,-1,0.013998540906131158,0.12643738548732458
2015-07-01,216.9053192138672,217.9406145685704,215.9023759391297,215.9023759391297,14824266.0,0.0055494736520433,69.33530748218256,6.611247967507239,198.7905732965667,4.70244003636117,1.0029432747374756,1.0352953547032087,0.0,1,160991407.0,0.5804277972894485,-1,0.008402438144989303,0.131258443863539
2015-07-02,218.02687072753903,219.9464849224223,217.218039992154,217.6278473727771,15931202.0,0.0051706962177633,70.35470440617829,6.662020458379061,199.54493790170287,4.583777584375022,0.39902335476193684,1.919614194883252,0.40980738062310706,1,176922609.0,0.7177289960315509,-1,0.008804484458624966,0.1357273352622147
2015-07-03,217.23960876464844,218.6631433767422,216.34450581940408,217.78960848329172,13831096.0,-0.003610848333802,68.63004355490565,6.56307749027448,200.23884656299487,4.421981868158101,0.5499997186432779,0.8735348934504827,0.8951029452443606,-1,163091513.0,0.7276193360684567,-1,0.012460325136685388,0.13259526833213986
2015-07-06,219.04058837890625,219.7631324779175,214.65136046419684,214.84548731911013,12237733.0,0.0082902911881457,70.41666252900535,6.554433054403717,200.976169771462,4.471252592841141,4.195101059796116,0.7225440990112588,0.19412685491329285,1,175329246.0,0.6689825623031755,-1,0.004135747398326814,0.13972718050698418
2015-07-07,216.38763427734372,219.2670408879968,215.68664386965497,218.059201314784,11294999.0,-0.0121117009463711,64.58176098907146,6.261334288233257,201.58054092855542,4.407620051805477,1.6715670374402691,1.2078395732128229,0.7009904076887494,-1,164034247.0,0.6337742247664019,-1,0.01644664519284494,0.12918006993590792
2015-07-08,214.95335388183597,217.5631603350676,213.88570644178205,214.79157908329177,15190654.0,-0.0066282918628773,61.60944876887853,5.845928735743172,202.104964965939,4.355465326196912,0.16177479854420085,2.6098064532316414,0.9058726415097169,1,148843593.0,0.8690023414228535,-1,0.023228905017835363,0.1233695071735564
2015-07-09,212.96902465820312,215.9023661630061,212.05235363821487,214.8239203526148,16245867.0,-0.0092314410908128,57.65585272771256,5.295554205431301,202.5310065224984,4.3193615546679345,1.854895694411681,1.0784458103912868,0.9166710199882573,-1,132597726.0,0.99134864568041,-1,0.03276279391060452,0.11054292339040941
2015-07-10,216.0749053955078,216.5494169333633,213.58372342124125,213.7670518616792,16110573.0,0.0145837205306704,61.789070624065154,5.051763458955634,203.062139811636,4.266578034703094,2.30785353382862,0.4745115378554772,0.18332844043794694,1,148708299.0,1.01311487471403,-1,0.01791776569254008,0.11159905644851115
2015-07-13,217.1964874267578,218.38277354976591,214.64060112592944,216.07491986142963,9860248.0,0.005190709347747,63.186509615312595,4.892660290176082,203.6164279534055,4.2291204910697635,1.1215675653281778,1.1862861230081023,1.4343187355001987,1,158568547.0,0.6630454179663925,-1,0.012661335034673695,0.11300898719549869
2015-07-14,215.212158203125,218.16706773981207,214.6513744484258,217.60628398511287,9942927.0,-0.0091361018179539,59.07043894408274,4.553955928817658,204.07116247300235,4.178161405378085,2.394125781987867,0.5607837546992016,0.5607837546992016,-1,148625620.0,0.733960207224405,-1,0.02199841662676352,0.10402879630234717
2015-07-15,218.09158325195312,218.792559357728,215.5896171666552,215.6327532717552,13532911.0,0.0133794720190036,62.85199613087721,4.4663900549668085,204.62098289570628,4.135464244608437,2.458829980197919,0.7009761057748847,0.043136105100018085,1,162158531.0,1.0085773986700226,-1,0.008505150188791385,0.07778274735389965
2015-07-16,220.7984313964844,221.68275028899987,218.09156898898715,218.2748974236729,14854295.0,0.0124115204455375,66.02944803892319,4.562816187496793,205.25539264083483,4.096586891423029,2.5235339728114923,0.8843188925154664,0.18332843468576243,1,177012826.0,1.1160142436772387,-1,0.0040050959009192795,0.05050309704237147
2015-07-17,220.3670959472656,222.405334741248,219.56906351245436,221.13279069740005,10195142.0,-0.0019535258764777,65.07426041248122,4.551957296094031,205.84800845677327,4.006564344092358,0.7656947501344575,1.2725440438479438,0.7980324348112333,-1,166817684.0,0.7874803627957624,-1,0.009249288262482513,0.04864459965006068
2015-07-20,221.02491760253903,222.14648509448597,219.5474628571846,221.6827575818332,6348354.0,0.002985117412587,65.88480439211855,4.544051261984379,206.44318136445037,3.906025622178716,0.6578399792941525,0.4637275126527811,1.4774547453544358,-1,173166038.0,0.5137207500778671,-1,0.006245527217846619,0.05147605499455227
2015-07-21,217.36903381347656,221.8229664329722,216.27981831821407,221.725910192426,7923338.0,-0.0165405956428711,57.8495463222184,4.194435562491947,206.87164616637295,4.022962943077246,4.356876378949437,0.09705624054620898,1.0892154952624935,-1,165242700.0,0.6591559043028982,-1,0.023169357840054916,0.03552303145091996
2015-07-22,226.55728149414065,227.32296173340805,216.67882577991844,216.76509798739664,17309440.0,0.0422702696859225,68.31020430553725,4.605685919894313,207.6436318655011,4.495903872392415,9.79218350674401,0.7656802392673967,0.08627220747820274,1,182552140.0,1.415059028714079,-1,0.0033796320039583415,0.07463831925310965
2015-07-23,225.4572906494141,230.3210161125313,224.57297169324767,227.2259141638479,18642915.0,-0.0048552438371088,66.19230496964761,4.7876556092211615,208.34220671977224,4.585342482884646,1.7686235144338127,3.095101948683407,0.8843189561664246,-1,163909225.0,1.4947797967165575,-1,0.021572713169343942,0.07012354231265054
2015-07-24,221.0896453857422,226.39553068662536,220.2376784508593,226.0396577930844,13099664.0,-0.0193723842377914,58.444064161122526,4.52724812986267,208.84210627530047,4.697664608090461,4.9500124073422,0.35587289354097607,0.8519669348828813,-1,150809561.0,1.0763081460195534,-1,0.04175397138424486,0.05175375163732445
2015-07-27,216.84060668945312,222.13572230140863,216.0641423507709,221.05729081007797,20118553.0,-0.019218623689389,52.059600127833946,3.9326779508338348,209.15577295820844,4.795801418272409,4.216684120624848,1.0784314913306616,0.7764643386822172,-1,130691008.0,1.5245077048833955,-1,0.062167366292163476,0.02208190211391413
2015-07-28,217.89747619628903,219.2886444161505,215.7082468185387,217.476884763208,13382878.0,0.0048739464575908,53.422535442836306,3.5063384498513415,209.4985848498979,4.708986859653794,0.42059143308102875,1.3911682198614699,1.7686379446693081,1,144073886.0,0.9883410437635318,-1,0.057015529198010326,0.026825104448702713
2015-07-29,214.8239288330078,218.42590889815096,213.98276036088097,217.73570240042204,14790821.0,-0.0141054748174893,49.054781505822355,2.887170236912681,209.70742186884337,4.689998408054952,2.9117735674142295,0.6902064977289228,0.8411684721268387,-1,129283065.0,1.0822652258728251,-1,0.0721385525518904,0.012901613008611408
2015-07-30,215.71905517578125,217.41220512561705,214.0259196238463,215.7082711480218,11701228.0,0.0041667906719518,50.32849027782959,2.440570801277005,209.94317219460564,4.59687605760608,0.010784027759456194,1.6931499498357994,1.6823515241754876,1,140984293.0,0.8764155143630064,-1,0.06768971301515983,0.016997578329733212
2015-07-31,216.08567810058597,217.3905883607982,213.52979210477477,215.6866547649923,16634259.0,0.0016995388956526,50.87028024726451,2.092104459082151,210.18405477915388,4.544298928921605,0.3990233355936539,1.3049102602122389,2.1568626602175414,1,157618552.0,1.1885735374660285,-1,0.06587821153662447,0.01866539466115668
2015-08-03,216.2151031494141,218.67393310756037,215.55726315463895,215.90236639024332,9887787.0,0.0005989524616614,51.07316719408227,1.805572377678402,210.4205664799484,4.4423254306358775,0.31273675917077526,2.458829958146282,0.34510323560436973,1,167506339.0,0.6890881701522458,-1,0.06524018330657233,0.019252815601519663
2015-08-04,213.0984344482422,216.90531089473407,211.37294705588224,216.42001531596117,12006872.0,-0.0144146669486734,46.132621302660134,1.3118819630642804,210.5255809100776,4.520185316937018,3.3215808677189784,0.48529557877290586,1.7254873923599519,-1,155499467.0,0.8136147337786874,-1,0.0808198413511676,0.00809713781721396
2015-08-05,213.0445251464844,215.85924252602445,212.25726239502848,213.15236541438256,14345010.0,-0.0002529784036067,46.04964269134269,0.9058367997583616,210.6243630369955,4.4545992322269425,0.1078402678981547,2.7068771116418873,0.787262751455927,-1,141154457.0,0.9919792054196092,-1,0.08109333461710878,0.007846144318671555
2015-08-06,211.1464691162109,213.96118636612832,210.83373235370829,213.7454914423655,8708037.0,-0.0089091988116961,43.10954681715357,0.42597544375891516,210.64483778520005,4.359803145097877,2.5990223261545964,0.21569492376281119,0.31273676250262383,-1,132446420.0,0.6465958754115432,-1,0.09081159195594743,0.0014811365958977965
2015-08-07,212.31118774414065,214.3925624161517,210.7582303619759,211.1572537338405,8608888.0,0.0055161643611887,45.41270353118658,0.13807329819522351,210.71018484241344,4.307983781460584,1.153934010300162,2.0813746720110373,0.3990233718645868,1,141055308.0,0.6612844880497256,-1,0.08482750513408915,0.007314533909707296
2015-08-10,208.9788360595703,213.270993991296,208.02981288721188,212.34355327085015,9288894.0,-0.0156956009712788,40.37625271265332,-0.3548931701545257,210.6422888117137,4.374640733076551,3.3647172112798387,0.9274407204458441,0.9490231723584373,-1,131766414.0,0.7782597604849559,-1,0.10212603560906675,0.004541240588056075
2015-08-11,208.35333251953125,210.003331721854,206.6278307359085,209.43176393534603,8762464.0,-0.002993142998752,39.490916797445315,-0.7869738118544092,210.55252581986343,4.303273608281477,1.0784314158147765,0.571567786507984,1.7255017836227466,-1,123003950.0,0.7637181779879872,-1,0.10543475992130237,0.00828161355883759
2015-08-12,203.37094116210935,208.3533045773952,202.86407760077765,207.83565699130952,9650325.0,-0.0239131829434733,33.23888390570802,-1.5139858894266638,210.2708950489711,4.3879865590294855,4.464715829200173,0.5176475860856726,0.5068635613316985,-1,113353625.0,0.8805542074455988,-1,0.13251684235920286,0.0024923106439659524
2015-08-13,201.3111572265625,205.75430550029404,200.4591903804768,204.2552826991285,9340350.0,-0.0101282116499868,31.050322832175567,-2.2306420944693173,209.9195327814257,4.452781456228611,2.944125472565986,1.4990228011655518,0.851966846085702,-1,104013275.0,0.8710340967602047,-1,0.14410457565111565,0.00423208955640183
2015-08-14,208.55821228027344,209.64742763487752,201.51604216612088,202.79938437464796,12739366.0,0.0359992717420767,44.81732965403719,-2.1885917996116007,209.86614766373344,4.730173524234783,5.7588279056254805,1.0892153546040788,1.283342208527074,1,116752641.0,1.232786280259962,-1,0.10434882229912706,0.03883338762471109
2015-08-17,205.0533142089844,208.353326922886,204.05037100351117,208.353326922886,10857430.0,-0.0168053707066637,40.59564973698709,-2.410298203348873,209.67740909688055,4.7142926494153174,3.3000127139015945,0.0,1.0029432054732297,-1,105895211.0,1.0409046179514605,-1,0.12322503540613246,0.02240453340746986
2015-08-18,203.6297912597656,206.19646156298475,203.2199982516922,206.19646156298475,6630334.0,-0.0069422089309316,38.98923455797256,-2.6700894021878696,209.44024761307213,4.590161982406548,2.566670303219155,0.0,0.40979300807339314,-1,99264877.0,0.6701971507482914,-1,0.13107720971297546,0.015570417568439875
2015-08-19,205.89450073242188,207.274884869613,202.62684003742564,203.6082152087451,8877298.0,0.0111217001139445,42.86295925925149,-2.66254056126931,209.30119871579174,4.594296471676606,2.2862855236767814,1.380384137191129,0.9813751713194563,1,108142175.0,0.9498155780489271,-1,0.11863607475293307,0.026398521245639017
2015-08-20,197.63368225097656,207.04841013731848,197.08368254879417,207.04841013731848,19008087.0,-0.0401216081636923,34.306502027433496,-3.28526655552227,208.84364905050487,4.977898694308585,9.414727886341922,0.0,0.5499997021823901,-1,89134088.0,1.831867537617008,-1,0.14553110637853675,0.0027829249342424395
2015-08-21,195.83273315429688,196.6847000851681,193.47095924605512,196.2748926602718,20050521.0,-0.0091125615642411,32.77061434504168,-3.8793838116604604,208.33341705457516,4.919671859352361,0.4421595059749279,0.40980742489628597,2.3617739082417586,-1,69083567.0,1.7404200330803152,-1,0.13431354770699952,0.012060159045939035
2015-08-24,178.9228515625,189.80424929383173,176.43166985465518,189.80424929383173,35635706.0,-0.0863485961689232,22.558477656258816,-5.649587215539867,207.18006154508203,5.954056962230171,10.881397731331731,0.0,2.4911817078448166,-1,33447861.0,2.5175014099600697,-1,0.22560445745830418,0.01392321710776343
2015-08-25,182.9346618652344,185.6307550000468,177.5532884183989,181.36015073104545,49504268.0,0.0224220118766271,28.269579672873803,-6.652085502514552,206.22926155763702,6.105729077902867,1.5745111341889526,2.6960931348124006,3.806862312646558,1,82952129.0,2.7156326342297596,-1,0.19536631755798486,0.035548167549405645
2015-08-26,184.0670318603516,188.6827250925116,181.176826177428,182.85917761777597,18955515.0,0.0061900242609647,29.84230894839638,-7.271379881559312,205.36015451068465,6.2057412091300606,1.2078542425756211,4.615693232159998,1.6823514403479578,1,101907644.0,0.9893333141961298,-1,0.18801249141380422,0.04148142080918229
2015-08-27,187.46405029296875,190.07385636166384,184.85424422427369,186.9571867143987,26997546.0,0.0184553333548316,34.48316141102869,-7.4027300769945725,204.6583465021468,6.191532872857359,0.5068635785700621,2.609806068695093,2.1029424901250025,1,128905190.0,1.2901678728355745,-1,0.16648462873717296,0.05885064587622089
2015-08-28,188.16505432128903,190.4513254037068,186.80622386417951,188.7258380659934,10770215.0,0.0037394051138059,35.432333284817176,-7.365357628686212,204.01155073034846,6.009644920476639,0.5607837447043664,1.725487337713389,1.3588304571095193,-1,139675405.0,0.5195800584040711,-1,0.16213892051484693,0.062356873378832986
2015-08-31,184.60623168945312,188.262117387575,184.15328818730984,188.262117387575,20708942.0,-0.0189133027100734,32.83182930846431,-7.536036203876677,203.25055782678393,5.87387236903296,3.655885698121864,0.0,0.4529435021432846,-1,118966463.0,0.9537207121399863,-1,0.1749620200233265,0.04428107198758756
2015-09-01,181.1444549560547,184.17485267267404,180.1199436824047,184.17485267267404,21645696.0,-0.0187522203433624,30.487808954475796,-7.860031109566222,202.38365183185337,5.774759200319778,3.0303977166193476,0.0,1.0245112736499777,-1,97320767.0,0.932386054392891,-1,0.19164145862699195,0.026016722965893805
2015-09-02,183.23660278320312,184.86503381918317,181.7375800525704,183.3336590122136,19652369.0,0.0115496101034722,33.57440467021422,-7.857405284683608,201.63278716327886,5.628032033377543,0.0970562290104624,1.5313748069695805,1.4990227306327313,-1,116973136.0,0.8089762820074922,-1,0.170031310118813,0.037137410458319926
2015-09-03,184.1640472412109,185.65228586133605,182.125808956898,184.20718334052788,11659978.0,0.0050614584854813,34.95327812792813,-7.691820761020722,200.94773853888404,5.477920952739008,0.0431360993169676,1.4451025208081774,2.0382382843129108,-1,128633114.0,0.4949461152081539,-1,0.1641390685520103,0.04198635674219387
2015-09-04,180.29249572753903,183.26897343967389,177.96307400563813,183.26897343967389,16199949.0,-0.0210222981720262,31.969876450759074,-7.78327493575415,200.1377290168705,5.529567544369991,2.9764777121348516,0.0,2.3294217219009,-1,112433165.0,0.6990867016270959,-1,0.18291664403822225,0.02141423500353777
2015-09-07,179.7101287841797,182.03955031019265,178.52385716885811,180.7993441688128,10234633.0,-0.0032301230342912,31.533865512727218,-7.812685399351693,199.3366466548042,5.385719372724601,1.0892153846331212,1.2402061413798435,1.1862716153215729,-1,102198532.0,0.49603436715238886,-1,0.16856703148910718,0.01824303923048056
2015-09-08,183.0317230224609,183.96996219155176,177.96308622223478,180.31407615860147,12900468.0,0.0184830663733499,36.82598287382059,-7.481723852970049,198.69723788490842,5.430087701052628,2.717646863859443,0.9382391690908491,2.3509899363666875,1,115099000.0,0.7600792082213359,-1,0.14541580100379886,0.03605961337639702
2015-09-09,188.5209197998047,189.52386296507024,183.44149982060765,185.7062171605128,17340694.0,0.0299904119717548,44.46546164754001,-6.699277042621162,198.29816658745338,5.505948575449535,2.8147026392918804,1.002943165265549,2.264717339905161,1,132439694.0,1.0315057674271249,-1,0.11206452767951494,0.06412683514374636
2015-09-10,187.00035095214844,187.7552616199805,184.51995281168516,185.7062389471499,11074406.0,-0.0080657830933086,42.91721984933404,-6.131202816746367,197.85511499391203,5.398449890640249,1.2941120049985386,0.7549106678320641,1.1862861354647407,1,121365288.0,0.7276824256418158,-1,0.12110713465197852,0.05651690514847042
2015-09-11,185.69541931152344,188.96306517554672,184.670908171568,188.0787463563713,10634833.0,-0.0069782309711221,41.579212203340106,-5.720356271318877,197.37826418283797,5.3194289701644255,2.3833270448478743,0.8843188191754052,1.0245111399554503,-1,110730455.0,0.6994209374521216,-1,0.1220165133602545,0.049886795760574726
2015-09-14,186.32095336914065,186.71997677902945,183.7434988427404,185.86800982249665,7964072.0,0.0033686025209258,42.504566926051815,-5.283378554250191,196.94464415092827,5.152075324887614,0.4529435466440077,0.39902340988879814,2.124510979756252,1,118694527.0,0.5716917597407707,-1,0.11246148713590062,0.053076604298458785
2015-09-15,187.00035095214844,187.6474213525472,184.5415208651718,185.92191948201648,11509788.0,0.0036463831400743,43.55039303545645,-4.826610694605961,196.5546718686232,5.005919979351027,1.0784314701319602,0.6470704003987748,1.3803986168446727,1,130204315.0,0.8910491573237035,-1,0.10841976399633935,0.05651690514847042
2015-09-16,188.1974029541016,189.23269821735855,186.6121079821079,188.10034672277712,13424811.0,0.0064013355903242,45.43371352898852,-4.318248699633699,196.2269358327596,4.835539283343858,0.09705623132447272,1.0352952632569554,1.4882387406692317,1,143629126.0,1.0919484630159617,-1,0.10016613878468004,0.06251804177295628
2015-09-18,193.1258544921875,194.01015903348315,189.18956976826752,189.4699544478812,34261453.0,0.0261876702904764,52.46534092814321,-3.4775957466926286,196.10532479979602,4.905340483060837,3.655900044306293,0.8843045412956485,0.2803846796136895,1,177890579.0,2.3540092625717746,-1,0.018427597911933404,0.08644199753279354
2015-09-21,189.39447021484372,191.57290113194648,188.95231073602508,189.8042776145708,12732187.0,-0.019320998149912,47.47697128927302,-3.076994079228399,195.8421540317587,4.853069288282378,0.4098073997270717,1.768623517375687,0.44215947881863826,-1,165158392.0,0.8961447724125194,-1,0.024370768657625115,0.06844339407314218
2015-09-22,182.8807373046875,190.86114745030764,182.14740908923733,189.8042840350973,15745524.0,-0.0343924133728258,40.27760290244812,-3.2476809356808474,195.33386317971667,5.128831364910089,6.923546730409811,1.05686341521033,0.7333282154501717,-1,149412868.0,1.0668549490624715,-1,0.06085617267746211,0.029130727296953308
2015-09-23,183.4091644287109,184.80034703564291,181.17681336006356,181.82386934551363,15221260.0,0.002889463000923,41.058462032738014,-3.3022456146239563,194.8662279345792,5.021310101386464,1.5852950831972805,1.3911826069320057,0.6470559854500664,1,164634128.0,1.0153664661210398,-1,0.057799699583129215,0.02969366574476495
2015-09-24,180.60520935058597,182.9022641174557,180.0444256892399,182.9022641174557,29076982.0,-0.0152879769495644,38.204057116107535,-3.531040618721846,194.30697230383436,4.902983575535361,2.297054766869735,0.0,0.560783661346079,-1,135557146.0,1.7988137682876009,-1,0.0742223866692342,0.014629341835976558
2015-09-28,179.9365997314453,181.3709183852897,178.7395440478549,181.13366981293427,11624639.0,-0.0037020505750902,37.5339815353559,-3.7233925645565478,193.74342828138774,4.740725772813893,1.1970700814889597,0.2372485723554405,1.1970556835904063,-1,123932507.0,0.7167051791291758,-1,0.07821398938872119,0.010967894962740532
2015-09-29,181.3385772705078,183.3875999290503,178.17877106934904,179.01995394526207,15853471.0,0.0077915084599518,39.91379121767296,-3.719825167840213,193.25696353586304,4.7741617075915626,2.3186233252457384,2.0490226585424978,0.8411828759130344,1,139785978.0,0.9469610242768733,-1,0.0698780257003604,0.01861436940598881
2015-09-30,185.9866180419922,186.52583376082117,180.85327748774904,183.54937047979288,17292020.0,0.0256318365427052,47.10827575221991,-3.303855149692282,192.97185194786812,4.838332747983031,2.4372475621993033,0.5392157188289843,2.6960929920438446,1,157077998.0,0.9783756431368219,-1,0.04314042093974417,0.04314043731115371
2015-10-01,186.5042724609375,188.49937501221308,185.18859239443228,188.49937501221308,8663393.0,0.0027832885204055,47.857091234926514,-2.8990075732822618,192.71822137975317,4.729222024397158,1.9951025512755791,0.0,1.315680066505223,-1,165741391.0,0.4981946653782318,-1,0.04024511864261835,0.045796261622308314
2015-10-05,191.5297393798828,191.9611147745747,185.88953596992295,186.0944468412976,16015412.0,0.0269455860320726,54.57997544277276,-2.147890229873809,192.67161424250335,4.8251046515582,5.435292538585202,0.4313753946918837,0.2049108713746648,1,181756803.0,0.9074590083999757,-1,0.012950571862266447,0.07083320542370895
2015-10-06,193.6974334716797,194.2258651809335,191.0444765007486,193.17978578918817,12330294.0,0.0113177937735164,57.14654187176959,-1.362009133215338,192.7118424475691,4.707696367888679,0.5176476824915142,0.5284317092538231,2.135309288439572,1,194087097.0,0.7977923380142634,-1,0.00272812963900776,0.08123163628981206
2015-10-07,197.09445190429688,198.01112280567085,192.1768070274065,192.9748392583967,11515191.0,0.0175377565501602,60.87746832789434,-0.4597816282944791,192.88370948508785,4.788169182915512,4.119612645900162,0.9166709013739762,0.7980322309902022,1,205602288.0,0.7509669509198446,-1,0.0046509218931189596,0.09706699248617973
2015-10-08,191.7670135498047,197.3317291110185,191.15230969549748,197.3317291110185,10753149.0,-0.0270298747784084,53.07352728808467,-0.17264938772291316,192.83991748762577,4.887544199530191,5.564715561213802,0.0,0.6147038543072085,-1,194849139.0,0.7248704178104497,-1,0.03256091410238538,0.07198280388292551
2015-10-09,191.3895568847656,195.29348928942224,190.12779710854883,192.8346594919329,9327873.0,-0.0019683086160229,52.55943459687206,0.024168780616093954,192.7830406012391,4.907411912483277,1.445102607167314,2.4588297974893294,1.2617597762167634,-1,185521266.0,0.6548061969096433,-1,0.03459732092327303,0.06902563562217078
2015-10-12,192.3385772705078,194.46308785112484,191.529746575337,191.529746575337,6212395.0,0.0049585797740969,53.77188175405617,0.2538009514751991,192.7656106667006,4.776420416331561,0.8088306951708262,2.1245105806170272,0.0,1,191733661.0,0.5194838501845301,-1,0.029492500234027868,0.073619168874501
2015-10-13,192.7376251220703,193.3199769615948,190.4297714194666,190.89349896532667,6162561.0,0.0020747156250473,54.30076042833633,0.46265275496267577,192.76451319436217,4.641690782459892,1.8441261567436413,0.5823518395244776,0.46372754586008114,1,197896222.0,0.5399798480201126,-1,0.02736101827684434,0.07553716636022897
2015-10-14,194.7542724609375,195.19643190062985,192.8130902956141,193.212113633668,8002587.0,0.0104631741601566,56.97940979406773,0.7818828416506847,192.842542969522,4.485770496467009,1.5421588272695033,0.4421594396923467,0.3990233380538939,1,205898809.0,0.7530083662766012,-1,0.01672286981733142,0.08510982163389028
2015-10-15,194.91603088378903,196.49054177146857,194.13956666419935,195.77878170368655,9048478.0,0.0008305770179393,57.196136035632186,1.035985343965308,192.92385622106187,4.33328511152431,0.8627508198975136,0.7117600677820235,0.776464219589684,-1,214947287.0,0.9230189698634415,-1,0.015879103980560444,0.08586907776928272
2015-10-16,197.3101501464844,197.3101501464844,194.91602461708547,195.0885690163585,15246935.0,0.0122828237977137,60.377684529472404,1.414246273071086,193.09586774754902,4.1947737128010685,2.2215811301259123,0.0,0.172544399273022,1,230194222.0,1.4574347099301128,-1,0.0035526436864299223,0.09696094733561399
2015-10-19,207.8141021728516,208.24546319047263,202.96114674563637,202.96114674563637,33505855.0,0.0532357408808872,70.67607411895196,2.532409883185295,193.6730534112864,4.676240807885866,4.852955427215221,0.4313610176210432,0.0,1,263700077.0,2.744012754628754,-1,0.002075706186975964,0.1426050051158369
2015-10-20,206.3474273681641,208.5042900044712,205.5493807058237,208.13761874897176,18091895.0,-0.0070576288584476,68.01769356010902,3.262604922266263,194.1700876841051,4.553288557225982,1.79019138080767,0.36667125549942625,0.798046662340397,-1,245608182.0,1.414900362149181,-1,0.01045257827449834,0.1365108189527203
2015-10-21,205.98077392578125,210.25136346681964,205.5493984816352,206.08861418734307,14404450.0,-0.0017768743088258,67.33582986102792,3.7682656620710304,194.63325185044536,4.563908302080158,0.1078402615618188,4.1627492794765715,0.431375444146056,-1,231203732.0,1.1016267239013364,-1,0.020732952205418764,0.13497377607897423
2015-10-23,206.12098693847656,209.8739436004166,202.99353265212667,207.91119305154456,12153422.0,0.0006807092235989,67.47012962185411,4.132680491568209,195.0837512656623,4.729372776809427,1.7902061130679954,1.9627505488720374,3.127454286349888,-1,243357154.0,0.9196238176825738,1,0.020038602520256327,0.13556220685799344
2015-10-26,203.3601837158203,207.70626144284748,203.0258645068572,207.46901286725335,10938775.0,-0.0133940908379227,62.05954707149092,4.1508595967279405,195.4083172440999,4.725874502465202,4.108829151433042,0.2372485755941227,0.33431920896310885,-1,232418379.0,0.8177462403700251,1,0.03388657319777604,0.1238266615733407
2015-10-27,202.6483917236328,204.5248697058892,202.1846642406856,202.4866313451271,11601798.0,-0.003500154155949,60.707849115644116,4.0610181145364095,195.69224173349335,4.555469571232229,0.16176037850570424,1.8764779822563753,0.301967104441502,1,220816581.0,0.8337215046892873,1,0.03751804629940308,0.1207491480497653
2015-10-28,202.08761596679688,203.80233363803077,200.5670251553073,202.07683194113875,11958727.0,-0.0027672351705643,59.60634938516225,3.899615831766539,195.94304072303467,4.4611723506244605,0.010784025658125529,1.714717671233899,1.5098067858314437,1,208857854.0,0.8250076531744562,1,0.04039706966192364,0.11830930254220068
2015-10-29,202.96115112304688,203.8239019726922,201.65624082290572,201.88271975993925,13280382.0,0.0043225565904716,60.79953126858812,3.7984047015278577,196.21826073872143,4.297350121993176,1.0784313631076259,0.8627508496453231,0.2264789370335336,1,222138236.0,0.8839991091835101,1,0.03591925008029253,0.10892662715484282
2015-10-30,204.40626525878903,206.17488876239375,202.76705007054343,203.19841112174052,13366359.0,0.0071201514563055,62.759355738714845,3.7911013288185416,196.53935895519467,4.233813591268686,1.207854137048514,1.768623503604715,0.43136105119708645,1,235504595.0,0.8648644615980275,1,0.028595494373082966,0.09401704414503233
2015-11-02,207.01605224609372,207.38272350321589,203.86703047948544,204.68663079800268,7222044.0,0.0127676467450768,66.0594918446862,3.9503640149558237,196.95020967248485,4.182519265015955,2.32942144809104,0.36667125712216375,0.8196003185172458,1,242726639.0,0.4928925255760831,1,0.015628310875525197,0.10205255122465713
2015-11-03,208.6121368408203,209.3131272982727,207.32880900291485,207.76018442337065,11373522.0,0.0077099557131405,67.93117870447313,4.157447067036401,197.40754014967447,4.047844678384742,0.8519524174496667,0.7009904574523773,0.4313754204557938,1,254100161.0,0.9143336578949598,1,0.007857772087585323,0.08860625279139821
2015-11-04,205.18272399902344,210.2945106943322,204.0827245524261,208.78470386228324,10033187.0,-0.016439181793213,60.243839555241365,3.9987419145683134,197.7124493202372,4.202411925779123,3.6019798632597997,1.5098068320489517,1.0999994465973373,-1,244066974.0,0.8624565519713956,1,0.024913338685049725,0.07337326748106852
2015-11-05,202.01214599609372,205.11803205297892,201.23568168082213,204.6866565898728,10767454.0,-0.015452460817046,54.14346762688209,3.5759069610953134,197.88106487615315,4.1841712395235655,2.6745105937790754,0.4313754631061215,0.7764643152715962,-1,233299520.0,0.9554452269550374,1,0.04099934020006214,0.058829872970978164
2015-11-06,205.41998291015625,205.9268465194878,202.29252904796547,202.626833846996,8367190.0,0.0168694654336694,58.95446019903244,3.475725176321191,198.17670872062385,4.164923331228603,2.793149063160257,0.5068636093315604,0.33430479903051946,1,241666710.0,0.7682704229912563,1,0.023729569612065893,0.07444351608331942
2015-11-09,207.32879638671875,208.1376126526952,199.1758287922281,201.34348978816624,17031699.0,0.0092922482492725,61.39743512842074,3.5098957912088906,198.53561411929422,4.50755622617421,5.985306598552512,0.8088162659764464,2.1676609959381494,1,258698409.0,1.480986886164999,1,0.01430440131471973,0.08150833488528703
2015-11-10,199.0248870849609,206.95137713814407,197.6337044360297,206.4121614010071,11486238.0,-0.0400518859245629,48.01021324957971,2.834248712804481,198.5548012944184,4.878094492210985,7.387274316046188,0.5392157371369706,1.3911826489312205,-1,247212171.0,0.9997874255390973,1,0.05662419295613235,0.043186135117992484
2015-11-13,201.24647521972656,202.43274700091527,197.2454859676246,197.36411026616344,13682323.0,0.0111623634978739,51.083221419605486,2.4498171639754673,198.6603571346266,4.90017781657382,3.882364953563126,1.186271781188708,0.11862429853883327,1,260894494.0,1.1733364463776206,1,0.0449599699310347,0.041905752212080496
2015-11-16,201.5160675048828,203.17685080895376,199.45626081535536,199.7258758805231,15346549.0,0.0013396124571221,51.45818602660745,2.142212148022452,198.77234577659743,4.815921543504147,1.7901916243597213,1.6607833040709465,0.26961506516772715,1,276241043.0,1.2931406465969082,1,0.043562001274348366,0.0366050257531188
2015-11-17,200.10330200195312,202.5082117654588,199.76899719928755,202.32488332528732,8588142.0,-0.0070106841624202,49.324443905671544,1.7640991506971204,198.8245401383761,4.667585330837512,2.221581323334192,0.1833284401714934,0.33430480266557083,-1,267652901.0,0.7540181355395953,1,0.050929737742556554,0.025922997436679106
2015-11-18,196.70623779296875,200.86898676609368,196.2640783552066,200.07094009346977,11249222.0,-0.0169765524856316,44.54174498365438,1.1767622027802247,198.74146945816406,4.66310840798391,3.3647023005010226,0.7980466726239115,0.44215943776214317,-1,256403679.0,0.9539259549285368,1,0.06907901373043876,0.00224781604652269
2015-11-19,201.61312866210935,202.4650955872541,197.83861844300327,198.1945057303764,12183206.0,0.0249452733385358,51.81036271231483,1.0946204217194975,198.8540835445933,4.741376221291156,3.418622931732955,0.851966925144751,0.3558872873731218,1,268586885.0,1.0260819852847356,1,0.04305960673212051,0.02653125985593629
2015-11-20,204.2229156494141,205.5062579279124,199.62879102525173,201.45134899778424,11304265.0,0.0129445289829241,55.175367681801184,1.2259781543860129,199.06462598007647,4.8225255556746935,2.771566651629854,1.28334227849831,1.8225579725325076,1,279891150.0,0.9419727239625977,1,0.029730233875130345,0.03897132341343261
2015-11-23,205.71115112304688,206.6062540560812,204.0827200411242,204.90233479390955,10499517.0,0.0072873089138911,57.018534102905726,1.4336421348061492,199.32527402489885,4.658311874194859,0.8088163291373291,0.8951029330343374,0.8196147527853554,1,290390667.0,0.8768716883365131,1,0.022280559640365634,0.045923970170141465
2015-11-24,208.71995544433597,209.56113814685727,205.12877451879712,205.54936587005776,14806176.0,0.01462635498787,60.55034915450318,1.8200226107959452,199.69369290409247,4.642172713756667,3.1705895742782104,0.8411827025213086,0.42059135126064007,1,305196843.0,1.1734417885202317,1,0.0075438653991862555,0.05967746142247164
2015-11-26,213.23863220214844,213.9504067479622,208.83863420067823,209.43177005692357,23805828.0,0.0216494716482325,65.17811165941004,2.462465601316609,200.22486699421233,4.684192613033064,3.806862145224869,0.7117745458137676,0.5931358562453397,1,329002671.0,1.7905652879374794,1,0.0033379249269382453,0.07960355809659338
2015-11-27,211.1680603027344,214.06905008080727,210.10041278694703,213.3141393617836,10891864.0,-0.009710116211265,61.61151878376954,2.7725680138645146,200.65401182984064,4.633081518806433,2.1460790590491854,0.7549107190236839,1.067647515787371,-1,318110807.0,0.8229150274773339,1,0.013737824621365358,0.07057876994352827
2015-11-30,208.59060668945312,212.3219953957347,207.55531125141096,211.0494369542784,29919205.0,-0.0122056981988003,57.40081177009128,2.7783206925635113,200.9652508439431,4.642624563486241,2.4588302648252807,1.2725584414562832,1.0352954380421693,-1,288191602.0,2.013487101435217,1,0.02626409443024623,0.05909435966403841
2015-12-01,208.33175659179688,211.1141072357572,207.3288133972964,207.92194921378305,12981379.0,-0.001240948007029,56.979644125419725,2.7305169921008314,201.2541334222903,4.581386654555852,0.4098073780138236,2.7823506439603136,0.5931358164866651,1,275210223.0,0.8877443188279103,1,0.027539217173942386,0.05792529393507469
2015-12-02,210.93077087402344,211.30822616048127,208.029781657418,208.40723694387583,7573628.0,0.0124753629727178,60.141910567070525,2.8692757223193155,201.63360940078962,4.488319358020668,2.5235339301476074,0.3774552864578311,0.3774552864578311,1,282783851.0,0.5215483958224773,1,0.014878242722860691,0.06953320493754031
2015-12-03,210.7690277099609,213.30334604563524,210.10040363775107,210.27294806983107,11361395.0,-0.0007668068693452,59.84708211416195,2.9323889397753646,201.9918610991885,4.396506718725203,0.4960796401298353,2.534318335674328,0.17254443208000225,1,271422456.0,0.7817843196252564,1,0.015657055529940206,0.06881916907978791
2015-12-04,208.2346649169922,210.5533022175464,207.36114451818057,209.71211949494597,13443688.0,-0.0120243606022431,55.27466516173745,2.7462476886020966,202.2366769351808,4.325890752514856,1.4774545779537789,0.841182722600422,0.8735203988116211,-1,257978768.0,0.9171135942562961,1,0.028018318497262808,0.05748604136855586
2015-12-07,205.3444976806641,209.86313412648315,204.84841808997868,208.23468861943664,14483909.0,-0.0138793761234721,50.53314056361171,2.338559604715357,202.3585522585331,4.375092558514114,2.890190938772548,1.6284455070465071,0.49607959068541163,-1,243494859.0,0.9670988100022763,1,0.04248739313049884,0.044220417045596476
2015-12-08,202.9395904541016,205.6788050642084,201.9042951560251,204.6650778182628,7532164.0,-0.0117115737393773,46.92598152936831,1.8006511607510731,202.38133807012406,4.332193797776197,1.7254873641612107,1.0137272459456028,1.035295298076477,-1,235962695.0,0.5130928610554895,1,0.05484124414463529,0.032894084806014086
2015-12-09,197.5474395751953,203.48961132957604,196.8895995189389,201.92588419388116,9174419.0,-0.0265702264739998,40.02692613787376,0.9285495899745513,202.1917734232641,4.4941807986948366,4.3784446186858474,1.5637271356948759,0.6578400562564184,-1,226788276.0,0.6498960713182389,-1,0.083633635248019,0.006496471038796742
2015-12-10,204.9778289794922,205.721941175931,198.43173798486976,198.9709536860584,18592203.0,0.037613190129293,50.7682083962925,0.8274349831280006,202.3010305039005,4.757060855983468,6.0068752934337795,0.744112196438806,0.5392157011886525,1,245380479.0,1.367537767631067,1,0.044352216757182324,0.04251069819437585
2015-12-11,205.5386199951172,206.84353038888125,203.37097308770743,205.2798033603932,18155513.0,0.0027358618169437,51.47459610749587,0.7835201444447932,202.4279947976737,4.665310602068494,0.25881663472398486,1.304910393764061,1.9088302726857762,1,263535992.0,1.2676881400452849,1,0.041502808989827486,0.045123109419197754
2015-12-14,206.00233459472656,207.81410851562416,204.0395843130536,204.3846875355813,10563900.0,0.0022560947408345,52.08678746086613,0.7771764053376842,202.56816498579343,4.6016830021043535,1.6176470591452698,1.8117739208975934,0.34510322252768333,1,274099892.0,0.8528752250949074,1,0.03915836925805019,0.04727255280226928
2015-12-15,210.4886474609375,210.9308069753967,205.6896113631853,206.4121699836065,15718833.0,0.0217779709877412,57.65304946907811,1.1212320360444892,202.87877214168145,4.647362474254858,4.076477477330997,0.4421595144592061,0.7225586204212107,1,289818725.0,1.241617394019377,1,0.01700995594327349,0.06757879475837618
2015-12-16,211.08177185058597,213.00138618504857,209.97098831032028,210.48863598719453,12097338.0,0.0028178450325142,58.34209307752211,1.4253284839372213,203.20045840477576,4.531865002860103,0.5931358633914385,1.919614334462608,0.5176476768742475,1,301916063.0,0.9225921159648118,1,0.014152232113798291,0.07019883036545689
2015-12-17,217.77880859375,218.9219584492525,210.9415495004449,211.3837089279104,19369032.0,0.0317272149293144,65.22290187477373,2.1815741763684287,203.7721584121865,4.77818957042778,6.395099665839609,1.143149855502486,0.44215942746549786,1,321285095.0,1.3921435294229434,1,0.005249132653833854,0.095919383569493
2015-12-18,213.9396209716797,217.62785879507004,213.5298135695476,216.5062912508448,16016139.0,-0.017628839311138,59.187409377074516,2.4429531373232294,204.17088243412744,4.74038995998311,2.5666702791651232,1.121567544225229,0.4098074021320883,-1,305268956.0,1.1302575201944625,1,0.023288521569514872,0.07969548312417453
2015-12-21,213.98272705078125,215.4709656825964,212.31115999542916,213.07684016221603,12331769.0,0.0002014871247588,59.233024091674416,2.623335963329282,204.55566065438836,4.627491083353404,0.9058868885652203,1.4882386318151362,0.7656801667868649,1,317600725.0,0.883672750904309,1,0.02308238364164358,0.0798808752810497
2015-12-22,212.94744873046875,216.2474470029047,212.235674233976,214.13372036075907,11579277.0,-0.004838139669408,57.56883928186765,2.652179667972007,204.8847503828621,4.583511203751639,1.186271630290321,2.113726642145622,0.711774496492751,-1,306021448.0,0.806365192464544,1,0.028056263432138018,0.07540756795755066
2015-12-23,216.5062713623047,217.17489533726848,213.5297939544305,213.918033268044,12919467.0,0.0167122107029344,61.56629621887796,2.9284484252263496,205.34049630362455,4.558078018255075,2.5882380942606744,0.6686239749637934,0.38823931361352493,1,318940915.0,0.8768265680397879,1,0.011157584820743383,0.0906055594599335
2015-12-24,215.8052978515625,217.23961654089567,214.88864121961024,216.52785640832,11901877.0,-0.003237659151079,60.360070548445364,3.055607559822505,205.75088067805348,4.400427825614386,0.722558556757491,0.7117601325756766,0.9166566319522644,-1,307039038.0,0.8461863401632435,1,0.01444200225257547,0.08765168659406315
2015-12-28,217.9298095703125,218.6523536845828,215.68666025238315,215.8160685597931,12885935.0,0.0098445762912238,62.742610382211744,3.289888642157706,206.22848573265188,4.297946797513334,2.113741010519391,0.7225441142703062,0.12940830740996034,1,319924973.0,0.9518093876193999,1,0.004552607469791235,0.09654581029028628
2015-12-29,219.0082550048828,219.72001513928487,217.2288330720293,217.92982357801964,14913870.0,0.0049485907260538,63.92784179463247,3.5219804234725984,206.7296531550923,4.168892173923495,1.078431426863176,0.7117601344020557,0.7009905059903474,1,334838843.0,1.0673078432130434,1,0.0032499237729015596,0.1009946199765428
2015-12-30,216.65724182128903,219.13763959367105,216.11802616624055,218.92195909081065,8151610.0,-0.0107348153773534,59.48520067162822,3.476136973407307,207.11897035768826,4.0868008348882805,2.2647172695216113,0.2156805028604083,0.5392156550484799,-1,326687233.0,0.6167691110762157,1,0.014136491779592487,0.09123924100656461
2015-12-31,218.83567810058597,219.93569188706,215.4925438331794,216.41999881504495,18483713.0,0.0100547586638888,62.112568249810174,3.5743840365375377,207.57844909270386,4.112254207673445,2.4156792855410174,1.1000137864740225,0.9274549818655373,1,345170946.0,1.3340566057148122,1,0.005026665651696934,0.10028565164570534
2016-01-01,218.9974670410156,219.76314729320407,217.4553081126233,217.80039694835952,5416562.0,0.0007393170155522,62.30806709962459,3.623530750345793,208.02625371812783,3.983367420023968,1.1970700926560767,0.7656802521884742,0.3450888357362203,1,350587508.0,0.43471528729817077,1,0.004284181268035733,0.10095033436133836
2016-01-04,214.67295837402344,218.6631635064153,212.8180481573938,216.7651171822268,30170947.0,-0.0197468433102117,54.25015303175897,3.2757671623688793,208.28690880267277,4.140228238852385,2.092158808203351,1.898046324188499,1.8549102166296336,-1,320416561.0,2.174403886642608,1,0.024515120827968098,0.08283930584354599
2016-01-05,216.79747009277344,217.8435495008794,215.0396305093221,215.75139068466748,14946239.0,0.0098965036623219,57.17991868250813,3.135448851206121,208.62065630424536,4.070968445138353,1.0460794081059532,1.0460794081059532,0.7117601753453755,1,335362800.0,1.0572463874579678,1,0.014475361695612138,0.09182704284010064
2016-01-06,222.63177490234372,223.96903727610157,215.7729330211221,217.32587590779335,26759864.0,0.0269113140807115,63.99829508433715,3.4551958702755883,209.17011193554333,4.365621002984148,5.305898994550375,1.3372623737578522,1.5529428866712465,1,362122664.0,1.709348428072386,1,0.006006610576340396,0.11562669073045166
2016-01-07,218.5445098876953,221.7258837807024,217.4229424458505,220.22686105046247,19739943.0,-0.0183588574292294,57.13455682078087,3.3402848342438176,209.53773538464733,4.42585039252051,1.6823511627671621,1.4990227302399148,1.1215674418448032,-1,342382721.0,1.2082925467109864,1,0.024821156071107863,0.09203055209742408
2016-01-08,221.2406005859375,222.78275950402076,219.28863428025832,220.00040879500355,21313199.0,0.0123365748223445,60.16913565262724,3.4272616584747766,209.99667127489403,4.412450337078005,1.2401917909339488,1.5421589180832598,0.7117745147452297,1,363695920.0,1.2335320551723126,1,0.012332441165581878,0.08077010933302403
2016-01-11,226.8161163330078,228.80043485596795,218.05924180640085,219.12688925548707,29016443.0,0.0252011417990369,65.59369400533689,3.9011192680120814,210.65625735560437,4.864503387970083,7.689227077520741,1.9843185229601374,1.0676474490862233,1,392712363.0,1.5359735271995658,1,0.008748578165613207,0.10041849048554408
2016-01-12,225.4896240234375,229.79256536172463,224.5513850133709,227.54943047624425,23373377.0,-0.0058483159442813,63.38204957348208,4.122100979928689,211.2379580092449,4.891408885140344,2.059806452806754,2.243134885480373,0.93823901006661,-1,369338986.0,1.1842302453018425,1,0.019082657824822474,0.08780897456369958
2016-01-13,232.26220703125,235.04457231874215,225.8670919990354,227.1396503485914,71802356.0,0.0300350095359978,69.10895599191215,4.7885223220258695,212.062438363049,5.224518843009223,5.1225566826585975,2.782365287492155,1.2725583495559931,1,441141342.0,2.7508094767088846,1,0.011979414658355494,0.09597436882157294
2016-01-14,228.98374938964844,233.1572970889384,227.12885369897384,229.45826093793696,27823189.0,-0.0141153297538435,63.89915545804354,4.99454786568333,212.72601918762155,5.281942024934605,0.47451154828851827,3.699036151001451,1.8548956906745957,-1,413318153.0,1.0291082605400057,1,0.026468353956334102,0.07879249045967089
2016-01-15,231.4964904785156,234.99061559913,229.8357073229681,230.73081025404883,28767318.0,0.0109734472230664,66.0138680480794,5.299492548108844,213.46211610098996,5.333722323830817,0.7656802244667631,3.494125120614399,0.8951029310807428,1,442085471.0,0.9794367373238235,1,0.015326719782630328,0.08320133149632836
2016-01-18,219.32098388671875,233.79356421462063,217.4337361564748,231.8631659827857,27254669.0,-0.0525947782907181,50.55924133878804,4.506750761511313,213.69187562199895,6.1213013048533185,12.542182096066938,1.9303982318349426,1.8872477302439563,-1,414830802.0,0.937241676180963,1,0.07169212974233591,0.03230566235469004
2016-01-19,225.0905914306641,226.4278393274596,218.72782950323705,221.94156974092337,21489315.0,0.0263066827519129,55.83565730793973,4.294551379374866,214.13888408508387,6.234066199093978,3.149021689740721,1.3372478967955033,3.2137402376863236,1,436320117.0,0.7227193997754884,1,0.04422210997274954,0.05710997121195918
2016-01-20,216.6680145263672,223.21410461883968,213.52977698632424,223.21410461883968,45114225.0,-0.0374186093286414,47.813552876804664,3.407471069046295,214.23806567101656,6.61454821661154,6.546090092472497,0.0,3.138237540042951,-1,391205892.0,1.4290490202928574,1,0.08481435449780544,0.017768965010314736
2016-01-21,212.27882385253903,221.240608998604,210.6611766906322,219.4719854663309,31768619.0,-0.0202576770891763,44.24596639714689,2.323498680203727,214.16123265852724,6.897754223137272,7.193161613791858,1.7686235322730965,1.6176471619068309,-1,359437273.0,0.9693749633646078,1,0.10724455719623502,0.007620388753569413
2016-01-22,216.58177185058597,218.0592266130631,214.4033409969928,214.4033409969928,23682648.0,0.0202702649277723,48.317285495155964,1.7910090571062938,214.2561557640982,6.817943404379185,2.17843085359317,1.477454762477123,0.0,1,383119921.0,0.7174556363818385,1,0.08524632664328366,0.027336534877174357
2016-01-25,216.53863525390625,219.7307933446895,215.6866684021363,217.84353119872503,13099564.0,-0.000199170023918,48.27922419702732,1.3499648768006978,214.34566476369852,6.619813514248757,1.3048959448187816,1.8872621459644563,0.8519668517699586,-1,370020357.0,0.41695081802744,1,0.08546251823900357,0.0271427708795815
2016-01-27,215.54649353027344,217.843548851325,215.02884584122944,217.43375582916917,17251028.0,-0.0045818231119331,47.355246079019906,0.9098880182452831,214.39275608787793,6.3480199068092436,1.8872622988957346,0.40979302215583857,0.5176476890439972,-1,352769329.0,0.5600020731502146,1,0.09045880760630522,0.022664793843909566
2016-01-28,219.331787109375,220.38866493603945,215.0611972868481,215.902380178273,23074633.0,0.0175613786014565,51.19313870906792,0.8566901038268213,214.58644357891703,6.275123316979394,3.429406931101994,1.0568778266644472,0.8411828914248929,1,375843962.0,0.8897952180568578,1,0.07163934337311355,0.03953193713056736
2016-01-29,223.3219757080078,224.3141349021529,219.5690338507061,219.77393034601704,19177163.0,0.0181924774845472,54.923623367041934,1.1235536191582867,214.92901346633238,6.182782208107858,3.5480453619907735,0.9921591941450743,0.20489649531094756,1,395021125.0,0.7650082008006552,1,0.052491908033545115,0.05669302798005661
2016-02-01,222.2219696044922,224.70236751564363,221.19745836279253,224.30334416513048,9918809.0,-0.0049256509576732,53.70495622850783,1.2320809164263267,215.21501174626022,5.9915055613038035,2.081374560638295,0.3990233505131471,1.0245112416996562,-1,385102316.0,0.42784713824300546,1,0.05770177780833943,0.05202362725177774
2016-02-02,215.9346923828125,222.76116730168903,213.63762309483792,222.22195166001512,14771279.0,-0.0282927796602185,47.25148235621937,0.8015194374405041,215.24323451632108,6.215222607414325,6.287259277202622,0.5392156416739056,2.2970692879745798,-1,370331037.0,0.6734197386889903,1,0.08849842387554545,0.02442180843655879
2016-02-03,211.6748962402344,214.3925571949391,210.2945121086591,213.0984308739513,15691478.0,-0.0197272429713437,43.44253283930546,0.11523802301582009,215.10329968196476,6.174148155038545,1.4235346337168835,1.2941263209878002,1.3803841315753118,-1,354639559.0,0.7347936646016866,1,0.11040362600194688,0.006521246288972709
2016-02-04,209.87391662597656,215.9023598518665,208.28862163207916,213.09842674303005,18203784.0,-0.0085082343076424,41.90453587478833,-0.5674279891154299,214.8982258366319,6.276976016806316,3.224510117053484,2.8039331088364463,1.5852949938974064,-1,336435775.0,0.9753472485561097,1,0.11993227218236496,0.0075535589147202814
2016-02-05,209.41018676757807,211.80429807139885,207.36116428714163,211.1788101811168,20998404.0,-0.0022095640366062,41.497155953878,-1.1328065572486992,214.6830086182376,6.145987285909952,1.7686234135387338,0.6254878902820451,2.0490224804364345,-1,315437371.0,1.1939812629631443,1,0.12241231406576888,0.009784731641114578
2016-02-08,207.28567504882807,212.4082312237686,206.6170366611383,209.45332180123705,12078110.0,-0.0101452166751944,39.59787497361974,-1.732334215746306,214.39291710571175,6.120644948532835,2.1676467524089844,2.954909422531557,0.6686383876897821,-1,303359261.0,0.7352853620275214,1,0.13391613898729482,0.0032256854581595093
2016-02-09,206.5199737548828,208.95723546830487,204.9023267621188,205.52781462899057,19603494.0,-0.0036939421586413,38.9067121792984,-2.2433895019409817,214.08417422920866,5.97309235979378,0.9921591258922433,2.4372617134220604,0.6254878668717652,1,283755767.0,1.1479594014767927,1,0.13812028950630703,0.007832883974137934
2016-02-10,207.63075256347656,209.86311774626964,204.6111391513303,205.2689934775196,16883350.0,0.0053785538918968,40.528413549249905,-2.5296141146337163,213.8310988697682,5.921584233732749,2.361759085956976,2.2323651827930746,0.6578543261892946,1,300639117.0,0.9908039943356037,1,0.13203159655689578,0.014543189652135557
2016-02-11,199.41311645507807,208.3425493476131,197.46115011324795,207.67391092466315,17114833.0,-0.0395781261057952,33.45347561407138,-3.380574579212407,213.26568779468232,6.27585673377792,8.260794469585079,0.6686384229499538,1.951966341830115,-1,283524284.0,1.040790545387108,-1,0.17841102820368637,0.009788555419672386
2016-02-12,195.53076171875,201.429797147739,191.55134065000016,201.429797147739,29319458.0,-0.0194689035773767,30.72460854147195,-4.318459941205219,212.57020049758694,6.533185288346559,5.899035428989009,0.0,3.9794210687498435,-1,254204826.0,1.679399378401101,-1,0.20180893038783718,0.02035189263198296
2016-02-15,204.20138549804688,205.19354486288168,198.00039666677995,198.00039666677995,19283523.0,0.0443440392860978,42.086721402654376,-4.312383499504023,212.24201167407557,6.75672799233121,6.200988831266926,0.992159364834805,0.0,1,273488349.0,1.0483154525547158,1,0.14491664022944054,0.061948868844318945
2016-02-16,200.70726013183597,206.6278494282153,199.94156540655857,205.13961048426364,13024856.0,-0.0171111736469797,39.290085623896715,-4.537212430524136,211.7896684763407,6.751696280140176,4.432350352427676,1.4882389439516714,0.7656947252773989,-1,260463493.0,0.7148608003818194,-1,0.12814972003867167,0.04561827746451065
2016-02-17,205.46310424804688,206.50918346886104,197.655239781544,201.68858031479783,15442221.0,0.0236954264289543,44.678472717653875,-4.282270752616824,211.5415679183684,6.901856809224237,3.774523933249043,1.046079220814164,4.033340533253835,1,275905714.0,0.8486973597046865,1,0.09363853105407192,0.0677093030836896
2016-02-18,202.7670440673828,208.93567969165795,201.88272514281232,207.69547351248744,14433087.0,-0.0131218701797146,42.38197001357696,-4.248799643282382,211.19746894381996,6.91264950491148,4.928429445104626,1.2402061791705137,0.8843189245704934,-1,261472627.0,0.810022380795259,-1,0.10817992415459461,0.05531324613902984
2016-02-19,203.68370056152344,205.4954745135249,202.17389373415503,202.7454759055568,10235503.0,0.0045207370771553,43.446336295473444,-4.101032875544405,210.90281136020047,6.656144595944221,0.9382246559666498,1.8117739520014595,0.5715821714017579,1,271708130.0,0.6113725170110448,-1,0.1031926801024092,0.05956470683749511
2016-02-22,207.55528259277344,208.8494089105872,203.6297819330936,203.6297819330936,12770834.0,0.0190078146684131,47.82984021292378,-3.6296816233930542,210.77153572226217,6.553536194626319,3.925500659679841,1.294126317813749,0.0,1,284478964.0,0.7596660492953952,1,0.08261454350219083,0.07710688806785639
2016-02-23,204.82684326171875,208.61213702325972,203.3386045388989,207.7278181304469,18989787.0,-0.0131456029303187,45.17251074790887,-3.4366787186475563,210.5384105277311,6.462107358178784,2.900974868728156,0.8843188928128143,1.4882387228198581,-1,265489177.0,1.1337358731880889,1,0.09703573973714376,0.06481329497792308
2016-02-24,205.47393798828125,206.7464820419968,203.17686811796665,203.80237051511563,15186204.0,0.003159228137572,45.93963147564631,-3.1946810946494395,210.33980376147815,6.255500684311025,1.6715674731656236,1.2725440537155635,0.6255023971489777,1,280675381.0,0.9159334120891188,1,0.09358086828733983,0.06775845868625507
2016-02-25,203.6297912597656,206.31510025269472,202.92881513753028,205.80823660796784,24826958.0,-0.008975088259713,44.048136490334805,-3.115786614365561,210.07666601631297,6.050556715086269,2.1784453482022457,0.5068636447268773,0.7009761222353177,-1,255848423.0,1.4308460700432466,-1,0.10348474123315413,0.05931573437777213
2016-02-26,204.9778289794922,206.789602950141,203.6729186318346,205.5493967588782,8349402.0,0.0066200417502118,45.80472629025205,-2.9109313873345855,209.87671162271215,5.84407492760692,0.5715677793860152,1.2402061912627858,1.3049103476575965,-1,264197825.0,0.5473496790645878,1,0.09622766830126228,0.06550214916577801
2016-02-29,208.4935302734375,214.52197385064125,201.66703994090304,205.18273335873187,31032353.0,0.0171516173795414,50.19622417966396,-2.4368044664988986,209.82246921685825,6.344850569187726,3.3107969147056338,6.0284435772037455,3.515693417828828,1,295230178.0,1.8888627057060055,1,0.06843203724134578,0.08126002567666155
2016-03-01,211.65333557128903,212.46216634985845,208.06215398249125,208.0729380089282,16453192.0,0.0151554117468657,53.81827432823051,-1.7855034139756754,209.89426789742419,6.205933554771974,3.5803975623608437,0.8088307785694155,0.01078402643693721,1,311683370.0,0.9809943374457483,1,0.02007539483896441,0.09497603648451894
2016-03-02,216.01019287109372,216.9268638335654,212.93665921896965,214.15528289516985,20105967.0,0.0205848742617014,58.319425340413225,-0.907321626242549,210.13410809247006,6.139333176736573,1.8549099759238743,0.9166709624716702,1.2186236762001954,1,331789337.0,1.1663524550381732,1,0.00424364679410616,0.11323008371039987
2016-03-03,218.458251953125,219.5690354420797,215.1474551406565,217.84353366693955,15880459.0,0.0113330720624473,60.64073787813469,-0.01366085009311746,210.4605451066134,6.016636542785618,0.6147182861854503,1.110783488954695,2.6960785262830598,1,347669796.0,0.9135591552926231,1,0.005084648801424256,0.12316729197713397
2016-03-04,217.0670623779297,218.92197240694568,216.44157448369117,218.706277493068,8987660.0,-0.0063682170975799,58.641991308777165,0.5756783200949087,210.7196242152925,5.764048069961968,1.6392151151383132,0.2156949138776838,0.6254878942385176,-1,338682136.0,0.5207737484130517,1,0.011526267673876236,0.11754764379454671
2016-03-08,221.5102081298828,222.35137653076552,217.3043085338768,217.3043085338768,13222993.0,0.020469000240199,62.853172361056785,1.3852898288585038,211.14278436880585,5.729781361595815,4.20589959600602,0.8411684008827081,0.0,1,351905129.0,0.7641803629584135,1,0.0037974249944701774,0.1352482476216908
2016-03-09,224.68081665039065,225.15532821742443,219.69845239548505,220.00041953737903,11854901.0,0.0143136000244681,65.54894675020344,2.2567400971456095,211.67368759553466,5.710288108763211,4.680397113011622,0.4745115670337725,0.3019671418939822,1,363760030.0,0.7145807498632505,1,0.0021119362752367293,0.14745128887412245
2016-03-10,218.2210235595703,225.58673055373933,217.62788762958883,224.75633161302463,20706353.0,-0.0287509774404636,56.54529023509428,2.398471313235035,211.9304458686341,5.8708991670051605,6.535308053454315,0.8303989407147014,0.5931359299814858,-1,343053677.0,1.207929311123696,1,0.03375342519259293,0.12221408585910067
2016-03-11,218.81414794921875,222.0602409479844,217.9729794229126,218.90043456541704,15319044.0,0.0027179983851854,57.127585161005804,2.529496048510879,212.2003949698335,5.743496478295635,0.08628661619829359,3.1598063825673535,0.8411685263061486,-1,358372721.0,0.9461320560132285,1,0.03095130122067027,0.12459343947698301
2016-03-14,219.94647216796875,221.3807763201285,218.479801542204,219.80626544200555,11880095.0,0.0051748217807781,58.27703754666198,2.693652447746814,212.5041627030937,5.54045921398341,0.14020672596319628,1.43430415215974,1.3264638998015528,1,370252816.0,0.7180777536231705,1,0.02564377746174181,0.10134844249468744
2016-03-15,220.10824584960935,221.6935408487817,218.9435422579518,220.86314205963976,10487788.0,0.0007355138731985,58.448442002810616,2.804473140296153,212.80236204217275,5.341140598043873,0.7548962100304095,0.8303987891419524,1.164703591657542,-1,380740604.0,0.7238026255794645,1,0.02488995668010184,0.10200892738660294
2016-03-16,220.3778381347656,221.2513729943125,216.8621594414169,220.21607775258948,11064129.0,0.0012248168355331,58.75255035396847,2.880844598627391,213.09943953599992,5.273145809104711,0.16176038217611222,0.8735348595469077,3.3539183111725777,1,391804733.0,0.7930741492961452,1,0.02363618984132328,0.10310745647357818
2016-03-17,221.60498046875,226.16358791018845,220.73251567383136,224.0042513747723,16832997.0,0.0055683563482185,60.181122598499044,3.005741345060869,213.43299016081366,5.309760378127436,2.399270906022309,2.159336535416145,0.8724647949186419,-1,408637730.0,1.2355724793382892,1,0.02057087088835214,0.08997063371803841
2016-03-18,224.04786682128903,224.69130267333813,221.53954152685228,222.09573381387875,14030979.0,0.0110236076254772,62.93333311544073,3.264215583693499,213.8492598337735,5.155617575867323,1.952133007410282,0.6434358520490946,0.5561922870264766,1,422668709.0,1.0440731148731648,1,0.009443165511533378,0.09989305945161255
2016-03-21,226.2508087158203,227.16689520232163,223.0772369075896,224.21143229087383,12708074.0,0.0098324609191142,65.26488880902926,3.605258108867474,214.33559508404983,5.079477627214802,2.0393764249464823,0.9160864865013139,1.1341953832842364,1,435376783.0,0.9201591170891531,1,0.004048986572472117,0.10865715315871172
2016-03-22,228.5519561767578,229.51164999094328,225.890939975581,226.18540157948445,15333442.0,0.0101707811521143,67.56032312230707,4.014938424803745,214.89309944062663,4.975279940653907,2.366554597273364,0.9596938141854707,0.2944616039034429,1,450710225.0,1.0935445985667356,1,0.004199018158668751,0.11763152976499787
2016-03-23,224.48410034179688,228.34473003362487,223.00091604888885,228.34473003362487,16806372.0,-0.0177983855531516,60.0106168780047,3.9656574270953513,215.26921712302547,5.016405668312125,3.860629691827995,0.0,1.483184292908021,-1,433903853.0,1.1577086288776826,1,0.02239601665103016,0.1016422114802467
2016-03-28,222.56466674804688,225.02937008513632,221.52862036688165,224.65857040008584,18070240.0,-0.0085504211248257,56.78604417327681,3.728737071815601,215.5553131867518,4.908144529022307,2.0939036520389607,0.37079968505048555,1.036046381165221,-1,415833613.0,1.267792000121235,1,0.03121332484801239,0.0938946289745123
2016-03-29,226.02178955078125,227.27594480053187,222.52103991207736,223.30624648374572,15871250.0,0.0155331160747451,60.86488787102005,3.7764048566799318,215.96576324024315,4.897198840410321,2.715543067035526,1.2541552497506245,0.7852065716683683,1,431704863.0,1.1092154595320391,1,0.015440371687606482,0.10775398981789908
2016-03-30,228.37744140625,229.40258239818095,227.4286385324405,227.4286385324405,14453294.0,0.0104222334499279,63.39987954402415,3.9586307067201005,216.45249571734146,4.788884126623849,0.9488028738095124,1.0251409919309538,0.0,1,446158157.0,0.9922721674485808,1,0.00496637749205576,0.11695726732410962
2016-03-31,227.97390747070312,230.3295563021594,225.2474735231891,227.05783556514257,30833349.0,-0.0017669605765879,62.65120507390133,4.024096905406253,216.90431578610074,4.80982688750574,0.9160719055605568,2.3556488314562785,1.810362041953482,1,415324808.0,1.8573844965757056,1,0.010332975635639365,0.08734224766828075
2016-04-01,225.62921142578125,228.21387496915497,223.5680238587869,226.6434470400168,12381116.0,-0.0102849316000042,58.34033733654522,3.842488152583627,217.2464685562843,4.798114331995907,1.0142356142355595,1.5704279291381624,2.061187566994363,-1,402943692.0,0.7399613699676979,1,0.020832164623880232,0.0562540290178105
2016-04-04,225.7600555419922,227.3195778782473,223.63343549800857,226.83972373170675,8632568.0,0.000579907696278,58.511895423272,3.666850761180058,217.58033471258656,4.718687764013252,1.0796681897145675,0.47985414654053216,2.126620043983621,-1,411576260.0,0.5425170243737766,1,0.02024051929468662,0.047008317639972035
2016-04-05,223.99331665039065,227.3631863642704,222.95727030185063,224.9530248873549,10259495.0,-0.0078257373181455,55.206032536348786,3.3465192094833753,217.8318242003436,4.696346928185146,0.9597082369642465,2.410161476915505,1.036046348540026,-1,401316765.0,0.6604150520247288,1,0.028287628160166802,0.033714140580748946
2016-04-06,225.4765167236328,226.1199525552641,223.0445296257637,225.1166224693275,6990781.0,0.0066216264637803,57.38292206892636,3.1757281795581775,218.131616064002,4.580566642564807,0.35989425430531696,0.6434358316312796,2.0720928435638086,1,408307546.0,0.4671985501060279,1,0.021523481243392522,0.03820511957249432
2016-04-07,226.2399139404297,228.5846574914566,222.9354766382923,225.72734344881053,8789163.0,0.0033857060943183,58.50079428640996,3.0666246927281122,218.44958852974426,4.656896229036199,0.512570491619158,2.344743551026909,2.791866810518229,1,417096709.0,0.6142503808924695,1,0.018076573185077074,0.0414504865020502
2016-04-08,226.0435943603516,229.9914671217372,224.92030447608988,225.94543080152783,13411752.0,-0.0008677495348138,58.07887978478255,2.9305366417555376,218.74739267996418,4.686486687365565,0.0981635588237566,3.947872761385611,1.0251263254379523,1,403684957.0,0.9600875657284149,1,0.018960775924378847,0.04061798320326622
2016-04-11,226.9051513671875,228.03936131748137,225.31291273082135,226.1853774433531,10308361.0,0.0038114639314328,59.46067685994295,2.8592467147097693,219.06730478534547,4.546483965886597,0.7197739238343956,1.1342099502938652,0.8724647125317517,1,413993318.0,0.7813441056810785,1,0.015091790179017957,0.04426074888673902
2016-04-12,228.4537506103516,230.64581766758096,226.4143743300472,226.9051338730083,11164859.0,0.0068248747718293,61.89212930488239,2.8943437574794757,219.4354007000516,4.523981063861394,1.5486167373432806,2.192067057229366,0.4907595429611149,1,425158177.0,0.8775698166499663,1,0.009595233395700004,0.05073933405761932
2016-04-13,232.5216064453125,233.36135478986736,229.5770636371451,229.5770636371451,16038542.0,0.0178060365570404,67.4199312772331,3.213358786284772,219.94858523908144,4.551382714979565,2.944542808167398,0.839748344554863,0.0,1,441196719.0,1.245131879759695,1,0.0036114852180516225,0.06734620168547041
2016-04-18,232.2380828857422,232.68522070385603,230.19870637093427,232.4670972374554,19065716.0,-0.0012193428555079,66.69377288179274,3.4040625985592214,220.43052632326422,4.40389211626115,0.22901435171320372,0.21812346640064106,2.0393765148079126,-1,422131003.0,1.628958706939188,1,0.004836725700486467,0.06620758858007804
2016-04-20,226.2508087158203,233.20868636328697,225.92363081063945,233.20868636328697,21687934.0,-0.0257807595357542,53.57168261296514,3.0370643684265417,220.65877269159975,4.609689504574462,6.95787764746666,0.0,0.32717790518086076,-1,400443069.0,1.7165078194300143,1,0.03142771561527618,0.02439015830842904
2016-04-21,227.09056091308597,229.45710072306383,225.74914749525945,227.1450881382,11380697.0,0.0037115986547495,54.91163362643581,2.781908501655181,220.91099968067766,4.545279770519456,0.054527225114043176,2.3120125848638224,1.3414134178265158,-1,411823766.0,0.8815596453217844,1,0.027613626262438132,0.024492169660600843
2016-04-22,226.6107177734375,228.475592642894,224.5059085418241,226.62162321898973,11705087.0,-0.0021130034543007,53.95342989007978,2.5120193128263963,221.1345180372565,4.5041657941302,0.010905445552225501,1.8539694239042603,2.1048092316133875,-1,400118679.0,0.8966468277721318,1,0.02978957519202187,0.02242655359150692
2016-04-25,221.80126953125,227.81034471937448,220.7979394256467,227.81034471937448,61157544.0,-0.0212233926508097,45.40182785188825,1.888280979605696,221.160665154668,4.683325758387172,6.009075188124484,0.0,1.003330105603311,-1,338961135.0,3.311009595031727,1,0.05211911222622033,0.004523554385976812
2016-04-26,221.81216430664065,223.3280648376199,219.75097696710816,221.47409551254177,26429236.0,4.911953576125505e-05,45.422930956010326,1.3789473276308115,221.1862141410199,4.604308766396069,0.3380687940988878,1.515900530979252,1.723118545433607,1,365390371.0,1.3061167050345628,1,0.05206743516221553,0.009292490093929382
2016-04-27,222.34654235839844,223.7751993083306,221.60495755141432,222.0193790141436,14502641.0,0.002409146736511,46.514914138838414,1.0068106947123283,221.23171720836808,4.430446837147513,0.32716334425484206,1.4286569499321615,0.4144214627292797,1,379893012.0,0.7128685123875731,1,0.04953894184562693,0.01167351362319145
2016-04-28,217.3953399658203,222.3029211830321,216.1411701294172,221.1687257998548,61949033.0,-0.0222679531692349,38.77398741112655,0.3088093162974417,221.0812710419937,4.5572272222784935,3.7733858340344852,1.134195383177314,1.254169836403122,-1,317943979.0,2.42859965318742,1,0.07344230481921685,0.005769074151268869
2016-04-29,214.34173583984372,217.79886389919764,213.5019874367809,216.6864648052678,23479680.0,-0.0140463182258491,34.91479071981418,-0.48516940694079835,220.81697554387017,4.538630739431226,2.344728965424082,1.112399093929838,0.8397484030628277,-1,294464299.0,0.8780860723815317,1,0.08873502342182725,0.003917801634723572
2016-05-02,215.26870727539065,216.4574298125901,213.3165745245728,213.53468340846047,10620873.0,0.004324736066519,36.96581541379901,-1.02775707379962,220.5993963960867,4.438789635758804,1.7340238669301868,1.1887225371994532,0.21810888388768035,1,305085172.0,0.4054101917493279,1,0.08404680709737809,0.009068353573195046
2016-05-03,212.8367462158203,217.01364832855612,212.1714994793292,215.4977477217923,17571826.0,-0.0112973273744758,33.9436254524813,-1.6351516315174024,220.2949787419586,4.467601008149382,2.6610015059719956,1.5159006067638074,0.665246736491099,-1,287513346.0,0.6745822710998319,1,0.09643357615152942,0.003125619745269582
2016-05-04,213.33839416503903,214.5598330849305,212.2260096915654,212.4550240290427,13546285.0,0.0023569611833385,35.12190053897994,-2.052378851654737,220.02217150364802,4.315188321379075,0.88337013599633,1.2214389198914546,0.22901433747730948,1,301059631.0,0.5368205284410972,1,0.09385540143017353,0.005469689083752587
2016-05-05,212.716796875,214.50533370845503,211.76799394798093,213.7528433704791,21665684.0,-0.0029136681771317,34.305339898764885,-2.4054634506639445,219.7356862240932,4.202484852743006,1.0360464954790984,0.752490337975928,0.9488029270190736,-1,279393947.0,0.8249574743373885,1,0.09705184648393725,0.004460404354323858
2016-05-06,211.3426513671875,213.0548499516573,210.9173244423811,212.22602155255407,14748329.0,-0.0064599764945689,32.50612150877993,-2.7643024396771523,219.40654760225377,4.054987756781092,0.883370185366573,0.8288283991032301,0.42532692480639867,-1,264645618.0,0.555134799347092,1,0.1041848546908995,0.002012499237872407
2016-05-09,214.42898559570312,215.06151599757655,212.18240557249408,212.6622597366757,15347096.0,0.014603461291651,40.10435006128251,-2.7677387753508924,219.21134909219296,4.030978962038803,1.7667258590274173,0.6325304018734244,0.4798541641816314,1,279992714.0,0.698037311200384,1,0.08829202424088517,0.016376802527728756
2016-05-10,214.30902099609372,214.77796970444464,213.3165963528404,214.42898089450728,7248302.0,-0.0005594607430339,39.91624844748157,-2.748459704119938,219.01910093156164,3.8474357041506195,0.11995989841355481,0.34898880993736725,0.9924246432533153,-1,272744412.0,0.36118751573682706,1,0.08890122172748348,0.01582619592002355
2016-05-11,212.74948120117188,213.91639287375813,211.57164952416315,211.96426008316607,12339923.0,-0.0072770608893327,37.45668296315764,-2.826441273501217,218.7732334911542,3.768145401849188,0.7852211180058077,1.1669116725862523,0.3926105590029181,1,260404489.0,0.6216052566290898,1,0.09688330835084524,0.00861180365022052
2016-05-12,216.5446929931641,216.85006001829015,212.6731580332117,212.88036149168548,12786216.0,0.0178388768356314,46.15229422352263,-2.5525758498831124,218.68583974613497,3.7973423006512776,3.664331501478614,0.30536702512605984,0.20720345847377075,1,273190705.0,0.8561001164654115,1,0.07765908073874682,0.02598709981297318
2016-05-13,213.3493194580078,216.05394278081627,212.66226182165124,215.70495395980603,14648291.0,-0.0147561849287949,40.98551501942042,-2.563821331620659,218.47656444071825,3.8034200771413897,2.355634501798221,0.34898882101023787,0.6870576363565704,-1,258542414.0,1.042413643477492,1,0.09379938676485158,0.011399122442972616
2016-05-16,212.86944580078125,214.2981027309891,211.81158854894932,213.09846013859783,9327335.0,-0.0022492392215996,40.256638309489645,-2.581695076787838,218.25667743523053,3.709355370348417,0.22901433781657943,1.1996425923912568,1.0578572518319334,-1,249215079.0,0.6699262203360993,1,0.0955479565702476,0.00917050989190382
2016-05-17,211.38624572753903,214.42895191798985,210.77552631268264,213.8073270592968,12157600.0,-0.0069676513116413,38.00684310701541,-2.6845956513308806,217.98724874081125,3.7053603871311873,2.4210813317577617,0.6216248586930533,0.6107194148563906,-1,237057479.0,0.9085374926518922,1,0.1032349127571688,0.0028891161426063735
2016-05-18,211.69163513183597,212.1169474865025,210.28478904791865,210.6773996276176,8228838.0,0.0014446985575897,38.7656642131482,-2.710260529033718,217.74036193261617,3.5715602479492357,1.0142355042183624,0.42531235466654493,0.3926105796989532,1,245286317.0,0.6403883888458816,1,0.0839214340243723,0.006645732992903422
2016-05-19,207.4710998535156,211.98608518474444,206.2496608769543,211.94246340415344,9134784.0,-0.0199371849326586,32.791755639723604,-3.036163056227821,217.33764577265146,3.726193395080729,4.471363550637847,0.043621780590996195,1.221438976561302,-1,236151533.0,0.7877074105936984,-1,0.1012405718396854,0.005887272865588006
2016-05-20,203.7631378173828,208.19087939694907,203.1415129106966,207.64559260301303,18544619.0,-0.0178721857586469,28.6190396498816,-3.5526914886072234,216.8053121273468,3.8207057587358526,3.882454785630216,0.5452867939360431,0.6216249066862076,-1,217606914.0,1.5484430400560092,-1,0.11801549171049441,0.0030507230765327246
2016-05-23,202.8470764160156,205.180914665726,201.8982734916944,204.45022066193465,18365734.0,-0.0044957169936604,27.681858822757036,-3.989968617348495,216.2579303347456,3.78227257411412,1.6031442459190544,0.7306940037913421,0.9488029243211997,-1,199241180.0,1.4958045600986507,-1,0.1031719227216954,0.004677429623759112
2016-05-24,205.12635803222656,205.9006591491254,202.4217204452974,202.4217204452974,12283217.0,0.0112364528810677,33.51558792537118,-4.105271895640669,215.821398087588,3.7606058690936828,2.7046375869291523,0.7743011168988403,0.0,1,211524397.0,0.9610035889168882,-1,0.09091391986384409,0.01573705384085752
2016-05-25,207.4710998535156,207.8200886582504,205.27904713879116,207.1766528345265,9240115.0,0.011430719307758,38.969725082235726,-3.961780565018728,215.49393541174203,3.6844004945886937,0.2944470189891035,0.34898880473480176,1.8976056957353364,1,220764512.0,0.7408880582671378,-1,0.07148861378759973,0.026860735619350738
2016-05-26,206.5222930908203,207.73284115929368,205.92247905905745,207.209365242118,14190024.0,-0.0045731996570376,37.62465122923533,-3.879898374632262,215.14210630111768,3.5505406092778036,0.6870721512976843,0.5234759171756878,0.5998140317628611,-1,206574488.0,1.12511586830369,-1,0.05460219640026145,0.022389929580592324
2016-05-27,212.5968170166016,213.07667119097007,206.93673049621555,207.00216317090116,13401594.0,0.0294134053756121,49.61516490619119,-3.28695288808899,215.04229103505824,3.765100430054372,5.594653845700435,0.47985417436848365,0.06543267468560998,1,219976082.0,1.0732105181981242,1,0.020775622955867754,0.05032315946701944
2016-05-30,211.28814697265625,214.08001405870365,210.4811148168409,212.96762940285652,9633652.0,-0.0061556426963961,47.496842130461374,-2.889331637031205,214.89506969927777,3.7532289166121147,1.6794824302002667,1.112384655847137,0.8070321558153637,-1,210342430.0,0.7695828709365062,1,0.027098071699406916,0.044441080181260896
2016-05-31,208.9215545654297,212.22600615689524,208.62710756500576,211.35354148007173,23332727.0,-0.0112007816866926,43.85071068099032,-2.7336661578669066,214.66081420383276,3.7422053219890694,2.4319869146420388,0.8724646768235118,0.29444700042392924,-1,187009703.0,1.7111712060720425,-1,0.03794967670689731,0.03361683330542015
2016-06-01,207.99456787109372,210.72101641439144,207.60197186070437,208.9433706828808,9042808.0,-0.0044370084085585,42.475280474496174,-2.654500790458826,214.39939277901945,3.6976938385389273,0.9488028117870897,1.7776457315106313,0.39259601038935443,-1,177966895.0,0.6592444310815555,-1,0.04257559338128816,0.029309873050038265
2016-06-02,208.57260131835935,208.7689139120948,206.1406285493747,208.1909106972236,10253825.0,0.002779079536461,43.66194490204953,-2.516114990679654,214.1708911531112,3.621307518837583,0.38169062113576047,0.19631259373545618,2.0502821478488897,1,188220720.0,0.741481664593281,-1,0.03968622267551012,0.03200002198024775
2016-06-03,209.3141632080078,210.0230316514277,208.48532031661975,209.3905013185293,8643295.0,0.003555413726257,45.22311373418062,-2.319863458451266,213.98043123369538,3.4724792199783225,0.07633811052147621,0.6325303328983978,0.8288428913880637,-1,196864015.0,0.6732220244962358,-1,0.03600280408542385,0.03542946928509472
2016-06-06,208.25634765625,210.04488456922132,207.7655880018356,209.60865214751868,8672842.0,-0.0050537218100554,43.37660727559743,-2.2240520916495825,213.7559573679132,3.38725188765028,1.3523044912686828,0.4362324217026412,0.49075965441440417,-1,188191173.0,0.7306885576510421,-1,0.041265068069977956,0.03053003779289505
2016-06-07,208.3108673095703,209.59773907476205,207.55836240551068,208.79072149998288,18954268.0,0.000261791075921,43.50464293685474,-2.1192917368631754,213.54242442444877,3.290975086336072,0.47985419041256705,0.8070175747791666,0.7525049040596343,-1,207145441.0,1.5119248052588778,-1,0.040992545511462745,0.030783769952559287
2016-06-08,208.1036529541016,208.95429226899543,207.023970162108,208.95429226899543,12135516.0,-0.0009947361755294,43.105690515914304,-2.0295929831292767,213.3291392687489,3.1937855878040273,0.85063931489384,0.0,1.079682791993605,-1,195009925.0,0.946161224584167,-1,0.04202908954278486,0.029818695512162992
2016-06-09,211.82249450683597,212.97850076339012,208.5616646261698,209.39050754219332,15643495.0,0.0178701406724204,51.671381387702745,-1.639527192001367,213.2700551604386,3.313861460767206,2.431986964642647,1.15600625655415,0.8288429160235182,1,210653420.0,1.2059987624159862,1,0.019976387700616695,0.046851591651052404
2016-06-10,213.0330352783203,214.71253205722044,211.2008768286203,212.4441266852022,16316760.0,0.0057148829934363,54.09418227371686,-1.2186686651360503,213.26076026310062,3.3279895870409875,0.5889085931181057,1.6794967789001305,1.2432498565819117,1,226970180.0,1.2302540825327226,1,0.007883738673234063,0.05226777045202747
2016-06-13,213.9927673339844,214.50533786863613,210.0557847508055,211.5498745696847,10214469.0,0.0045050855817276,55.978413908555744,-0.7984884169676718,213.28946642274315,3.4081012678116775,2.4428927642996996,0.5125705346517293,1.4940898188792175,1,237184649.0,0.7667944310939707,1,0.003363500235092913,0.056518236541208876
2016-06-14,212.9348602294922,214.9306146709696,211.4189598718675,213.9600010595404,10923848.0,-0.0049436582257992,53.3776083187892,-0.5445792346645533,213.27556029751761,3.4154979486181363,1.0251408300482012,0.9706136114292008,1.5159003576247017,-1,226260801.0,0.904283623978803,1,0.00937260549694147,0.05183081213617641
2016-06-15,214.75616455078125,215.17057148364384,212.38961005518647,213.7528344354148,11129082.0,0.0085533403000623,57.07517097964238,-0.19415227435652582,213.3336232094103,3.370173911463796,1.0033301153664524,0.41440693286259034,1.3632243802283313,1,237389883.0,0.9056324733048303,1,0.001929662572105583,0.05987204644850358
2016-06-16,212.94580078125,214.54894495297305,210.92823511969212,213.9709417803116,9372207.0,-0.008429857058204,52.608870037921406,-0.06180515858656577,213.31841448673734,3.4028707342941766,1.0251409990615912,0.5780031726614538,2.0175656615578816,-1,228017676.0,0.7681772819586534,1,0.010447591331839649,0.051879526381946595
2016-06-17,212.6404266357422,213.45836414253748,211.59347478064808,213.0984698923467,10534878.0,-0.0014340463366145,51.87150806829253,0.01822960322789413,213.29182672787476,3.2930149219795495,0.45804325660452605,0.35989425019076293,1.0469518550941075,-1,217482798.0,0.8502907224863095,1,0.01189870095697206,0.05051792509074175
2016-06-20,215.97756958007807,216.50104544656173,211.13542145510613,212.0405878575636,10758608.0,0.0156938311173187,58.686171769856685,0.3469379893460314,213.39714997698078,3.4410584269421247,3.9369817225144743,0.5234758664836647,0.9051664024574677,1,228241406.0,0.853972108376954,1,0.002423751075176237,0.06276507861967838
2016-06-21,215.3014678955078,216.8391795232408,213.68741814271132,216.82827407680315,13933068.0,-0.0031304254691116,56.92749455476452,0.5465853028991319,213.47182911104068,3.420394352198364,1.526806181295342,0.010905446437647015,1.6140497527964897,-1,214308338.0,1.151855619765197,1,0.007142132577002615,0.046550638296534205
2016-06-22,213.8618927001953,215.0397099661644,213.12029326606088,214.8434119418388,12788710.0,-0.0066863231792324,53.26719046001099,0.581937338644849,213.48712572238006,3.3318786577161186,0.9815192416434968,0.19629802432558563,0.7415994341344287,-1,201519628.0,1.0515723270440251,1,0.013921539669618616,0.03712402214763814
2016-06-23,213.8509826660156,214.1890514784339,211.5716717435456,213.7419282103968,9837526.0,-5.101439083854409e-05,53.23925193453249,0.6021327218883243,213.50139462213048,3.280843020371274,0.10905445561880356,0.33806881241829956,2.1702564668511855,1,191682102.0,0.8494601238610184,1,0.01397326689815617,0.03605479862901841
2016-06-24,207.52560424804688,210.45925603008223,203.58863706279303,210.45925603008223,24985097.0,-0.0295784398047284,40.10541112705805,0.10650481249030008,213.2670499015782,3.7795217762892235,2.933651782035355,0.0,3.936967185253849,-1,166697005.0,2.0071979598753646,-1,0.04487916230356708,0.01897099492623644
2016-06-27,208.44171142578125,209.0415254626816,205.137274220309,205.137274220309,9163399.0,0.0044144296365444,42.324602997797726,-0.20994160733266654,213.07782094174303,3.788431023866607,3.3044372054722544,0.5998140369003409,0.0,1,175860404.0,0.7424179342862427,-1,0.04028688903012387,0.02328264496483101
2016-06-28,208.91067504882807,209.7286126048649,208.29995552325775,208.6053225660468,7604977.0,0.0022498549826668,43.479102807158846,-0.41806701353402786,212.91440345574637,3.6198757422766463,0.3053524827812737,0.8179375560368385,0.3053670427890438,1,183465381.0,0.633180584681303,-1,0.037951648342334006,0.025475184476768064
2016-06-29,210.8954925537109,211.34263032449985,209.39049757886252,209.826729905486,7523987.0,0.0095007950379697,48.20473025779257,-0.41803091243579615,212.83523047919596,3.535024280376299,1.0687626482249186,0.4471377707889417,0.4362323266234682,1,190989368.0,0.6458221735186238,1,0.028183091528218192,0.0346468072998619
2016-06-30,211.38624572753903,213.20751308827693,210.92820252639544,212.00787058623212,12758283.0,0.0023269969779138,49.332720235280625,-0.3740903417265429,212.77840754775843,3.447666869961279,0.6216248586930817,1.19964250204481,0.458043201143596,-1,203747651.0,1.0641787567790157,1,0.025796067179934636,0.03688796609215785
2016-07-01,212.3241729736328,213.05485237378144,211.57166812272652,212.17149673837935,6610193.0,0.0044370306254584,51.50637472364218,-0.2605804237704774,212.7605944272045,3.320591139695645,0.15267623525346607,0.730679400148631,0.5998286156528252,1,210357844.0,0.5700218744034778,1,0.021264684498117314,0.04114244642283193
2016-07-04,215.21420288085935,216.71919812114555,212.7713247169237,212.7713247169237,7803505.0,0.0136114031047489,57.54952441966095,0.061865121914252086,212.85681436656353,3.3973364259682945,2.44287816393566,1.5049952402862061,0.0,1,218161349.0,0.6905222246296072,1,0.007550508380160335,0.05401858084850529
2016-07-05,216.61013793945312,218.7476635564476,213.81827101440084,215.0833318473131,11359882.0,0.0064862589917753,60.13375685031353,0.4251450256643068,213.0040035262847,3.5067690056881853,1.5268060921400206,2.1375256169944805,1.265060832912269,1,229521231.0,1.028643500595673,1,0.009868077447012022,0.06011491890698056
2016-07-07,215.47592163085935,218.22416650709627,215.09421650471344,216.4792516675819,12029091.0,-0.0052362106380763,57.092564297795086,0.6144422814705308,213.10094149116998,3.4798533625949455,1.0033300367225593,1.7449148395143652,0.3817051261459028,-1,217492140.0,1.0967848554569033,1,0.01518379362680353,0.05516757732416579
2016-07-08,213.40382385253903,215.7158363243316,212.95668606846465,215.27961854475265,7140617.0,-0.0096163773782117,51.92591720124194,0.5904543567635585,213.11281923083152,3.4283745692572323,1.875794692213617,0.43621777957895347,0.44713778407438554,-1,210351523.0,0.6674781901885053,1,0.025040974465392607,0.04599349070955848
2016-07-11,216.4792633056641,217.01364468699455,214.9524572790044,216.152085385663,8266601.0,0.0144113605726676,58.00097087777935,0.8102657754701852,213.24483664553082,3.441335016771396,0.3271779200010769,0.5343813813304621,1.199628106658622,1,218618124.0,0.9158599602805367,1,0.010478602967068406,0.05954670228468847
2016-07-12,218.8567047119141,219.205678933113,216.1520671375869,217.0790590326584,9767494.0,0.0109823055102191,61.99879600456037,1.1629023464601005,213.46490990303604,3.413640500968161,1.7776456792556985,0.3489742211989153,0.9269918950714953,1,228385618.0,1.0749500658286948,1,0.001594532923532216,0.06976285085356997
2016-07-13,220.02362060546875,221.75762998033764,219.02029058025997,219.24930491731567,14915296.0,0.0053318718066723,63.81923728958619,1.5190194195538425,213.72211424430793,3.3770179843578316,0.7743156881530808,1.73400937486889,0.22901433705570184,1,243300914.0,1.5192568116332812,1,0.007881014638779155,0.07469645076037454
2016-07-14,219.1838836669922,221.1905438219378,217.73341577673185,219.8818612791514,10758372.0,-0.0038165763119692,61.53475304469851,1.7137301977453774,213.93630128049165,3.3827401315612695,0.6979776121592067,1.3086825427864142,1.4504678902603416,-1,232542542.0,1.0608857760568666,1,0.01174240674216616,0.0711514293080651
2016-07-15,220.77609252929688,222.6955088635105,218.87850164252225,220.07812957140325,13992989.0,0.0072642606548742,64.15479974021206,1.9737655007545527,214.20452838828794,3.413759209377482,0.6979629578936226,1.9194163342136221,1.1996279288810001,1,246535531.0,1.3632539210264911,1,0.008693950111282617,0.0778501660646208
2016-07-18,219.4783477783203,226.5670910735215,218.4968285799074,224.22234753064464,32106850.0,-0.0058781036302848,60.53549987288222,2.0514800115726644,214.41134483495588,3.746366586822955,4.743999752324328,2.34474354287687,0.9815191984129115,-1,214428681.0,2.5055935195982273,1,0.03229814406276213,0.07239762316589138
2016-07-19,221.99757385253903,223.1208638168102,217.08997796202544,219.4238160112936,16649300.0,0.0114782442082315,64.69888324056171,2.289952662589201,214.708844012116,3.9095465345345133,2.573757841245424,1.12328996427118,2.3338380492681665,1,231077981.0,1.2153972086532445,1,0.020583635855488037,0.08292404493561749
2016-07-20,223.13177490234372,224.2877812311067,221.72492877016592,222.46652817503784,12265316.0,0.0051090695727966,66.41667710590124,2.5411714596653496,215.03915502741904,3.813354100706389,0.6652467273058846,1.1560063287629703,0.7415994048719199,1,243343297.0,0.8894876122043578,1,0.01539590752003517,0.08758563341372595
2016-07-21,219.5001678466797,223.568015599518,219.20570625084096,223.34989212407987,6711097.0,-0.0162756158653489,56.87363050474213,2.419335236869614,215.21409670660574,3.852565189847149,3.8497242774001847,0.21812347543811939,0.294461595838726,-1,236632200.0,0.5062154300439697,1,0.03219552538920176,0.07248983424468644
2016-07-22,221.3541412353516,221.9975770649721,219.2275066120175,219.4238191864829,6899519.0,0.0084463415534463,60.030980481670696,2.444204047885279,215.45488276655655,3.775244137211967,1.9303220488687032,0.6434358296205005,0.19631257446539507,1,243531719.0,0.5213761990467158,1,0.023550270209886544,0.08025828689452731
2016-07-25,223.07725524902344,223.2953641637393,219.7182760423451,221.1687440052288,8241568.0,0.0077844218502323,62.759871530175516,2.5732903704510193,215.75379933449642,3.7610901360821254,1.908511243794635,0.21810891471585592,1.4504679628836925,1,251773287.0,0.6229086975755874,1,0.015644068332301888,0.08042048486156896
2016-07-26,223.36077880859372,225.70552225256145,221.4304713891485,223.131764466628,10516399.0,0.0012709657883041,63.20502628915805,2.667718395783652,216.05211225504928,3.7978016166057564,0.22901434196572268,2.3447434439677295,1.7012930774795052,1,262289686.0,0.790369708987084,1,0.014354858010570418,0.06742823590457732
2016-07-27,220.972412109375,223.78608947794288,220.0672311320429,223.1426537181549,11030767.0,-0.0106928652020211,57.021515233396684,2.5207741388184672,216.24506519051303,3.792162811555343,2.1702416087798895,0.643435759787991,0.905180977332094,-1,251258919.0,0.8539584340983896,1,0.02531844998540951,0.05241339595270274
2016-07-28,223.8624420166016,224.76762305228175,220.9615209085269,221.37594236968224,15610838.0,0.0130786910440028,61.88120655110905,2.6074637974556083,216.54378585035965,3.793158478141023,2.4864996469193557,0.9051810356801582,0.4144214611553423,1,266869757.0,1.1647737050864593,1,0.012081745524420496,0.05777762171131392
2016-07-29,221.3650665283203,223.5462140134488,220.73252152722608,223.3499014213819,9629597.0,-0.0111558485013579,55.98963186799565,2.446447521853088,216.7328556808679,3.7457843360863428,1.9848348930615884,0.19631259206690288,0.6325450010942291,-1,257240160.0,0.7426734607087818,1,0.023499753718076728,0.04424093900263561
2016-08-01,220.18722534179688,222.54287442689483,219.21661154877083,222.0412093617356,7978251.0,-0.005320808766241,53.40702344318325,2.19845658424407,216.8683211577671,3.7158185176604612,1.8539840199387356,0.5016650651592158,0.9706137930260468,-1,249261909.0,0.7559983425793185,1,0.02897473148962735,0.03367997672599524
2016-08-02,220.90701293945312,222.4774408028136,219.4892613161394,219.86006103054615,7710138.0,0.0032689798263223,54.77975669008998,2.036527007477474,217.02670122763715,3.6638443011614426,1.0469519089069763,1.5704278633604645,0.37079971440675763,1,256972047.0,0.7982047237344877,1,0.02562199388219385,0.035989472516961364
2016-08-03,216.79551696777344,221.2559602020233,216.26113563281416,221.2559602020233,11872282.0,-0.0186118852315774,46.37492354486131,1.558468235831441,217.01763517823073,3.758914320307706,4.460443234249851,0.0,0.5343813349592779,-1,245099765.0,1.2341190981464787,1,0.04507276830452455,0.017707150742786944
2016-08-04,216.58831787109372,218.11512389854363,214.49441412602044,217.89701499176812,10187608.0,-0.0009557351534648,45.99195461936892,1.149631740523688,217.00079920540185,3.749042566894526,1.3086971206743954,0.21810890677551242,2.093903745073277,-1,234912157.0,1.0220623988288087,1,0.04607253660082825,0.01676744082194914
2016-08-05,221.6595001220703,222.25931418807215,217.4716925456135,217.67889601132063,12109001.0,0.0234139232476737,55.64617945958923,1.220755785696383,217.18349335899669,3.886324977614805,3.980604110749681,0.5998140660018407,0.20720346570712422,1,247021158.0,1.1544866963700906,1,0.022140223851215644,0.03232474129060102
2016-08-08,224.49501037597656,225.5310568570508,222.1829830438909,222.45563375154575,13556347.0,0.0127921891565427,59.956393353185675,1.488762556035681,217.4702195165253,3.8852701031409254,2.0393766244308154,1.0360464810742371,0.272650707654833,1,260577505.0,1.2301448219796607,1,0.009229963258758838,0.0445470758267966
2016-08-09,224.81126403808597,225.64010703120877,222.69554933249137,224.0042464963683,13290768.0,0.0014087335909147,60.418402033534626,1.70700162771152,217.75810361541005,3.8180763599678165,0.8070175417176699,0.8288429931228052,1.3086971638769285,1,273868273.0,1.1764282157322878,1,0.0078102271385213345,0.04589116099768788
2016-08-10,218.9112243652344,225.65097805919208,218.55133015206025,224.93120419284915,13471958.0,-0.0262444130550861,49.04871235368914,1.387875209934208,217.8033240369718,4.05247432762239,6.019979827614748,0.7197738663429334,0.35989421317415804,-1,260396315.0,1.167244231402454,1,0.03497247219957053,0.02017626209903652
2016-08-11,221.19053649902344,223.0990475840764,218.02787013865404,218.54044060561063,14169454.0,0.0104120386718327,52.74811868117012,1.3038566173917445,217.93615589822872,4.125238836036674,2.6500958934128107,1.9085110850529645,0.5125704669565891,1,274565769.0,1.2432027878576328,1,0.024307344516621355,0.030273096123316995
2016-08-12,225.9236297607422,227.47226116073028,221.8230660402268,221.8230660402268,16365425.0,0.0213982629484676,59.34863549419548,1.6007400131449856,218.24939016734692,4.2792735378702575,4.100563720515396,1.5486313999880963,0.0,1,290931194.0,1.3557499769366947,1,0.006854667666361987,0.05058884565030015
2016-08-16,223.5462188720703,227.88670304421368,221.4959366970861,226.02182801910055,13367575.0,-0.0105230731782665,55.17919244402726,1.6254479017397045,218.45710894008118,4.430094452817208,2.475609147030241,1.8648750251131219,2.050282174984204,-1,277563619.0,1.0600726455163292,1,0.019416495586656774,0.040491871397878486
2016-08-17,221.0160675048828,224.39684303904727,219.68555944665837,223.37170202107345,15486572.0,-0.0113182472061199,51.067340323932065,1.4244468746038876,218.55746025634792,4.450179391358043,2.3556345161906336,1.025141017973823,1.3305080582244386,-1,262077047.0,1.1567762316735684,1,0.03108658848605689,0.029507598485880616
2016-08-18,222.05210876464844,223.2735477770104,221.60497094047827,221.60497094047827,7749690.0,0.0046876286935235,52.62414608033669,1.3333815905943993,218.69450529588912,4.293558025698725,0.44713782417017,1.2214390123619694,0.0,1,269826737.0,0.5972583680747376,1,0.026275788651704657,0.034035680546669986
2016-08-19,221.3650665283203,222.91368357236288,219.6637586771128,222.04121875430812,8177802.0,-0.0030940585980037,51.45503822010305,1.192032125972844,218.799233187357,4.21901280209525,0.6761522259878063,0.8724648180547661,1.7013078512075026,-1,261648935.0,0.6401681567858466,1,0.029461001314130195,0.031037654269721333
2016-08-22,220.6997833251953,222.41199645301,219.68554780668345,220.73249966063076,6684236.0,-0.0030053667164321,50.289950742256856,1.014632806991898,218.87376456531146,4.1124010766832,0.03271633543545249,1.6794967923792399,1.0142355185118674,-1,254964699.0,0.5464556453304991,1,0.032564235500080335,0.02811678881456544
2016-08-23,220.3944396972656,221.3868643652759,219.2057024487653,220.73250851031895,7320433.0,-0.0013835248196858,49.73334803761041,0.8397240732888918,218.9333988842116,3.974455422385158,0.33806881305335423,0.6543558549569468,1.1887372485003027,-1,247644266.0,0.6306156306085237,1,0.033994792959565916,0.02677030137125711
2016-08-24,222.5864715576172,222.9027440097572,220.51437885188764,220.66705507567644,8719596.0,0.0099459490146962,53.69549039465415,0.8679807514323272,219.07665663610987,3.8697303431070478,1.9194164819407433,0.3162724521400264,0.1526762237888022,1,256363862.0,0.7819371958581846,1,0.023812010898535255,0.03635466870457169
2016-08-25,220.8851776123047,224.44045444299567,220.0781455984644,222.7391468592255,14960746.0,-0.0076432944617306,50.376576799374696,0.7445118996231201,219.1475790273332,3.9049145217802064,1.8539692469208262,1.7013075837701592,0.8070320138402849,-1,241403116.0,1.3239419087860307,1,0.0316975792925227,0.02893251396660596
2016-08-26,224.20054626464844,224.83307668011065,221.2996103261385,222.019398867878,9639663.0,0.0150094664032316,56.07444668501503,0.9037664307331283,219.34573460526713,3.907984846496332,2.1811473967704273,0.6325304154622131,0.7197885417395185,1,251042779.0,0.8886796853941806,1,0.016441337191097045,0.043292187732543626
2016-08-29,230.64585876464844,231.14752384106325,223.8079402769915,224.05878009520293,16193208.0,0.0287479785726831,64.5874032419925,1.5323951496285986,219.78887672916443,4.153099040608862,6.5870786694455035,0.5016650764148096,0.250839818211432,1,267235987.0,1.4952243417586308,1,0.0021750448028928617,0.07002703072639585
2016-08-30,232.5979766845703,233.05600538709731,229.6752299845935,231.63826837830905,18170724.0,0.0084637024500571,66.69286430965867,2.1631718415247576,220.29119437447446,4.097933066458501,0.9597083062612626,0.45802870252700245,1.96303839371555,1,285406711.0,1.6065689695919645,1,0.0019691860997920123,0.07783198640244574
2016-08-31,231.20204162597656,234.25565374375373,228.366538419466,232.27080441119784,23295502.0,-0.0060014926977924,63.772951983951764,2.521361930598033,220.71907073727846,4.2258746563034455,1.0687627852212813,1.984849332555882,2.835503206510566,-1,262111209.0,1.9266556724086026,1,0.013207548239202385,0.07226418669340566
2016-09-01,224.48410034179688,233.98300561180892,223.7206900239731,229.6752380869712,42621045.0,-0.0290565828784831,51.978675091208906,2.2373575739476905,220.86671895706348,4.657049008555758,5.191137745174331,4.307767524837715,0.7634103178237694,-1,219490164.0,2.735924799988548,1,0.04352893317200995,0.04450064035967915
2016-09-02,221.0269470214844,225.21475416788323,218.61677099941397,224.8984817190122,28124615.0,-0.0154004373363132,47.14641205317594,1.7135657752485827,220.87300241057017,4.795687162835293,3.8715346975278067,0.31627244887101824,2.4101760220704307,-1,191365549.0,1.600446829247507,1,0.05985110368005697,0.016085163025507998
2016-09-06,222.45562744140625,223.5680120122679,221.38686465293077,222.45562744140625,11510431.0,0.0064638291356529,49.246291105954356,1.3976285787088898,220.93506613726962,4.63464272197445,0.0,1.11238457086165,1.0687627884754818,-1,202875980.0,0.6374993552553011,1,0.05304440457661853,0.01990400222137991
2016-09-07,221.96485900878903,224.0151409394907,220.96152893376455,222.91366185799777,12927438.0,-0.0022061407852963,48.53297354136128,1.0950224263540917,220.97545017144688,4.521711956528142,0.9488028492087324,1.1014790814929256,1.0033300750244791,-1,189948542.0,0.6944151212715947,1,0.05537270534557012,0.017736991736962766
2016-09-08,225.4001617431641,225.95636856686409,222.52105141816577,223.1426763528808,12206479.0,0.0154767865044753,53.59944545496768,1.1195001897715144,221.14896827229853,4.483840356638636,2.2574853902832785,0.5562068236999949,0.6216249347150438,1,202155021.0,0.6436324065448382,1,0.03928786888218905,0.03270757016097678
2016-09-09,227.8321533203125,228.99906509661955,224.65858135296872,225.7491550115744,15269894.0,0.0107896620762837,56.8387536800041,1.3199251138195223,221.41105396045594,4.473600598568078,2.082998308738098,1.166911776307046,1.0905736586056776,1,217424915.0,0.8038520986310315,1,0.02819400304052051,0.043032921555521096
2016-09-12,228.2574920654297,230.32958503603757,224.4732004005852,224.7458365493452,33684893.0,0.0018668951634723,57.39890762702466,1.4958414628828507,221.67954172927847,4.572370886916956,3.5116555160844882,2.0720929706078834,0.2726361487600002,1,251109808.0,1.5740293150935818,1,0.026278049513505885,0.042236164862672794
2016-09-14,227.8757476806641,230.98388660167768,227.03601392699005,228.58463066546008,18604842.0,-0.0016724287177228,56.6878160330493,1.586168492419688,221.92253019796027,4.527763871757719,0.7088829847959914,2.3992559362175996,0.8397337536740395,-1,232504966.0,0.8596801427629175,1,0.02799730172264834,0.040631689749737104
2016-09-15,232.2926177978516,233.42681326863752,228.3665408728151,228.3665408728151,31371009.0,0.0193828003293141,62.47964248123878,1.991204453770706,222.32920029991678,4.600856851487412,3.926076925036483,1.1341954707859259,0.0,1,263875975.0,1.3662370557666528,1,0.00845070310245688,0.058873359507010996
2016-09-16,234.5937042236328,238.5852134679504,231.00571099363268,232.72882949801365,39324529.0,0.0099059817207955,65.09816718711215,2.4694109821989514,222.81016123810173,4.81361725311815,1.8648747256191598,3.991509244317598,1.7231185043809774,1,303200504.0,1.6008671450599428,1,0.0170145625072384,0.06810469734084762
2016-09-19,236.0877990722656,237.309252587056,233.60129938288492,233.9393681764375,16678060.0,0.006368861660535,66.72212668369625,2.9351198344801332,223.33085291787287,4.73464124962193,2.148430895828085,1.2214535147903973,0.3380687935525941,1,319878564.0,0.7591212449907759,1,0.010578328933128664,0.07400224891547151
2016-09-20,234.2992706298828,236.60037783568936,233.17598064031816,236.43679615565773,11531268.0,-0.0075756919646463,62.94640267869455,3.1238681497299865,223.76098694579483,4.641052388604021,2.137525525774919,0.16358168003162632,1.123289989564654,-1,308347296.0,0.5677383529775707,1,0.018292600000612055,0.06693362547953521
2016-09-21,233.87391662597656,236.6330667764492,233.1650482012322,234.25562172853373,10943394.0,-0.0018154303372893,62.047129965099195,3.202216873335118,224.157572423449,4.557264259076377,0.38170510255716295,2.3774450479154723,0.7088684247443666,-1,297403902.0,0.5403029733032004,1,0.020144601458521778,0.06523662769526632
2016-09-22,237.51646423339844,239.01055392355445,235.34622237280945,236.2186871191797,18761415.0,0.0155748347655511,66.46540692171364,3.5176822992777943,224.6814505336431,4.598648047540771,1.2977771142187464,1.4940896901560166,0.8724647463702411,1,316165317.0,0.900364463177566,1,0.006290467883893014,0.079572139535609
2016-09-23,240.537353515625,241.987821385665,237.5273633251676,237.5273633251676,31085948.0,0.012718652123661,69.62373301888591,3.965736894262051,225.30325065058358,4.589555840735471,3.009990190457387,1.4504678700400007,0.0,1,347251265.0,1.367886890464472,1,0.006030114860916104,0.09113171902752765
2016-09-26,241.4970550537109,246.37193444948912,239.98115455578508,240.6682121339794,38213411.0,0.0039898233021158,70.57195793326551,4.348140623920244,225.93830180364742,4.718214701661798,0.8288429197314997,4.874879395778208,0.6870575781943273,1,385464676.0,1.5273221028517532,1,0.020186082164413952,0.09474353237644316
2016-09-27,242.21681213378903,245.58669624219195,241.36617294371084,243.6345635305932,19374535.0,0.0029803969241697,71.29565862123884,4.655609744725126,226.57667475777063,4.68266531572032,1.4177513968041637,1.9521327115987503,0.8506391900781978,-1,404839211.0,0.8213432324998788,1,0.01715455784879619,0.09743353868161522
2016-09-28,237.88726806640625,241.67155958150352,236.9384651862504,241.6497486904658,24820234.0,-0.0178746637330499,61.49844351165033,4.498072238616089,227.02022743654064,4.725214003707342,3.762480624059549,0.02181089103771683,0.9488028801558528,-1,380018977.0,1.0251897612694667,1,0.035666752794497485,0.08100684506416256
2016-09-29,233.9175567626953,242.27136053832743,232.81607770486465,238.8360580256888,21260295.0,-0.0166873634557137,54.15083275910106,4.00671320830736,227.2907109395271,5.063076062975587,4.918501262993487,3.4353025126386285,1.1014790578306588,-1,358758682.0,0.9164193248877341,1,0.053242594780641125,0.06541101905746939
2016-09-30,236.37136840820312,238.7379228953342,232.5761568723433,232.94695658148063,11199883.0,0.0104900704310841,57.528714246336904,3.7718304160169964,227.646815153985,5.141553917262397,3.4244118267224906,2.366554487131083,0.3707997091373443,1,369958565.0,0.549368153069183,1,0.04230870307445802,0.07511314728325189
2016-10-03,237.89816284179688,241.6606432971029,234.7464018681628,237.09113078958296,18125170.0,0.0064593036114131,59.52675792928452,3.666617181249819,228.04882878880113,5.268174453810805,0.8070320522139127,3.7624804553060187,2.3447289214201703,1,388083735.0,0.8827957617024755,1,0.035619323438522435,0.08104893124040263
2016-10-04,239.1305389404297,241.73701344798764,238.18173597709117,238.41076491307388,13113580.0,0.0051802674048069,61.11683635638468,3.6407095529755793,228.48340565749245,5.166079893266516,0.7197740273558111,2.606474507557948,0.22902893598271135,1,401197315.0,0.6338190101671664,1,0.030282186211537578,0.0759794632972046
2016-10-05,237.61459350585935,241.3443719788048,236.82938694734855,240.7990851976149,10789932.0,-0.0063394054196814,58.093390068771974,3.457991865923475,228.84149145546763,5.119573117422924,3.1844916917555395,0.5452867811899011,0.7852065585107937,-1,390407383.0,0.5218971756154386,1,0.03685523188799354,0.07008435099203679
2016-10-06,242.28228759765625,245.65215753884016,238.18170914494164,238.18170914494164,21111045.0,0.0196439706119386,63.99893806460536,3.6477813336365728,229.36858150025935,5.328001039962773,4.100578452714615,3.3698699411839073,0.0,1,411518428.0,1.0096435893988422,1,0.016879677389476776,0.08156285948689236
2016-10-07,241.88967895507807,244.95418189401312,241.34439212836293,242.9802526085085,15280380.0,-0.0016204595328491,63.19229032147623,3.7235874199452894,229.8596049298601,5.205271663226161,1.0905736534304253,1.9739292855046244,0.5452868267151416,-1,396238048.0,0.7905479512189204,1,0.0185301643037174,0.07200174323158007
2016-10-10,239.1305389404297,244.7252077021864,238.6179683960981,242.9802780261587,11553662.0,-0.0114066049720163,57.6892277828373,3.5204432707856483,230.2231709694903,5.269697923430599,3.8497390857289986,1.7449296760277093,0.5125705443315951,-1,384684386.0,0.6933776048541357,1,0.030282186211537578,0.061294298105085646
2016-10-13,230.5803985595703,237.53826156261627,229.4570940747469,237.52735611790945,21938040.0,-0.0357551169279525,44.69887063147565,2.639103257206955,230.23717989459146,5.584251276448613,6.946957558339136,0.010905444706821754,1.1233044848234215,-1,362746346.0,1.296634081066883,1,0.06848602911855524,0.015371578220533656
2016-10-14,235.0517578125,236.00056066416192,231.5619134312173,231.8563750113909,15265659.0,0.0193917578461229,50.922704491239706,2.2752090757797987,230.42598687176434,5.572530621315971,3.1953828011091048,0.9488028516619238,0.29446158017358925,1,378012005.0,0.9562693626790263,1,0.04816035728615646,0.028441467538471536
2016-10-17,231.3438262939453,235.7388521596413,230.92940477767496,235.56435046015423,9826781.0,-0.0157749576223654,46.27199669382038,1.668389079440459,230.46198057459497,5.518024675648141,4.220524166208918,0.17450169948708094,0.41442151627035173,-1,368185224.0,0.6630571541689539,1,0.06496005705572233,0.008155533041115784
2016-10-18,235.8042907714844,236.16418506572515,231.64919917800785,232.51074401087524,11073137.0,0.019280672188207,51.95629836133631,1.5297678545401823,230.67148293525733,5.468191396800405,3.2935467606091606,0.35989429424074615,0.8615448328673949,1,379258361.0,0.7477939271564397,1,0.04481531546109868,0.026917223074997044
2016-10-19,237.16744995117188,238.77060848245097,235.86967297633376,236.53491962999013,17073242.0,0.0057808921764215,53.57288607887543,1.5124702726755572,230.926226739803,5.289486133526559,0.632530321181747,1.6031585312790924,0.6652466536563679,1,396331603.0,1.161243925524789,1,0.03881006647502541,0.032510177421110675
2016-10-20,237.21109008789065,239.4903861934927,236.44767986457512,238.60701608251512,10125508.0,0.0001840055906816,53.626682723735044,1.4851631721759873,231.1726919691398,5.129001861768775,1.3959259946244629,0.8833701109775802,0.7634102233155318,-1,406457111.0,0.702977767174975,1,0.03861895478075759,0.03268816820609347
2016-10-21,232.1181182861328,239.27229411104636,230.85304297465063,239.27229411104636,43608816.0,-0.0214702095077881,46.809740822345134,1.040566830935802,231.20976751098266,5.364019667099272,7.154175824913551,0.0,1.2650753114821782,-1,362848295.0,2.465777209934372,1,0.06140759828918472,0.011464095224594522
2016-10-24,231.92181396484372,234.2556520990478,231.34381079403795,233.3831873400921,10513017.0,-0.0008457087397506,46.56404226515825,0.664718448711028,231.23769090133015,5.188864069807171,1.461373375248371,0.8724647589557151,0.578003170805772,-1,352335278.0,0.6323305764294079,1,0.06230599975746931,0.01062737414804133
2016-10-25,231.38742065429688,232.34712892770003,229.93695279926723,232.2926017030756,7658966.0,-0.0023041959762692,45.858373566330016,0.3200455381641234,231.24356265634847,4.990386359709001,0.9051810487787293,0.05452722462442239,1.4504678550296433,-1,344676312.0,0.48279873573871507,1,0.06475941411516824,0.00834240069789264
2016-10-26,229.9042205810547,231.08205223158907,229.47889369836216,230.34045290791863,10945927.0,-0.006410028985362,43.87112427026188,-0.07196253763027016,231.19103943770952,4.770253545153695,0.4362323268639443,0.7415993236704423,0.4253268826925307,-1,333730385.0,0.6926526497244403,1,0.06849781582079917,0.0019448381816468577
2016-10-27,228.73733520507807,229.87153064918292,227.58132887012545,229.2608111454348,12842476.0,-0.0050755282918574,42.31742804487577,-0.47135615934047337,231.0948157423122,4.595441985566233,0.5234759403567182,0.610719503748129,1.1560063349526217,-1,320887909.0,0.8622958232595159,1,0.07394867269305572,0.005053859414407298
2016-10-28,230.10055541992188,230.7658021388114,227.66856833413595,229.0208872223772,8127969.0,0.0059597625967862,44.77792358944125,-0.6701528981362515,231.05582514143413,4.488427115502606,1.0796681975446631,0.6652467188895343,1.352318888241257,1,329015878.0,0.5732163268909464,1,0.06758611290849513,0.0109483723113965
2016-11-01,229.23898315429688,230.31865129074316,228.4537620223326,229.30441582195957,10223897.0,-0.0037443293609294,43.51457531347162,-0.8869976702553117,230.98457643605622,4.301031554996031,0.06543266766269085,1.0142354687835962,0.7852211319642777,-1,318791981.0,0.7190157205749047,1,0.07159853075031244,0.007231118640304252
2016-11-02,223.29534912109372,227.46136015158623,222.6955350860248,227.05784412653767,7039997.0,-0.0259276757880336,35.97416617112775,-1.520918110658215,230.68303810997926,4.461204163087178,3.7624950054439523,0.4035160250485603,0.5998140350689312,-1,311751984.0,0.5095546052953241,1,0.10012214094805115,0.002686191348945876
2016-11-03,223.33897399902344,225.6946229519764,222.6082946138057,223.31716310871863,7311872.0,0.0001953685023059,36.06174271540344,-1.9967669770004477,230.39503559582414,4.362998747021716,0.021810890304806207,2.3556489529529756,0.7088684949129345,1,319063856.0,0.5694673327235388,1,0.09990725371521715,0.0032716161095149277
2016-11-04,219.32568359375,223.98244003939425,218.1151354171956,222.53197205271655,11535892.0,-0.0179695031879701,31.758083340805243,-2.6669763835069205,229.96094336044868,4.470449166677211,3.2062884589665543,1.450467986677694,1.210548176554397,-1,307527964.0,0.8886831572912501,-1,0.12003370291029777,0.005519409112143278
2016-11-07,218.3659820556641,221.7249468623807,217.9079387529285,221.1687545433464,9506040.0,-0.004375691539453,30.811150068373777,-3.238233717756657,229.50623899555515,4.423774805446855,2.8027724876823186,0.5561923190342952,0.4580433027356037,-1,298021924.0,0.9932537913772287,-1,0.12495616407971684,0.0020975945906210017
2016-11-08,218.87852478027344,219.35837891455245,217.74431483379163,219.35837891455245,13432073.0,0.0023471729423436,31.977677918357344,-3.608010457809627,229.08946588907352,4.223081182254995,0.4798541342790088,0.0,1.1342099464818034,-1,311453997.0,1.3619323857984278,-1,0.1191330083201007,0.005181915163309913
2016-11-09,219.11843872070312,220.0781469636534,202.8470494888762,207.20935836046775,21640144.0,0.0010961054341467,32.55092924006149,-3.837466216645197,228.6984452158041,5.15222520314944,11.909080360235379,0.9597082429502848,4.3623088715915515,1,333094141.0,1.921752734818439,-1,0.11686268454168137,0.07425842081946867
2016-11-10,220.38351440429688,224.42955083103493,219.6419150514683,222.17205099875463,9764091.0,0.005773478904741,35.631374898046474,-3.872589719985882,228.3723694977058,5.16357426794818,1.788536594457753,2.2574998322803026,0.7415993528285867,-1,342858232.0,0.8762969808125867,-1,0.08669828068057749,0.0795724896339105
2016-11-11,218.4968414306641,221.9321588271553,217.0463734383674,217.64618752600697,14775330.0,-0.0085608625433374,33.19640582395685,-4.006479884659569,227.98509388723355,5.143732205151017,0.850653904657122,3.4353173964912003,0.5998140876395723,1,328082902.0,1.3034298936447015,-1,0.09608168532491357,0.07162479713352775
2016-11-15,214.9306182861328,218.1150952670789,213.6546376689698,217.3516996335668,14487470.0,-0.0163216233295662,29.142413234479335,-4.350206733074117,227.47315366758255,5.1221944591898225,2.421081347433983,0.7633956335121184,1.2759806171630146,-1,313595432.0,1.2101450484738125,-1,0.11426835368176329,0.05622078833444756
2016-11-16,215.1814727783203,217.41716188356813,213.9055065475265,217.02455128947497,16550762.0,0.0011671417231655,29.791910152171695,-4.549922204870285,226.99112696604286,5.007155950393523,1.8430785111546584,0.39261059409315635,1.2759662307938129,-1,330146194.0,1.3130974263674056,-1,0.1129693607042805,0.057321028293876516
2016-11-17,213.26205444335935,217.7115923036797,212.53136053786145,215.0614964756934,12628378.0,-0.0089199981307792,27.699731634742065,-4.807659467842825,226.4527319651533,5.019518508638147,1.799442032334042,2.65009582798632,0.7306939054979011,-1,317517816.0,0.9593695310622371,-1,0.12298639726880892,0.04883665301671982
2016-11-18,215.388671875,216.5228672160478,214.18902930734805,214.8433850933422,18163751.0,0.0099718510036459,33.28956159889091,-4.78515753439595,226.01884725573555,4.893896670356027,0.5452867816578078,1.134195341047814,0.6543557859941416,1,335681567.0,1.2747929448970636,-1,0.11189870901140073,0.058227864431989663
2016-11-21,216.2611389160156,216.70826214266268,214.4507768802984,215.39957967636647,13232434.0,0.0040506635442831,35.4930439709467,-4.643397594270851,225.63619202672692,4.7055815697851875,0.8615592396491252,0.44712322664707926,0.9488027960680654,1,348914001.0,0.9177688021594991,-1,0.10640448538452896,0.06202727634921374
2016-11-22,218.4314117431641,219.81643251865887,216.6537657878323,217.613474165188,17646355.0,0.0100354267901605,40.736893100850324,-4.306288725120879,225.35365162344993,4.623418143560765,0.817937577976096,1.3850207754947803,0.959708377355696,1,366560356.0,1.158499455766996,-1,0.07244489347754693,0.07134670846980695
2016-11-23,220.0781707763672,220.4053487091396,218.01698328791883,219.205705995646,13107911.0,0.007539021151131,44.428346286261586,-3.8617321813989065,225.14677002160357,4.463771520536478,0.8724647807211738,0.3271779327724005,1.1887227077271803,1,379668267.0,0.8623817083939745,-1,0.055748183057191814,0.0782954585032444
2016-11-24,215.35597229003903,219.32567085243767,214.2326823060655,219.32567085243767,18913793.0,-0.0214569144666628,37.26089017910295,-3.846124145410414,224.76281716938536,4.562465588376851,3.9696985623986336,0.0,1.1232899839735353,-1,360754474.0,1.2670836842767255,-1,0.0730236536944995,0.05808486603898758
2016-11-25,216.7409820556641,217.2208361838988,214.7016202106744,215.93396458545544,10454964.0,0.0064312577491916,40.30283866767888,-3.679580043085707,224.4482354002198,4.416519187294532,0.807017470208649,0.47985412823470597,1.2323443747810359,1,371209438.0,0.6971781784439259,-1,0.06470774447051929,0.06410385537156796
2016-11-28,215.20327758789065,218.24598412611937,214.6470853286452,216.5883127934661,8312777.0,-0.0070946641156148,38.09442873188212,-3.629830119399145,224.08568803503044,4.358117730878791,1.3850352055754342,1.6576713326532797,0.5561922592454493,-1,362896661.0,0.5792932676448853,-1,0.07231546250295794,0.05741654233852494
2016-11-29,217.61346435546875,219.0530268566088,215.50865511183505,215.71585857851105,9885281.0,0.0111995820630277,43.33547301315196,-3.357221062465868,223.8318753417143,4.321805697867316,1.897605776957704,1.4395625011400455,0.20720346667599188,1,372781942.0,0.7117017124258781,-1,0.05838419498951892,0.06785616372740526
2016-11-30,215.94485473632807,218.1041908804506,215.20325542703023,218.1041908804506,27596098.0,-0.007667768279333,40.76248661096965,-3.238487998162242,223.5225804160129,4.220314966121106,2.159336144122534,0.0,0.7415993092978397,-1,345185844.0,1.8404546747229336,-1,0.053330770160372624,0.06065347221837951
2016-12-01,217.6243438720703,221.38683864085692,217.0245298747291,218.1151034262596,12627845.0,0.007777398251942,44.344360308255744,-2.9745813301368003,223.2912770221328,4.30757703315023,0.49075955418928174,3.271735214597328,0.5998139973412151,-1,357813689.0,0.8421864198787405,-1,0.03708353089693948,0.06790276363512392
2016-12-02,216.9700164794922,219.2056909465968,216.3265806638875,217.2208417147253,12481430.0,-0.0030066828964813,43.24719028946088,-2.7861155408622835,223.04338445183316,4.20554369383302,0.2508252352331226,1.9848492318714932,0.6434358156046756,-1,345332259.0,0.8652104680024983,-1,0.034380484790384906,0.06509179111368543
2016-12-05,216.77371215820312,218.04967830725417,215.1705535483605,217.02453738613377,3987213.0,-0.0009047532210867,42.90422118333436,-2.6223661584752165,222.79751495012218,4.110799484194496,0.25082522793064754,1.0251409211203963,1.6031586098426374,-1,341345046.0,0.2953192138689189,-1,0.035317191354109004,0.06424516391158695
2016-12-06,219.24932861328125,219.54379020989808,216.93731586357904,217.2426683459884,6726369.0,0.0114202798412723,48.455783636847904,-2.2667028948498,222.65837038789314,4.015033667587386,2.006660267292858,0.29446159661682714,0.3053524824093472,1,348071415.0,0.5420396063519141,-1,0.023627083606220373,0.07481108028082449
2016-12-07,217.92971801757807,219.77278184728613,217.31899855589973,218.98757527084425,4930865.0,-0.0060187668717138,45.89415749376015,-2.067486050414743,222.47293304003765,3.90351578357303,1.057857253266178,0.7852065764418796,0.6107194616783431,-1,343140550.0,0.4253802743670052,-1,0.02982536238096995,0.06920886543562321
2016-12-08,222.4883270263672,222.87003215351368,219.0639154468369,219.21659167369296,8750556.0,0.0209177942790774,54.786385437431214,-1.5241936610489404,222.47353672577606,3.977572808741786,3.271735352674227,0.3817051271464891,0.15267622685607307,1,351891106.0,0.8274491567637382,1,0.008725059110349136,0.04475275903946969
2016-12-09,224.42958068847656,225.06211111944657,222.54288028160957,222.91368000735392,8239158.0,0.0087251933081384,57.95531206130732,-0.9263096603114604,222.55024433215647,3.877302186194471,1.5159006811226448,0.6325304309700073,0.37079972574434805,1,360130264.0,0.7957648850863752,1,0.0028183915374685045,0.05301538288364336
2016-12-12,224.04786682128903,227.21053341340277,222.5864934271383,222.5864934271383,9023848.0,-0.0017008179849399,57.10773686620478,-0.47777589802427656,222.60897462584796,3.930640600485186,1.4613733941507405,3.1626665921137374,0.0,1,351106416.0,0.8656080318267486,1,0.014116030815131245,0.05140199032831537
2016-12-13,226.7960968017578,227.05784203938563,224.1241900010077,224.22233900511569,10365823.0,0.0122662626494045,61.476066772691375,0.09831620361160276,222.7731754954915,3.8648787874574295,2.573757796642127,0.26174523762782087,0.0981490041079951,1,361472239.0,0.9897738648927966,1,0.0018273533693448766,0.06289674498395427
2016-12-14,231.09298706054688,232.1726552908185,226.44713621270844,226.79611047056923,24139260.0,0.0189460503041416,67.11525753059573,0.8913218742142135,223.09944261568975,3.997781665361189,4.296876589977643,1.0796682302716363,0.34897425786078884,1,385611499.0,2.383597887072196,1,0.0046720077662450255,0.08032102903158304
2016-12-15,229.6643218994141,232.85970469511807,228.72642449453,229.5443620025121,19331986.0,-0.0061822090722229,63.77267839985512,1.3884975078528043,223.3568888621103,4.00746013216311,0.11995989690200304,3.1953827957039778,0.8179375079820943,1,366279513.0,1.7903881462808557,1,0.013913274684012334,0.0673822231684891
2016-12-16,230.5803985595703,231.6382558161464,229.4570940747469,229.4570940747469,14942206.0,0.0039887634813275,64.9771537629457,1.8352765839313463,223.64016375220677,3.8770102471085663,1.1233044848234215,1.057857256576085,0.0,1,381221719.0,1.3530037555070622,1,0.009885081948797564,0.07089811777422785
2016-12-19,231.75823974609372,232.71794809985008,229.9696883886366,230.11147374453796,15009634.0,0.0051081583425189,66.51852034509213,2.2583611788274425,223.95851967353568,3.7963852088303454,1.6467660015557612,0.9597083537563549,0.1417853559013622,1,396231353.0,1.2357706615539696,1,0.00475264633624709,0.07561999719720264
2016-12-20,230.74398803710935,231.42014019181653,229.7079416348936,230.04602499225055,11688169.0,-0.0043763350554247,63.91015704389516,2.4831924353218824,224.2246164721072,3.6716647018567588,0.6979630448587955,0.6761521547071823,0.3380833573569646,1,384543184.0,0.9245396184770938,1,0.00916910848255107,0.07155681875615508
2016-12-21,231.91087341308597,232.79424348380545,230.59128558892985,231.2238158914181,20367894.0,0.005057056462892,65.58230394517213,2.7241286641595934,224.52603831292987,3.5667570727866758,0.6870575216678674,0.8833700707194794,0.6325303024882487,1,404911078.0,1.4357891221405121,1,0.004091361772166752,0.07622838397719969
2016-12-22,229.75157165527344,231.78004275215315,229.2280957128531,230.7658072037133,28892834.0,-0.0093109121018499,60.03871933277627,2.7096001714387796,224.7309611891002,3.5036156890328316,1.0142355484398706,1.0142355484398422,0.5234759424203332,-1,376018244.0,1.7834993320897676,1,0.013528234072357828,0.06574268988806521
2016-12-23,230.61312866210935,233.15417023054383,229.4571077741469,229.4571077741469,10265033.0,0.0037499504383309,61.43928803988195,2.736067009066744,224.96163442333588,3.5174333152731245,1.1560208879624554,2.54104156843448,0.0,1,386283277.0,0.625814810244872,1,0.011018633601548216,0.06923301993295157
2016-12-26,228.4646759033203,232.51071248324985,227.8539564225776,229.9696709951541,15321770.0,-0.0093162638712427,56.1539607248726,2.5542363397372014,225.09900859902157,3.5988135113730624,1.5049950918337913,2.5410414880957433,0.6107194807427163,-1,370961507.0,0.8995629046182048,1,0.020526124262675832,0.05818896204586794
2016-12-27,232.2271728515625,232.75064877657007,228.3665288046274,228.55193593140527,17442849.0,0.0164686156989728,62.27457348111745,2.682810513885954,225.37854445206239,3.6549068299851784,3.675236920157232,0.523475925007574,0.18540712677787496,1,388404356.0,0.9832405997836491,1,0.003991769643485497,0.0734479910070836
2016-12-28,228.9554443359375,233.2850372135143,228.38834661333428,232.9251429541673,9637310.0,-0.0140884827363259,55.075028471817305,2.4919793383812703,225.51881503574376,3.743605670713382,3.9696986182298133,0.35989425934698716,0.5670977226032221,-1,378767046.0,0.5916101065511575,1,0.018910198401852176,0.06020774403316207
2016-12-29,232.3907470703125,233.1214409888572,228.91180827367563,229.02087728122407,8772325.0,0.0150042413026636,60.26896467391703,2.588110352470153,225.78830256651116,3.776893316746823,3.369869789088426,0.7306939185446879,0.10906900754844173,1,387539371.0,0.5758384940257066,1,0.0038482175150081283,0.0741001685266834
2016-12-30,236.0877990722656,236.65491132985088,231.87818084023584,232.24898052865493,15711974.0,0.0159087745470112,64.96361564655436,2.928854066200188,226.19220439026626,3.848310257665981,3.838818543610671,0.5671122575852792,0.3707996884190834,1,403251345.0,1.0261900166385178,1,0.002402124378361832,0.08859943464296695
2017-01-02,236.6767120361328,237.74547471558395,233.89573633265823,236.4367776974772,7097888.0,0.002494465898625,65.65969352678133,3.2094200718960337,226.60336155284926,3.8484122666131055,0.23993433865561542,1.0687626794511402,2.541041364818966,1,410349233.0,0.4888418401994198,1,0.00451570697537819,0.08340235928890294
2017-01-03,237.61459350585935,239.27227929828217,235.80424605151097,237.7127570656784,6434204.0,0.0039627112513858,66.79124085508653,3.4674789107311312,227.03517457061437,3.821242336624398,0.09816355981905645,1.5595222326037685,1.8103474543483742,-1,416783437.0,0.4597696418471604,1,0.006976363564058401,0.08541392450063953
2017-01-04,232.76156616210935,238.39984173028455,232.13994119927543,238.37803083895733,10392483.0,-0.0204239448097295,56.429671360370676,3.243010248086449,227.25973894675144,3.995432207651878,5.616464676847983,0.02181089132722036,0.6216249628339199,-1,406390954.0,0.7996144763195623,1,0.0279715987631668,0.05884842133143485
2017-01-05,234.9972381591797,235.542524996326,233.11055240025692,233.6013120096893,8734164.0,0.0096049877732531,59.54336461484537,3.2085313099050836,227.5631702884153,3.9086841095493616,1.3959261494903785,0.5452868371463069,0.49075960943238783,1,415125118.0,0.7953887624077953,1,0.018191878222018534,0.05299789042258416
2017-01-06,234.46282958984372,236.65489668988587,234.0593135915271,234.2992479256636,7845839.0,-0.0022741057449107,58.46776292172054,3.102322554403969,227.83374516298113,3.814891180178606,0.16358166418012843,2.192067100042152,0.23993433413650678,1,407279279.0,0.7305875886619195,1,0.020512631860887438,0.05065338579885448
2017-01-09,235.0626373291016,236.87299927120247,233.6012787146411,234.9099611132635,5228980.0,0.0025582210208205,59.355217720269266,3.0316043741156022,228.11723113027998,3.776093278491661,0.15267621583808477,1.810361942100883,1.308682398622409,1,412508259.0,0.537418974709618,1,0.017908596691556866,0.04653418106927571
2017-01-10,237.71278381347656,238.70519392770476,235.564338220236,235.564338220236,11349916.0,0.0112742140328521,63.106292451449974,3.1530578911718408,228.49352731393475,3.7665549442139112,2.1484455932405524,0.9924101142281927,0.0,1,423858175.0,1.2444389749637088,1,0.00656041908974185,0.04739184582352041
2017-01-11,236.8839263916016,238.9887355139938,236.43678858715452,238.83605928418487,11475958.0,-0.0034868020498441,61.20379577604679,3.1461618165658365,228.82256257188246,3.6797972286871508,1.952132892583279,0.15267622980891815,0.44713780444706686,-1,412382217.0,1.2333940048040422,1,0.01008237639025075,0.038119808745892776
2017-01-12,236.2841339111328,237.82184547449788,235.52072357243685,237.09115147374533,4371992.0,-0.0025320100422399,59.79888040799968,3.057058519597007,229.1151732126374,3.5813204196424278,0.8070175626125149,0.7306940007525498,0.7634103386959623,-1,408010225.0,0.49321123723167737,1,0.012646407262678119,0.03567813610255283
2017-01-13,237.83274841308597,239.3813654061056,236.5567675667205,236.5567675667205,7234429.0,0.0065540350776813,62.21081914350695,3.0759461700525037,229.45703890677265,3.546742639308882,1.2759808463654565,1.5486169930196354,0.0,1,415244654.0,0.9024327352944153,1,0.006511369873798372,0.041957182335447124
2017-01-16,234.74639892578125,238.6070283379646,234.24473390069468,237.7345781865145,12013154.0,-0.0129769743985974,55.11381495173837,2.809486151677902,229.66446478987103,3.6049963391632422,2.9881792607332613,0.8724501514500957,0.5016650250865666,-1,403231500.0,1.4119647392037709,1,0.019744569039330688,0.029361227838825367
2017-01-17,227.1123809814453,232.9469544645189,226.51256692094336,232.2926131766993,39234251.0,-0.0325202771129603,42.26909026404665,1.9597227553783796,229.56438307189356,3.935627458140003,5.1802321952539785,0.6543412878196193,0.5998140605019557,-1,363997249.0,3.328288337426184,1,0.054021645018386924,0.002641045186131704
2017-01-18,225.2147674560547,228.5846519080065,224.38592450942383,227.4068201585827,15867619.0,-0.0083553944403659,39.78685354496333,1.1202441123162146,229.39380991048813,3.954420311028765,2.1920527025280023,1.1778317494238024,0.8288429466308571,-1,348129630.0,1.2863241474278306,1,0.06290261562361886,0.0036802335654680645
2017-01-19,225.46560668945312,227.9957427433623,224.87668353621,225.78186459618755,15284274.0,0.0011137779117764,40.28604656144032,0.46977657739827805,229.2397627253495,3.894751660751875,0.3162579067344211,2.2138781471747677,0.5889231532431154,-1,363413904.0,1.1765603994974476,1,0.061720095233059026,0.004788677953513343
2017-01-20,223.7425079345703,226.28354965845992,223.3280864256083,225.5201538766945,8784907.0,-0.0076424017843933,37.95805946847936,-0.182657734706396,229.02418410610326,3.8276596301875716,1.7776459421241952,0.7633957817654107,0.4144215089620218,-1,354628997.0,0.6713955269987163,1,0.0698966754949784,0.0018522251886226835
2017-01-23,221.58316040039065,224.87669229680023,220.90700822033472,222.87004664760184,13708502.0,-0.009651038392808,35.21197810505279,-0.8639982926750633,228.73237925489886,3.837804233493139,1.2868862472111857,2.00664564919839,0.6761521800559365,-1,340920495.0,0.9839226128272369,-1,0.08032291340891792,0.0030514601327743516
2017-01-24,224.0696563720703,224.39681970974584,221.8230619866677,221.8230619866677,9419288.0,0.0112215024245827,40.54583749823893,-1.1896130307481485,228.5495273771409,3.7646510246261427,2.2465943854026023,0.32716333767552896,0.0,1,350339783.0,0.6855657714194323,1,0.06833459417017186,0.014114575810675501
2017-01-25,221.88851928710935,225.2474837330992,221.63767949016483,225.0948075019197,23856654.0,-0.0097341921270193,37.62002926866139,-1.6051612906512958,228.28831137361024,3.753590540219587,3.2062882148103427,0.15267623117949825,0.2508397969445184,-1,326483129.0,1.5928321048356044,-1,0.07883619294588941,0.004423442321072133
2017-01-27,223.5897979736328,224.41864086657012,222.259290079182,222.53194074870288,21861796.0,0.0076672677432314,41.18506885990397,-1.776726313694354,228.10405594616017,3.6661999001653856,1.0578572249299327,0.8288428929373026,0.27265066952088546,1,348344925.0,1.3070165586589328,1,0.07062740597106776,0.011998712721295397
2017-01-30,227.8867034912109,228.24659778518796,223.524408417586,223.55712475703768,15678126.0,0.0192178067001287,49.09771107516336,-1.5481226715002663,228.09553232047588,3.7416277192679988,4.329578734173225,0.35989429397704953,0.03271633945169583,1,364023051.0,0.8922800925858079,1,0.05044024832865256,0.03062791801341487
2017-01-31,227.97390747070312,229.84970218019615,226.90514478087735,228.33380170217703,15125194.0,0.0003826637454324,49.246942857644534,-1.3444183874115083,228.09076271852402,3.684694124985913,0.359894231473902,1.5159004780191196,1.0687626898257747,-1,379148245.0,0.8458305737474523,1,0.05003843668762157,0.030998719672673827
2017-02-01,228.9445343017578,229.21718499216377,225.79277327430373,228.17023313141772,11312284.0,0.0042576224701478,50.96994978809637,-1.092071085577885,228.12424395708223,3.6661025244769223,0.7743011703400953,0.27265069040595336,2.3774598571139904,1,390460529.0,0.7496610771399642,1,0.04558672316060465,0.035106870342793695
2017-02-02,227.6031494140625,229.19538819351015,226.4580484759678,229.02090105932672,9099129.0,-0.0058589950259625,48.518526969731184,-0.9889228932955803,228.10380887696383,3.5997623239815972,1.417751645264218,0.17448713418343686,1.1451009380947141,-1,381361400.0,0.6313133475178275,1,0.051748914821103005,0.029420248405903914
2017-02-03,225.4547119140625,229.11904354762007,224.6803961581581,228.14842977134933,13219481.0,-0.0094394014561349,44.80185673297348,-1.068224333606679,227.99992272155592,3.659682685801624,2.6937178572868277,0.9706137762707385,0.7743157559044107,-1,368141919.0,0.9305210578390042,1,0.06177140133292748,0.020171251490460087
2017-02-06,227.19964599609372,227.90851457815853,225.1057420293702,226.18541035221148,9991907.0,0.0077396212623686,48.2680012460207,-0.9789845742170655,227.9685393205574,3.5984748188721034,1.0142356438822446,0.7088685820648095,1.079668322841286,1,378133826.0,0.6974064592960816,1,0.053616806296526195,0.027696512237819222
2017-02-07,224.85487365722656,227.35229338718685,224.047856159165,227.2759552714249,9905562.0,-0.0103203168675161,44.2471853683474,-1.084958230511262,227.8464347847405,3.57747213381137,2.4210816141983287,0.07633811576195626,0.8070174980615548,-1,368228264.0,0.7102318149008449,1,0.06460385542286944,0.01755739323182318
2017-02-08,223.6007232666016,226.458037307992,222.91366564962917,224.8548786017112,16230826.0,-0.0055775993209595,42.22127674991908,-1.2556680125522064,227.6799362938331,3.575107814136474,1.2541553351096013,1.6031587062807944,0.6870576169724245,-1,351997438.0,1.1095651895473286,1,0.07057509434210808,0.012046987178369401
2017-02-09,225.2583923339844,225.5310430249172,223.96061523076355,224.22234591645235,9861688.0,0.0074135228328682,45.756484415016125,-1.2428696767240694,227.58497378560375,3.457622953006413,1.0360464175320487,0.2726506909328066,0.26173068568880353,1,361859126.0,0.745482403416664,1,0.06269676759115574,0.019317300760976795
2017-02-10,224.69129943847656,225.86911666933952,223.6879693351467,225.7491567691605,12518554.0,-0.0025175217208645,44.74778995282589,-1.2639169132328334,227.4714963602262,3.3664461230911558,1.0578573306839303,0.11995990017902614,1.0033301033298585,-1,349340572.0,1.018242547704175,1,0.06537888206771163,0.016842179593064457
2017-02-13,224.62586975097656,225.5310508570991,222.9136711092808,225.31292738477651,8565757.0,-0.00029119813568,44.6255548508289,-1.2712227640504636,227.35990315986348,3.3129413820002367,0.6870576337999523,0.21812347232258844,1.7121986416957498,-1,340774815.0,0.7395086549917448,1,0.06224197863980563,0.01655580247620022
2017-02-14,228.97723388671875,229.6534005606576,224.6367505282365,225.7491349789025,18244623.0,0.019371607288894,53.686390328883945,-0.9153424851839702,227.42332789424995,3.4354120554060072,3.2280989078162463,0.6761666739388374,1.1123844506660134,1,359019438.0,1.5338084900361886,1,0.0173367478959244,0.03524466397553126
2017-02-15,229.3043975830078,230.65671628715745,227.98479521008727,229.6533863427895,15236663.0,0.0014288044742951,54.291976103004075,-0.5999891230041499,227.49709533302476,3.380876985524877,0.3489887597816903,1.0033299443679482,1.3196023729205422,-1,374256101.0,1.2400214398157985,1,0.0058974826405590475,0.0366211439954319
2017-02-16,232.8378753662109,233.26320225427943,229.57706015769529,229.57706015769529,19655195.0,0.0154095508871521,60.32585454729778,-0.06420704602084015,227.70653768726737,3.4221575345067876,3.2608152085156235,0.4253268880685255,0.0,1,393911296.0,1.4730688218120485,1,0.0018267083368612815,0.051241092657760876
2017-02-17,234.58279418945312,235.17171731234387,230.86393569567684,232.6197704998393,14847356.0,0.0074941365123597,62.928426118372386,0.4954927443075974,227.97619480500015,3.4854163975182333,1.9630236896138342,0.5889231228907477,1.755834804162447,1,408758652.0,1.0993307763158666,1,0.00251051286572673,0.058298333500425466
2017-02-20,234.5609893798828,235.31349418974352,232.61977652895155,233.50313211617075,11650581.0,-9.295144448107084e-05,62.872922601410366,0.9266179200771774,228.23442204323084,3.428866487752072,1.0578572637120658,0.7525048098607101,0.8833555872191994,1,397108071.0,0.8521689049126039,1,0.003208141353130091,0.05821079283322265
2017-02-21,237.3528594970703,237.95267349193145,234.0484079631906,234.5173566268105,14186476.0,0.0119025338551328,66.89867125174008,1.476547592264012,228.59200782573436,3.462823562108412,2.835502870259802,0.5998139948611367,0.46894866361989784,1,411294547.0,1.0061493264298835,1,0.002527098245759876,0.06621019877411445
2017-02-22,263.3739929199219,264.2791593572124,238.18168857592565,238.3998120220241,127323130.0,0.1096305874636944,84.1495870731843,3.9663373510166196,229.9560072411927,5.138786154825103,24.97418089789778,0.9051664372905179,0.21812344609844558,1,538617677.0,5.050700876012058,1,0.0034368102455952483,0.15846786148868866
2017-02-23,257.9756774902344,266.5367001056425,257.2340780434942,264.7045269407625,62249698.0,-0.0204967672390069,75.37347794566425,5.441192058200812,231.05481783919433,5.436203005348189,6.7288494505281164,1.8321731648800323,0.7415994467401674,-1,476367979.0,2.0444725482051442,1,0.033185386694961676,0.13844866213174076
2017-02-27,270.22283935546875,274.1270761171384,259.63334625180096,259.66604802756177,83422197.0,0.0474740951720069,80.37426021265384,7.511678692016801,232.5908186829698,6.201574121173607,10.556791327906978,3.904236761669665,0.032701775760813234,1,559790176.0,2.222330026572741,1,0.014448211598183148,0.17507466733263805
2017-02-28,270.03741455078125,272.2076708146945,267.95440184320495,268.71781208116585,36111716.0,-0.0006861922002218,80.10902366971914,9.033459931333255,234.05931263857025,6.062409467624746,1.319602469615404,2.170256263913245,0.7634102379608976,1,523678460.0,0.896233290129132,1,0.015144796039321038,0.17450822131275567
2017-03-01,269.2631225585937,271.42245889117874,268.28160339650844,270.48456150874114,24385665.0,-0.0028673507835037,78.93757896546256,10.061026385194907,235.43985420406136,5.853727040985142,1.2214389501474443,0.9378973824375976,0.9815191620852488,-1,499292795.0,0.596126429890402,1,0.0180639424824552,0.1721344403516621
2017-03-02,269.7539367675781,273.6690942038604,267.6382217861868,270.0047474913373,18063590.0,0.0018228051592084,79.14575553964363,10.790597516598723,236.78550450066987,5.866380282177175,0.250810723759173,3.664346712523127,2.1157149813913065,-1,517356385.0,0.4385477733819174,1,0.016211586759262823,0.17364073228820703
2017-03-03,274.5087585449219,280.8886327717915,270.800820104699,270.800820104699,84305639.0,0.0176265148687728,81.09514542280876,11.618531080231946,238.2648477965229,6.242688548036903,3.707938440222847,6.379874226869617,0.0,1,601662024.0,1.7690974325318507,1,0.023241058903501564,0.1879542684495054
2017-03-06,284.716552734375,286.1670205494475,275.9701531854544,276.7880760922956,66724743.0,0.0371856775847925,84.45472544398231,12.94908903744826,240.08648328428183,6.629515223500383,7.928476642079374,1.4504678150724999,0.8179229068412042,1,668386767.0,1.2627135471385746,1,0.005094427426654421,0.21706812087741367
2017-03-07,284.6292724609375,289.43870395997834,282.70985621460653,287.66107303548165,42071555.0,-0.0003065514547688,84.31675235240228,13.837018480264334,241.8332593304252,6.636610403634057,3.0318005745441496,1.777630924496691,1.919416246330968,-1,626315212.0,0.7528312768715558,1,0.016897178064146184,0.2168280383732428
2017-03-08,281.6302185058594,285.2291023287309,280.51783411551656,285.2291023287309,43336972.0,-0.0105367024591249,79.51006980709099,14.13576210451265,243.3939243961285,6.49908596146122,3.598883822871528,0.0,1.112384390342811,-1,582978240.0,0.7370297196707852,1,0.027726021360724502,0.20848811312841628
2017-03-09,280.6596069335937,283.11340473985325,279.51452070401393,281.36850450430023,31094457.0,-0.0034464042154817,77.96105647753997,14.131301489774216,244.85532371132322,6.291928681059656,0.7088975707065401,1.7449002355530183,1.1450862295797606,-1,551883783.0,0.6323015891827237,1,0.0312802298923687,0.20575078991675502
2017-03-10,279.5472412109375,282.67720590423187,275.0867830828697,281.42303602587214,24785585.0,-0.0039633979923567,76.13051899189412,13.878030506165885,246.2157910642493,6.384678262509835,1.8757948149346362,1.2541698783597326,4.460458128067785,-1,527098198.0,0.5455749371047948,1,0.03538386823705785,0.20259033806355037
2017-03-14,281.25946044921875,287.6938774317287,280.3324829788653,287.6393356417004,27765035.0,0.0061249727626153,77.02476563655625,13.658031919712641,247.5900526087579,6.510532402387076,6.379875192481677,0.05454179002828141,0.9269774703534495,-1,554863233.0,0.6964852938049333,1,0.029080776510400613,0.20744471758123223
2017-03-15,284.6292724609375,287.1048808713751,281.4557156845676,281.5974718863933,24107889.0,0.0119811508076441,78.71489924655418,13.598838180039195,249.0425710343336,6.463024403799166,3.0318005745442065,2.4756084104375873,0.14175620182567172,1,578971122.0,0.6235210671973775,1,0.016897178064146184,0.21077425176264813
2017-03-16,283.0371398925781,285.8181016097939,282.15375502709685,285.73085803592187,15924023.0,-0.0055937063485902,75.87490485011062,13.270481077348563,250.37569138171577,6.263118845149017,2.6937181433437445,0.08724357387205828,0.8833848654812755,-1,563047099.0,0.42107051030752896,1,0.02261739950393019,0.1945057270695465
2017-03-17,283.7023010253906,287.90099867004,283.12429796303616,285.2945248877222,22727289.0,0.0023500842789216,76.260266680921,12.915051972418155,251.68261725009518,6.163171697457078,1.5922238623315934,2.606473782317778,0.578003062354469,-1,585774388.0,0.5936448596119329,1,0.02021979699796063,0.19078181837817124
2017-03-20,279.36187744140625,284.9129094927155,278.8274960392178,284.85836770391387,12869337.0,-0.0152992188230293,68.56391023790721,12.143157180118749,252.76807843406814,6.157617537174267,5.496490262507621,0.054541788801657276,0.5343814021884441,-1,572905051.0,0.41326436954019174,1,0.036070871984620084,0.17360257666474707
2017-03-21,275.6539306640625,280.0380366772965,274.67241135005304,279.66725149289954,22596181.0,-0.0132729161591543,62.73873896360679,11.104222119240035,253.6655628352444,6.101046665036351,4.013320828837038,0.37078518439693653,0.9815193140094607,-1,550308870.0,0.8454176435400637,1,0.050007533949208385,0.15611659892329405
2017-03-22,274.75958251953125,276.11188666158495,271.8913780195265,273.0800859456828,20291685.0,-0.0032444599733322,61.384090072345984,10.092353805093353,254.49277929345175,5.96672252053793,1.6794965738484393,1.352304142053697,1.1887079261563258,1,530017185.0,0.826550422295329,1,0.05342533026815772,0.14817017183903564
2017-03-23,277.7260131835937,278.6529906692999,274.3888592910316,275.5121348080621,11807911.0,0.0107964593513372,64.14913903053804,9.421205249489446,255.40388650482987,5.845108867518671,2.2138783755315785,0.9269774857062316,1.1232755170304927,1,541825096.0,0.5518504721460348,1,0.04217354594235236,0.14238610259935158
2017-03-24,280.6596069335937,281.8047222831855,276.6680977767457,277.9004566821145,16282523.0,0.0105629059243388,66.68935177157749,9.02203132131558,256.394306913801,5.794502841727325,2.759150251479184,1.1451153495918334,1.2323589053688124,1,558107619.0,0.8175703367332595,1,0.0312802298923687,0.08346597911270556
2017-03-27,272.8838195800781,278.9147199395627,272.03316575085495,277.2461140560793,32452615.0,-0.0277054024213588,55.470215132418936,7.986182314388202,257.0409544693413,5.996784151799568,4.362294476001182,1.6686058834833943,0.8506538292231767,-1,525655004.0,1.5690895847884319,1,0.060666419890249894,0.048557196790441425
2017-03-28,271.7168884277344,275.69747727130755,270.920747363012,274.38879491616166,21707345.0,-0.0042762929445192,54.001971590334065,6.990520552484497,257.61648129123904,5.909637420120708,2.6719064884272825,1.3086823551458906,0.7961410647223488,-1,503947659.0,1.0812218562154883,1,0.06522161958643674,0.015010721877276008
2017-03-29,274.09442138671875,274.8251009042871,269.01233742509453,273.01473844104345,18924345.0,0.0087500374847575,56.526766953808036,6.320440370484732,258.2626750204736,5.902717852911557,1.0796829456753017,0.730679517568376,4.002401015948919,1,522872004.0,0.9675851389608233,1,0.055981739780140954,0.02355465524569325
2017-03-30,277.14794921875,278.04222472986515,273.2982256394453,273.7344433912039,27862325.0,0.0111404231307685,59.594302441416104,5.967007230214165,259.0032740086413,5.819952227019292,3.413505827546089,0.8942755111151541,0.43621775175859057,1,550734329.0,1.3426231730837639,1,0.04434726930462464,0.03431281905339755
2017-03-31,288.1082763671875,291.76170259699813,276.1337475475613,276.1337475475613,45390562.0,0.0395468455723142,68.25337746691667,6.496428932951915,260.14464665015294,6.520523857191973,11.974528819626187,3.653426229810634,0.0,1,596124891.0,1.9719180537306393,1,0.012680740296243434,0.06628042478639394
2017-04-03,299.8319702148437,301.10795106245024,291.6308419553817,292.71052477720616,44886623.0,0.0406919717665961,74.53878744964472,7.772408078978856,261.70101228014084,6.983320345625599,7.121445437637533,1.2759808476065473,1.0796828218244627,1,641011514.0,1.7119092651102377,1,0.004255653080264413,0.10278968172628639
2017-04-05,308.63287353515625,309.2872293250443,301.0206694355143,304.3142010339264,40323877.0,0.0293527848748291,78.05181921179135,9.385598750802899,263.54147742739633,7.159887400238098,4.318672501229855,0.6543557898880294,3.2935315984120734,1,681335391.0,1.4404995615132965,1,0.0021201752826679756,0.12837432272278204
2017-04-06,313.7585754394531,316.0269661161793,305.841018959726,307.32418851912024,50620850.0,0.0166077639286632,79.79992145669455,10.95142408718101,265.5107753886534,7.3760345256820425,6.434386920332884,2.2683906767261988,1.4831695593942413,1,731956241.0,1.6315676230427576,1,0.007229732840127382,0.14261359375337107
2017-04-07,306.8007202148437,312.77707890149367,305.9173645940852,310.00703758207186,31875272.0,-0.0221758248833968,71.47759137119654,11.498365183665896,267.12998891124914,7.409261405659605,3.2063173672281664,2.770041319421807,0.8833556207584934,-1,700080969.0,0.9649630813421941,1,0.030072438861534472,0.12316914628911904
2017-04-10,301.2933654785156,310.79225658671766,300.4099806611396,307.54234627690647,30768410.0,-0.0179509185391464,65.64210179317718,11.356511645721412,268.469729168789,7.621619585653778,6.248980798390846,3.2499103098111846,0.8833848173759975,-1,669312559.0,0.8923236433752418,1,0.048901178471898045,0.10714151638271957
2017-04-11,299.3302917480469,305.45932647845814,298.8395321694194,302.71106701414163,32249647.0,-0.006515489404657,63.64745200784789,10.959355423582622,269.67994730915206,7.550060637324132,3.3807752660947585,2.7482594643165044,0.49075957862748965,-1,637062912.0,0.935832292328213,1,0.05578010254366912,0.10128595454171961
2017-04-12,295.32781982421875,302.4056709158633,294.7061949970033,301.6095298760886,27448279.0,-0.0133714229203274,59.666464221897556,10.204014692386863,270.68574623131155,7.5607331574338374,6.281710051869823,0.7961410397747386,0.6216248272154417,-1,609614633.0,0.7834526648893783,1,0.07008871126425155,0.08910600570846115
2017-04-13,297.6834716796875,299.5592369737002,293.8773410772823,295.3278086592861,12713918.0,0.0079763967271042,61.204473543590694,9.683853701232351,271.7444805626204,7.426530495932697,2.35566302040138,1.8757652940126945,1.450467582003796,1,622328551.0,0.3694405403539492,1,0.06162080256921263,0.09631416246530342
2017-04-17,303.58349609375,304.39052803855844,297.7271127321162,297.7271127321162,11837502.0,0.019819791743127,64.82260040625627,9.6366200722332,272.99306940697846,7.375139486142572,5.856383361633789,0.8070319448084433,0.0,1,634166053.0,0.3607730266716901,1,0.040988624818348626,0.11387693703210898
2017-04-18,298.8613586425781,307.54232616249385,298.1633810152431,305.3502879516684,16016414.0,-0.0155546579834946,59.99957228376414,9.113099910134963,274.0075121221,7.518268461936015,6.488929309090281,2.1920382108254444,0.6979776273350353,-1,618149639.0,0.536130800644058,1,0.057436690884251546,0.09987581316319115
2017-04-19,298.5559997558594,301.5550993963854,296.1022015481623,298.5996215408844,11572557.0,-0.0010217409440473,59.69029098255771,8.574722437070307,274.9701979116592,7.370741989527948,0.04362178502503866,2.9554778555009875,2.453798207697048,-1,606577082.0,0.43599818203687596,1,0.05851822229198751,0.09895517877692568
2017-04-20,298.7195739746094,302.4820545755326,297.53083674034093,300.78077596503664,8393496.0,0.0005478845472333,59.80980383443086,8.068247745571568,275.90154599255925,7.197918835646783,2.0612019904272643,1.7012786104959332,1.1887372342684444,-1,614970578.0,0.3594701236115709,1,0.05793859408436705,0.09944857698558417
2017-04-21,305.90643310546875,309.9415637718871,300.68256539061576,301.10789225675256,30230907.0,0.0240588825005161,64.75428006736608,8.152801946482157,277.07820823228116,7.485352475763279,4.798540848716186,4.035130666418354,0.4253268661367997,1,645201485.0,1.4185827697471052,1,0.033083753446993616,0.12060581827533544
2017-04-24,309.1564025878906,312.9952360104729,305.40481273218376,307.3351203293265,25512511.0,0.0106240638662913,66.74660856153002,8.3853955162038,278.3361766383835,7.492857533086557,1.8212822585641106,3.8388334225822973,1.9303075971427575,1,670713996.0,1.2340167212204605,1,0.02222358479648648,0.12985034379607735
2017-04-25,312.5153503417969,320.1384749846657,311.0539915557881,318.448087288009,36764315.0,0.0108648817420216,68.71494841110692,8.740017130785077,279.6765363914585,7.742087166207166,5.932736946212117,1.6903876966567282,1.4613587860087591,-1,707478311.0,1.7281373252531054,1,0.02439280065613245,0.13920280353948458
2017-04-26,308.9490966796875,314.0966112612684,305.9282162358392,312.9951469827563,16763153.0,-0.011411451175787,64.3591468704149,8.633765771661501,280.8244799321734,7.772537727580166,4.046050303068796,1.1014642785120827,3.0208804438482844,-1,690715158.0,0.8498298419230543,1,0.03621754659661346,0.12926647037909497
2017-04-27,307.4332580566406,310.6286553448767,305.8410339750038,309.0691330380611,12571594.0,-0.0049064348766115,62.54434048755889,8.33120831214319,281.8679614272505,7.559329416315357,1.6358749814204998,1.559522306815552,1.5922240816368003,-1,678143564.0,0.6893214404254473,1,0.0413267484732713,0.1249732084108725
2017-04-28,304.3142395019531,309.78891893202416,303.39815292831315,307.4878261720635,11848658.0,-0.0101453517892097,58.86614116380006,7.750408727677723,282.7482076262584,7.475860601129333,3.1735866701103532,2.3010927599606816,0.9160865736399728,-1,666294906.0,0.6527786754118579,1,0.051999655055941056,0.101921007420715
2017-05-02,298.93768310546875,305.797397579838,298.0107056813703,305.797397579838,18591411.0,-0.0176677779038002,53.072065483236834,6.778143486252475,283.3830890176,7.4980628366535,6.859714474369241,0.0,0.9269774240984248,-1,647703495.0,0.9875127835752553,1,0.0709204395342727,0.07628324178140479
2017-05-03,298.8394775390625,301.162380549242,297.7270932468617,300.322646888661,9500038.0,-0.0003285151787691,52.96950947001956,5.931319351790023,283.98922190079463,7.2078645842054145,1.4831693495984837,0.8397336605810324,1.1123842922007725,-1,638203457.0,0.5227020130659574,1,0.07127236876800905,0.024122099406155378
2017-05-04,296.189453125,300.9116420574184,295.3387992576331,299.9083119533474,14365934.0,-0.0088677186691845,50.153127142637295,4.988861807692842,284.4676623409595,7.091077313889691,3.718858828347379,1.0033301040710398,0.8506538673668729,-1,623837523.0,0.7784641261399023,1,0.08085710550118266,0.007806193040715403
2017-05-05,289.71142578125,298.23974655293347,289.0025572379298,296.985576594742,15598448.0,-0.0218712289563399,43.995025929915826,3.676850304893776,284.6733001229317,7.2443710282549745,7.2741508134919854,1.2541699581914827,0.7088685433201931,-1,608239075.0,0.8134912422005482,1,0.10502536833459243,0.0024468090666725467
2017-05-08,288.2173156738281,292.16520329004334,287.55206896104283,290.0931104757881,16066733.0,-0.0051572356989123,42.69296987223445,2.4878313661555467,284.81228112492767,7.056425549736798,1.8757948019599553,2.0720928142552566,0.6652467127852901,-1,592172342.0,0.9047460369119655,1,0.11075378741977587,0.0023081427680012863
2017-05-09,290.16949462890625,290.88925408540086,287.96650711412985,288.78445926744445,21106150.0,0.0067732882409028,44.98403049670544,1.6836418422938095,285.02236792900527,6.761162794132099,1.385035361461803,0.7197594564946144,0.817952153314593,1,613278492.0,1.218765712660419,1,0.1032809475513144,0.009020333688800763
2017-05-10,296.4402770996094,297.4217963567215,290.2349181838801,291.1400847592102,22906024.0,0.0216107571153292,51.6682133391537,1.5346253828879526,285.4701290729505,6.7962441465380365,5.300192340399178,0.9815192571120974,0.9051665753300995,1,636184516.0,1.4377536398977484,1,0.07994257095196722,0.02998313260778642
2017-05-11,296.5384521484375,298.763221451979,294.8153333788241,297.53086232991257,13783848.0,0.0003311798578407,51.76701579899284,1.408217615078911,285.90418095826374,6.592790141296384,0.9924101814750657,1.2323591220664412,1.723118769613393,-1,649968364.0,0.8816649897321099,1,0.07958503413383576,0.03030427629971028
2017-05-12,294.55352783203125,297.5089758528413,293.1576019287722,296.64743124692467,7523427.0,-0.0066936490091769,49.56102986369196,1.1347905852578606,286.24337103174486,6.432688982923006,2.0939034148934184,0.8615446059166061,1.3959259032590694,-1,642444937.0,0.4972829421848489,1,0.08686009412599618,0.02376973354391799
2017-05-15,293.16851806640625,295.8513447878458,290.8565055799695,295.8513447878458,6738085.0,-0.0047020647683935,48.023248098996326,0.7971499328951381,286.514945425261,6.329985427562526,2.6828267214395396,0.0,2.3120124864367426,-1,635706852.0,0.4609440746167785,1,0.09199472404520068,0.01915774975569246
2017-05-16,295.8295288085937,300.3226883694539,292.49234635104966,293.5938399125287,12655992.0,0.0090767274731209,51.15883522330743,0.7358066897324989,286.88022320499954,6.43715375547979,2.2356888960649712,4.493159560860192,1.1014935614790602,1,648362844.0,0.9024222587439484,1,0.08217214242936612,0.027980505803078582
2017-05-17,295.1316223144531,297.9343949926931,293.964695805761,295.1098114204594,9844573.0,-0.0023591508831161,50.3017420091607,0.6236870302892612,287.2038074838016,6.260907000583529,0.02181089399374514,2.8027726782399895,1.1451156146983976,1,638518271.0,0.7002367194399423,1,0.08473118696704282,0.02568194249728524
2017-05-18,289.51513671875,294.45543490316874,288.8062681534826,292.3288292073666,9790379.0,-0.0190304432702197,43.92407132892119,0.08069771077998666,287.2944478459564,6.265510369182599,2.8136924886165957,2.126605695802141,0.7088685652673803,-1,628727892.0,0.7198085157020884,1,0.10577456713658746,0.006780535829510672
2017-05-19,287.6611633300781,291.3364007680988,285.7308555946252,290.74750664949414,12813204.0,-0.0064037183329482,42.02972599131825,-0.4935362168296251,287.3088288453338,6.218369998060529,3.0863433194160166,0.588894118604685,1.9303077354529137,-1,615914688.0,0.9617470867607334,1,0.112901273423974,0.006710352253001123
2017-05-22,288.817138671875,290.87834066492604,286.86502025349535,289.3297091687695,8801430.0,0.0040185311371714,43.66125022153239,-0.8455956916302512,287.3679782502962,6.060866456158399,0.5125704968945115,1.5486314961565313,1.952118418379655,-1,624716118.0,0.6987307522221268,1,0.10844694486214294,0.010685941601118461
2017-05-23,284.7601623535156,290.060382934759,283.9858612582353,289.15518738956195,9223001.0,-0.0140468683299591,39.46344961346068,-1.4354227848431265,287.2657109602264,6.061841829041636,4.39502503604632,0.9051955451970457,0.7743010952803502,-1,615493117.0,0.8084680918067969,1,0.12423898181105007,0.00271913419658433
2017-05-24,283.0479736328125,286.53783236317406,282.48089051713663,285.1854990011535,14326531.0,-0.0060127396562498,37.81118438803462,-2.017764789611931,287.1003094964062,5.9186346873984785,2.1375253683410165,1.3523333620205449,0.5670831156758709,-1,601166586.0,1.3579589740216322,1,0.10969390534741687,0.0020034876363804197
2017-05-25,284.0840759277344,286.2543033858169,282.77536415319435,283.5496945078024,25922008.0,0.0036605183270661,39.46292496419885,-2.368369142589529,286.9820258270465,5.744370726343056,0.5343814199319468,2.170227458082536,0.7743303546080824,1,627088594.0,2.203528551803094,1,0.09343916701580536,0.005643348383263714
2017-05-26,291.6853942871094,293.23399677759835,283.54969840886093,284.4112432242728,21430443.0,0.0267572842108496,49.96298765995779,-2.0096962264527747,287.16647164900974,6.025794129371225,7.274151062836552,1.5486024904889746,0.8615448154118894,1,648519037.0,1.6291259841469783,1,0.062065242207826395,0.031556272443702287
2017-05-29,295.9603881835937,297.82526281349783,291.31452337504686,291.61990493129684,24022633.0,0.0146561808723149,54.71974089791099,-1.364757007236335,287.5113311209542,6.060433080019778,4.340483252296849,1.8648746299041363,0.30538155624998353,1,672541670.0,1.6140967336238237,1,0.03323758782929453,0.04554493846012697
2017-05-30,296.49481201171875,297.6617383832214,294.12825749157685,295.7423216973924,9658309.0,0.0018057275549776,55.291930767764455,-0.8012778605099129,287.8636244892195,5.879936495135834,0.7524903143263373,1.1669263715026545,1.6140642058155663,1,682199979.0,0.6622877802604661,1,0.015742496490423526,0.04726531772848771
2017-05-31,292.4269714355469,298.3706290715659,291.3582085561189,298.1634110275898,16423338.0,-0.0137197698285901,50.10213477796395,-0.6751743258689089,288.04257927142845,5.960828210872346,5.736439592042927,0.20721804397607002,1.068762879427993,-1,665776641.0,1.0775671217397327,1,0.029014665029766688,0.03401218728075648
2017-06-01,289.71142578125,292.27427836711075,288.56633940204534,290.6820541461166,9534069.0,-0.0092862352640252,46.935022711595416,-0.7853056905144058,288.1080242325979,5.810814198203002,0.9706283648666272,1.592224220994126,1.1450863792046562,-1,656242572.0,0.6266025520323799,1,0.036627007580350125,0.02495771523202841
2017-06-02,288.947998046875,291.99071918898,287.2576103546006,291.1836871211805,11495005.0,-0.0026351316048937,46.05363573404323,-0.9235418132436166,288.1409643821774,5.733835243644172,2.235689074305526,0.8070320677994687,1.6903876922743848,-1,644747567.0,0.7620824304726712,1,0.039365873442506465,0.02238156198849744
2017-06-05,289.9513854980469,292.4924275418462,287.00685646052887,289.2752477593666,10835031.0,0.0034725537396147,47.45040410835262,-0.9412794709779178,288.2119612886821,5.716102089192256,0.6761377386802678,2.5410420437993366,2.2683912988377415,1,655582598.0,0.7087724810082225,1,0.03576910954776891,0.025764646608183107
2017-06-06,286.3415222167969,290.9546565674649,285.9489261903624,290.9546565674649,9591064.0,-0.0124498914707696,43.124353624310885,-1.2324159663284036,288.1386107368435,5.665361252614416,4.61313435066802,0.0,0.39259602643448943,-1,645991534.0,0.6258915558852205,1,0.04882689050619593,0.013482612195996002
2017-06-07,292.0561828613281,292.71053876522075,285.5127403024704,285.9925799439791,11199223.0,0.0199574990042992,50.77536042299536,-0.9905993689187085,288.29224101623504,5.774821053338413,6.063602917349044,0.6543559038926219,0.47983964150870406,1,657190757.0,0.746062168890709,1,0.02830450438383905,0.03278578885192772
2017-06-08,290.4638977050781,293.3212117091364,289.6677856450208,292.2742598493302,7903123.0,-0.0054519823571276,48.80532281699033,-0.9168729376128795,288.3774040236407,5.623292839822497,1.8103621442520534,1.0469518598061995,0.7961120600573395,-1,649287634.0,0.5983033613224117,1,0.0339415353931037,0.027483646852549726
2017-06-09,291.3363647460937,295.0988452920328,290.3112237685909,293.3866467010995,13836547.0,0.0030037021740356,49.9511741169935,-0.7790628592425151,288.493441699031,5.563602031509601,2.0502819550058007,1.7121985909333262,1.025140977502815,-1,663124181.0,1.1113840375480664,1,0.030845183474407595,0.03039604835007402
2017-06-12,287.7920227050781,290.038632026423,287.25764127078133,289.3406543359069,8432435.0,-0.0121658071902716,45.49615634885868,-0.9449533269337849,288.46593507181717,5.4575392774955125,1.5486316308287655,0.6979776905160975,0.5343814342967903,-1,654691746.0,0.7742703796329501,1,0.04354069840642131,0.01845475818968133
2017-06-13,286.6795959472656,289.438746284836,285.94891658482817,288.0428202288354,6025338.0,-0.0038653842707533,44.164781615333055,-1.1528963882617518,288.3958825571289,5.316988593389248,1.363224281569785,1.395926056000576,0.7306793624374563,-1,648666408.0,0.5723417809059311,1,0.040780834386451414,0.01464598628393959
2017-06-14,296.0912780761719,296.6365503289753,287.01768570940146,287.01768570940146,52939271.0,0.0328299685849895,55.91822637724511,-0.5518868631983764,288.69766277356194,5.648414721126422,9.073592366770413,0.5452722528034428,0.0,1,701605679.0,3.7336101320769726,1,0.007698136230840329,0.045966864162523095
2017-06-15,301.8604431152344,304.27061946783266,296.440276323375,296.63657435028017,28290813.0,0.0194844139839145,61.296442309655426,0.38549714802377366,289.2138502379413,5.829195197593163,5.223868764954204,2.4101763525982847,0.19629802690519682,1,729896492.0,1.762142127720801,1,0.007984406064355397,0.06420037152963316
2017-06-16,302.9183349609375,304.4451266127883,298.66506516502824,302.9837676408732,32710880.0,0.003504572625633,62.206991945276975,1.1999119234473028,289.75128101139217,5.825685644033654,0.06543267993572499,1.4613589719150468,4.253269795909262,-1,762607372.0,1.799637413900931,1,0.005040274805576419,0.06746849591140253
2017-06-19,307.37872314453125,308.80738014397826,303.2236466084416,303.2236466084416,15236956.0,0.0147247217114439,65.85454571423222,2.1801264097388184,290.44255325190744,5.830211325391304,4.155076536089666,1.4286569994470142,0.0,1,777844328.0,0.8184622673409407,1,0.004647872126058808,0.08100050768864543
2017-06-20,308.05487060546875,310.1815050838986,306.9861079240045,307.3241912636536,10142474.0,0.0021997210933157,66.384193578002,2.9771936661418295,291.1332323638118,5.642010313570077,0.7306793418151756,2.126634478429878,0.33808333964907433,1,787986802.0,0.5432001767808469,1,0.00690342754279479,0.0830176131871168
2017-06-21,310.1596984863281,311.4683809650011,306.2881345935681,307.06246484412753,19992472.0,0.0068326395123128,68.0458507954881,3.7356549240060417,291.879368290185,5.609027174845999,3.0972336422005924,1.3086824786729494,0.7743302505594443,1,807979274.0,1.0225789167976815,1,0.004219382740761325,0.08829107865005512
2017-06-22,312.482666015625,315.2636275144517,311.40298319371925,311.784688359443,22118609.0,0.0074895853350183,69.81899029245986,4.472627337216693,292.6873407500062,5.572948735794396,0.6979776561819904,2.7809614988266844,0.38170516572375845,1,830097883.0,1.0546441843264915,1,0.008899570444293473,0.09259063222827642
2017-06-23,313.1805419921875,314.5219552043687,312.0354558803325,313.21327288224484,31143289.0,0.0022333270048573,70.35127195464727,5.05472828202528,293.49099570067995,5.352488063525952,0.03273089005733709,1.3086823221238433,1.1450861118549938,-1,861241172.0,1.3717544371184118,1,0.006651388713402726,0.08834457439059965
2017-06-27,313.4640808105469,314.74006135159607,310.8139852991424,312.34080559510045,32591540.0,0.0009053526012687,70.57830775652792,5.475805015952119,294.2742539402826,5.250601491306502,1.1232752154464265,1.2759805410491936,1.5268202959580321,1,893832712.0,1.2974770872352512,1,0.0057408386289478225,0.08916919742702475
2017-06-28,305.0340270996094,314.074889223181,304.39059123489363,314.074889223181,15567803.0,-0.0268932047625338,56.68106142761491,5.070823186492987,294.6962058288837,5.567294098233707,9.040862123571628,0.0,0.643435864715741,-1,878264909.0,0.5970758171657228,1,0.033535932079806346,0.06399707922016283
2017-06-29,303.7688903808594,307.5422905415671,303.2018072843435,305.3611434687916,12898245.0,-0.0041475265260713,54.93289879084077,4.594819984292769,295.05199737994155,5.479664752447273,1.5922530879322494,2.1811470727755022,0.5670830965158871,-1,865366664.0,0.584442654094806,1,0.03784040267974919,0.06009881411983894
2017-06-30,300.9988708496094,303.7034794356697,299.91918812016473,303.61623587612024,7814271.0,-0.0091188387585607,51.20882142961005,3.948550162591289,295.28520810424226,5.363238860179228,2.6173650265108677,0.0872435595494494,1.0796827294446416,-1,857552393.0,0.39029098390318295,1,0.04739139593639716,0.05144913169749552
2017-07-03,301.22784423828125,304.2051323670682,299.0358063166584,302.78736640859466,9195278.0,0.0007607117861458,51.50150698158319,3.415481368473195,295.5182526585183,5.349387945195696,1.5595221703134143,1.4177659584735238,2.192037921622841,-1,866747671.0,0.5203864878203787,1,0.046595238603067725,0.05217015703030329
2017-07-04,310.1487731933594,311.27207765374163,302.9618960078436,303.1800048972348,18816782.0,0.0296152202583948,61.25365832163176,3.670553069002608,296.0919985618454,5.684734050214602,6.968768296124551,1.1233044603822577,0.21810888939120332,1,885564453.0,1.0437487442850462,1,0.01649161551867078,0.07943295289299723
2017-07-05,314.6637878417969,315.7107396809208,310.59592582019263,311.7846630042028,27209010.0,0.0145575770039323,65.08076585129545,4.188738013520606,296.8203040238043,5.67596493859652,2.879124837594077,1.046951839123949,1.188737184010165,1,912773463.0,1.378737390269527,1,0.0033272078948287614,0.09264188847171297
2017-07-06,314.6419982910156,316.2669533848606,313.6495590495309,315.9833826758562,13590313.0,-6.924708728228701e-05,65.04737376728949,4.5452502649921485,297.51919399506744,5.457495609791744,1.3413843848405804,0.28357070900437975,0.9924392414847034,-1,899183150.0,0.7117391414099359,1,0.005164457073979114,0.09119279009806228
2017-07-07,325.24237060546875,326.681918508177,314.0857942794407,314.7401209988471,35845310.0,0.0336902650378183,72.45247474386096,5.618385002597165,298.60637739155374,5.9673976540020695,10.50224960662166,1.4395479027082274,0.6543267194064128,1,935028460.0,1.7513552340597747,1,0.004426077389696723,0.12081283858401408
2017-07-10,325.6131591796875,327.3690086953103,324.79523621179834,326.1039187844239,3504540.0,0.0011400377310264,72.67058267174755,6.424711478121765,299.66546687344135,5.724995856109919,0.4907596047364109,1.2650899108863882,0.8179229678891602,-1,938533000.0,0.1979595995532858,1,0.005392440281118507,0.12181400375459298
2017-07-11,325.9403076171875,328.13234553411354,324.3371636743567,327.3907753445121,20995547.0,0.0010047150376975,72.87464716669652,7.009329971303487,300.69585278496083,5.587151999227556,1.4504677273246216,0.7415701896014184,1.6031439428307976,-1,959528547.0,1.2690954524051463,1,0.006725274124428204,0.1226954448338089
2017-07-12,329.59381103515625,332.625612532755,326.62744221678514,327.04184918522674,17104482.0,0.0112091181501237,75.10983584031314,7.678933565157877,301.82910604967435,5.665591493251837,2.551961849929512,3.0318014975987353,0.41440696844159675,1,976633029.0,1.02438132531205,1,0.009198599597719227,0.1291775631102897
2017-07-13,334.6321716308594,335.26974492424296,331.12557722025053,331.69719769206,23010262.0,0.0152865752541868,77.82372330991075,8.517963054414224,303.1155007783483,5.66633023581147,2.9349739387993736,0.637573293383582,0.5716204718094673,1,999643291.0,1.2993849676084974,1,0.0019052958664324247,0.11413097288689499
2017-07-14,337.19342041015625,337.6880812587091,333.19216507304014,334.170509308723,20530867.0,0.0076539227140486,79.07289037482504,9.282567678767975,304.45188978351723,5.58272923222986,3.0229111014332375,0.4946608485528259,0.9783442356828687,1,1020174158.0,1.0816969634486848,1,0.0014669943676573788,0.11426188327833559
2017-07-17,341.1507263183594,342.8765359785552,337.9079429402156,337.9079429402156,18749450.0,0.0117360116439684,80.86623921434105,10.091515161422933,305.8910598437071,5.589899684813365,3.24278337814377,1.7258096601958073,0.0,1,1038923608.0,0.9404982568845751,1,0.005058789347513492,0.12344959794222929
2017-07-18,334.1485290527344,341.1616887626977,332.19186990933974,340.0624456806391,19640167.0,-0.0205252304199715,69.51477128724989,10.051723063550867,306.99919589111994,5.831322482566549,5.913916627904712,1.0992430820585923,1.9566591433946314,-1,1019283441.0,0.9811255920598001,1,0.02612014169436424,0.10508118301647401
2017-07-19,337.0175170898437,338.12776687565776,332.5435855651652,332.5435855651652,11790198.0,0.0085859663822029,71.29286139431976,10.134862510474079,308.17638495773656,5.8136695417041215,4.473931524678505,1.1102497858140623,0.0,1,1031073639.0,0.6381319283509925,1,0.01738490906735143,0.11269951515030581
2017-07-20,336.127197265625,340.7659969567694,334.9839561985099,338.51253526414393,13626050.0,-0.0026417612707692,69.9297594662193,10.0134805810834,309.2724952443204,5.811410342886652,2.385337998518935,2.2534616926254785,1.1432410671151274,-1,1017447589.0,0.7373528447096612,1,0.020079716154585692,0.11034927030809431
2017-07-21,348.460693359375,349.9336690701465,339.6557421270225,340.7659626407307,97142371.0,0.0366929430111049,76.60336492681112,10.788135674297791,310.8092873272637,6.382486161574855,7.69473071864428,1.4729757107714931,1.1102205137082137,1,1114589960.0,3.9473695844937002,1,0.004227092865399259,0.14183776817474114
2017-07-24,355.1111145019531,357.2326408971597,348.46068106117417,351.7584101021349,43429394.0,0.0190851400726548,79.27439334285137,11.802635389195018,312.5466138831339,6.553162852604188,3.352704399818208,2.1215263952065584,3.2977290409607463,1,1158019354.0,1.5184105318284196,1,0.005974260755487815,0.15790918925176672
2017-07-25,352.2311096191406,357.24367100289487,351.23078109410665,357.1886956404528,20063064.0,-0.0081101513447466,75.26703066142775,12.23322440150622,314.10286861787927,6.514571928045904,4.957586021312181,0.05497536244206458,1.0003285250339786,-1,1137956290.0,0.7037540438850614,1,0.014230887752005247,0.1510238643031874
2017-07-26,356.7599792480469,358.33189887783334,352.0002518103649,352.681793660867,21954323.0,0.0128576650535019,77.2173728005954,12.79244784990766,315.775696485729,6.501505866576086,4.07818558717986,1.5719196297864642,0.6815418505021285,1,1159910613.0,0.7572123484044655,1,0.004406098557073705,0.1618011444362547
2017-07-27,350.615234375,358.6836689403043,349.19720457864884,357.9142192981585,18409364.0,-0.0172237505058676,69.23949866826763,12.59462391960983,317.1419528735435,6.714717187653185,7.298984923158514,0.769449642145787,1.4180297963511634,-1,1141501249.0,0.6451836612909457,1,0.02301221902033703,0.1471112005451962
2017-07-28,350.5382385253906,353.06651800007035,346.9217228506224,349.83471243088417,14331863.0,-0.0002196021223853,69.14310041790834,12.289963064055996,318.45161113440025,6.674008470638524,0.7035260945064579,2.528279474679721,2.912989580261751,1,1127169386.0,0.5134361197465994,1,0.023236924020554967,0.14692386321500195
2017-07-31,355.10009765625,355.89156082213776,350.87899990684724,352.18710815509934,16567422.0,0.0130138701844619,71.66057720805915,12.275121092917914,319.88880668427674,6.5796737439319966,2.912989501150662,0.7914631658877624,1.308108248252097,1,1143736808.0,0.5982007509862207,1,0.010091721482778442,0.14682677361265634
2017-08-01,352.5499267578125,356.76001845260976,349.88974123745953,356.76001845260976,12311920.0,-0.0071815550467861,68.30565873724058,11.920172911747215,321.16963492245463,6.600431134733299,4.210091694797256,0.0,2.660185520352968,-1,1131424888.0,0.4566296060302708,1,0.017398222824494963,0.11900158744449425
2017-08-02,358.1780090332031,359.6070162054877,353.5391804266931,353.95691098734613,20786240.0,0.0159639297819422,71.47916750331544,11.955201009302812,322.6209437111114,6.63304958565772,4.221098045856991,1.429007172284571,0.4177305606530126,1,1152211128.0,0.7460372540344632,1,0.003989656361488407,0.12431932966477686
2017-08-03,362.7728576660156,366.0266478093563,355.5068639103855,357.6613815881096,19707381.0,0.0128283940301499,73.78683331711123,12.212943700212577,324.1955285720881,6.910673465180082,5.1114760779060475,3.253790143340666,2.1545176777240727,1,1171918509.0,0.6922075751397397,1,0.008969221579240214,0.1342081204746535
2017-08-04,356.62811279296875,365.6089392625335,355.0781772670211,365.6089392625335,18579866.0,-0.0169382707200879,66.08600331429926,11.785520933130101,325.46739461996583,7.169251217346678,8.98082646956476,0.0,1.5499355259476602,-1,1153338643.0,0.9013190336468848,1,0.026353881478333195,0.09054515883709292
2017-08-07,355.3529663085937,358.7056415909039,354.51753451555027,358.7056415909039,9537088.0,-0.0035755635594416,64.57975707207939,11.214616527880139,326.63937782344146,6.956312350061459,3.3526752823102015,0.0,0.8354317930434263,-1,1143801555.0,0.5536818192080837,1,0.030036843681483207,0.08728167645940632
2017-08-08,352.319091796875,356.3863005384344,348.85646536202665,355.7157653992552,10961296.0,-0.0085376366580941,61.01643144109125,10.39750637436623,327.6464254302428,6.997278266229052,3.39667360238019,0.6705351391792078,3.462626434848346,-1,1132840259.0,0.6718672070741606,1,0.03890665119102942,0.0729215366929421
2017-08-09,351.49462890625,356.1554423793819,348.460739982703,352.08823373568595,10436651.0,-0.0023401027926704,60.046798976049054,9.573061136043464,328.5816490959686,7.047094275546899,0.5936048294359466,4.067208643695949,3.0338889235470106,-1,1122403608.0,0.6883013629620717,1,0.041343502028255014,0.057949823442201905
2017-08-10,348.3177795410156,353.2204193855858,346.9107566578007,350.230470076191,10188164.0,-0.0090381163863578,56.332077109852065,8.56460966222727,329.3556149957744,6.994420593563914,1.9126905351753862,2.989949309394774,1.4070228832149496,-1,1112215444.0,0.7104325939776912,1,0.05084112643252362,0.04629654464645839
2017-08-11,339.9415283203125,347.36141138197297,337.0285093628311,340.97481852222666,16996281.0,-0.0240477280021154,47.91525744152502,7.008718983799781,329.77074885163864,7.30119556389396,1.0332902019141557,6.386592859746315,2.9130189574814267,-1,1095219163.0,1.1635525662841408,1,0.0767341360672618,0.02279703350533443
2017-08-14,345.8334655761719,348.3507382987404,343.1842872111325,343.1842872111325,13440617.0,0.0173322079387359,53.211024739932945,6.17985696289179,330.40065931142425,7.3803394506463835,2.6491783650393472,2.5172727225685207,0.0,1,1108659780.0,0.9402616118657359,1,0.05838990220203761,0.039445562748257196
2017-08-16,344.3055419921875,346.4820437840534,340.809925079827,345.60264348755703,13576650.0,-0.0044180906016102,51.74180040700204,5.3381522792655005,330.94594882831694,7.258323683044957,1.2971014953695317,0.8794002964963852,3.4956169123605036,-1,1095083130.0,0.9414484411695775,1,0.063086715629055,0.03416139153313193
2017-08-17,344.525390625,351.24177711711064,343.2172822946796,344.9430918310222,15828719.0,0.0006385277202929,51.94739431905801,4.6354011812725275,331.4784759575986,7.313050193001106,0.41770120602217276,6.298685286088471,1.3081083303204082,-1,1110911849.0,1.1366901699071386,1,0.06240833845468132,0.027694430326836314
2017-08-18,346.3501281738281,346.8777801218553,341.4584949367824,343.8438621373288,7935890.0,0.0052963804656542,53.71012696510157,4.177550738805337,332.0616780052939,7.177781263863378,2.506266036499312,0.5276519480271986,2.3853672005463977,1,1118847739.0,0.6225144280465087,1,0.05681106497426444,0.02691385985663232
2017-08-21,343.93182373046875,348.27385040535904,343.01946158325046,346.7019306140107,7573558.0,-0.0069822536405866,51.0379923320343,3.578315413882933,332.5271739160851,7.040396089452321,2.770106883541928,1.571919791348364,0.912362147218289,-1,1111274181.0,0.6502308299622355,1,0.06424187165710706,0.020071752281486
2017-08-22,342.9754943847656,347.3394760018056,342.0960939729541,345.6026888061943,9533641.0,-0.002780578241729,49.979052301842934,2.991762144114091,332.9369119736804,6.912037942266549,2.627194421428669,1.7367871956113277,0.8794004118115026,-1,1101740540.0,0.8185387585098418,1,0.06720933070142564,0.01733938756354106
2017-08-23,347.8121032714844,348.8014249254596,341.45847215325404,344.03072019418977,8320052.0,0.0141019080543778,55.0577332118925,2.8839440559808622,333.5202528088884,6.94281757297648,3.781383077294606,0.989321653975253,2.572248040935733,1,1110060592.0,0.7309176579580275,1,0.05236892093905821,0.0310040789472935
2017-08-24,344.7342529296875,350.2414754216198,343.95379646717896,349.5599628754376,12654347.0,-0.0088491754969045,51.47598625551775,2.52107921258812,333.960017519508,6.8960219573667905,4.825709945750077,0.6815125461822049,0.7804564625085391,-1,1097406245.0,1.0904415270040302,1,0.061764662776378126,0.02235270647279747
2017-08-28,344.4045104980469,347.7901772211408,343.2283076476144,347.15263318614853,12316426.0,-0.0009565119475025,51.09250355401609,2.181748908117129,334.36960547945074,6.729296787092481,2.7481226881016596,0.6375440349922883,1.176202850432503,-1,1085089819.0,1.0422088356366839,1,0.06278122571635726,0.021416679835433314
2017-08-29,336.8417053222656,344.61336720844696,336.3690287013287,343.37121155779795,15164812.0,-0.021959077030799,43.15220466148852,1.2877278987614318,334.46655057132585,6.837514052808607,6.529506235532324,1.2421556506490106,0.4726766209369089,-1,1069925007.0,1.303438011003027,1,0.08664290088179145,0.0014032603845319162
2017-08-30,343.8658447265625,344.8991349911947,338.84230586501064,340.22734452560223,10334911.0,0.0208529386157116,50.80005189587285,1.1329393350931696,334.83515034211945,6.9246508825315,3.638500200960266,1.0332902646322282,1.38503866059159,1,1080259918.0,0.912663521613745,1,0.06444607227686647,0.02180157215438233
2017-08-31,350.5492858886719,351.1978366994043,346.04236259993326,346.2622053575539,25104625.0,0.0194361878756057,56.76072942163393,1.5319072558621656,335.4513909517882,6.953746674696523,4.287080531117965,0.6485508107324449,0.21984275762065408,1,1105364543.0,2.0121208991984827,1,0.044151742832532107,0.04045153636925836
2017-09-01,353.9789123535156,355.4079195948004,351.5385991002672,351.7254507639491,15431918.0,0.0097835785234858,59.47401752535005,2.1006197635647936,336.1779604185226,6.804095748370236,2.253461589566541,1.4290072412847508,0.186851663681864,1,1120796461.0,1.2408053120128957,1,0.034035178467944155,0.04974839753900388
2017-09-04,354.6934509277344,359.70601293106546,350.84608497778424,355.1661275674554,21560532.0,0.0020185907953329,60.036673230005796,2.579253782488138,336.9040580855505,6.950940905863878,0.472676639721044,4.53988536361004,3.847365949950131,-1,1142356993.0,1.5624160158705087,1,0.030774428753191356,0.05166270247865134
2017-09-05,358.9255676269531,359.4202285595299,356.38631012982586,358.3539470453396,25216776.0,0.011931758785366,63.287815952760305,3.2624634908987105,337.76764669501733,6.792072100573281,0.5716205816135016,0.4946609325767781,1.967636915513765,1,1167573769.0,1.6202193242731662,1,0.002174393173694119,0.06284461448304623
2017-09-06,361.7395629882813,363.3005052152543,356.77099943555487,357.5624333350321,48745984.0,0.0078400526881741,65.30871761416844,3.985040943794729,338.7077218437728,6.773317363368006,4.17712965324921,1.5609422269729976,0.7914338994772265,1,1216319753.0,2.5017135326852293,1,0.00431509955416064,0.07013480659226229
2017-09-07,359.7169494628906,366.0486260924024,358.3538950680626,361.8714964568472,16205339.0,-0.0055913528193656,62.639656372002,4.344401220319753,339.5316131229539,6.839132624865989,2.154546993956558,4.177129635555218,1.3630543948279978,-1,1200114414.0,0.7993333881501957,1,0.01760183010271238,0.0649063681776011
2017-09-08,359.1893310546875,361.9814220530865,357.07878193740225,360.5523854654127,13248413.0,-0.0014667599316376,61.92865450235896,4.534353230956299,340.3025040222376,6.700811731353006,1.3630544107252263,1.4290365876737496,2.1105491172852453,-1,1186866001.0,0.651572822580166,1,0.019096600162298683,0.06353279560490156
2017-09-11,359.6289978027344,363.5643002551419,359.0354224046733,361.1239871378895,12690592.0,0.0012240529159257,62.312544291274705,4.666575621117374,341.06040573911986,6.545673597004122,1.4949893351551395,2.4403131172524013,0.5935753980610912,-1,1199556593.0,0.6229920917273347,1,0.017850697048599387,0.0646776796184949
2017-09-12,362.20123291015625,362.7508397404784,359.2332679719178,361.7615180943989,6500191.0,0.0071524685805031,64.56381157800706,4.92218085706503,341.88945778504285,6.329380609258155,0.43971481575732696,0.5496068303221477,2.528250122481097,1,1206056784.0,0.3332759927473276,1,0.010622253136284862,0.07132003389738652
2017-09-13,373.30364990234375,378.0963393329069,361.4317889996409,362.3111893648229,29377106.0,0.0306526206522921,72.26489201291115,5.952011034382963,343.1213868876821,7.067607018115857,10.992460537520856,4.792689430563144,0.8794003651819935,1,1235433890.0,1.372239511278407,1,0.012838581759961123,0.0989398877044924
2017-09-14,371.0391845703125,378.7998686425318,370.2257663759008,376.29360252971753,11867640.0,-0.0060660144432652,68.97248617737073,6.510387744719196,344.21620248307937,7.1752138215812264,5.254417959405032,2.5062661128142736,0.8134181944117245,-1,1223566250.0,0.5908870062062095,1,0.02091607677826988,0.09344068581094495
2017-09-15,370.1378479003906,374.9964904418501,367.03797684091234,370.22578500691446,28595395.0,-0.0024292223231507,67.65128753543866,6.801768421658778,345.2327375974838,7.2311638058209775,0.08793710652383879,4.770705434935621,3.0998710594782892,-1,1194970855.0,1.336183660227081,1,0.02340214812204845,0.09123308894406708
2017-09-18,371.7866516113281,374.20500979350754,370.7093928393166,373.74331069035946,5061995.0,0.0044545666439959,68.82761664870442,7.084073596524831,346.274067558811,7.005163669199258,1.9566590790313398,0.46169910314807794,1.0772587720115325,-1,1200032850.0,0.2562913059073113,1,0.018863552526182173,0.0952632988744996
2017-09-19,368.7307434082031,373.193697691398,368.02724665538426,373.1717134178724,7718697.0,-0.0082195210341217,64.1700382337887,6.980746528190309,347.15472151368914,6.873827052543148,4.440970009669286,0.021984273525561093,0.7034967528188645,-1,1192314153.0,0.4287894576782024,1,0.02730752836408236,0.08776516546397216
2017-09-20,372.49017333984375,383.6365229362676,371.58878876955305,376.4254757254421,24942703.0,0.0101955966483617,67.11800122478303,7.120137149789116,348.14826864412663,7.447537943651816,3.935302385598334,7.211047210825541,0.901384570290702,-1,1217256856.0,1.5967614759163118,1,0.02992387556558286,0.09697207396008184
2017-09-21,369.93994140625,374.490833196917,367.6974865999516,372.4242525947984,12950541.0,-0.0068464408355466,63.31253597946552,6.944767856911312,349.0028440465628,7.40080999031707,2.4843111885484177,2.066580602118563,2.242454806298383,-1,1204306315.0,0.8466991745903992,1,0.037023797641187135,0.09074692658843059
2017-09-22,359.4091491699219,369.30236582373954,357.56241148100924,369.30236582373954,12294087.0,-0.0284662212906708,50.563627186711344,5.888164410796719,349.4109344435573,7.756289985668762,9.89321665381766,0.0,1.84673768891264,-1,1192012228.0,0.8088271164141684,1,0.06740889546718663,0.06410554801347092
2017-09-25,361.2339172363281,364.0479924311156,354.0448540033758,358.3538892179402,14229631.0,0.0050771330407717,52.35399041458214,5.13880515306073,349.8745808275875,7.916779160102406,2.880028018387918,2.814075194787449,4.309035214564403,1,1206241859.0,0.9267824445736835,1,0.06201689440275666,0.06883320571122392
2017-09-26,360.5964050292969,363.6523077617996,357.1228010098755,361.2999312850872,10564143.0,-0.0017648182427293,51.65021802278396,4.442282764780032,350.2950445217722,7.817688273803954,0.7035262557903366,2.3523764767123794,3.473604019421373,-1,1195677716.0,0.6703053994171061,1,0.06389447478018767,0.06032810882437612
2017-09-27,351.3846435546875,363.0586447135669,349.7797622772281,363.0146761676502,18448855.0,-0.0255459049123381,42.71505860033503,3.1111086647077286,350.33777389561203,8.207773571127872,11.63003261296268,0.043968545916698076,1.6048812774594126,-1,1177228861.0,1.2578162707534584,1,0.0917851134736929,0.015203512881810962
2017-09-28,345.8005065917969,353.03353817197933,343.05238429729576,351.6045310156791,29547622.0,-0.015891807070452,38.38055419101747,1.5872535446517873,350.15984184448206,8.334443592810421,5.804024423882197,1.4290071563002584,2.7481222945011154,-1,1147681239.0,1.79780726404106,1,0.10941573428385573,0.007947132066365535
2017-09-29,343.3601989746094,348.8564143000052,342.56873574933206,348.13090389754257,16666208.0,-0.0070569810357975,36.631180639833325,0.18059318717240558,349.89318918291843,8.188246089800616,4.7707049229331915,0.7255104024626462,0.7914632252773117,-1,1131015031.0,1.0934075537812882,1,0.11730050274300016,0.002305052325927381
2017-10-03,351.0329284667969,353.4512574244829,345.31684084671826,349.5599526874431,18345748.0,0.0223460072399215,45.10356165230433,-0.3114795913866715,349.93788484110974,8.324161258377252,1.4729757793537601,2.4183289576860147,4.2431118407248505,1,1149360779.0,1.1071114238830677,1,0.09287902024426356,0.024112247117197193
2017-10-04,360.04669189453125,362.7288317541598,349.82371200386234,351.4066089232091,18907611.0,0.0256778287641097,53.045836658877946,0.02558958308156889,350.3343086471263,8.651372579228694,8.640082971322158,2.682139859628535,1.5828969193467515,1,1168268390.0,1.0688476952220411,1,0.06551881067871765,0.04854358209273318
2017-10-05,362.3771667480469,364.26787325859016,359.9588375935405,362.7508994541874,10631751.0,0.0064727017522445,54.86405583055978,0.4752903253746581,350.80657759226045,8.341205656787333,0.37373270614051535,1.5169738044027667,2.4183291545063526,-1,1178900141.0,0.6539147354556796,1,0.058666378952628453,0.054662469979757836
2017-10-06,368.0492248535156,369.0605307704992,361.6955644489999,362.3111534490549,12997688.0,0.0156523606505605,59.02308806300497,1.2746754244693648,351.4827598377999,8.271474275695331,5.7380714044606975,1.0113059169835878,0.6155890000550244,1,1191897829.0,0.7992019151988906,1,0.042351123247048754,0.06923119893629677
2017-10-09,365.2351684570313,369.2584080569421,364.0699725684971,368.9066303169028,8850408.0,-0.0076458696458452,56.253615882650514,1.66196494427453,352.02206997973053,8.051257219463162,3.671461859871499,0.35177774003926743,1.1651958885341855,-1,1183047421.0,0.5559662431603207,1,0.05038220869303054,0.06205983066596686
2017-10-10,370.75341796875,372.5561874056908,365.38910756391857,365.38910756391857,14732024.0,0.0151087572837826,60.19761984426419,2.3866593730421073,352.7566326459666,7.999097342977187,5.3643104048314285,1.802769436940821,0.0,1,1197779445.0,0.9225270301169266,1,0.03474844557900614,0.07602001992006871
2017-10-11,369.4122619628906,377.43675610612,367.5875086722416,371.6767006963476,15420644.0,-0.0036173800182536,58.80987979835696,2.820254707101526,353.4097945799636,8.131250920898704,2.264438733456984,5.760055409772406,1.8247532906490278,-1,1182358801.0,0.9371485289032522,1,0.03850511322443839,0.07266549862455603
2017-10-12,383.7464904785156,385.5272755597401,370.2697475528312,370.2697475528312,18642942.0,0.0388027956610301,67.44748039385843,4.271297717003051,354.5994689289264,8.701519683466616,13.476742925684448,1.780785081224451,0.0,1,1201001743.0,1.1316403161328368,1,0.004640524735493704,0.10730457672156596
2017-10-13,385.3733215332031,391.6390158155488,384.0102671755721,386.62648387087313,21509701.0,0.0042393379354659,68.2609599812316,5.489254715254219,355.80628667811374,8.643734373007087,1.2531623376700054,5.012531944675686,1.3630543576310288,-1,1222511444.0,1.3726261923499754,1,0.01625876502664404,0.11107303851126366
2017-10-16,385.5271911621094,392.21058579541966,378.7118615485322,386.4945284579171,32009221.0,0.0003992742110274,68.34154362879576,6.393213419719814,356.9718123441528,8.99051936399854,0.967337295807738,5.716057337502548,6.815329613577148,-1,1254520665.0,1.86048484985022,1,0.017335728287191036,0.11142782246638945
2017-10-17,384.4500122070313,388.6930948847174,381.30614333029655,386.0548937079238,13898844.0,-0.0027940414574421,67.0579630749571,6.942657235409229,358.04938880936373,8.875978806171565,1.6048815008924748,2.6382011767936433,3.143868876734757,-1,1240621821.0,0.8292825082242729,1,0.020186170742554653,0.10893815874076662
2017-10-18,402.1038513183594,403.598811314581,384.7357757350589,385.7910502475392,36671941.0,0.045919725714097,75.25932357194618,8.702298020281376,359.7770147901087,9.60975168484143,16.31280107082017,1.4949599962216098,1.0552745124803096,1,1277293762.0,1.978362072390258,1,0.0037178455051354352,0.1480590533361774
2017-10-19,400.0812072753906,405.3575794142544,397.0472896266066,402.6754101242285,8014767.0,-0.0050301533704221,73.01636806857229,9.820411953488133,361.35757135815896,9.51693297789903,2.594202848837881,2.682169290025911,3.0339176487840405,-1,1269278995.0,0.4385689094140363,1,0.013188252891948185,0.14375199454562385
2017-10-23,413.2062377929688,415.38276917369177,399.7294950217228,401.4003587024283,27455320.0,0.0328059160962881,77.66754056810302,11.631524598246301,363.3908523948182,9.955243061761166,11.805879090540486,2.176531380722963,1.6708636807055086,1,1296734315.0,1.3922165742255102,1,0.0052674214028043875,0.17094974756656184
2017-10-24,410.7879028320313,416.7018491061896,408.1277467684974,416.7018491061896,13857773.0,-0.0058526100037946,75.09893947930229,12.725018900266946,365.249560255101,9.8565901528991,5.91394627415832,0.0,2.6601560635339183,-1,1282876542.0,0.6853051421075295,1,0.014396593067582366,0.16606907509297725
2017-10-25,413.2721862792969,415.9103578899012,408.699310481948,413.36012337621696,10011782.0,0.0060476061493988,75.97783769153926,13.634907202198747,367.132800491344,9.667622813974395,0.08793709692008633,2.550234513684245,4.5728757973489,-1,1292888324.0,0.5069438053568853,1,0.008298799050016212,0.1710820444184989
2017-10-26,416.5699768066406,421.1428239258228,409.3589283368881,413.3162156869909,16840049.0,0.0079797059585207,77.13171829909746,14.455470703589242,369.07151328802235,9.81878515504299,3.2537611196497096,4.5728471191821995,3.957287350102831,1,1309728373.0,0.846606550403057,1,0.010977380449347119,0.17764420188077484
2017-10-27,408.8531799316406,420.6590868200903,407.0284265589064,417.7131061662602,11498547.0,-0.018524611240963,68.80339917418537,14.3180426909625,370.6315786465956,10.091061948338771,8.859926234619593,2.945980653830077,1.8247533727342216,-1,1298229826.0,0.5996073535647473,1,0.030058819638475117,0.1621228534736875
2017-10-30,414.41546630859375,415.7565366095296,409.1830614205014,410.6780216664539,7823263.0,0.0136046058829311,71.21595379397534,14.490917746000946,372.3485938490269,9.863368714735213,3.737444642139849,1.3410703009358258,1.494960245952484,1,1306053089.0,0.439307996197494,1,0.01623336521957788,0.17336884455408125
2017-10-31,413.6899108886719,415.8444285880789,409.886513825748,415.4926801805031,9504986.0,-0.0017507923301819,70.45060999922977,14.403343436581508,373.9698219682287,9.584407718134907,1.8027692918312255,0.35174840757582615,3.803397062923864,-1,1296548103.0,0.6109495222412693,1,0.018015699297913513,0.16527613616459091
2017-11-01,418.8343811035156,421.1427887477525,415.8444315632219,416.7238319399557,17571371.0,0.0124355708936498,72.69155401492148,14.580975508316442,375.72921644412236,9.432155585345315,2.110549163559938,2.3084076442368655,0.8794003767337699,1,1314119474.0,1.1033841870029613,1,0.005511588652834744,0.16476839584617858
2017-11-02,416.2181701660156,420.5712035603068,415.1848798451769,418.9443084374955,10277678.0,-0.006246409214561,69.79280942678432,14.345280384224793,377.3170185508633,9.143167594615644,2.726138271479897,1.626895122811277,1.0332903208387165,-1,1303841796.0,0.7735980230436164,1,0.011831904786479932,0.13516789175742885
2017-11-03,415.6465759277344,420.32934407515495,413.3821368192585,420.32934407515495,4798537.0,-0.0013733043851815,69.14405458943011,13.951542722304623,378.8201384479955,8.98631328470713,4.682768147420575,0.0,2.2644391084758695,-1,1299043259.0,0.37014522431954394,1,0.01322336888213424,0.12980020672205553
2017-11-06,410.0184020996094,414.41540376544935,408.4794735301914,414.41540376544935,9757496.0,-0.0135407679362274,62.94018985277117,13.035095727704118,380.04359976766665,8.856369649909691,4.39700166583998,0.0,1.5389285694179762,-1,1289285763.0,0.8716604270077468,1,0.02713151841294893,0.11206431051831083
2017-11-07,398.6742248535156,411.1176774385511,397.0693433345378,410.39219632174775,20447574.0,-0.0276674831861273,52.68023666372669,11.263584988910509,380.7742125161313,9.227224253774235,11.717971468232122,0.725481116803337,1.6048815189778338,-1,1268838189.0,1.725078264781796,1,0.056358293743626914,0.08348951403072763
2017-11-08,390.3639526367188,398.3664643998481,388.7370867621902,396.8275356346721,17752793.0,-0.0208447692344553,46.67746868787188,9.084361583798795,381.15028075615436,9.277932385027892,6.463582997953267,1.5389287651760242,1.6268658745286189,-1,1251085396.0,1.405913556935934,1,0.07884660220598674,0.05834668854701721
2017-11-09,395.9480895996094,400.0812506693049,392.2326297512441,393.419809942316,15007224.0,0.0143049503551044,50.73936938540485,7.7189255502376,381.73058698530946,9.309315645567763,2.5282796572933535,4.133161069695518,1.1871801910719455,1,1266092620.0,1.2059858596792952,1,0.06363140772238823,0.06485279944839398
2017-11-10,388.627197265625,396.1460261927929,386.58260060239,396.1460261927929,13923102.0,-0.0184895255875269,45.81225284782187,5.9771717132522895,382.0010422904199,9.327466355913126,7.518828927167874,0.0,2.0445966632349837,-1,1252169518.0,1.0974822933253323,1,0.08366791333436588,0.025513746302000796
2017-11-13,384.8457336425781,392.1667031024188,384.0762546214768,389.1327849220655,9088619.0,-0.0097303113360392,43.46444526624733,4.242778626445215,382.11259881403396,9.239107936272333,4.2870512794874,3.0339181803532824,0.7694790211013469,-1,1243080899.0,0.7093313805155382,1,0.09431594821044653,0.015938521744774427
2017-11-14,389.8802490234375,393.5297266526305,383.8563816887379,384.73578202209205,12481463.0,0.0130819051395152,47.334270767078436,3.2371866529020394,382.417212547736,9.270124866816635,5.144467001345447,3.6494776291929725,0.8794003333541696,1,1255562362.0,0.9520141422819882,1,0.0801850695968597,0.021991639008688335
2017-11-15,388.5612182617188,391.5951072820424,386.0329382761083,388.9129667043057,15272059.0,-0.0033831689730953,46.43742089409747,2.30721685044017,382.6581539482844,9.005270876753597,0.35174844258688154,2.6821405777367318,2.5282799856104816,-1,1240290303.0,1.1856586169592547,1,0.08385192379687875,0.012108353463654058
2017-11-16,397.4210510253906,398.36640415948153,389.3525876503477,389.3525876503477,15160866.0,0.0228016393486398,52.8936482355712,2.2590822473177923,383.2370910885631,9.062407663968534,8.068463375042938,0.945353134090908,0.0,1,1255451169.0,1.134033680806289,1,0.05968927121305573,0.03413173333836842
2017-11-17,400.9606323242188,406.6766902650828,399.4656430040309,404.0605029820047,12219276.0,0.0089063759700087,55.21611826945631,2.477985186119156,383.9321319213339,9.076209919377366,3.099870657785914,2.616187283078091,1.4949893201879263,-1,1267670445.0,0.8659368668258725,1,0.05033459640318153,0.04265817952334617
2017-11-20,404.8959655761719,406.4349236727002,397.9267736422081,398.4543962914145,9231195.0,0.0098147621853583,57.71242385134949,2.935180908285986,384.75424304505304,9.03563421302842,6.44156928475735,1.5389580965283471,0.5276226492064211,1,1276901640.0,0.6566311793381063,1,0.04012600700165405,0.0519629378314363
2017-11-21,410.0403747558594,413.16222970682384,406.9405040788137,407.5121245522018,13082246.0,0.0127055086171752,60.78936087546215,3.6703135492945194,385.7458560533199,8.980679207144387,2.528250203657592,3.1218549509644618,0.5716204733880659,1,1289983886.0,0.9820116813354999,1,0.027076477960429914,0.06385710939492631
2017-11-22,409.24896240234375,412.722565918559,406.0391408355157,412.1949139652783,11058315.0,-0.0019300839679186,60.06528947637017,4.141312626735328,386.6675464983797,8.816589626851451,2.9459515629345674,0.5276519532806674,3.2098215668280545,-1,1278925571.0,0.8740067575126735,1,0.029062655293395457,0.06204678092413032
2017-11-23,416.3941040039063,417.6692214528438,407.4462388807907,409.35892972994975,16031638.0,0.0174591563033406,64.21011981853422,5.033117357883555,387.83329385153763,8.917046265794424,7.035174273956557,1.2751174489374648,1.9126908491590484,1,1294957209.0,1.2569025062952581,1,0.01140430351482987,0.07814164994724128
2017-11-24,418.1968383789063,421.89031436132217,416.56997251160783,417.7131842796163,13987125.0,0.0043293945751525,65.19174140006587,5.818275175929841,389.024021087905,8.672700843767384,0.4836540992899927,3.693475982415862,1.1432117680084843,1,1308944334.0,1.0960597041039817,1,0.008831907952085941,0.08211553397506638
2017-11-27,418.3067321777344,421.0108861544857,415.07495558200895,416.5039922114032,10237135.0,0.000262780080438,65.25430345506365,6.375888639252366,390.1723626992709,8.47721725296091,1.8027399663311598,2.7041539767513427,1.4290366293942611,1,1319181469.0,0.7950473914844518,1,0.008566876667108396,0.08235667236251622
2017-11-28,414.7891845703125,418.306756959709,412.48077677253656,417.6472286469186,10153618.0,-0.0084090150524455,61.44730228132883,6.45950349637161,391.13772826284116,8.287843176833162,2.85804407660612,0.6595283127903713,2.308407797775942,-1,1309027851.0,0.8030798932494719,1,0.01711985281960969,0.07457475756900088
2017-11-29,415.9543151855469,417.7131157793696,413.7558291190186,414.1295617708184,8038351.0,0.0028089705772857,62.23326617112988,6.544346028989423,392.11092775000606,7.978517711370152,1.824753414728491,1.7588005938227411,0.37373265179979853,1,1317066202.0,0.674359634853307,1,0.014270795996255964,0.0771669684025057
2017-11-30,405.2037658691406,413.9537427541948,404.302381178456,413.9537427541948,20637767.0,-0.025845504960348,51.74995409928921,5.678644979116427,392.62437238212897,8.240904589635917,8.749976885054195,0.0,0.9013846906846084,-1,1296428435.0,1.6553030861444435,1,0.04118063526973838,0.05268308436031865
2017-12-01,400.1692199707031,409.46883312587073,399.113945343553,406.478883457028,11114967.0,-0.0124247263290819,47.69777723365459,4.534059070889157,392.92024875815144,8.39190338911319,6.309663486324894,2.989949668842712,1.0552746271501405,-1,1285313468.0,0.8994703402800677,1,0.05427977292258828,0.04076485013804791
2017-12-04,396.4317626953125,401.7960727634677,394.5630405439277,401.664167108288,10103208.0,-0.0093396920324463,44.88777224101145,3.287488800926212,393.05795518705975,8.30912687700082,5.232404412975484,0.13190565517970754,1.8687221513848158,-1,1275210260.0,0.8118654142409174,1,0.06421925300061405,0.031721426459563835
2017-12-05,401.7520751953125,404.8519459226566,393.7276096242593,396.1899070461138,18306627.0,0.0134205000725158,49.452879248545095,2.6977793153321272,393.3989010697363,8.510213264243427,5.562168149198726,3.0998707273441255,2.462297421854487,1,1293516887.0,1.4117994396352287,1,0.05012603645225585,0.044544122137700454
2017-12-06,407.44622802734375,409.05110959665984,399.5976063418999,400.1252583403562,24078081.0,0.0141733003600865,53.8581690138897,2.6592467042129897,393.94977663670136,8.577591120708892,7.320969686987553,1.6048815693160918,0.5276519984562924,1,1317594968.0,1.6874575127864004,1,0.035450288505331495,0.057896833289674605
2017-12-07,409.6007385253906,411.5573978424175,405.841309827271,408.9411808770264,12095301.0,0.0052878400874587,55.440588712098545,2.77062231410099,394.5635398480225,8.37319804174015,0.6595576483642276,1.9566593170268902,3.099871049755393,1,1329690269.0,0.8717197091966411,1,0.030003793157637893,0.06285232035795482
2017-12-08,404.96185302734375,411.9750417346528,404.104466360806,410.6119874260927,12224184.0,-0.0113253836278406,51.35670183799547,2.456254819848823,394.97131683544694,8.337296422604911,5.650134398748946,1.3630543085600948,0.8573866665377636,-1,1317466085.0,0.8923462959013883,1,0.04180260735036537,0.052117183830598456
2017-12-11,402.8293151855469,407.16036377318153,401.6861036250772,405.59942166947314,10792248.0,-0.0052660215421646,49.54971572809657,2.011847014238924,395.27947363349006,8.132793831569156,2.77010648392627,1.5609421037083848,1.1432115604696946,-1,1306673837.0,0.7846376709092352,1,0.04731780547549183,0.04709918762508603
2017-12-12,402.5875854492188,408.4795482126226,399.24588705341785,402.74147539914617,15782031.0,-0.0006000798035683,49.33780374421205,1.6214539452450367,395.5660662537147,8.211427212114556,0.15388994992736116,5.738072813476435,3.341698395800961,-1,1290891806.0,1.1023067829974507,1,0.04794665709963416,0.04112061020122697
2017-12-13,402.1697998046875,406.6986776443967,400.4329834596337,403.15912148393954,9147866.0,-0.0010377509382587,48.94816789398992,1.2637846922502263,395.8250361968901,8.072446281589444,0.9893216792520434,3.5395561604571526,1.7368163450537963,-1,1281743940.0,0.6340256059164022,1,0.04903529446072747,0.031870150768567036
2017-12-14,405.1817932128906,406.67675341371495,399.5756264189133,404.082550001592,10983157.0,0.0074893575043821,51.89755281063194,1.209430367712116,396.1919678445764,8.003066332533171,1.099243211298642,1.4949602008243232,4.506923582678667,1,1292727097.0,0.8158172090477388,1,0.04123709759005028,0.028269245510281555
2017-12-15,404.4122619628906,410.2162865025176,403.5108773626947,409.35887045103846,24408414.0,-0.001899224651478,51.08551762447849,1.0916752801940675,396.51433231980445,7.910376533053866,4.946608488147831,0.8574160514791629,0.9013846001959109,-1,1268318683.0,1.6500966525286582,1,0.04321840369923143,0.026420198751569444
2017-12-18,404.96185302734375,410.0843355105695,379.30550141571325,400.9826114691684,18581421.0,0.0013589871429358,51.66717631628494,1.0308182990443697,396.8456076416687,9.54383778746832,3.9792415581753744,5.122482483225724,21.677110053455124,1,1286900104.0,1.188075486001123,1,0.04180260735036537,0.06335498373447569
2017-12-19,407.1383666992188,407.6000364229414,404.52215021029406,406.1050765374836,8891691.0,0.0053746140669896,54.00006695018772,1.1450161332328435,397.24924525176874,9.081984103552536,1.0332901617351808,0.4616697237225935,1.5829263271895684,1,1295791795.0,0.6049411613045124,1,0.03623325352926427,0.0683621774807276
2017-12-20,403.708740234375,407.7759484410384,403.2031019186176,407.11642020309387,10443493.0,-0.008423736855479,49.911919171363635,0.9478503180000075,397.5025587804984,8.759902847757411,3.407679968718867,0.659528237944528,0.5056383157573805,-1,1285348302.0,0.7831652188530368,1,0.045036364871347025,0.06044763560108789
2017-12-21,401.4223327636719,406.2590201230297,400.1252311598564,403.8406617675994,9071450.0,-0.0056635074815961,47.33890606771528,0.6001824842657584,397.6562754072895,8.57232328457283,2.4183290039275107,2.418358355430314,1.297101603815463,-1,1276276852.0,0.6960585863345486,1,0.050988646936343585,0.05509616566594813
2017-12-22,404.6980285644531,405.5774288273501,399.81737324869937,402.169778491186,10658428.0,0.0081602231201962,51.21884114635,0.5822625361400924,397.9324225899234,8.371447019864108,2.528250073267145,0.8794002628969793,2.3524052424866113,1,1286935280.0,0.8277734954417086,1,0.040308715236141976,0.06274438064057879
2017-12-26,408.8312072753906,412.8324625046236,403.7087247332023,406.654705470742,11596338.0,0.0102129944284599,55.658134510264276,0.8912994820863105,398.35982591092215,8.425182073546766,2.1765018046486375,4.0012552292329815,2.945980737539685,1,1298531618.0,0.8950257890891524,1,0.02317716826821293,0.07221979470806082
2017-12-27,406.1710510253906,412.216873058955,404.0824863179319,410.2382590716524,9520350.0,-0.006506734815398,52.3557061864618,0.9110589897982209,398.6661484644307,8.404410978366505,4.067208046261783,1.9786139873025945,2.0885647074587155,-1,1289011268.0,0.7721126223056044,1,0.028416758714932325,0.06614343770156567
2017-12-28,406.3689270019531,410.8538364423893,404.1264722817351,406.8305967702033,15511891.0,0.0004871740023395,52.58109217256725,0.931942625141005,398.9682182110002,8.284621919958482,0.4616697682501467,4.023239672186037,2.2424547202180065,-1,1304523159.0,1.1962901049493588,1,0.01866485168588011,0.06659816680843267
2017-12-29,404.98388671875,409.9304956175748,403.8626592818835,407.3802608772716,11089700.0,-0.0034083321611754,50.77065765548849,0.8271964749673657,399.2041267799316,8.126280092510827,2.39637415852161,2.5502347403032104,1.1212274368664907,-1,1293433459.0,0.8545448560186275,1,0.019379970520467207,0.06340594316254777
2018-01-01,400.0152587890625,405.7093321656008,399.0259371678456,405.7093321656008,9453202.0,-0.012268705231569,44.81008796904137,0.339345878873587,399.23593587832886,8.023216871456855,5.694073376538313,0.0,0.9893216212169023,-1,1283980257.0,0.823320817637909,1,0.032041786991730534,0.051772418472341306
2018-01-02,400.630859375,404.3243349654804,398.5422945557765,401.44430689808223,9499419.0,0.0015389427588363,45.66128784877421,0.0023673004262718678,399.29063876055125,7.8631328384745,0.8134475230822318,2.8800280673981433,2.0885648192235067,-1,1293479676.0,0.8984094739687525,1,0.030455974231886656,0.053229444163525375
2018-01-03,402.2357177734375,407.1603414690369,401.4662389003599,406.7206266766362,13507800.0,0.0040058282103907,47.9165347819635,-0.13365134093692177,399.4061320551742,7.767872071014671,4.484908903198686,0.4397147924007072,0.7694788730776168,-1,1306987476.0,1.2240640232297952,1,0.02634461402344883,0.05700691247573363
2018-01-04,404.6540832519531,405.31364082486886,402.6314713366122,403.7087301164242,9008932.0,0.0060123091303339,51.203132873199664,-0.04577751647167361,399.61193406289107,7.432875712473006,0.9453531355289329,0.6595575729157304,1.0772587798119844,1,1315996408.0,0.8271334884537849,1,0.020210791367644025,0.06264259496043903
2018-01-05,405.951171875,407.556082532456,404.6320861225771,405.3136279478872,7441284.0,0.0032054257617344,52.919156874923374,0.12706263520681205,399.86053162415027,7.110812905144855,0.6375439271128016,1.6049106574560028,0.6815418253100916,1,1323437692.0,0.6935845107695088,1,0.01695103033658069,0.06563762419065378
2018-01-08,408.2816162109375,409.3588750180191,406.06114577296336,407.204357403856,8827020.0,0.0057407010926306,55.918599565080996,0.44693509269114884,400.1907702353968,6.8463050649930155,1.0772588070814777,1.0772588070815914,1.1432116308926652,1,1332264712.0,0.8370339626969885,1,0.011146341429526734,0.0709709025454965
2018-01-09,413.7338562011719,415.0309577327552,406.2809817737514,408.1057058870631,14294571.0,0.0133541158204328,62.01567614767825,1.1273906629589305,400.7218716458194,6.982281557422357,5.62815031410878,1.297101531583337,1.8247241133116745,1,1346559283.0,1.321684696222852,1,0.0031351109224975796,0.08321377201656505
2018-01-10,414.3495178222656,416.5699886123844,411.337583669395,414.6353134374378,11727682.0,0.001488061979618,62.643992726340734,1.6967759751026392,401.256289142935,6.8572903706771475,0.28579561517216234,1.9346751749466193,3.0119341528706514,-1,1358286965.0,1.0626606102430594,1,0.0053589317583597335,0.08457597969640798
2018-01-11,412.3268737792969,414.48139156921326,411.1176798744526,414.1076295189599,7849171.0,-0.0048814924501404,59.18049600107536,1.9621885783390667,401.69042971691,6.607749036683111,1.78075573966305,0.3737620502533332,1.2091939048442555,-1,1350437794.0,0.7642905712775695,1,0.010290657977725487,0.08008542363711836
2018-01-12,417.2734680175781,418.9443317853938,412.5467310203314,414.6352960543485,15071161.0,0.011996778655104,64.36892405250617,2.5423719123804744,402.3015292581127,6.608442534498382,2.638171963229638,1.6708637678156606,2.0885650340171082,1,1365508955.0,1.4127415458993804,1,0.004004241572687947,0.09099060810706859
2018-01-15,417.3394165039063,421.450593697631,415.6026292741727,417.7131785633841,11120925.0,0.0001580462008319,64.43383058319262,2.973219453203967,402.8912503265752,6.554122669424089,0.3737620594777695,3.7374151342469304,1.7367872297335794,-1,1376629880.0,1.0264082947935387,1,0.009850919973398245,0.09113425088578245
2018-01-16,405.8193054199219,416.701844644829,404.5222038156024,416.701844644829,10825151.0,-0.0276036976820677,47.988766654252565,2.3579120046629214,403.00607601651035,7.00148624220122,10.882539224907134,0.0,1.2971016043194936,-1,1365804729.0,0.9870325607789077,1,0.038517852820073806,0.01793165275026896
2018-01-17,406.5008544921875,408.4794980225794,398.8061231292183,407.1604121194858,13204016.0,0.0016794397485855,48.82098764085914,1.9033313142241468,403.1431261528114,7.192335431569782,0.6595576272982839,1.319085903093594,7.694731362969208,-1,1379008745.0,1.2072804702697348,1,0.03677664890549652,0.01957821207129581
2018-01-18,404.3902893066406,408.7432931606718,402.3676773045552,408.4794818607916,9381821.0,-0.0051920313628454,46.347800593490575,1.3571237919367718,403.1920345117851,7.133998319037412,4.089192554150998,0.2638112998801603,2.0226120020854523,-1,1369626924.0,0.8548916948557592,1,0.042187720234928575,0.014461264044918053
2018-01-19,409.4908142089844,410.853868697568,405.44558994453865,405.8413069198199,9973533.0,0.0126128768103928,52.59741488527086,1.320597106662774,403.4390454803027,7.0861112527438355,3.6495072891644895,1.3630544885836002,0.39571697528123195,1,1379600457.0,0.8883124889428908,1,0.029206465868469852,0.026736911484466865
2018-01-22,427.1666564941406,428.3978052812969,413.3161812735028,416.8337534298782,45700733.0,0.0431654182995551,66.96053102595347,2.686968494433131,404.369540029865,7.9304598112844555,10.332903064262439,1.2311487871562576,3.5175721563753655,1,1425301190.0,3.064104037764604,1,0.002882127545395494,0.06700982275463901
2018-01-23,432.3331604003906,435.7188273130957,428.7056664263865,428.7056664263865,22526810.0,0.0120948202012132,69.83737983370307,4.139009426154246,405.466152593415,7.974867740403785,3.627493974004153,3.3856669127050623,0.0,1,1447828000.0,1.4313550918213425,1,0.007831152506482598,0.07815932003300388
2018-01-24,424.9022521972656,431.6735857569043,423.2753569639145,431.6735857569043,14289485.0,-0.0171879209918645,61.53780578348934,4.636701132226051,406.2283525778797,8.05222029012324,6.771333559638663,0.0,1.6268952333511493,-1,1433538515.0,0.8934121738491946,1,0.025456619869381972,0.062037698094504864
2018-01-25,424.704345703125,427.3864859503366,420.4172653298735,425.5837167012259,13669901.0,-0.000465769463723,61.32876313189922,4.95800321998928,406.9529013278893,7.9748631708618,0.8793709981009101,1.8027692491106677,4.287080373251513,-1,1419868614.0,0.8246627292023984,1,0.02593446881673771,0.06160062031867268
2018-01-29,424.08880615234375,429.7169279546101,421.8023825874076,424.8363009394786,9897064.0,-0.0014493365961729,60.638802806538166,5.10413129358767,407.624897595515,7.970554756314711,0.7474947871348263,4.880627015131552,2.2864235649361717,-1,1409971550.0,0.6162960691331638,1,0.02742355136950757,0.060238589715075584
2018-01-30,417.8890075683594,424.6603695937107,417.2734185291451,424.6603695937107,9182956.0,-0.0146191045225495,54.04383916138549,4.665881534937114,408.02741171209715,7.928868778332633,6.771362025351323,0.0,0.6155890392142851,-1,1400788594.0,0.5788131682612206,1,0.04266640045998258,0.04629629557656669
2018-01-31,422.6817626953125,424.0887857402805,413.9977093299284,417.71316945774777,12551686.0,0.0114689667355489,57.85937150325783,4.651679067091095,408.60209214281144,8.083312180619739,4.968593237564733,1.407023044968014,3.7154601278193695,1,1413340280.0,0.7826313838983096,1,0.030843688487172498,0.05648608876296566
2018-02-01,415.0090026855469,427.6503134810664,411.82119464193335,423.5391658544019,16524809.0,-0.0181525693487194,50.61440193855748,3.9754691662379855,408.8533435366442,8.636584084799262,8.53016316885504,4.11114762666449,3.187808043613529,-1,1396815471.0,1.0094642845208919,1,0.04990210933626586,0.03904223631651079
2018-02-02,397.6408996582031,415.0529439106164,396.16792392595465,411.1176413978391,28965593.0,-0.0418499428083578,38.777707436167525,2.0148808922630224,408.4136398551367,9.368615220503727,13.476741739635997,3.935302512777298,1.4729757322484716,-1,1367849878.0,1.5803790289496704,1,0.09575958531333897,0.0037042862882429475
2018-02-05,396.6735534667969,401.2244449119785,387.7257191964092,393.0900287741712,19191099.0,-0.0024327130137713,38.241289756376815,0.3786786350792113,407.9532443104959,9.66362311300841,3.5835246926257014,4.550891445181605,5.364309577761958,1,1348658779.0,0.9969395034609222,1,0.09843175453734164,0.02255717375707687
2018-02-06,392.254638671875,394.8488713165877,382.97700995694254,385.6152111540316,24062503.0,-0.0111399279238608,35.80471594992191,-1.2600676598601126,407.33761271682454,9.951688855640262,6.639427517843387,2.59423264471269,2.6382011970890744,1,1324596276.0,1.4083012160709478,1,0.11080605391534687,0.023652056088731922
2018-02-07,393.2659301757813,398.1026175157178,391.3312552398066,396.84948446786,15532284.0,0.0025781505282649,36.797211783112886,-2.448953125271771,406.7857820289405,9.7245226713739,3.583554292078702,1.253133047857773,1.9346749359747264,-1,1340128560.0,0.9478569804435758,1,0.10794959308663951,0.02616275509612502
2018-02-08,397.7289123535156,400.4110823872505,392.3646016375524,394.8049446075877,13825894.0,0.0113485095841878,41.12336619382723,-2.9964864287206865,406.4306106691199,9.60466253411134,2.923967745927939,2.682170033734849,2.4403429700352604,1,1353954454.0,0.8461183234863666,1,0.09551710670159497,0.03709034454970945
2018-02-09,394.7829284667969,396.6076527880399,389.5724787694808,390.8915940771199,11580639.0,-0.0074070146655575,39.21522550159232,-3.6263247807482344,405.9738388180485,9.50121760910587,3.891334389676956,1.8247243212430249,1.3191153076390947,1,1342373815.0,0.7178918858312122,1,0.10369217079694903,0.0299048354388183
2018-02-12,402.5435791015625,403.7307593839146,396.6296326147951,397.0473632197457,11877059.0,0.0196580198259974,46.28592365298425,-3.4593789970193143,405.8393188291667,9.461689988249573,5.496215881816795,1.1871802823520738,0.41773060495057734,1,1354250874.0,0.7273397083093822,1,0.08241405386611075,0.04860733138084232
2018-02-14,410.5240173339844,414.4153508368687,404.9618204763312,405.8412206971833,22247829.0,0.0198250292557973,52.41569793092954,-2.6525417405482585,406.0230324960223,9.633838684467902,4.682796636801072,3.891333502884322,0.8794002208521192,1,1376498703.0,1.2615051781051982,1,0.06137231663747926,0.06710206032752232
2018-02-15,411.4034729003906,415.84441379405536,408.1057142906776,412.2828732395473,13363743.0,0.002142275553371,53.05154044439999,-1.9200198933940555,406.23403015893876,9.49847160010432,0.8794003391566889,3.561540554508042,3.2977586097130143,-1,1389862446.0,0.7542830884515187,1,0.05910342526105101,0.06909631253971142
2018-02-16,405.0937805175781,414.4593450190421,403.6867283365745,413.14022993041374,9628162.0,-0.0153369934831352,48.08686056516108,-1.8275634807950496,406.1893144867285,9.589481963130266,8.046449412835614,1.3191150886283367,1.4070521810036212,-1,1380234284.0,0.5654484232121129,1,0.0755998938230765,0.05459666779474507
2018-02-19,407.6000671386719,409.798553263164,401.68612126585737,404.9618661783807,8941900.0,0.0061869294016105,50.085025519676314,-1.5343674899731354,406.244638120138,9.483978394142866,2.638200960291158,2.198486124492149,3.2757449125233506,1,1389176184.0,0.5951303708154919,1,0.06898615196954169,0.060409845745565564
2018-02-20,405.005859375,408.7213193494409,403.9945826995693,408.4794923183597,8458450.0,-0.0063645911098176,48.02451091491265,-1.4941152106195545,406.19605856150514,9.1441754124092,3.4736329433596893,0.2418270310811863,1.011276675430679,-1,1380717734.0,0.6062602624858331,1,0.07583339160942401,0.05439143387222128
2018-02-21,408.6334228515625,410.01846170052016,405.46759880286953,408.9192184621479,11917390.0,0.0089568172721266,51.05669812769265,-1.156173287518527,406.29164147484073,8.849063049059984,0.28579561058541003,1.099243238372253,3.1658240486929685,-1,1392635124.0,0.9356266440350356,1,0.06628289059794322,0.06278588940567337
2018-02-22,406.4349060058594,409.3589027809596,404.52221528261697,405.4016156779068,11196908.0,-0.0053801689307771,49.1839461766871,-1.0536084717829794,406.2972596917434,8.562464795437318,1.0332903279525567,2.9239967751002496,0.8794003952898493,1,1381438216.0,0.9100367663726322,1,0.06209771694826098,0.057716243615597955
2018-02-23,410.7879028320313,412.4367822130504,405.7313726619427,406.89656862590834,10610664.0,0.0107101943308705,52.870051454053936,-0.6139968782011351,406.4733633443037,8.429817992270914,3.8913342061229628,1.6488793810190714,1.1651959639656297,1,1392048880.0,0.8855300459485388,1,0.04607980174703145,0.06770134340217042
2018-02-26,412.74456787109375,415.4707061515473,411.82119892693214,412.8764735271878,8435611.0,0.0047632002441477,54.468830409200294,-0.10648748549016318,406.71929293358966,8.162174087074133,0.13190565609403393,2.594232624359506,0.9233689441616093,-1,1400484491.0,0.7229838986563638,1,0.041120735206906706,0.07212101680148111
2018-02-27,417.9329833984375,420.26337524552326,412.5906578294948,412.87645340376895,14021366.0,0.0125705240752294,58.48995567946524,0.7062380635215391,407.1590455008386,8.127212896285158,5.056529994668551,2.330391847085764,0.2857955742741751,1,1414505857.0,1.1800309105997968,1,0.02325092890159584,0.08364014047718649
2018-02-28,419.7137756347656,420.8350030278222,414.7231983785712,415.9323628729262,56650480.0,0.004260951652697,59.80216947103597,1.4769980530979296,407.65138785903184,7.983255164354146,3.7814127618394195,1.1212273930565857,1.2091644943549795,1,1471156337.0,3.697216546207173,1,0.01890940518761325,0.08752813896151784
2018-03-01,417.0096130371094,422.06614301404807,415.9323542171204,417.6032178100225,8956590.0,-0.0064428731069561,56.862608897812436,1.848321278701178,408.01837708170154,7.8511504238236824,0.5936047729131246,4.4629252040255665,1.0772588199889697,-1,1462199747.0,0.601850503879849,1,0.025516679019603614,0.08161107565915585
2018-03-05,406.3249206542969,417.77904956283504,405.22567767112326,414.6352105217487,12325694.0,-0.0256221728439187,47.026524197233215,1.2658404103460157,407.9519670257249,8.187023385815689,8.310289867451843,3.1438390410863235,1.0992429831736104,-1,1449874053.0,0.8134963329353156,1,0.03874047974808785,0.05746118318255662
2018-03-06,400.49896240234375,411.6453128884909,397.9707120301943,408.4794891787069,16019726.0,-0.014338176065036,42.690272944857746,0.3303064174863266,407.659692334612,8.578993205278609,7.980526776363149,3.1658237097839788,2.5282503721494436,-1,1433854327.0,1.0101163495493388,1,0.05385077774568063,0.04375030671814462
2018-03-07,391.2213439941406,399.7954464243141,390.47384926054247,399.7954464243141,15853546.0,-0.0231651496736782,36.86125379686603,-1.146520901989561,407.01505122322095,8.6822874864588,8.574102430173468,0.0,0.7474947335981597,-1,1418000781.0,0.9551020789307177,1,0.07884232159983942,0.021073323743097113
2018-03-08,400.7628173828125,402.1039170303888,392.7823190882227,394.6949806065669,13283967.0,0.0243889387303335,45.155273229143305,-1.529370401605206,406.7698655824206,8.839450740015184,6.067836776245599,1.3410996475763,1.91266151834418,1,1431284748.0,0.7937619169151731,1,0.05315694148064246,0.027922596927555176
2018-03-09,401.4883117675781,404.2364344341332,400.586927063324,402.2797750873506,10638527.0,0.0018102836722815,45.73893427603439,-1.7540207948087527,406.5627458249758,8.46874049935761,0.791463319772447,1.956659346782601,0.9013847042540988,-1,1441923275.0,0.6378160203689568,1,0.051253873757556516,0.02967915291390945
2018-03-12,409.0510864257813,410.2822645686039,403.44494936195815,404.5222082233008,8315150.0,0.0188368488858554,51.5296682391352,-1.306741833333092,406.66032780932113,8.491969949476767,4.528878202480485,1.231178142822614,1.0772588613426706,1,1450238425.0,0.505478224321013,1,0.03181768004087242,0.04761900970976813
2018-03-13,409.7326049804688,411.5573584635263,405.11578993817983,409.7545892549272,11148731.0,0.0016660964297698,52.026521009039506,-0.8870518012237767,406.78080926701324,8.345512704896032,0.02198427445841844,1.802769208599102,4.616815042288977,-1,1461387156.0,0.6667351937155275,1,0.03010143172317755,0.04700322963276103
2018-03-14,408.5014953613281,409.8205813066028,404.1704754724315,408.3915739785139,14724464.0,-0.003004665980144,51.009324136934616,-0.6463341468106023,406.8482871530648,8.152983642701406,0.10992138281420694,1.3190859452746508,4.221098506082399,1,1446662692.0,0.876890068374605,1,0.03320587025200906,0.04413116305691814
2018-03-15,400.9166564941406,408.677340378444,400.12522259441727,406.7206812011239,12711836.0,-0.0185674690382187,45.15209213784135,-1.0554304337917415,406.6156741860481,8.181493224224644,5.804024706983284,1.9566591773200912,0.7914338997233585,-1,1433950856.0,1.0253280674733938,1,0.05275282574900088,0.02604732695547355
2018-03-16,395.7502746582031,399.9933575686648,389.594500926149,399.6855483360086,30814962.0,-0.0128864235303054,41.64437897694648,-1.7760527944495834,406.189580086917,8.405826248779428,3.935273677805469,0.3078092326562114,6.155773732054115,-1,1403135894.0,2.112978591526847,1,0.06649614678997535,0.015554692254782792
2018-03-19,393.7496337890625,398.76216623768994,392.21067573086674,396.1679629073655,12630833.0,-0.0050553113851115,40.33753754308043,-2.479998328179022,405.7017390556286,8.273373695782555,2.4183291183030065,2.594203330324433,1.5389580581957603,-1,1390505061.0,0.8642864678594019,1,0.07191501094869625,0.010552728196667875
2018-03-20,391.2432861328125,397.4869959374654,390.0341217346192,392.7822439861495,15192983.0,-0.0063653333010912,38.69912049059728,-3.2031970827029,405.13474090179267,8.214766589144244,1.538957853337024,4.70475195131587,1.209164398193309,-1,1375312078.0,1.0455206347969628,1,0.07878181677160424,0.00421421980926668
2018-03-21,394.36517333984375,396.7615180589525,392.78227616119017,393.4637886978802,14715126.0,0.0079794013537946,41.86651400162663,-3.484262687735338,404.7124049189711,8.022156970358227,0.9013846419635456,2.396344719108754,0.6815125366900361,1,1390027204.0,1.0206322068440812,1,0.07024192689128012,0.012097093598028288
2018-03-22,399.3117370605469,400.9826005039292,393.85949062390335,393.9694119884023,22129723.0,0.0125431048558652,46.5766905758837,-3.270166409824526,404.50061402256233,7.957939321048769,5.342325072144547,1.6708634433823022,0.10992136449897316,1,1412156927.0,1.446176010841816,1,0.05698406493383635,0.02433496246799392
2018-03-23,393.0460510253906,395.72819107573343,390.9355020818587,391.5950302820251,23469999.0,-0.0156912142910695,41.94114544519565,-3.5649871132991393,404.05141547365366,7.987817582308726,1.4510207433655182,2.6821400503428094,0.6595282001663918,1,1388686928.0,1.4151016141583053,1,0.07383382154062847,0.008781541222045369
2018-03-26,396.2119445800781,397.6189676743443,392.43053149038747,393.0681048815811,13227705.0,0.008054764947843,44.92383622636249,-3.502795447974563,403.7439852425331,7.787861768140732,3.143839698497004,1.407023094266151,0.637573391193655,1,1401914633.0,0.7746083505602819,1,0.06525345534792318,0.016701777279689425
2018-03-27,395.6402587890625,400.4549614662703,394.4091101156281,398.8940486887464,15179544.0,-0.0014428787391089,44.479465844653745,-3.459756451941132,403.42619204827935,7.663432452605121,3.253789899683909,1.5609127775238676,1.2311486734344044,-1,1386735089.0,0.8684090003170818,1,0.0667927078651383,0.015280947094256186
2018-03-28,388.1214599609375,393.90350044850135,386.9342797484401,393.8815161732977,19160609.0,-0.0190041297898697,39.01358809647526,-3.9863992367575065,402.8260064762267,7.7379000660349275,5.760056212360212,0.02198427520363566,1.1871802124974238,-1,1367574480.0,1.0690316398758892,1,0.0874589182894626,0.003058785290091683
2018-04-02,392.62835693359375,396.1459584004013,389.7923267065708,392.6503412089737,12494499.0,0.0116120787887117,43.49582433676835,-3.9940575092450104,402.4260986510254,7.758371378422703,0.021984275379963947,3.495617191427584,2.8360302270229454,-1,1380068979.0,0.6979543832128107,1,0.07497620984475455,0.01450246036639867
2018-04-03,395.5303649902344,396.475718172684,389.24268619166367,391.7709658870762,13922126.0,0.0073912339885615,46.23588290111032,-3.72304203719699,402.1556777231513,7.720847135751107,3.7593991031581595,0.9453531824496508,2.52827969541255,1,1393991105.0,0.858737710044575,1,0.05625025672339969,0.021733060221574986
2018-04-04,393.48577880859375,400.9166694567695,392.2326457420129,397.7948142524174,14214534.0,-0.0051692268473271,44.595075172314594,-3.6313810403990487,401.8156816872863,7.78964546282293,4.309035443823632,3.12185520435213,1.2531330665808582,-1,1379776571.0,0.8682919605171312,1,0.0461504203147596,0.01664990048684979
2018-04-05,399.3337707519531,400.1252340257902,397.2671901406303,397.9707163119858,8527915.0,0.0148620160074552,50.05465910867798,-3.051677129586892,401.71835184668504,7.707489016706751,1.3630544399673,0.7914632738370528,0.7035261713555201,1,1388304486.0,0.5430347898501915,1,0.0306099523928466,0.03105044429416668
2018-04-06,400.56488037109375,403.8626094462106,397.92670885160027,399.245794611347,9664888.0,0.0030829088579771,51.1460627291387,-2.464508031787375,401.67311767117167,7.580946986557009,1.3190857597467698,3.2977290751168766,1.319085759746713,1,1397969374.0,0.6358832782945252,1,0.027442440990455428,0.0340284465528429
2018-04-09,402.7633972167969,404.0825124289042,401.2464528798263,401.2464528798263,7813897.0,0.0054885411912954,53.11635012379869,-1.8010094400445382,401.7158737317844,7.290710205932254,1.516944336970596,1.319115212107306,0.0,1,1405783271.0,0.5675581160587536,1,0.021834062646948763,0.03930128104425637
2018-04-10,403.22509765625,406.2370314163251,401.9499803418064,403.8186730872744,8455132.0,0.0011463316742374,53.540113409596195,-1.2238192326538524,401.77505898372425,7.076163125117003,0.5935754310244192,2.4183583290507045,1.2751173144436052,-1,1414238403.0,0.6893097568564848,1,0.020664043125558598,0.04040129942927776
2018-04-11,409.2929382324219,410.12834070009694,402.7853872342242,405.31366696722233,13140816.0,0.0150482710809451,58.8094728115374,-0.2736137622953265,402.0698777777908,7.0952195780281295,3.979271265199543,0.8354024676750669,2.5282797329981577,1,1427379219.0,1.0720724042855432,1,0.005532517225641881,0.054627520769208016
2018-04-12,408.34759521484375,411.84318315544266,406.36895167065467,408.8532335631459,10822592.0,-0.0023096978454129,57.71127571132605,0.39855533999985937,402.3160627753223,6.979434714225262,0.5056383483021705,2.989949592296739,1.978643544189083,-1,1416556627.0,0.915485189745286,1,0.008560324541056197,0.052438941032914604
2018-04-13,412.810546875,414.0636800388565,408.3476211548157,410.1063926990947,12616816.0,0.0109292958069415,61.37805363692859,1.276660548705138,402.7276111713881,6.8891954363529395,2.7041541759052734,1.2531331638564893,1.758771544279,1,1429173443.0,1.1297978660326025,1,0.003035613245210862,0.06268315410651394
2018-04-16,412.01904296875,413.3161739112137,408.2596438473364,410.8758313045042,8934275.0,-0.0019173538860421,60.37815624848557,1.8869459641585422,403.0919810457945,6.758290766890393,1.1432116642458254,1.2971309424636956,2.6161874571677686,1,1420239168.0,0.8263831124605553,1,0.00496248196533374,0.06088253358282885
2018-04-17,415.1849060058594,416.4820370712529,411.5574121921365,413.3162130814292,9599816.0,0.0076837784348464,62.97620332987951,2.5961336292072588,403.56621339716963,6.627314632049392,1.8686929244301496,1.2971310653935006,1.7588008892927292,1,1429838984.0,0.9249208028609043,1,0.0031242250058464184,0.06804348098584442
2018-04-18,412.436767578125,416.92167706919,411.1396366544429,415.62457549700974,7360987.0,-0.0066190711366939,59.33887259154091,2.9029547044067385,403.91407826701106,6.566937902242088,3.1878079188847437,1.2971015721802814,1.2971309236821185,-1,1422477997.0,0.7593567806533252,1,0.01087417476720351,0.06183369145151242
2018-04-19,414.3274536132813,415.5146337526287,411.1176322253227,412.9204013839432,9802587.0,0.0045841840102145,61.00747612798807,3.2610834390124523,404.32244592764914,6.411942446889509,1.4070522293380918,1.1871801393473902,1.8027691586204924,1,1432280584.0,0.9981067856546697,1,0.006261287861291652,0.06611479308443088
2018-04-20,407.9957580566406,414.1295462804524,405.0498067967051,412.436727922355,7326696.0,-0.01528186341847,53.14244308846284,2.999412762871657,404.4664973836881,6.616635616152843,4.440969865714351,1.6928183580974405,2.945951259935498,-1,1424953888.0,0.7642035899470734,1,0.02187747994014743,0.051621807071034934
2018-04-23,411.557373046875,415.228835066044,408.2596437067435,408.9191719638684,7674482.0,0.0087295392657977,56.53675153198535,3.0443362179609608,404.7445709391072,6.660667144242166,2.6382010830066065,3.6714620191689846,0.6595282571249186,1,1432628370.0,0.8016447706425162,1,0.013034158476135595,0.05982906615460012
2018-04-24,426.529052734375,429.0133637586765,411.1176363394805,411.4694140760855,19921115.0,0.0363781107276985,67.26990182992712,4.239161393253596,405.59886434284317,7.463171449596013,15.059638658289487,2.484311024301519,0.35177773660501543,1,1452549485.0,1.858309811451626,1,0.005824482549020282,0.09283018995330418
2018-04-25,426.7269592285156,431.69552279157006,423.6710569446757,428.1119979069819,14079382.0,0.0004639929985352,67.38455933325324,5.142755864673575,406.4274170834578,7.503263906545896,1.3850386784662874,3.5835248845881438,3.0559022838399414,-1,1466628867.0,1.301973830878826,1,0.011643425510394637,0.09325091518008886
2018-04-26,428.85943603515625,434.4216036418031,423.09938062783175,427.8261458934986,34096999.0,0.0049972863455731,68.65859782554594,5.9622054566044085,407.30710410117143,7.776046699933426,1.0332901416576306,5.562167606646824,4.72676526566687,1,1500725866.0,2.5946412290306857,1,0.012969675234546684,0.09775966846927278
2018-04-27,438.0711669921875,444.53471994533214,433.3224168389882,435.2131231902759,25518647.0,0.0214796042316207,73.47813158826123,7.271117943075751,408.5135379400348,8.340277929236459,2.858043801911606,6.463552953144642,1.8907063512876903,1,1526244513.0,1.7682603662519152,1,0.014754572864321637,0.11146243916435303
2018-04-30,423.5611572265625,436.44429527158326,422.1101362973087,431.78351132065546,19406069.0,-0.0331224943774575,58.276472095614,7.056263779457026,409.10364065715356,8.884617412496626,8.222354094092964,4.660783950927794,1.4510209292537866,-1,1506838444.0,1.2537290975366242,1,0.049517200434767206,0.08102365018457515
2018-05-02,427.6943054199219,430.5523199353733,424.330593865417,425.1880099606535,13381914.0,0.0097580907097876,60.76641207258304,7.137227310229321,409.83268633412484,8.74937064794764,2.506295459268358,2.85801451545143,0.8574160952365446,1,1520220358.0,0.8439180606423916,1,0.03937488601555237,0.08291356519954542
2018-05-03,422.8136291503906,429.9807080724625,421.7803389010567,429.9807080724625,8634812.0,-0.0114115998452195,56.480070339296,6.7299826554560696,410.3417429151549,8.710156256766078,7.16707892207188,0.0,1.033290249333902,-1,1511585546.0,0.5402068307115652,1,0.051372730908859944,0.06042009350808723
2018-05-04,419.4499816894531,424.176718485862,417.71316516392886,423.3632709136858,8302649.0,-0.0079553903399388,53.67029046867417,6.065896217875661,410.6989287494411,8.549684618563726,3.913289224232699,0.8134475721761874,1.7368165255242616,-1,1503282897.0,0.524346597080075,1,0.05980388449379151,0.05131308565365006
2018-05-07,426.9468383789063,427.9361601911576,420.5052691365719,421.6045123333506,7683268.0,0.017873064767478,58.612281725329474,6.074513403341712,411.3361016760868,8.545148467359494,5.342326045555694,0.989321812251319,1.0992431967787297,1,1510966165.0,0.4841398927835471,1,0.041194546921125015,0.060195750826175405
2018-05-08,425.2319641113281,431.78348344312815,424.3965323198635,429.8048400138968,10792648.0,-0.0040165990550238,57.111546508758686,5.875240448634031,411.88103745786094,8.462420085638431,4.572875902568683,1.9786434292313402,0.8354317914646003,-1,1500173517.0,0.6669641911357389,1,0.04539347335834436,0.05475125516064539
2018-05-09,429.45306396484375,432.7947617924149,423.0994324320435,424.70434319711154,9831044.0,0.0099265817477693,59.83747512407135,5.988886521452514,412.5701365365661,8.550485033833642,4.748720767732209,3.3416978275711244,1.6049107650680412,1,1510004561.0,0.6479411053368386,1,0.035118287063200505,0.062096836577239245
2018-05-10,431.4097290039063,432.9267026903479,428.37581098252514,430.9040906760938,8781584.0,0.0045561790175576,61.07258391339388,6.165763287928371,413.308944084305,8.264799796261435,0.5056383278125054,1.5169736864415881,2.5282796935686633,1,1518786145.0,0.5997135798345299,1,0.030423493164445977,0.06110182602525985
2018-05-11,434.9712829589844,435.8726382057994,429.91475310958987,431.4536816629702,8774740.0,0.0082556180717145,63.28581048760676,6.518189408644446,414.15844756958654,8.100020174829154,3.5176012960141634,0.901355246815001,1.5389285533803445,1,1527560885.0,0.7245421676425569,1,0.021986364068198847,0.06878954389524766
2018-05-14,433.80609130859375,436.1584968966964,429.4530872516334,436.1584968966964,5642499.0,-0.0026787783378805,62.04299804151502,6.627075617622722,414.9289434024888,8.000405136988716,2.3524055881026698,0.0,4.353004056960344,-1,1521918386.0,0.5573871983197438,1,0.024731392324102798,0.06628833731943255
2018-05-15,430.4423522949219,439.6979954408977,429.431046380016,432.2451213935584,10501479.0,-0.0077540151719055,58.473028993047066,6.368530639319943,415.5373123786627,8.1623011315525,1.8027690986365315,7.452874047339321,1.0113059149058472,-1,1511416907.0,1.1374267861613978,1,0.03273926827896048,0.05899174503353423
2018-05-16,420.417236328125,428.2658567567676,418.7903707423629,428.2658567567676,18840763.0,-0.0232902638723804,49.35759303672417,5.293666711511321,415.7286819453083,8.41156401876725,7.848620428642619,0.0,1.6268655857621184,-1,1492576144.0,1.926744322771991,1,0.057365591924456824,0.036552805650018554
2018-05-17,415.6685791015625,422.11014830735087,413.97573108643536,421.824352709201,10353948.0,-0.0112951059476931,45.72170601662915,4.0123999042829155,415.7263249710438,8.391767818920696,6.15577360763848,0.285795598149889,1.6928480151271401,-1,1482222196.0,1.0405494530696273,1,0.06944508749292938,0.0255462472718267
2018-05-18,410.6120300292969,419.25208522362976,409.7985824738615,415.7784815955716,11440117.0,-0.0121648575968743,42.160249343450076,2.5594615976493174,415.52576438509294,8.467606028266953,5.166451566274702,3.4736036280581857,0.8134475554354026,-1,1470782079.0,1.1145639181743083,1,0.08261494412040218,0.013546176989005626
2018-05-21,409.51275634765625,411.425446901046,405.4455482253105,409.24894505794754,14491208.0,-0.0026771589754985,41.40516400927283,1.304260618159958,415.2899601483307,8.289912645943275,0.2638112897087126,1.912690553389723,3.80339683263702,1,1456290871.0,1.3240021953397363,1,0.08552105656006467,0.009931822780369928
2018-05-22,407.4901123046875,410.67791985856985,406.7206334188542,410.30418722760726,11310073.0,-0.0049391478326785,39.98610555541634,0.14462715652081215,414.9840837623055,7.980439345498444,2.814074922919758,0.3737326309625928,0.76947888583328,-1,1444980798.0,1.0284927481498958,1,0.09090921846208072,0.005017456909109554
2018-05-23,401.1145324707031,407.1603840239931,399.7514487584442,407.1603840239931,9991028.0,-0.0156459743229726,35.81891711286252,-1.2741590142153996,414.4401797900858,7.9631696455516465,6.045851553289992,0.0,1.3630837122589128,-1,1434989770.0,0.9072242204778774,1,0.10824885153668765,0.0033982406567592276
2018-05-24,402.6974792480469,404.9619184876834,400.19121296080937,401.8840316455208,11632489.0,0.0039463710466769,37.558864562034316,-2.2449483336740172,413.9796817296137,7.735136494217533,0.8134476025260824,2.2644392396365447,1.6928186847114262,1,1446622259.0,1.0296211280986736,1,0.10389248220626447,0.007315741074674113
2018-05-25,404.8739318847656,406.0171435033568,402.0818703371396,402.7633828425202,17782410.0,0.0054046840342354,39.968630883894235,-2.8063346461763103,413.622593500404,7.463717685074653,2.1105490422454523,1.143211618591181,0.6815125053805673,1,1464404669.0,1.4577417047170669,1,0.09795836416520559,0.01265204480435496
2018-05-28,404.6980285644531,407.6000406265634,403.68672266484646,406.67667181809657,11369679.0,-0.0004344644257378,39.83482458819702,-3.2282183792879096,413.27261056173927,7.210117704834816,1.9786432536434404,0.9233688084668188,1.0113058996066684,-1,1453034990.0,0.8902509321002495,1,0.08648415461917781,0.012222890789845073
2018-05-29,403.4009399414063,408.0397390524784,402.0598699073972,405.1817247965904,17878384.0,-0.0032050776912552,38.80323834107083,-3.625436711293105,412.885486223687,7.122242807709556,1.7807848551840948,2.8580142558880084,1.3410700340090784,-1,1435156606.0,1.3234414758997253,1,0.08997761756520335,0.009046808823728027
2018-05-30,402.807373046875,405.9292282293453,398.6302432865486,402.25776615814925,13105124.0,-0.0014714068207611,38.314262048127745,-3.9426822027550656,412.4902660991061,7.134867245930068,0.5496068887257479,3.1218551824703127,3.627522871600661,1,1422051482.0,1.013117290273563,1,0.09158378138656796,0.010370042953112264
2018-05-31,405.1158142089844,405.53351544872055,402.1258646489951,404.9618949270522,37080158.0,0.005730881102419,41.40670418372342,-3.962156358886034,412.20107190733665,6.868637499772595,0.15391928193218973,0.417701239736175,2.8360302780570805,1,1459131640.0,2.375704691682833,1,0.08536369111987732,0.016009177363513427
2018-06-01,409.1610412597656,411.44746465964994,403.8406703753189,404.5222122806992,19174278.0,0.0099853595167096,46.47095374747736,-3.6095649346084997,412.08185501919667,6.921362984383913,4.638828979066432,2.2864233998843133,0.6815419053802998,1,1478305918.0,1.1704848628754498,1,0.07463309333437977,0.025737538307151062
2018-06-04,413.6899108886719,415.0749495950042,409.1610327351229,410.4141657886144,12250151.0,0.0110686726550561,51.522654354371646,-2.9309060997819074,412.14491603368594,6.8494025469194435,3.2757451000574633,1.3850387063323524,1.2531330534915242,1,1490556069.0,0.7581769427506224,1,0.06286854928696796,0.036403275027357365
2018-06-05,416.6798706054688,419.9116472336744,413.7558738414247,414.5473371293433,17436812.0,0.0072275384003781,54.57085047788365,-2.1272773930959943,412.3227573894422,6.80456924678252,2.132533476125502,3.23177662820558,0.7914632879185888,1,1507992881.0,1.0397590137365889,1,0.05524174902421316,0.04331773285014388
2018-06-06,419.6477966308594,420.3512933973616,414.4813454943552,416.3940360312845,9164022.0,0.0071227967434039,57.43211842757962,-1.23665365343237,412.6100138302821,6.737810579369939,3.253760599574889,0.7034967665022123,1.91269053692929,1,1517156903.0,0.5491597896363501,1,0.04777863477661814,0.05008379291646501
2018-06-07,427.1006774902344,429.1452737021369,419.6697873199599,419.8676457885632,14999572.0,0.0177598474702129,63.62731480690826,0.06975320435606136,413.1782751502803,6.934929614506194,7.233031701671166,2.044596211902501,0.19785846860332867,1,1532156475.0,0.8810808280210966,1,0.029494961292706894,0.06665977298604674
2018-06-08,432.8167724609375,433.7840805465304,422.3739191249521,424.90219876680175,14289325.0,0.0133834837357142,67.53041514688599,1.5484812164759205,413.9484122997178,7.2545890292970565,7.914573694135754,0.9673080855928902,2.528279641849622,1,1546445800.0,0.8569438565212715,1,0.015898697596293525,0.07898614690925432
2018-06-11,432.06927490234375,439.6760393490657,430.486348433424,434.0259340382162,15018718.0,-0.0017270531230654,66.52507106519556,2.6297528598561257,414.65903436256593,7.392810592607391,1.9566591358724281,5.65010531084954,1.5829264689197657,-1,1531427082.0,0.8813980405611983,1,0.017656243990684644,0.07739275518573507
2018-06-12,438.4449157714844,439.698048842878,431.0360093705574,432.3990638208888,16285583.0,0.0147560616768727,70.55196652204825,3.9555324462551766,415.59181402566077,7.483469798301192,6.0458519505955906,1.25313307139362,1.36305445033139,1,1547712665.0,0.9647643298999595,1,0.002858131150155126,0.09080883607665557
2018-06-13,440.79730224609375,442.2922917374588,435.0812436507373,439.6980590796212,12962502.0,0.0053652953654854,71.89534522029216,5.136826115097847,416.5802645441091,7.4640111046169295,1.0992431664725473,1.494989491365061,4.6168154288839105,1,1560675167.0,0.768553056160465,1,0.0033915577154109257,0.09566088255232473
2018-06-14,443.1937255859375,444.8865444002976,434.1579228609122,438.5768802933488,11997529.0,0.0054365653501795,73.23487092483461,6.194969442695992,417.62392968300435,7.6971975642432495,4.616845292588721,1.6928188143601233,4.418957432436571,1,1572672696.0,0.8356076758349016,1,0.00381959111023533,0.10055079692401427
2018-06-15,445.9417114257813,450.030903689506,439.3682375616216,442.3362025289863,24705890.0,0.0062004168407634,74.72265493555321,7.172613718577281,418.7344309278191,7.909016747360474,3.6055088967950155,4.089192263724669,2.9679649673647077,1,1597378586.0,1.6568890596441406,1,0.009169790936691149,0.106093390519507
2018-06-18,446.5353393554688,448.6898569663923,442.7759109978872,443.5673742339309,12363932.0,0.0013311783008356,75.04536043396602,7.904190080469846,419.82466263086417,7.766511691727949,2.9679651215379295,2.154517610923506,0.7914632360436826,1,1609742518.0,0.8285491293836774,1,0.00782819191664132,0.10728175767245356
2018-06-19,437.9612121582031,446.2055494578896,436.90590833677953,445.80980318698073,13881382.0,-0.0192014526994471,62.61189871535615,7.703310244786508,420.5358998672304,7.899577357939472,7.848591028777605,0.39574627090888725,1.0553038214235926,-1,1595861136.0,0.9529435868596259,1,0.027558813877204633,0.08980468539174458
2018-06-20,448.1622009277344,449.76711165971903,437.4335815203476,437.93921983084886,15735681.0,0.0232919913598339,69.15880894868592,8.27189283668065,421.6192842225443,8.216288270898897,10.222981096885519,1.6049107319846598,0.5056383105012401,1,1611596817.0,1.0336093810334377,1,0.00416970185772746,0.1105223901941091
2018-06-21,453.7463684082031,455.5271532789503,449.0635713577384,450.00892447730166,22988909.0,0.0124601482876267,72.04462802644268,9.068557597014717,422.87916987688385,8.155478562350115,3.7374439309014633,1.7807848707471976,0.945353119563265,1,1634585726.0,1.4347492833886075,1,0.0039246261672449415,0.12146901652350085
2018-06-22,445.1943054199219,452.53725918351375,443.4135203320392,452.18548141030624,35370008.0,-0.018847672584759,62.412799146751524,8.907163907647089,423.7542732315128,8.31100495619396,6.991175990384363,0.351777773207516,1.7807850878826912,-1,1599215718.0,1.9508014924306438,1,0.0232097484923626,0.10459267238257357
2018-06-25,441.65472412109375,446.9530815357164,440.70937087641374,444.7106266209887,11369371.0,-0.0079506436981251,58.902786513207644,8.39684995729408,424.4562516977709,8.163341077844583,3.0559024998949553,2.242454914727716,0.9453532446800068,-1,1587846347.0,0.6399482514957001,1,0.03141012288606926,0.09741655298755193
2018-06-26,430.4423522949219,442.3361962694999,428.8154867327251,442.3361962694999,17649122.0,-0.0253871887105585,49.42124439856945,7.006906517667119,424.6910007407964,8.546010253482455,11.893843974578033,0.0,1.6268655621967696,-1,1570197225.0,0.9858504927425337,1,0.058276795604075095,0.07390562020388017
2018-06-27,427.521240234375,436.1747889046505,426.1269134300521,433.1205900420165,19595831.0,-0.0067863026139803,47.285701104168815,5.60504552147512,424.80199052485835,8.65328634070502,5.599349807641488,3.0541988626339958,1.3943268043228727,-1,1550601394.0,1.0554819837619946,1,0.06550765297467318,0.059401435988204195
2018-06-28,418.2701416015625,428.694248615669,416.2118776803641,425.8170994633865,18770484.0,-0.0216389216772969,41.21206391677574,3.704866838405451,424.5458395866899,8.926792383176437,7.546957861824012,2.8771491522824704,2.0582639211983746,-1,1531830910.0,0.9754416929822132,1,0.08907404084530199,0.03449797102655463
2018-06-29,430.4425964355469,431.7926606922729,420.0627530788779,420.10701554318325,17425606.0,0.0291018976094632,50.26431621458144,3.1449241892709665,424.77708495331177,9.255058576571717,10.335580892363623,1.3500642567260002,0.04426246430534775,1,1549256516.0,0.9411598875607704,1,0.058276195365250125,0.04944111915654849
2018-07-02,425.1973876953125,430.3983754914588,423.6039092788918,430.3983754914588,14570004.0,-0.0121856172778191,46.91216788785248,2.2519618815911144,424.7935674137824,9.082460618006241,5.200987796146308,0.0,1.5934784164206803,-1,1534686512.0,0.7776624740618678,1,0.07133102521639079,0.026908711541959264
2018-07-03,429.93365478515625,433.098510190637,425.08676634062783,427.1450303933809,11084063.0,0.011138984450294,50.14532934153872,1.9045060308141615,424.9951394675618,9.005980848863592,2.788624391775329,3.1648554054807505,2.0582640527530884,1,1545770575.0,0.6005699129003564,1,0.05952894873183048,0.03594114840468301
2018-07-04,438.2551879882813,439.09620441578414,429.8008203413119,430.1549200801727,10938521.0,0.0193553891641335,55.29671099647401,2.274405023978318,425.5151413703351,9.026652507835637,8.100267908108606,0.8410164275028365,0.35409973886078205,1,1556709096.0,0.6085004577638049,1,0.03941074918006643,0.050297887879211155
2018-07-05,426.9237365722656,446.3555241187266,424.31219150359385,441.3094543301612,40946479.0,-0.0258558294952087,48.0204106236092,1.6343593355902044,425.57038039786175,9.95641537264257,14.385717757895577,5.046069788565376,2.6115450686717736,-1,1515762617.0,2.0709379336904923,1,0.066998890566121,0.02509080187929138
2018-07-06,432.7000732421875,435.1124366560903,426.9236443309407,427.0343004923392,20039239.0,0.0135301370598401,51.522319119831124,1.5750642504298753,425.84997619567844,9.830156583535933,5.6657727498483155,2.412363413902824,0.11065616139848089,1,1535801856.0,1.0987104356014998,1,0.052754971511147004,0.038105368086209526
2018-07-09,441.3536376953125,442.63727876250505,435.3337650073444,436.9272728855685,11309207.0,0.0199989900354868,56.274904566678266,2.2009713708477534,426.45796292115426,9.837802936163191,4.426364809743973,1.2836410671925478,1.5935078782241021,1,1547111063.0,0.620265264427367,1,0.03211373912685971,0.05696511338670541
2018-07-10,454.0130615234375,455.252440135157,442.63728258968735,443.8545299681209,22846197.0,0.028683175455924,62.12478273865216,3.6761407150615355,427.5385550232046,10.127874329283284,10.158531555316586,1.2393786117194736,1.2172473784335693,1,1569957260.0,1.2182973003834339,1,0.0033349079218829053,0.08326012409473811
2018-07-11,459.8116149902344,460.7411563219205,450.53836245403227,453.70321740927255,18953870.0,0.012771776757567,64.46958763847226,5.252569501012658,428.8041652179901,10.133225724897924,6.108397580961821,0.9295413316861527,3.164854955240287,1,1588911130.0,1.0142068592724018,1,0.0020215699242523365,0.09482086987036253
2018-07-12,479.0884399414063,486.4583471820609,461.4936078305945,462.2682305141414,52736376.0,0.0419233101616653,70.91585607280096,7.96555735504495,430.77609756008485,11.312761901107109,16.8202094272649,7.369907240654584,0.7746226835469088,1,1641647506.0,2.387886827685898,1,0.015383187374664981,0.13124207770225502
2018-07-13,486.8125,490.8847651591087,478.0482655954239,478.26960747836455,39301408.0,0.0161224095900507,73.02751566589511,10.616506392307997,432.9736035381207,11.421600305576945,8.542892521635451,4.072265159108724,0.22134188294063506,1,1680948914.0,1.619171863720019,1,0.008365161451500782,0.14502631366210988
2018-07-16,476.36627197265625,490.840512658671,474.9719451369637,486.81250988481946,14427529.0,-0.021458421933175,66.04363025550495,11.739157602884859,434.6752768100633,11.739240821014826,10.446237912163213,4.02800277385154,1.3943268356925387,-1,1666521385.0,0.5947463590476079,1,0.03047758424695073,0.12627760996426093
2018-07-17,483.514892578125,485.1083710549062,473.4448851186983,477.2958382214612,14150770.0,0.0150065632813716,68.2792669237607,13.055208399039316,436.5905558597912,11.733829757814329,6.219054356663776,1.593478476781172,3.850953102762901,1,1680672155.0,0.5760550894616574,1,0.015242286626761803,0.13919532972169257
2018-07-18,483.6034240722656,488.9371995484613,476.8531904333908,486.1928377125174,10241565.0,0.0001830998289806,68.30709622045916,13.944587365370523,438.43419775047647,11.758842569046914,2.5894136402517915,2.7443618359438915,6.750233638874818,-1,1690913720.0,0.4181038832649446,1,0.015056429968029004,0.13935291405594158
2018-07-19,489.0477600097656,493.5405181127493,480.8589681231968,483.93529788843375,11885426.0,0.0112578523362283,70.04740107387471,14.916787572007593,440.41904332927214,11.824750241940169,5.112462121331873,4.492758102983657,3.076329765236949,1,1702799146.0,0.5505275200927584,1,0.009186747124440245,0.14893408841694125
2018-07-20,499.5825500488281,503.9424912089298,492.1683512652057,492.8323177444315,17538801.0,0.0215414339876582,73.12287318061546,16.34887312081355,442.7391808476861,12.0440345960276,6.750232304396604,4.359941160101698,0.6639664792258486,1,1720337947.0,0.8219085506681442,1,0.00872716863244236,0.1668806733948484
2018-07-23,495.8865051269531,500.0915573734525,492.6995486419767,500.0915573734525,12779803.0,-0.0073982666558585,70.39202969948752,16.98972433342294,444.8233896429515,11.711747034273897,4.205052246499349,0.0,3.186956484976406,-1,1707558144.0,0.5947919207302351,1,0.016245624752208705,0.16067109433879695
2018-07-24,491.7478942871094,498.7415411032088,490.1765176707463,496.6390444500069,9775749.0,-0.0083458831749901,67.35856850307135,16.968055053133128,446.6635662956636,11.486981062715941,4.891150162897532,2.1024966532019107,1.571376616363068,-1,1697782395.0,0.4844484943272851,1,0.024798473086496988,0.15360719890066918
2018-07-25,493.60693359375,497.0816552197648,488.76007557931655,491.32735759499656,13014255.0,0.0037804723278698,68.02513328457692,16.906008979895773,448.50448266029446,11.260880961125391,2.279575998753444,3.474721626014798,2.567282015680007,1,1710796650.0,0.664495442015147,1,0.020938842045695873,0.15679491240105595
2018-07-26,491.6150817871094,496.4177366103689,490.3535719647022,491.3716382253252,14053674.0,-0.0040352994884791,66.45917126952351,16.505842151845172,450.19509439075784,10.889686938592623,0.24344356178414728,4.802654823259502,1.0180662606230158,1,1696742976.0,0.8941760645134937,1,0.025075327992396194,0.14554543047810062
2018-07-27,500.11370849609375,503.4556130873496,492.2790161830502,495.5323958485275,14610585.0,0.0172871561997047,69.66761745831883,16.682173495236157,452.152687100771,10.957604392996023,4.581312647566222,3.3419045912558545,3.2533796654773255,1,1711353561.0,1.1028674712013091,1,0.007655824361123224,0.15298480708972512
2018-07-30,509.6525573730469,512.264101892655,499.2948451288341,500.18009442517126,30344461.0,0.0190733601477104,72.81131705275074,17.391148406934974,454.4075839741936,11.101293848054947,9.472462947875613,2.6115445196081737,0.8852492963371787,1,1741698022.0,2.044842669961942,1,0.005124166418528573,0.16744812644388837
2018-07-31,524.9678955078125,526.9155034693482,507.7714810538533,509.4756158594122,30350826.0,0.0300505470112952,76.94320679183305,18.970159731330625,457.17465501472765,11.675774460014946,15.492279648400313,1.9476079615357094,1.7041348055589083,1,1772048848.0,1.8439684840035835,1,0.003709956319617883,0.19173687546521728
2018-08-01,527.778564453125,532.4484024548143,524.702234357026,526.915416799906,21227054.0,0.0053539825375297,77.61552557415428,20.21530561666458,459.9434357770178,11.395088291284472,0.8631476532190163,4.6698380016893,2.2131824428799973,1,1793275902.0,1.2089632846410614,1,0.008848100919991142,0.19604125653860385
2018-08-02,517.1552124023438,527.4022972477499,516.0929133280641,527.4022972477499,13668930.0,-0.0201284265149892,69.38074789304278,20.113026524295094,462.1870348603639,11.415842779411358,10.247084845406107,0.0,1.062299074279622,-1,1779606972.0,0.7706704497388305,1,0.029571760441955166,0.17447676424307876
2018-08-03,520.9620971679688,523.8613781192586,517.6865556060744,520.0989492995083,14536058.0,0.0073612035116901,70.5851266833705,20.107368167995105,464.49193926458366,11.07943727494732,0.8631478684604872,2.8992809512898248,2.4123936934338417,1,1794143030.0,0.8336741054405994,1,0.02204825523639224,0.1643657621660257
2018-08-06,527.8892211914062,529.3941449850735,520.2537392278248,520.8512529511331,8785462.0,0.0132967908051169,72.69014477986846,20.426382276262302,466.9781071832826,10.940935023683133,7.0379682402731305,1.504923793667217,0.5975137233083387,1,1802928492.0,0.5156784597566617,1,0.008636625034923654,0.16149588811325166
2018-08-07,524.1710815429688,531.7844621932755,520.9840657513095,528.9072836683633,8879612.0,-0.0070434089183445,69.80266933537746,20.1469390868383,469.22096892287817,10.930896553560487,4.736202125394584,2.8771785249122104,3.1870157916592916,-1,1794048880.0,0.5239608162384582,1,0.01579125824240462,0.1404745925169862
2018-08-08,538.99951171875,541.1241695701573,524.5252690256458,524.5252690256458,17307566.0,0.0282892946557291,74.20369959100901,20.881302082516072,471.95738236585356,11.361053087391062,14.474242693104202,2.124657851407278,0.0,1,1811356446.0,0.9960373431981638,1,0.003941854872246943,0.14379587031722227
2018-08-09,539.110107421875,545.196344330461,536.476402010622,540.6814545371221,14976885.0,0.0002051870191353,74.23386178248937,21.227516598666625,474.5908225641289,11.1724023182802,1.5713471152471357,4.5148897933388525,2.633705411253004,-1,1826333331.0,0.857353286861112,1,0.01128941347008222,0.12180298866441219
2018-08-10,533.0237426757812,537.8042657481574,532.1827559171065,536.0337082134338,7833494.0,-0.0112896505969808,69.42309977240677,20.771336292843557,476.882309627331,10.869184403029363,3.0099655376525334,1.7705575347235936,0.8409867586747168,-1,1818499837.0,0.4665283642911633,1,0.0228368845139491,0.11177524148923804
2018-08-13,525.7203369140625,531.1426369232181,523.507154442885,530.080278607436,10211072.0,-0.0137018394810249,64.0584613070875,19.59461181819728,478.7975263836734,10.772570390876995,4.359941693373457,1.0623583157821486,2.213182471177447,-1,1808288765.0,0.6909786254296924,1,0.03704632681840147,0.09943585614780857
2018-08-14,535.8567504882812,538.7781325107724,524.2153666760712,526.7383864812343,11592139.0,0.0192809995400191,67.77986964668693,19.257979061153435,481.0351430152267,11.043298636864435,9.118364007046921,2.921382022491116,2.5230198051631305,1,1819880904.0,0.8984881614287936,1,0.01742927346472607,0.11011069656419455
2018-08-16,531.518798828125,538.2469297718325,529.1728291288373,532.6033178447335,13086024.0,-0.0080953569329926,64.69276437211013,18.42872387335842,483.01489422357565,10.902641637302347,1.0845190166085104,5.643611927098959,2.345969699287707,-1,1806794880.0,1.0825879035195063,1,0.025732947795057835,0.09531145618296344
2018-08-17,532.82470703125,537.9814325957946,531.186936523282,535.1485162859524,8379864.0,0.0024569370001668,65.20652537625188,17.673183581479293,484.96822021603344,10.609202668388788,2.3238092547023825,2.832916309842176,1.6377705079679572,-1,1815174744.0,0.7249758833464074,1,0.023218963264939958,0.08270005288878068
2018-08-20,546.61279296875,547.4537798214348,534.5508868824152,534.6615725949496,16639535.0,0.0258773396870488,70.1459532164247,17.979736549164045,487.3856544416302,10.896336248517072,11.951220373800425,0.8409868526847504,0.11068571253440496,1,1831814279.0,1.4138245640920686,1,0.0015385422066637028,0.10583857189881193
2018-08-21,552.0572509765625,553.9605963018237,543.1159955616758,547.6530465225219,15923396.0,0.0099603559921139,71.84560663561807,18.449331831601057,489.9217954822158,10.892640855062126,4.40420445404061,1.9033453252611707,4.537050960846045,1,1847737675.0,1.2756107252041138,1,0.0034477317740039554,0.1146569043070738
2018-08-23,561.9058837890625,563.9198554134165,548.1620048381349,551.6587985281662,17429373.0,0.0178398758372944,74.65641471547384,19.3926454899879,492.7447009060138,11.240155835077804,10.247085260896256,2.013971624353985,3.4967936900313816,1,1865167048.0,1.306752001816653,1,0.00358417963302556,0.13017448352116676
2018-08-24,565.4691772460938,566.553637289523,557.7451695344503,560.0468770289477,14550512.0,0.0063414417962721,75.60535703109383,20.194961418458774,495.5966411546444,11.066463829363153,5.422300217146017,1.0844600434292033,2.301707494497464,1,1879717560.0,1.1139378703607823,1,0.0019178057568242015,0.1328376652591641
2018-08-27,571.6661987304688,573.5916460207346,566.0225851947622,566.310261746509,12188510.0,0.0109590791748459,77.20398287401697,21.087763800846687,498.5797610595787,10.856178468311564,5.355936983959737,1.925447290265879,0.28767655174681295,1,1891906070.0,0.9534644713505185,1,0.0033681321277028936,0.1388698207515472
2018-08-28,583.838623046875,585.6091808781202,573.2153351548222,573.6579598387789,19018790.0,0.0212928879535614,79.97928748396389,22.517956053874286,501.9232458433943,11.076664445407273,10.18066320809612,1.7705578312452417,0.44262468395663745,1,1910924860.0,1.3680691550445023,1,0.0030326151120411366,0.14480675751945432
2018-08-29,572.8611450195312,588.2649559431339,571.0906463804185,582.6434454777053,24230135.0,-0.0188022470491171,71.52251517169661,22.506165913137693,504.7051242424585,11.512210525214996,9.782300458174063,5.621510465428628,1.7704986391127022,-1,1886694725.0,1.583272846287515,1,0.026889257645633324,0.11362206100303554
2018-08-30,564.1190795898438,574.1669544597751,562.3485219230006,572.5955483345114,21545859.0,-0.0152603567298833,65.57592897609169,21.543075359330373,507.0350832756893,11.534083526040673,8.476468744667613,1.5714061252637066,1.7705576668431604,-1,1865148866.0,1.321896735077755,1,0.042802800378327975,0.0851348022064742
2018-08-31,549.6005249023438,562.1492573480824,547.3651820272736,562.1492573480824,33479841.0,-0.0257366843505028,57.08694425168456,19.384836798121455,508.70431628065614,11.90692738579278,12.548732445738665,0.0,2.2353428750701596,-1,1831669025.0,1.8256505280956437,1,0.07035006207037432,0.060967211740260714
2018-09-03,544.0675659179688,556.7934079028934,542.6953704962716,551.0833730008234,26686176.0,-0.0100672374455211,54.206991553634246,17.031623683912244,510.0911103840802,12.06343524442342,7.0158070828546215,5.710034902069992,1.3721954216971426,-1,1804982849.0,1.323114411897694,1,0.08123511268420108,0.04848848188070799
2018-09-04,549.7333984375,555.4212731824157,544.0012612256086,546.723432492321,19333815.0,0.0104138398876465,56.62036966819316,15.44582086170044,511.64570991558685,12.017476438165113,3.009965945179033,5.687874744915689,2.722171266712394,1,1824316664.0,0.9459442672232112,1,0.07009135267231659,0.05362537421496468
2018-09-05,543.115966796875,554.4696148937215,534.9271738135313,549.9768266412864,22584608.0,-0.0120375288447702,53.10043435989147,13.499475717847076,512.8798376364217,12.554973912595477,6.8608598444113795,4.492788252435162,8.18879298334366,-1,1801732056.0,1.070119061613294,1,0.0831295559446232,0.04074986264184507
2018-09-06,558.3427124023438,560.2460577730595,542.3856482042748,544.5103059325828,24487897.0,0.0280359012372095,59.36092171118421,13.035390417340068,514.6626954703794,12.933933602323277,13.83240646976094,1.9033453707157832,2.124657728307966,1,1826219953.0,1.1227513660630823,1,0.053591177741079056,0.06239099604179318
2018-09-07,565.9559936523438,567.1732409512334,555.2884444285472,559.8918588420294,23389269.0,0.0136354985583009,62.086055081638634,13.130566644380679,516.6741973598682,12.858995239492058,6.0641348103143855,1.2172472988896743,4.603414413482142,1,1849609222.0,1.030614435486323,1,0.03941819247609943,0.07500378065707743
2018-09-10,555.885986328125,565.2477628051493,553.3408061649557,564.3624544853731,15440786.0,-0.0177929157693567,56.6727694356662,12.252193398741156,518.2119145743097,12.84158040005606,8.476468157248064,0.8853083197761862,2.5451801631693343,-1,1834168436.0,0.6707634849525694,1,0.05824750112678048,0.058247253360561545
2018-09-11,547.8522338867188,561.4412268741748,546.3251490083154,557.2804361881091,23787332.0,-0.0144521586062508,52.72326574911431,10.783513955706326,519.3742800375414,13.0040445047563,9.428202301390343,4.160790686065752,1.5270848784033433,-1,1810381104.0,1.0123745796823007,1,0.07376573381787371,0.04443730980362783
2018-09-12,554.4031982421875,557.1475301010046,543.9348004989483,554.0933018992939,17642490.0,0.0119575388220891,55.449671405942176,10.032534181620008,520.7479631043904,13.018950583134867,0.30989634289358037,2.744331858817077,10.158501400345585,1,1828023594.0,0.7725124294222414,1,0.06107785418321874,0.05445104151965757
2018-09-14,554.69091796875,564.628107824439,552.2564231675549,557.4574108229871,17233514.0,0.0005189719818983,55.57085951319783,9.35278084185802,522.0790593735809,12.972717302688384,2.7664928542370717,7.170697001451913,2.4344948011951146,-1,1845257108.0,0.7691276195527769,1,0.06052747014018251,0.046004158375908974
2018-09-17,542.6290893554688,553.6286379041651,540.7257440969619,553.6286379041651,14773803.0,-0.0217451344930093,49.49262094730055,7.751429010023685,522.8849429022824,13.043607057624081,10.999548548696339,0.0,1.9033452585068744,-1,1830483305.0,0.7194110489746065,1,0.08410140090696422,0.021086508365737673
2018-09-18,538.7559204101562,548.6046437585512,537.5165714076329,542.6732962459503,16660044.0,-0.0071377834717873,47.68883374811089,6.099502513547122,523.507334177101,12.903926007145099,3.9173758357940187,5.931347512600951,1.2393490025233405,-1,1813823261.0,0.8529022954673257,1,0.09189511178881586,0.007805080869533233
2018-09-19,535.923095703125,541.7880203228374,531.607416524799,541.7880203228374,24642640.0,-0.0052580855257694,46.35804862256675,4.5097677888117005,523.9942267859647,12.709402992208908,5.864924619712383,0.0,4.315679178326036,-1,1789180621.0,1.2281871672148152,1,0.09766673737271393,0.008052795658421688
2018-09-21,538.910888671875,547.7193557926669,523.8612365552019,539.5748256622617,41713856.0,0.0055750405099261,48.00605721234037,3.451198223761935,524.5791939187454,13.505739866870055,0.6639369903866736,8.144530130405201,15.049652116673087,-1,1830894477.0,1.8980546219816696,1,0.09158112836222354,0.02792604943233263
2018-09-24,545.3513793945312,548.8260722264904,533.156683758085,537.5609476340716,22098277.0,0.0119509381941207,51.467377617712785,3.096276049832113,525.3937894275998,13.66028619555115,7.790431760459683,3.474692831959146,4.404263875986544,1,1852992754.0,1.0165641995095904,1,0.07868977354792224,0.03940604837781554
2018-09-25,544.7094116210938,551.0833835775716,528.951502034145,546.8783314029075,21250513.0,-0.001177163564068,51.10219712088099,2.7317068199566847,526.1512648077369,14.265400148970818,2.16891978181377,4.205052174664047,15.7579095869487,-1,1831742241.0,0.9872789277415452,1,0.07996106436350311,0.038273939500781146
2018-09-26,553.916259765625,555.0449821591765,543.1823461846037,548.4275959714746,13992341.0,0.0169023114859188,55.93151799193369,3.1493945195330753,527.2400881394188,14.093774136513813,5.488663794150398,1.1287223935514703,5.245249786870886,1,1845734582.0,0.6544752419387543,1,0.06201062989565008,0.054259146000047144
2018-09-27,554.9564208984375,559.05084633914,547.7635640471631,555.5097312167069,23642923.0,0.0018778310159239,56.45477086491181,3.5237279982342216,528.3270031495765,13.893310433332605,0.5533103182693822,3.541115122433098,7.192856851274428,-1,1869377505.0,1.1066173004749005,1,0.060020091290721785,0.05603175884134209
2018-09-28,556.8155517578125,562.9018475967209,552.1014514445271,557.6786993825865,24220992.0,0.0033500483810335,57.427751376853905,3.925159504537305,529.4442011342132,13.672387984679833,0.8631476247740011,5.223148214134426,4.714100313285371,-1,1893598497.0,1.0998098646479657,1,0.03116185000075138,0.059183539501684215
2018-10-01,545.1963500976562,556.704946131616,532.9352921219858,556.704946131616,16039441.0,-0.020867236239138,49.92031152439625,3.2680523242831896,530.0619324661129,14.401521674047471,11.508596033959748,0.0,12.261057975670496,-1,1877559056.0,0.7322781038979052,1,0.04031004765464891,0.03913289870453602
2018-10-03,533.4221801757812,548.6932041353247,531.1868960326858,544.2225767537168,16135428.0,-0.0215962009279152,43.687726800921645,1.7767319776178283,530.1937068860999,14.62329213323257,10.800396577935544,4.470627381607869,2.2352841430954413,-1,1861423628.0,0.7321092346970826,1,0.06327269849245867,0.01792378340441088
2018-10-04,496.7496948242188,526.915423306167,489.5568370221884,526.5170610987046,50774608.0,-0.0687494572113174,30.79246657409827,-2.337369484168903,528.8821770013203,16.7120100632583,29.767366274485823,0.3983622074623554,7.192857802030403,-1,1810649020.0,1.9949866296358667,1,0.14176867517137556,0.014479843424112595
2018-10-05,464.2601623535156,493.6734015355921,459.52393023943023,486.6797538630286,47998260.0,-0.0654042323713957,24.02626748749377,-8.125789236973333,526.3479803484653,18.177278243367606,22.419591509512998,6.9936476725634975,4.7362321140853965,-1,1762650760.0,1.7273847689214683,1,0.221671138173931,0.01020167677122153
2018-10-08,491.0618286132813,494.4258648450093,453.9466852504677,464.7691837675426,53983473.0,0.0577298429481814,36.43485509798397,-10.430249692243706,524.9642096921835,19.77027119702289,26.29264484573872,3.3640362317279937,10.822498517074905,1,1816634233.0,1.860624857584155,1,0.15499354236692467,0.07558140584378911
2018-10-09,482.496826171875,497.214511197296,478.5794793640813,496.48415089049286,24042005.0,-0.0174418004869022,34.495861974137995,-12.800123466573496,523.2988221031519,19.689182671036594,13.987324718617856,0.7303603068031634,3.917346807793706,-1,1792592228.0,0.8231308654139067,1,0.17549631455854384,0.05917166574529381
2018-10-10,487.8305969238281,493.9168638111641,479.9516409131189,484.2009562072556,20784941.0,0.0110545198696356,36.75316346340104,-14.085505839849077,521.907911311806,19.280328401537208,3.62964071657251,6.086266887335967,4.249315294136693,1,1813377169.0,0.7127542448073519,1,0.15869682297399923,0.06945835682924828
2018-10-11,481.5008850097656,493.4299456169422,461.6707371806402,470.9661217456406,28926389.0,-0.0129752253220206,35.20280411222876,-15.436987500490432,520.3233220450593,20.171676975448978,10.534763264125047,11.929060607176552,9.295384565000404,1,1784450780.0,0.9436155379805202,1,0.17264188997905455,0.057225647173502286
2018-10-12,498.6530151367188,499.73747508395496,487.7420219664262,489.0920567053838,19814528.0,0.0356222193165964,42.305028831138884,-14.951659475190525,519.4735060878695,20.03345648250186,9.560958431334996,1.0844599472361551,1.3500347389576177,1,1804265308.0,0.6545495423304696,1,0.13230661539193014,0.08965418543392084
2018-10-15,504.4959106445313,507.66076601238575,494.9349508334562,500.1359094460449,19406012.0,0.0117173572212543,44.53526018770558,-13.934927512008244,518.8861494038171,19.511482103675267,4.3600011984864295,3.164855367854443,5.200958612588693,1,1823671320.0,0.6514159367236044,1,0.11919263548258358,0.10019749283890766
2018-10-16,515.1412963867188,516.7347451698961,504.6064748587759,507.262341021569,16358598.0,0.0211010347508808,48.44544233625979,-12.13033548720938,518.7392924227544,18.992007276653087,7.87895536514975,1.5934487831773367,2.6558661627930746,1,1840029918.0,0.5485334756924288,1,0.09271349733558952,0.11879189567110926
2018-10-17,509.60833740234375,522.0242848435612,504.6065011747157,521.8693957514935,27967162.0,-0.0107406628495599,46.60634064029814,-11.01961954075341,518.3812157552873,18.879562733238263,12.261058349149721,0.1548890920677195,5.0018362276280754,-1,1812062756.0,0.9020036433679317,1,0.10457739068013151,0.10922437500846915
2018-10-19,487.4764099121094,491.7700167155231,473.73253053784686,486.90099787248624,55606079.0,-0.0434292884669994,40.05596132516101,-11.789330669779474,517.1692625849665,20.093580171185312,0.5754120396231315,4.293606803413752,13.168467334639388,1,1756456677.0,1.7659033260859078,1,0.15472633372804756,0.06878225075073276
2018-10-22,470.36859130859375,493.4521213866385,468.02262110769686,491.3274635541824,28798142.0,-0.0350946594658808,35.86034307319596,-13.622755623344915,515.3339421427559,20.474717321739337,20.958872245588623,2.124657832456137,2.345970200896886,-1,1727658535.0,0.9739389948630501,1,0.19672498971645638,0.03491284571624848
2018-10-23,466.84954833984375,471.2759130683031,461.95839817722594,465.9864007172986,23128845.0,-0.0074814582303631,35.047145498136274,-15.184675973379512,513.4325933661711,19.677774290977755,0.8631476225451706,4.426364728459362,4.0280025400726345,1,1704529690.0,0.8733379568560152,1,0.20574572600197907,0.027638161234726982
2018-10-24,462.8879699707031,476.255619514561,456.53612848480526,475.7908340498048,29869514.0,-0.0084857710224381,34.109401907607634,-16.55138134859874,511.4504512722312,19.680754058033326,12.902864079101676,0.46478546475617577,6.3518414858978645,-1,1674660176.0,1.103579798449133,1,0.21606497492762197,0.01931630394456212
2018-10-25,456.2704772949219,460.63047771253343,449.896505229115,458.572214052885,30833933.0,-0.0142960999314804,32.54301467053948,-17.961433336384346,509.2865307241014,19.20294767828724,2.3017367579631127,2.0582636596484463,6.373972065806868,-1,1643826243.0,1.0984297194503798,-1,0.233702103484717,0.013969722747779035
2018-10-26,462.51171875,467.86765480715,452.3753473781812,457.2000747097407,20085933.0,0.0136788193969514,35.549198620612316,-18.36360941203486,507.45222437217586,18.93790194619307,5.311644040259296,5.355936057150018,4.824727331559529,1,1663912176.0,0.738809932937271,1,0.21705423836187054,0.027275446241620212
2018-10-29,481.5008850097656,484.1788235216352,462.99864081915166,462.99864081915166,16781215.0,0.0410566164919807,43.761121640340825,-16.95462744018954,506.43452478933625,19.13284500515322,18.502244190613965,2.67793851186957,0.0,1,1680693391.0,0.6242188692440702,1,0.16905672475618472,0.06563722054220031
2018-10-30,467.86761474609375,480.4827719550035,465.6986652988151,480.4827719550035,19263668.0,-0.0283141125761282,39.836674733082546,-16.745063381399234,504.9220969445032,18.894943198424453,12.61515720890975,0.0,2.168949447278635,-1,1661429723.0,0.7169394669469895,1,0.18987706903743107,0.03841067205887172
2018-10-31,469.7488098144531,471.784942364411,463.4412310657656,468.7528747726757,35999348.0,0.0040207849593956,40.627883363491954,-16.239981240068744,503.54275235116796,18.141283777011665,0.9959350417774431,2.0361325499578697,5.311643706910104,1,1697429071.0,1.2485301109593314,1,0.16805661381463408,0.04226153248409424
2018-11-01,467.53564453125,472.6923697947122,464.7691811842669,472.6923697947122,20552752.0,-0.0047113802887064,39.962040815192275,-15.835739399907823,502.13070890724964,17.41141983654264,5.156725263462192,0.0,2.7664633469830733,-1,1676876319.0,0.7316244402589898,1,0.12700588600993407,0.03772790269246733
2018-11-02,475.7908020019531,478.4909010289118,470.5898145896325,472.2939785994359,36739798.0,0.0176567446081672,43.67038732561797,-14.680030360524484,501.09777138155175,16.950265312336864,3.4968234025172364,2.7000990269586964,1.7041640098033781,1,1713616117.0,1.4019979641687037,1,0.0971718718543413,0.054423701895632316
2018-11-05,482.60748291015625,483.6698117450583,471.4087528995298,475.149049830692,16585905.0,0.0143270548306546,46.603312538553524,-13.063485708951248,500.3726620297323,16.615321993279125,7.458433079464271,1.0623288349020754,3.740296931162163,1,1730202022.0,0.6638586504353564,1,0.08167465969594777,0.06777967362584558
2018-11-06,488.7158203125,492.21264367437743,483.1828349269601,484.2451636297323,18886485.0,0.0126569471436912,49.15790932282069,-11.16081571099096,499.9155309819977,16.114596191203557,4.470656682767697,3.496823361877432,1.06232870277222,1,1749088507.0,0.7689982258893702,1,0.06815507734078002,0.07943126346628747
2018-11-07,491.6371765136719,493.54052149624897,489.8666484662768,493.54052149624897,2808599.0,0.0059776174204957,50.38057013966902,-9.309888400689317,499.59088963029865,15.308175119242515,1.9033449825770958,0.0,1.7705280473950893,-1,1751897106.0,0.12851786316568373,1,0.06180799537043205,0.08490137296074905
2018-11-09,484.0017395019531,493.0094173785556,480.2614724335663,489.6675125093092,23712291.0,-0.015530633923707,47.1865690307919,-8.362730772177656,498.9795504095792,15.125301535367285,5.6657730073560515,3.3419048692464344,3.7402670683867996,-1,1728184815.0,1.1215939982289136,1,0.07855869563761068,0.07046510681538674
2018-11-12,478.04827880859375,486.3698592250039,475.6359151924671,485.8829720740352,12690610.0,-0.012300494414515,44.801584149169564,-8.000273873273557,498.1587162291484,14.811633142307963,7.8346932654414445,0.4868871509686983,2.4123636161266404,-1,1715494205.0,0.622025696602086,1,0.09199072140697956,0.05888897592025524
2018-11-13,486.6575622558594,488.2289093220157,473.6440133349889,475.3924398100861,14899604.0,0.0180092342738309,48.82940285175021,-6.938346012261718,497.7076905831371,14.795437631216448,11.265122445773272,1.5713470661563065,1.748426475097176,1,1730393809.0,0.7370967293505768,1,0.07267270732167894,0.07553783168670315
2018-11-14,485.9936218261719,492.50038186216375,480.4827968608081,489.13634567495455,17034346.0,-0.0013642866795491,48.5352673015463,-6.080245688056436,497.2483153377659,14.597019586226391,3.14272384878268,3.3640361872091944,5.510824965363781,-1,1713359463.0,0.8521018620913804,1,0.07413813967763677,0.0742748772327879
2018-11-15,485.5067443847656,488.2289452972339,480.92543114923296,485.55100685333554,14943663.0,-0.0010018185826734,48.30547383737912,-5.377493541192337,496.78786157490316,14.07605491206743,0.04426246856991156,2.6779384438983698,4.581313235532662,-1,1698415800.0,0.8355227488191167,1,0.07521531035592638,0.07334653857543406
2018-11-16,499.029296875,500.1580193355547,485.6173852021472,485.993616173096,24131016.0,0.0278524503451957,54.718005216693356,-3.686900138688145,496.8757609984364,14.117142057690403,13.035680701904028,1.128722460554684,0.3762309709487681,1,1722546816.0,1.3227380102835617,1,0.002261836063780066,0.09845672779847249
2018-11-19,509.0329895019531,509.7854515614715,500.6228830432787,501.4638700509757,15987574.0,0.0200463032723685,58.790569121567984,-1.5223298258730438,497.35251505739785,13.877071531174767,7.569119450977439,0.7524620595183933,0.840987007696981,1,1738534390.0,0.9888399804421191,1,0.00147821865190823,0.1161741684575263
2018-11-20,503.4556884765625,511.64448171893866,500.1801475414441,506.8197543507155,12511640.0,-0.0109566592743773,55.778548139208525,-0.25400581841807934,497.59185519148275,13.704733148769037,3.3640658741530274,4.824727368223137,3.2755409351183857,-1,1726022750.0,0.7938564302330241,1,0.01626517175156991,0.10638311270156767
2018-11-21,492.611083984375,507.0410930115112,490.0216702878151,503.4999770755208,16422494.0,-0.0215403356053098,50.37431812997932,-0.12250667442225449,497.39653083041975,13.941496689835256,10.888893091145803,3.5411159359903763,2.589413696559916,-1,1709600256.0,1.0585470893966533,1,0.0386377780634091,0.0867105514755629
2018-11-22,488.16253662109375,498.12188722093686,486.94528922504816,493.3192617898644,12670591.0,-0.0090305466277781,48.306732678934736,-0.37295406722944335,497.03441341044623,13.74400392598193,5.156725168770663,4.8026254310724426,1.2172473960455932,-1,1696929665.0,0.7678967862012462,1,0.04810271853382992,0.07838789034661299
2018-11-26,491.2167053222656,494.6471349635808,485.7501432188664,490.88473683856927,13969873.0,0.0062564586014974,49.8292572300516,-0.32128595646094027,496.8062679952235,13.397788770177106,0.33196848369635745,3.430429641315186,5.134593619702855,1,1710899538.0,0.899764655623283,1,0.041586078354707574,0.07907173661490675
2018-11-27,499.3833923339844,500.1801167362265,489.31338566189805,490.3978456459913,14896607.0,0.0166254260558198,53.75175871214755,0.3743297432978352,496.9073316947827,13.216998934759346,8.985546687993065,0.7967244022421482,1.0844599840932574,1,1725796145.0,0.9460120788931764,1,0.02455245723661181,0.07285935430247313
2018-11-28,510.2059020996094,512.4633470527494,498.5424168099133,501.2645881272285,17507771.0,0.0216717454600232,58.39407307097681,1.7783960450013865,497.42884425967793,13.267279742479118,8.941313972380897,2.257444953140066,2.722171317315201,1,1743303916.0,1.093719076130134,1,0.004424576320756353,0.0916584281784999
2018-11-29,517.2217407226562,522.2677805414729,513.4593125460436,513.9019372502519,27640198.0,0.0137509946360383,61.11875478298638,3.4178494074907917,498.205036277834,13.181179649578004,3.3198034724043737,5.046039818816666,0.4426247042082423,1,1770944114.0,1.619402795360974,1,0.009756047400030783,0.10397959989413663
2018-11-30,516.80126953125,524.9679029768241,514.4774009579852,518.9037666347901,23443212.0,-0.0008129418357758,60.86151114427901,4.629829702918869,498.93430032698757,12.988988390239498,2.102497103540145,6.064136342033976,2.3238685732648037,-1,1747500902.0,1.3083538511365178,1,0.015802270480065644,0.10068103817581042
2018-12-03,511.8880004882813,520.0546336763155,508.36898610935697,520.0546336763155,12182825.0,-0.0095070761869938,57.80012636604923,5.13468363234324,499.44228856860695,12.895892617147998,8.166633188034155,0.0,3.5190143789243393,-1,1735318077.0,0.7284950137020082,1,0.025552274083522404,0.08067816760552143
2018-12-04,510.0509033203125,512.5739228299735,505.58027632529297,512.5739228299735,11358720.0,-0.0035888654670872,56.65265535532205,5.325160485218419,499.85831267651696,12.47430360911461,2.523019509661026,0.0,4.470626995019529,-1,1723959357.0,0.6985513775801644,1,0.029246099868474755,0.0757613606195603
2018-12-05,511.3124694824219,512.9281382181655,504.2966614243573,506.2664299064278,12729759.0,0.0024734122690439,57.27985846788334,5.514346653705218,500.3074952963564,12.199815979449866,5.046039575994087,1.6156687357436113,1.9697684820704922,1,1736689116.0,0.7818203369875272,1,0.026706631090426983,0.0736701300978695
2018-12-06,497.3694458007813,508.590247631458,494.9791838295669,508.590247631458,12831451.0,-0.0272690859578575,48.86453038743583,4.487463880580094,500.192277669079,12.495063813264514,11.220801830676692,0.0,2.390261971214386,-1,1723857665.0,0.8058387145664412,1,0.055488847192067425,0.047701829427003996
2018-12-07,501.8621215820313,503.25641875590645,490.5969993871032,499.9366748362823,15779984.0,0.0090328744943644,51.344975428416376,3.9901769966578513,500.2577617440967,12.506803495802995,1.9254467457490136,1.3942971738751453,9.339675449179083,1,1739637649.0,0.9720306220755893,1,0.046040098268337,0.0562268141657908
2018-12-10,482.5853271484375,493.23074619157273,479.4204720397295,491.3274009700011,20521072.0,-0.0384105386810765,41.943669172323716,2.017342679831984,499.5647250932865,13.216435356267198,8.742073821563622,1.9033452215716125,3.164855108708025,-1,1719116577.0,1.2150439762252474,1,0.08782400426225608,0.018527943786194583
2018-12-11,485.8165283203125,487.8305295145175,466.9823181531122,471.85130735200704,29518062.0,0.0066956059169223,43.80117982554502,0.7064447452623881,499.0255801217973,13.76156221377706,13.96522096830546,2.0140011942049796,4.8689891988948375,1,1748634639.0,1.6084993059948751,1,0.08058880744933819,0.03876815437366588
2018-12-12,491.5487060546875,492.8766391720069,481.4787287925514,486.4583745655193,27572962.0,0.0117990586985454,47.03847671343384,0.12860504604532252,498.7323693740675,13.592729939896946,5.090331489168193,1.3279331173193896,4.979645772967899,1,1776207601.0,1.4243833029894448,1,0.06798755954495088,0.04997752531738361
2018-12-13,490.0216064453125,499.29485901164674,484.7099627810662,499.29485901164674,20337275.0,-0.0031067106688814,46.27372199321414,-0.44740386145150524,498.39077082784183,13.663598960660057,9.273252566334236,0.0,5.311643664246276,-1,1755870326.0,1.0917857922156753,1,0.07131582785709614,0.04701688249897922
2018-12-14,492.3011779785156,493.4962940984288,483.2713690591499,488.2731754146962,15795834.0,0.0046519816743173,47.64214788073348,-0.7117481098450753,498.15196326512313,13.417979394847118,4.0280025638194275,1.1951161199131661,5.001806355546307,1,1771666160.0,0.884286839241681,1,0.06635516317967066,0.05142961454889786
2018-12-17,500.1358947753906,501.50809045246905,491.99139339222495,493.9611324193799,11077711.0,0.0159144790777179,52.15286152146,-0.28575268407968224,498.2297645008199,13.139316370946903,6.174762356010717,1.3721956770784232,1.969739027154958,1,1782743871.0,0.6240161335868745,1,0.04965052190982107,0.06628913654991227
2018-12-18,503.0130310058594,504.16385513832273,495.9750624295153,497.2144705906611,12841994.0,0.0057527089347604,53.72935014389982,0.28077599761525107,498.41734357944887,12.785707537936942,5.798560415198267,1.150824132463356,1.2394081611458319,1,1795585865.0,0.7174053684783844,1,0.04364672606405897,0.0716297802080747
2018-12-19,503.1900939941406,507.8377713026574,501.596586058375,505.2704890755681,16118419.0,0.0003520047739662,53.830169796215486,0.7355624567250061,498.60451026237797,12.318241659818762,2.0803950814274685,2.567282227089322,1.593507935765615,-1,1811704284.0,0.8837106201140731,1,0.04327948670415814,0.07195645596602314
2018-12-20,499.4941101074219,501.2867696752321,494.0496490564129,496.19640838128,12609700.0,-0.0073451046251354,51.31663594832349,0.7886578345032262,498.63939653081104,12.091256179669404,3.297701726141895,1.792659567810233,2.146759324867105,1,1799094584.0,0.6921826560556474,1,0.05099918568393893,0.06508944008832786
2018-12-21,486.9895324707031,500.7334121178466,485.1304498257496,497.9669193831489,18115814.0,-0.0250344846589471,43.85547440600762,-0.1762469412150267,498.18253911668916,12.34209233055709,10.977386912445752,2.7664927346977493,1.859082644953503,-1,1780978770.0,0.9818398785363366,1,0.0779860099116314,0.04108345864455421
2018-12-24,482.0984497070313,488.31750426070846,480.94759589631184,487.2994378649514,9065704.0,-0.0100435069699699,41.32456157803713,-1.320389798595329,497.5517905123889,11.9869363329742,5.200988157920108,1.018066395757046,1.1508538107194681,-1,1771913066.0,0.5238672034756886,1,0.08892261175252555,0.031354864474476316
2018-12-26,486.170654296875,486.9010145352517,471.69641421389167,480.6155670626424,15771193.0,0.0084468319537605,44.21130912152989,-1.8769026136083653,497.10547144511384,12.216769475001758,5.555087234232587,0.7303602383767043,8.919152848750741,1,1787684259.0,0.9899898940788432,1,0.07980170818014447,0.039468314210601534
2018-12-27,495.8422546386719,498.8522204367807,488.671558052731,490.0879864744526,27294221.0,0.019893426837505,50.44688869441445,-1.5200040498016278,497.05593353113574,12.249969236780613,5.754268164219297,3.0099657981088512,1.416428421721605,1,1814978480.0,1.7163168857231403,1,0.05873974649332088,0.0582038666845575
2018-12-28,498.2104187011719,502.50399626800674,496.2849127090147,498.1882579195662,16768547.0,0.0047760432684902,51.86556927118063,-1.0341473119211742,497.10120745937246,11.850810121963061,0.022160781605691682,4.29357756683487,1.9033452105514925,1,1831747027.0,1.0786466028046973,1,0.053707195336076395,0.06268054495823457
2018-12-31,496.30706787109375,501.8843160362173,494.0717541773984,500.6006453893138,15799099.0,-0.0038203754049145,50.61140667037602,-0.793539423252696,497.07006473042037,11.562363817452761,4.293577518220047,1.283670646903488,2.235313693695332,-1,1815947928.0,1.0162649487430409,1,0.04784853439038609,0.059085899871968155
2019-01-01,496.19635009765625,498.98500354776144,491.37162328363314,498.0775934791784,9746670.0,-0.0002230832091761,50.53485601547113,-0.6048179719119844,497.0358014114884,11.28029356364387,1.8812433815221539,0.9074100685830331,4.8247268140231085,-1,1806201258.0,0.6323612493112287,1,0.033720095113993195,0.058875950898861794
2019-01-02,489.7339172363281,498.8522514846727,487.343655344541,493.31926575244586,15628818.0,-0.0130239427598696,46.14741523732529,-0.96558848219928,496.74945301246254,11.296600890535858,3.585348516117733,5.532985732226848,2.3902618917871337,-1,1790572440.0,0.9959851370954871,1,0.04736086304319547,0.04645706225864036
2019-01-03,483.69189453125,493.3635092523611,482.5189096380908,490.22078553274525,16288287.0,-0.0123373580886014,42.43768042963594,-1.7192243002688201,496.23739189555226,11.264315085088317,6.5288910014952535,3.1427237196158444,1.172984893159196,-1,1774284153.0,1.036888973345414,1,0.05147564675305797,0.03454590942511284
2019-01-04,486.303466796875,488.8707786063825,478.535196761192,485.7501859420517,18516544.0,0.005399247527511,44.513949688040306,-2.0817568624641467,495.84782620540807,11.197976996524185,0.5532808548232993,2.567311809507487,7.214989180859675,1,1792800697.0,1.1360198595665238,1,0.04428161832285913,0.0397306413853576
2019-01-07,489.0035400390625,495.0676751720959,487.3436384673368,489.9994750725565,12060290.0,0.0055522393454687,46.65628205778494,-2.1266781626709985,495.5794228263357,11.024136380716808,0.9959350334939927,5.0682000995394105,1.6599015717256975,-1,1804860987.0,0.7684680886293588,1,0.03851553152782985,0.04503284758263959
2019-01-08,488.9592895507813,491.30525940351646,485.1304679541355,489.1584706528177,12304389.0,-9.049114097969824e-05,46.624510059871824,-2.1411672184489703,495.31980975670615,10.677754599907104,0.19918110203639117,2.146788750698761,3.8288215966458097,-1,1792556598.0,0.7681694455304233,1,0.0386095164880091,0.044946423694823094
2019-01-09,491.6593627929688,494.425855651597,486.325587726937,492.2126731837778,12614237.0,0.0055220818990229,48.910670783253316,-1.9127278186879835,495.17626281695175,10.493648408818023,0.5533103908089743,2.2131824678191947,5.333775066031819,-1,1805170835.0,0.8033466100626399,1,0.032905726472458374,0.04060321045382648
2019-01-10,490.2208251953125,491.7700707213868,488.2289549747655,490.33148136893067,8925160.0,-0.0029258826466445,47.73751668156952,-1.8267087489596747,494.98193192982865,9.997038932946827,0.11065617361816749,1.4385893524561197,1.991870220547014,-1,1796245675.0,0.6437092404575566,1,0.03593675584941953,0.0377878907409541
2019-01-11,486.037841796875,493.00938668171045,481.854920775515,490.2650252820503,14139060.0,-0.0085328553652752,44.40242525844896,-2.072182982535537,494.63118329716383,10.079712288178872,4.227183485175317,2.7443613996601357,4.182921021360016,-1,1782106615.0,1.039464381767159,1,0.04485232965644894,0.029506812741088788
2019-01-14,485.4845886230469,487.1223294251018,480.8811443858024,484.6878346813324,8994060.0,-0.0011382923843599,43.96492659641032,-2.2850256354426506,494.27249330994357,9.805531770401767,0.7967539417144849,1.637740802054907,3.806690295530018,1,1773112555.0,0.6960403162063595,1,0.046043032474026906,0.02840084882665759
2019-01-15,500.0251770019531,501.0653744138922,489.1141550183172,489.1141550183172,22011407.0,0.0299506693305073,56.184159309761824,-1.2658095454092972,494.49808874884593,10.218049914719163,10.91102198363592,1.0401974119390616,0.0,1,1795123962.0,1.5557716030700446,1,0.015624401850216782,0.056654672786508105
2019-01-16,502.7916870117188,506.8196894125279,500.3350316251482,502.3932657416925,13961606.0,0.0055327414238479,58.05814625496501,-0.23216298354537912,494.8233278964096,9.973511521565994,0.39842127002629013,4.0280024008091,2.0582341165443268,1,1809085568.0,0.9985768340802248,1,0.0100361330970474,0.06184524048644898
2019-01-17,502.1498107910156,508.10325943136405,500.18004266737336,506.5761750054958,16379077.0,-0.0012766245689502,57.44426298422838,0.5291159972725268,495.11064095110004,9.827061896024901,4.426364214480202,1.5270844258682246,1.9697681236422682,-1,1792706491.0,1.170721548916153,1,0.011855921305576533,0.06064603813979735
2019-01-18,524.2373657226562,526.6940208916542,502.5039069449697,508.50161800344654,56181172.0,0.0439859867652783,69.42473446747027,2.881500025254695,496.25286545194535,10.87828676778302,15.735747719209712,2.4566551689979406,5.9977110584768525,1,1848887663.0,3.1638805594565733,1,0.004686150453261691,0.1002235913427067
2019-01-21,547.8522338867188,548.8481690848818,526.1408702049339,528.509001172476,48206814.0,0.0450461369374342,76.90941535462028,6.575505484479322,498.2763700964463,11.859180810243199,19.34323271424273,0.9959351981630107,2.368130967542129,1,1897094477.0,2.2556379726530107,1,0.0018178901838135856,0.1390079568217551
2019-01-22,546.7234497070312,551.9465982608722,539.8404290416297,545.7054129345357,36207430.0,-0.0020603807192304,75.95232226525633,9.304689308745992,500.1762555713712,11.876822839457432,1.0180367724955204,5.223148553840929,5.864983892906025,1,1860887047.0,1.523753324441013,1,0.009553547696993462,0.1372303228137439
2019-01-23,542.8060913085938,550.7293089254705,540.9027462181267,545.9045229540942,19313542.0,-0.0071651552545197,72.57681050573301,11.024406571658005,501.848013835576,11.7303756871636,3.0984316455004546,4.824785971376286,1.9033450904670417,-1,1841573505.0,0.7905040570511065,1,0.016839359577271045,0.11840488818476194
2019-01-24,552.1679077148438,554.7130882758987,540.0617976543355,542.2307176885093,28775487.0,0.017247073229559,75.3915274208329,12.99294070382092,503.821343007312,11.939012468192146,9.937190026334406,2.5451805610549627,2.1689200341738797,1,1870348992.0,1.0892805610091743,1,0.004609432249672451,0.13335202920137454
2019-01-25,551.5261840820312,559.8035036819263,546.834243318302,553.4959529562393,18703992.0,-0.0011621892975784,74.82459184320255,14.335980196159198,505.69212108867356,12.012601603580153,1.9697688742080572,6.307550725686951,4.691940763729235,-1,1851645000.0,0.6960024092470092,1,0.015008026524927203,0.13234364827542425
2019-01-28,544.2446899414062,555.9303361110078,541.0798348240664,553.5179429525717,18744303.0,-0.013202445052984,68.52759050256232,14.643986189523503,507.2039865338788,12.215308723820241,9.27325301116548,2.412393158436089,3.164855117339812,-1,1832900697.0,0.6730816540347997,1,0.02858790178034641,0.12073520310742683
2019-01-29,535.8788452148438,545.1742589755294,531.7623174984154,544.8865233857091,20405845.0,-0.0153714769866898,62.06495243050524,14.05105756010289,508.32849079587737,12.300782491912647,9.007678170865347,0.28773558982027225,4.1165277164283225,-1,1812494852.0,0.7369943277948856,1,0.04464564832278585,0.10700860645219461
2019-01-30,529.2614135742188,542.2307307181926,527.2252808955305,537.8043656072043,17164298.0,-0.0123487458027419,57.449689909898886,12.898500040819158,509.1493897283613,12.493973015537605,8.542952032985568,4.426365110988286,2.0361326786882046,-1,1795330554.0,0.612831258393079,1,0.057707003239571265,0.09584340651335495
2019-01-31,543.182373046875,544.3110954962458,531.6074129717023,532.0500376390211,22279301.0,0.02630261552348,63.584494261520845,12.959011571497399,510.48401652516577,12.676523651715424,11.13233540785393,1.1287224493707981,0.44262466731879613,1,1817609855.0,0.7790450680661982,1,0.030599539785907053,0.11901560045672564
2019-02-01,553.2744750976562,555.5098184046919,543.1381334083609,546.2144636186489,20187323.0,0.0185795831226474,67.26881067922349,13.663807816717963,512.162073724087,12.654749462045112,7.060011479007358,2.2353433070356914,3.076330210288006,1,1837797178.0,0.8075305993777669,1,0.011800704493222096,0.1308452386115879
2019-02-04,571.4004516601562,574.0784193450475,549.7776177383931,551.9686392293681,25528059.0,0.0327612737950737,72.62575558854903,15.50623254583138,514.4851473686388,13.4866103295172,19.431812430788113,2.6779676848912004,2.191021490975004,1,1863325237.0,1.123052490792513,1,0.004686674077891589,0.1584165833459837
2019-02-05,571.688232421875,577.3761668533017,565.9560946142955,571.8874430916759,20479210.0,0.0005036411169829,72.7021442597414,16.795975371047803,516.7284056060206,13.339000465909274,0.19921066980089108,5.488723761625806,5.732137807579534,-1,1883804447.0,0.9679118236124392,1,0.009949364196864052,0.15884022599412526
2019-02-06,579.9655151367188,583.2410560216659,572.8833428361716,573.7685922129579,20586783.0,0.0144786655477904,74.87395355548918,18.27534657180547,519.2082922542833,13.211416404043678,6.196922923760894,3.2755408849471905,0.8852493767863052,1,1904391230.0,0.9671758516509587,1,0.005647820084914924,0.17084527987419842
2019-02-07,571.17919921875,584.812393978493,569.2758539932959,579.9655059785771,20150710.0,-0.0151497213000629,68.63196068497085,18.525229330261254,521.2463670372035,13.377496659840352,8.786306759827085,4.846887999915907,1.9033452254541317,-1,1884240520.0,0.9866683330246615,1,0.023868507078672094,0.15809058690592356
2019-02-08,565.5576782226562,575.6498162527372,563.145285109626,568.7003724990501,14230054.0,-0.0098419567865615,64.90380234743643,18.06145227431739,522.9840655150645,13.315141980073983,3.142694276393854,6.949443753687092,2.412393113030248,-1,1870010466.0,0.7123722001363203,1,0.03404553858476003,0.14972218943779825
2019-02-11,554.7351684570312,564.8052045928157,553.7392334148291,564.7609421263937,16457901.0,-0.0191359965258296,58.33405127404055,16.628931553749453,524.2292068069063,13.208235039199211,10.02577366936248,0.04426246642196929,0.9959350422021771,-1,1853552565.0,0.8334402190467061,1,0.05421907106614508,0.11829250635260008
2019-02-12,556.1294555664062,563.189525666057,553.9605356558238,553.9605356558238,13998153.0,0.0025134283684467,58.911099622173936,15.428307948881411,525.4801969543377,12.92400325141592,2.1689199105824173,7.060070099650716,0.0,1,1867550718.0,0.7326505657394861,1,0.051576010090804786,0.10060501622243616
2019-02-14,541.8765258789062,549.3128564552972,539.1321939259117,549.3128564552972,14496604.0,-0.0256287983757014,51.11751470849229,13.17484141217426,526.1231902454972,13.214950279207253,7.436330576390901,0.0,2.744331952994571,-1,1853054114.0,0.7694829166038949,1,0.07923551962312106,0.07694831058404411
2019-02-15,550.8399658203125,553.2523589386116,537.3616603663344,544.3332058212081,20994460.0,0.0165414804172736,55.137112665352355,11.97419655495537,527.0924755621566,13.406075157283677,6.506759999104361,2.4123931182990646,6.9715454548737625,1,1874048574.0,1.1220428286987427,1,0.061673862221650264,0.08774973109178927
2019-02-18,540.061767578125,554.4032201240432,537.8043227333932,553.2965993868063,21106139.0,-0.0195668413894706,49.830904908641976,10.037263014396217,527.6010752490573,13.634133888238413,13.234831808681292,1.1066207372368808,2.257444844731822,-1,1852942435.0,1.1224993514665227,1,0.08286205224459699,0.025776491151407642
2019-02-19,538.291259765625,548.7374981100645,536.1223396511388,539.1322466913853,13658461.0,-0.0032783431799657,48.99675536756388,8.264100637013485,528.0202981712757,13.561349929001794,0.8409869257602622,9.605251418679245,2.168920114486241,-1,1839283974.0,0.7753507743524687,1,0.08642372204431399,0.020557604585503847
2019-02-20,546.3693237304688,548.8702417164039,539.57482832799,541.7216465839695,13776558.0,0.0150068644405652,52.87298252911176,7.42509703213409,528.739867801048,13.348323644843019,4.647677146499291,2.500917985935189,2.146818255979497,1,1853060532.0,0.8129881733246782,1,0.0703609602119403,0.03503864877374085
2019-02-21,551.92431640625,556.7491016863789,544.1560480775452,547.0995902215266,23142949.0,0.0101671020580973,55.384072247279946,7.126274853933296,529.6490618639972,13.294375785128071,4.824726184723431,4.8247852801289355,2.9435421439814036,1,1876203481.0,1.3454265097765947,1,0.059588020666288884,0.04475076523452077
2019-02-22,545.484130859375,551.2162685698074,542.673375318835,550.9064312740302,19152470.0,-0.0116686026606129,51.92941267512502,6.297196809108641,530.2700449618551,13.005559021005707,5.422300414655183,0.3098372957772426,2.810755540539958,-1,1857051011.0,1.1199374384804581,1,0.0720979051345799,0.03347274270853456
2019-02-25,545.4618530273438,550.1981136755784,540.3051285442053,547.0996231918582,17176522.0,-4.084047687358261e-05,51.91734865350684,5.574094162783467,530.8658021408938,12.783232314603376,1.6377701645144498,3.098490483720184,5.156724483138419,-1,1839874489.0,0.987382189802626,1,0.07214169191255362,0.033433267662255774
2019-02-26,540.128173828125,546.5685699194651,533.8206242395728,535.369810658872,22160532.0,-0.0097782808634857,48.98331227551963,4.518559627260174,531.2290324031383,12.78071184069544,4.758363169253016,6.440396091340062,1.5491864192991898,1,1817713957.0,1.2334510026246495,1,0.08272891938532172,0.023888576004369482
2019-02-27,541.5667724609375,551.0392370096412,535.148536691583,543.5808035935923,24308835.0,0.0026634393511015,49.807244451421454,3.7548403279462264,531.6344339740324,13.002853874792779,2.01403113265485,7.45843341604882,6.41823576935451,-1,1842022792.0,1.2795906356006546,1,0.0798527969525212,0.02648148353016135
2019-02-28,544.9086303710938,548.8038457853164,542.916760195535,546.1037761145965,24688859.0,0.0061707218391011,51.756423444476766,3.3802815041891563,532.1549906954858,12.591012406906074,1.195145743502735,2.7000696707199268,1.9918701755588017,-1,1866711651.0,1.2334205368814655,1,0.07323019196855805,0.02440999583789502
2019-03-01,542.6953735351562,549.9103912857396,541.0133999644827,547.5422609049652,17329606.0,-0.004061702664592,50.361539116740374,2.871745908872299,532.5683390421395,12.327153757931134,4.8468873698089965,2.368130380774346,1.6819735706735628,-1,1849382045.0,0.8819096129371519,1,0.07760711164531121,0.016353095545614676
2019-03-05,547.8300170898438,548.7816896146917,539.3977517583712,541.5224091283327,15577500.0,0.0094613733690782,53.49305702739484,2.850195331047871,533.166836220481,12.11692405067323,6.307607961511053,0.9516725248479361,2.124657369961483,1,1864959545.0,0.8156942474146983,1,0.0675070290691723,0.025572517776026545
2019-03-06,559.84765625,563.5215593191119,546.7013485588425,548.7817436696697,26332276.0,0.0219368029959288,59.873634172825945,3.7595021864851788,534.2131428883052,12.452873101358675,11.065912580330291,3.6739030691119297,2.080395110827226,1,1891291821.0,1.2930409713159898,1,0.04459201972142398,0.04648948998869227
2019-03-07,562.260009765625,566.4871638440499,556.9040741791548,559.4935170418076,17738092.0,0.0043089463511976,61.029441066466845,4.621517214795176,535.3130200207491,12.2478885701827,2.7664927238173505,4.22715407842486,2.589442862652845,1,1909029913.0,0.8544045833072204,1,0.04011024049579629,0.05058048773183604
2019-03-08,560.86572265625,564.1191025568273,558.6082777903562,560.4009372146203,13211934.0,-0.0024797906398432,59.95452789646983,5.132993069107329,536.3150867907688,11.766669727060448,0.464785441629715,3.253379900577329,1.7926594242641158,1,1895817979.0,0.6683609624134317,1,0.04269590804877857,0.048220273274309056
2019-03-11,577.2432861328125,580.7400799174743,561.2640637135738,562.1714737819083,21258869.0,0.0292005070286673,67.25101196462933,6.7816986674069994,537.9201142159469,12.34579026521501,15.071812350904224,3.4967937846618042,0.9074100683344568,1,1917076848.0,1.0640978631693059,1,0.006057746999689243,0.07522419564919633
2019-03-12,589.30517578125,590.4781607218365,581.7360574304449,582.9090423710314,24561597.0,0.0208956776773359,71.38612710741035,8.95833728569471,539.9352146694882,12.409296288344224,6.396133410218567,1.1729849405865025,1.1729849405865025,1,1941638445.0,1.185587790784392,1,0.0019904541632974125,0.0941524931765966
2019-03-13,596.3652954101562,601.9867474570777,587.8666645373902,591.8061426746194,24577591.0,0.0119804134072749,73.49566813259892,11.124792044941842,542.1481590122596,12.531495333440176,4.559152735536827,5.62145204692149,3.93947813722923,1,1966216036.0,1.1726780234472614,1,0.00942618909951036,0.10487644343483758
2019-03-14,593.8199462890625,602.8718850342068,591.4075536436943,597.4495860979528,22753310.0,-0.0042681040306732,71.45046534533532,12.492330834749737,544.1745036113499,12.45526933751677,3.6296398088902606,5.4222989362540375,2.412392645368186,-1,1943462726.0,1.0937533063198102,1,0.015243574759844716,0.1010395868721509
2019-03-15,585.0116577148438,601.455609336697,580.3860816359203,595.3472108928156,34764353.0,-0.0148332649134877,64.7368695915446,12.71874611617443,545.7759606350163,13.07057350632105,10.33555317797186,6.108398443881356,4.625576078923473,-1,1908698373.0,1.593926438996886,1,0.03052969472288496,0.08750429636775435
2019-03-18,597.58251953125,601.079372818546,588.26500375624,589.1502531477479,22104063.0,0.0214882244663467,69.18672757665443,13.753997822118663,547.8075903956529,13.284655048991132,8.43226638350211,3.4968532872959486,0.8852493915078412,1,1930802436.0,0.9917491097266715,1,0.008851272134107658,0.10669973302045833
2019-03-19,609.3124389648438,610.8395237390288,594.5061994229327,601.9867341954044,21448030.0,0.0196289534084679,72.6543244625555,15.344071816383234,550.2195452415036,13.502417139498629,7.325704769439312,1.5270847741850275,7.480534772471742,1,1952250466.0,0.9376183264432457,1,0.0025062425720035852,0.12389672341750223
2019-03-20,608.825439453125,614.3805267326183,603.7572393047114,609.8656369626848,21639437.0,-0.0007992607414122,72.29058476744233,16.37614610364551,552.5178156027437,13.29676501724207,1.040197509559789,4.514889769933461,5.068200148413553,-1,1930611029.0,0.9657993432000842,1,0.009124269321733804,0.12319592834511807
2019-03-22,593.9085693359375,611.2378271135251,591.6732852516752,607.5196617727818,25078643.0,-0.0245010624565663,62.0443291053445,15.808178813905556,554.1409824158102,13.744463363285485,13.611092436844274,3.718165340743326,2.2352840842622754,-1,1905532386.0,1.0837890452618641,1,0.0344698804726305,0.10117372976037438
2019-03-25,586.2509155273438,591.7396385052343,582.8204858269424,588.9731457836614,17394088.0,-0.0128936577176449,57.53590173237446,14.572173040188432,555.4001954790076,13.554721945121884,2.72223025631763,2.766492721572945,3.430429700401305,-1,1888138298.0,0.738351702303601,1,0.04798220430917602,0.08943319302215319
2019-03-26,605.1959228515625,607.1213698963418,588.7076500196026,588.8404374331935,20734876.0,0.0323155270592241,64.42352829310155,14.949010433764329,557.3529691014608,14.077274261113036,16.35548541836897,1.9254470447792755,0.13278741359090418,1,1908873174.0,0.8821249854736736,1,0.015176248772099667,0.11793750737064376
2019-03-27,597.2283935546875,609.9320763376186,595.0152110776627,609.9320763376186,22079870.0,-0.0131652064992995,60.014740520128846,14.438307930020187,558.9167112368814,14.137245046744669,12.703682782931082,0.0,2.213182477024816,-1,1886793304.0,0.9493685975852676,1,0.028719554132116375,0.1061700515236949
2019-03-28,601.9866943359375,606.3245934275687,594.3733726565703,597.6710151211328,22930248.0,0.0079673050253501,61.700444553130154,14.253225313568123,560.6057301819424,13.98110045561994,4.315679214804732,4.337899091631243,3.2976424645625,1,1909723552.0,0.9929655753687406,1,0.020588216505935588,0.11102929395820767
2019-04-01,616.084716796875,622.7021032334529,603.1154596255492,606.4131020011401,22088854.0,0.0234191595820723,66.24148833293155,15.070416219914705,562.7813767158613,14.462122487183903,9.671614795734854,6.617386436577931,3.2976423755909536,1,1931812406.0,0.9592902728539401,1,0.010741033264033561,0.12447470769476612
2019-04-02,615.133056640625,621.0644045184021,610.8837416081006,618.806959600837,17526740.0,-0.0015446904140031,65.67541440886559,15.463006960628832,564.8343837717345,14.15630394597801,3.67390296021199,2.257444917565067,4.2493150325243505,-1,1914285666.0,0.8227556588949865,1,0.012304730677561267,0.12312019987327735
2019-04-03,608.7147827148438,621.0201023548342,607.2983247627387,616.48305202846,17169813.0,-0.0104339603545822,61.837327331054254,15.082376635648643,566.5551837302878,14.125266349272113,7.7682693136162015,4.537050326374242,1.41645795210502,-1,1897115853.0,0.825112382900104,1,0.022978447239651856,0.1138744004989025
2019-04-04,598.910400390625,612.4772302504579,596.3430591887059,610.3968352667464,18320845.0,-0.0161066933194747,56.41377497444644,13.83016708866785,567.8240157561835,14.268759543020677,11.486434876121393,2.0803949837114715,2.5673412019191346,-1,1878795008.0,0.8938592816374537,1,0.039724978606666975,0.08717339321162298
2019-04-05,599.28662109375,603.7129859979176,594.4618939853823,602.4072136697757,14717266.0,0.0006281752710917,56.57117989067385,12.721494398961681,569.0578434164802,13.91035471941458,3.1205925760257287,1.3057723281418703,4.824727108367711,-1,1893512274.0,0.7431414677598241,1,0.039072259108617585,0.07072166376289758
2019-04-08,588.3756103515625,600.8801417011313,585.9190138260517,600.2162046801037,19081843.0,-0.0182066649882387,50.83718257208307,10.83750788031125,569.8154029041305,13.985409944819223,11.840594328541215,0.6639370210275501,2.456596525510804,-1,1874430431.0,0.9936159933562878,1,0.05834112134828274,0.05059239716517131
2019-04-09,590.6773681640625,593.4438019252227,584.7238594627548,588.2207125793918,20774977.0,0.0039120551090223,51.94378379907404,9.42156171108013,570.6335191888337,13.60930512465127,2.4566555846706706,2.766433761160215,3.4968531166369985,1,1895205408.0,1.0630646900986205,1,0.05421696647855223,0.04979588864545601
2019-04-10,589.3273315429688,596.6751382297164,587.1584113334028,592.22661208358,16651949.0,-0.002285573637754,51.21562274224682,8.097138723121475,571.3666098693881,13.316978108341434,2.899280540611244,4.448526146136373,2.168920209565954,-1,1878553459.0,0.8702696613434957,1,0.05663197666923543,0.015171958652653382
2019-04-11,596.1439208984375,598.888252928807,588.264965445455,590.0133624275286,12558520.0,0.0115667286932401,54.6708580619087,7.510983809651407,572.3382691254293,13.124571635127904,6.130558470908909,2.744332030369492,1.7483969820735865,1,1891111979.0,0.6907076850918064,1,0.04454995078200258,0.02643294464660291
2019-04-12,594.506103515625,600.6145007223635,591.65108599662,597.5602725712885,12948769.0,-0.0027473523177828,53.68696311407396,6.83549827357831,573.2075959642605,12.82734614160044,3.054169055663465,3.0542281510749945,2.855017519004946,-1,1878163210.0,0.75353823033176,1,0.04742760343601229,0.023750844265863144
2019-04-15,593.2003784179688,597.0955936790656,590.9207727394057,595.347137600993,9285737.0,-0.0021963190788704,52.870054348280924,6.124213891103068,573.9916266487196,12.352165770033256,2.146759183024301,1.748456078072536,2.27960567856303,-1,1868877473.0,0.5838747327743257,1,0.049733152386321096,0.021601970005857826
2019-04-16,594.7940063476562,601.9868063777213,593.1340748680153,595.3472577454418,17360317.0,0.002686491761751,53.79415963646494,5.624275205308777,574.8074062447563,12.102206180009883,0.553251397785516,6.6395486322795705,1.6599314796409317,-1,1886237790.0,1.0927370218509926,1,0.04692060879558433,0.020130533248371874
2019-04-18,613.4732666015625,615.1552405762882,604.200012574651,608.6263780674099,39286534.0,0.0314045872260997,62.96136420509662,6.658574486490124,576.3237144940429,12.692136754911457,4.84688853415264,1.681973974725679,4.426365492758805,1,1925524324.0,2.1706855601595203,1,0.015043584022846033,0.04996596012150007
2019-04-22,595.5020141601562,605.0851029791396,593.7092958309894,601.9866124914394,23607922.0,-0.0292942715188895,52.22572552255308,5.959437552072927,577.0758046770277,13.197267756030147,6.4845983312831095,3.0984904877002464,1.7927183291668598,-1,1901916402.0,1.2673772527815153,1,0.04567589769055155,0.02129552550900893
2019-04-23,603.6908569335938,607.7409611357401,595.7898000746608,596.67504937718,19807450.0,0.0137511588184739,55.914470958915814,5.9970078953299435,578.1195322165008,13.128816271712555,7.015807556413733,4.050104202146372,0.8852493025192416,1,1921723852.0,1.0350665818482134,1,0.03149169161916001,0.03457128904131648
2019-04-24,615.0446166992188,617.3905868751744,604.7532666512986,606.5459854597473,16101112.0,0.0188072415462703,60.47164088511809,6.863814408868052,579.5675747452349,13.16959581956028,8.498631239471479,2.3459701759556992,1.792718808448626,1,1937824964.0,0.8546995997580189,1,0.012450294379178342,0.05239315977630154
2019-04-25,607.4754028320312,625.180921221674,603.137562941129,614.8674710903454,30469914.0,-0.0123067719994193,56.29376780579299,6.860904281535568,580.6619993760896,13.803435995344904,7.3920682583141115,10.313450131328636,4.3378398909022735,-1,1907355050.0,1.5382768173446468,1,0.029146066337995213,0.037452616621528115
2019-04-26,616.5052490234375,617.8996055066781,606.7230065254395,608.6263518787861,15069884.0,0.0148645462010632,59.856875291175065,7.500766934574699,582.067617009319,13.615804780051596,7.878897144651432,1.3943564832405855,1.9033453533465945,1,1922424934.0,0.7669302075263467,1,0.014072341171432065,0.05155088235019138
2019-04-30,616.5052490234375,618.0987570789824,604.996711056551,618.0987570789824,22348580.0,0.0,59.856875291175065,7.916605002516235,583.4181123824217,13.579107725935868,1.5935080555449304,0.0,11.508537966886479,-1,1944773514.0,1.0833772662244587,1,0.014072341171432065,0.05155088235019138
2019-05-02,621.9275512695312,625.8448682453895,611.768990059855,616.1510924873053,18992003.0,0.0087952247846758,62.013561062386984,8.584734665093151,584.928286456426,13.614591330192914,5.776458782225973,3.9173169758582844,4.382102427450263,1,1963765517.0,0.8944591874401899,1,0.006298670910883309,0.05981997699062067
2019-05-03,623.6094970703125,627.4383480359272,620.865165141616,623.211134884836,14240262.0,0.0027044079287819,62.68327930462665,9.144538656461009,586.4451966765785,13.111633584772793,0.39836218547645785,3.82885096561472,2.345969743220053,1,1978005779.0,0.6553756117259598,1,0.006139821448522638,0.06235574953595243
2019-05-06,613.0084228515625,620.9316411509761,609.9984567813605,618.8069835524767,15832114.0,-0.0169995394049534,55.98369760985252,8.63325052220273,587.4868918206955,13.14730549221417,5.798560700914209,2.124657598499425,3.00996607020204,-1,1962173665.0,0.7337979249918107,1,0.02353952188330513,0.046140578717067095
2019-05-07,594.6832275390625,617.4790489756616,593.2225069761276,617.3905240382364,19417647.0,-0.0298938719752915,46.693305958599794,6.672445086989569,587.7691010645531,13.940822385594155,22.707296499173935,0.08852493742517709,1.4607205629348528,-1,1942756018.0,0.991268338491344,1,0.05507994673468937,0.016747349874860016
2019-05-08,575.18505859375,593.1339922776132,571.9759409135609,593.1339922776132,31958919.0,-0.0327874875940262,39.23304008001337,3.5047527636268114,587.275609202953,14.566998402730404,17.948933683863174,0.0,3.209117680189138,-1,1910797099.0,1.5647889714486614,1,0.09084604800049827,0.00557927858563468
2019-05-09,556.1517333984375,570.4710281590392,554.071337981232,570.4710281590392,42670173.0,-0.0330907851498201,33.59108931707793,-0.5353255994730262,586.0550650537563,15.034621417715233,14.319294760601679,0.0,2.080395417205523,-1,1868126926.0,1.8789105575622236,1,0.1281783555755254,0.003740697533194756
2019-05-10,553.8057250976562,565.5577364097078,551.0834944331871,559.9362251932031,24557430.0,-0.0042182882114664,32.961888929577626,-3.8816745449900054,584.7903850554778,14.994594314772767,6.130500095546836,5.6215112165047,2.72223066446918,-1,1843569496.0,1.0425263403208105,1,0.1329574968284895,0.004915497513120058
2019-05-13,545.3513793945312,558.0771656204672,543.3373481960891,552.3671883167767,17603659.0,-0.0152659052082464,30.728130647552675,-7.133643039362369,583.2437573824994,14.976395965458861,7.015808922245469,5.7099773036904935,2.014031198442126,-1,1825965837.0,0.790498269233739,1,0.1505212450962018,0.0036930890331260844
2019-05-14,557.9223022460938,561.8617807817881,545.1079313861411,547.3211142708041,28438234.0,0.0230510517192037,37.50939472904992,-8.597377865434169,582.2507591418562,15.103356924758012,10.60118797528969,3.9394785356943203,2.213182884662956,1,1854404071.0,1.2047086308978634,1,0.12459807666761932,0.026141550519289607
2019-05-15,556.3507690429688,565.6904447842285,553.5621746080103,563.4772624034616,24419559.0,-0.0028167599624504,37.021474809433265,-9.771567311005356,581.2350732556253,14.890850728433737,7.126493360492873,2.2131823807668525,2.7885944349584406,-1,1829984512.0,1.0254717591231681,1,0.12777474742282266,0.023390676477836516
2019-05-16,560.0910034179688,562.9902830901406,556.881886536584,557.7007715657779,14451308.0,0.0067227989662599,39.05344618559913,-10.281793139461456,580.4058940463054,14.301469536915027,2.390231852190823,2.899279672171815,0.8188850291938934,1,1844435820.0,0.6186630847675154,1,0.12024357507435343,0.02991238052323648
2019-05-17,560.99853515625,565.2256894999022,554.1818786920556,560.8214852839767,17276949.0,0.0016203290764233,39.562983280264625,-10.491975594149949,579.6448211486562,14.068779627695847,0.17704987227330093,4.22715434365216,6.639606591921051,1,1861712769.0,0.7301374144899517,1,0.1184313482408155,0.03148169888757706
2019-05-20,586.892822265625,592.1159710878152,576.9777333643875,581.4484201856392,26979100.0,0.0461574950497203,51.91557076269752,-8.471440647142117,579.9290564865767,15.286540792257941,5.444402079985821,5.223148822190183,4.470686821251661,1,1888691869.0,1.088863693602617,1,0.06908505988160049,0.07421367653023173
2019-05-21,593.04541015625,605.0851552655346,588.7297311552686,589.6814037049653,30343560.0,0.0104833244797128,54.305355448526726,-6.301055080323863,580.4434232971521,15.494097378518774,3.3640064512846948,12.039745109284581,0.9516725496966956,1,1919035429.0,1.172929651252351,1,0.057993767915033176,0.08381830650550734
2019-05-22,593.3109741210938,601.8538661321671,590.96500441242,595.6348421452735,24689918.0,0.0004477970157019,54.410676081651154,-4.507619062626077,580.9480331333851,15.165151974320803,2.323868024179774,6.219023986893603,2.345969708673806,-1,1943725347.0,0.9819802251832509,1,0.057520213519374634,0.08422838630118629
2019-05-23,590.4338989257812,616.1511018080408,586.4944211091025,607.2983718851489,38766006.0,-0.0048491858752056,52.985808596299485,-3.2806467673307225,581.3200278703418,16.20026116893634,16.864472959367617,8.852729922891967,3.939477816678732,-1,1904959341.0,1.566140501688384,1,0.06267331394330647,0.07976600058936023
2019-05-24,591.7395629882812,599.2422567255087,582.7318865290257,596.6749749729242,22269265.0,0.0022113636511649,53.579910911464836,-2.177801861275043,581.7286370906533,16.222411813761102,4.935411984642997,2.5672817525844494,9.00767645925555,-1,1927228606.0,0.9080691057933303,1,0.0603285419473515,0.08179648247239246
2019-05-27,580.1425170898438,592.0273731116835,578.5269075629556,591.8503232509513,16076686.0,-0.0195982263546355,47.80190375288241,-2.214051800151992,581.6664363063078,16.027987080544445,11.707806161107555,0.17704986073215423,1.6156095268881927,-1,1911151920.0,0.65966301791939,1,0.08152450398452524,0.0634415989339647
2019-05-28,585.941162109375,590.8323129584585,581.337746873328,584.1927649339189,42594251.0,0.0099952078131058,50.666614882431546,-1.754651416800698,581.8340726123105,15.646687708263752,1.748397175456148,4.891150849083488,2.855018060590851,1,1953746171.0,1.6517940155739905,1,0.07082142134743237,0.07271005464083306
2019-05-29,581.2048950195312,590.1683104518131,577.265417294087,584.7238497637976,15558515.0,-0.0080831786468,48.33333272888336,-1.7525481900964905,581.8093989812211,15.450702383225348,3.5189547442663525,5.444460688015511,3.939477725444249,-1,1938187656.0,0.6248260129197598,1,0.07954759743522516,0.06515352356447307
2019-05-30,588.596923828125,594.019223371127,582.6213139410421,582.6213139410421,23494381.0,0.0127184558697588,52.04517750618829,-1.1412507919635573,582.0755764261977,15.262389952394667,5.975609887082896,5.422299543002055,0.0,1,1961682037.0,0.9104633072050671,1,0.06598985253810845,0.07689400640709436
2019-05-31,588.7739868164062,593.9749741568739,584.3697238404902,592.204416473568,25724066.0,0.0003008221434961,52.13388419475554,-0.6351836941678357,582.3382591865981,14.858308549822455,3.430429657161767,1.770557683305924,4.404262975916026,-1,1987406103.0,0.9652711607241102,1,0.054617994433571,0.07717161362036423
2019-06-03,602.0752563476562,605.1958488284881,584.8123628335076,590.920760397822,18556942.0,0.0225914694417328,58.36458584770073,0.8296161165030753,583.112259075267,15.252964081619464,11.1544959498342,3.120592480831874,6.108397564314487,1,2005963045.0,0.7190562195844992,1,0.025584497063454725,0.09755908008558004
2019-06-04,598.2907104492188,608.2943239066423,596.7193632541569,600.8579927431291,15442761.0,-0.0062858352980581,56.1259778264813,1.6658958837743967,583.7074924624809,14.99024955096703,2.5672822939103526,7.4363311635131595,1.5713471950618896,-1,1990520284.0,0.6350529981785668,1,0.029852362817754337,0.09185060254716075
2019-06-06,587.5346069335938,602.8277324367702,584.7681141139942,602.8277324367702,16764835.0,-0.0179780553630005,50.22924832085607,1.4440795134811424,583.8575753829167,15.209490177524817,15.293125503176498,0.0,2.7664928195995344,-1,1973755449.0,0.7126460505196506,1,0.048706058395095474,0.07522494541755569
2019-06-07,582.0237426757812,587.4903046969813,577.9072153490195,586.9148926672266,14722419.0,-0.0093796419696438,47.477045744513795,0.8142219091979541,583.7856603747938,14.810768849456922,4.891149991445332,0.5754120297547161,4.116527326761798,-1,1959033030.0,0.6970706314958693,1,0.058635682069194166,0.06646875658686409
2019-06-10,583.9049682617188,587.3796605611984,579.89912635872,584.6795909812258,11768468.0,0.0032322145094783,48.514138378371904,0.4615341245586251,583.7903391154575,14.287180660387031,0.7746227195070787,2.700069579972592,4.005841902998782,-1,1970801498.0,0.5863613898093686,1,0.05522496861487343,0.0694764084409132
2019-06-11,588.331298828125,590.6994293154609,583.3959454068723,585.1000798331271,11492074.0,0.007580566713764,50.96738446838576,0.5330497330638764,583.9684159669347,13.78834517811571,3.231218994997903,2.3681304873358613,1.7041344262547682,1,1982293572.0,0.585975396371153,1,0.047285947620548247,0.07346773412884695
2019-06-12,589.6593017578125,592.4257947525115,586.4944465364875,590.7880242809626,10297599.0,0.0022572365813831,51.71081918889209,0.6889433952802619,584.1915879587337,13.22713110939487,1.1287225231501452,1.6377704715488335,3.164855221324956,-1,1992591171.0,0.6285843921142245,1,0.044927299495241685,0.0612169214361485
2019-06-13,587.4903564453125,590.787998934032,579.2573010665908,588.7076038554885,15686169.0,-0.0036783025486654,50.367610839568535,0.6302098191503092,584.3209514287956,13.105957306398178,1.2172474101760145,2.080395078543461,8.233055378721701,-1,1976905002.0,0.9567670853027532,1,0.048785048211078624,0.0566962119255781
2019-06-14,583.19677734375,586.4944198237544,579.5892975904819,585.1222242324548,14942768.0,-0.0073083397105296,47.724825644574665,0.23450387169702935,584.2768661705586,12.73417884557192,1.925446888704755,1.372195591299601,3.6074797532680805,-1,1961962234.0,0.9615798329478943,1,0.05650635556387304,0.04975147287995435
2019-06-17,567.5938110351562,584.2812339912606,565.911778180256,584.2812339912606,14908257.0,-0.0267542052952686,39.594347442732584,-1.3228756373544002,583.6226287142683,13.136698628817113,16.687422956104342,0.0,1.6820328549002852,-1,1947053977.0,1.0311260662543653,1,0.08554936616438369,0.002963444671520743
2019-06-18,567.0184936523438,570.0948242903805,561.7510818712044,566.088922587236,16797371.0,-0.0010136075686999,39.32829827594236,-2.573863526694822,582.9714861628203,12.794344613842757,0.9295710651077798,3.0763306380367794,4.337840716031565,1,1930256606.0,1.1760993546678054,1,0.08665080364349065,0.009289664870029714
2019-06-19,565.4027709960938,576.3137950100071,558.8739088523005,569.6299846715991,14492763.0,-0.0028495060996028,38.54497596812939,-3.6535400219564735,582.2825169405957,13.126169009833033,4.227213675505368,6.683810338407966,6.528862143793276,-1,1915763843.0,1.0215327297270524,1,0.08975607021264084,0.011547276523408447
2019-06-20,573.9898681640625,575.428486953255,565.6904489489388,566.575698269597,10748848.0,0.0151875753152757,44.83384175451472,-3.7727940259622983,581.9573150277905,12.90470807749933,7.4141698944655445,1.4386187891924465,0.8852493206582039,1,1926512691.0,0.7911899193574031,1,0.07345292309572173,0.026334888732637802
2019-06-21,566.3543701171875,573.6579131902394,564.605973210025,573.6357524101344,23236832.0,-0.0133024962118191,40.83257606720368,-4.432331405763421,581.3454348352179,12.653221425823485,7.281382292946887,0.02216078010496858,1.748396907162487,-1,1903275859.0,1.6095204728196766,1,0.07405249434338564,0.013208093129641081
2019-06-24,558.7853393554688,565.0043637095691,556.4393695082755,563.1010185325224,11267228.0,-0.0133644784274421,37.28066062664034,-5.502349397644821,580.4607252085611,12.457634224615521,4.315679177053653,1.903345177046731,2.3459698471932597,-1,1892008631.0,0.783153897734098,1,0.08860107999304291,0.004198338220360648
2019-06-25,573.591552734375,574.5432253793795,555.1778335046871,557.2361269861518,14966899.0,0.0264971400215769,46.99401369959701,-5.096855310942374,580.1913458958479,12.951045485335296,16.355425748223183,0.9516726450044644,2.058293481464716,1,1906975530.0,1.0157742725980285,1,0.06050084072339503,0.03210249373776103
2019-06-26,572.8389892578125,577.4645642543747,569.3863990466393,571.4446921634263,11593027.0,-0.001312019803944,46.5989856089193,-4.781110246147023,579.9030181845524,12.602982608363876,1.394297094386161,4.62557499656225,2.058293116787013,1,1895382503.0,0.7799390719178576,1,0.061894066768686196,0.030830924717620438
2019-06-27,563.9862670898438,574.0562431959233,562.591910883796,572.3963713113941,24905533.0,-0.015454119454122,42.11428689049949,-5.185446106260429,579.2788318671129,12.52165044434698,8.410104221550341,1.6598718845292524,1.3943562060477461,-1,1870476970.0,1.5777022540914003,1,0.0785622973506555,0.015618170333486957
2019-06-28,554.6687622070312,567.837229088313,552.6989939576308,565.2920488190996,18942165.0,-0.0165208009955466,37.972106763601374,-6.1864168009182094,578.3137310961293,12.708549350513783,10.623286612068341,2.5451802692134606,1.9697682494004312,-1,1851534805.0,1.170288585202065,1,0.09668033491959145,0.0035512514560270317
2019-07-01,561.6402587890625,563.3222322411394,551.7251724366304,556.8597359022041,13478857.0,0.0125687564489689,42.52696373197551,-6.344021842315215,577.6598694370288,12.629157240084874,4.780522886858421,1.6819734520769316,5.134563465573706,1,1865013662.0,0.8401731020542895,1,0.08306752300515162,0.017653802763017343
2019-07-02,565.911865234375,567.018486183894,559.1837918752126,563.8978931122131,10146746.0,0.0076055916193087,45.183110095362395,-6.054450100281429,577.1991633898658,12.286695602127482,2.013972122161931,1.1066209495189696,4.714101237000477,1,1875160408.0,0.6598269419254129,1,0.07489233090158726,0.02506873184549531
2019-07-03,567.7044677734375,569.4529239698368,564.3847234502912,567.8594159651082,8806492.0,0.0031676355439553,46.30461778806069,-5.615581437733908,576.8268223853,11.77108881051449,0.15494819167065543,1.5935080047286192,3.319744323146324,-1,1883966900.0,0.5946610697911382,1,0.06186892416240403,0.028147207295159474
2019-07-04,568.3463134765625,571.4448046030109,566.5757555607951,567.1954892433374,9351405.0,0.0011305982946414,46.72490234636199,-5.156541871810873,576.4942534084869,11.278085969921728,1.1508242332250802,3.09849112644838,0.6197336825423463,1,1893318305.0,0.6374718477465491,1,0.04236762112285958,0.029244741534894377
2019-07-05,559.205810546875,571.2234546184956,557.7229883348122,568.8331631776572,10926753.0,-0.0160826290466726,41.71712507541665,-5.467288407181854,575.8162752570512,11.436827420904706,9.627352630782184,2.390291440838382,1.4828222120628425,-1,1882391552.0,0.8130925670668635,1,0.059405649188711065,0.013377253900364414
2019-07-08,554.2039794921875,561.3083116822136,552.4998451082868,556.8376847003334,14009219.0,-0.0089445262555407,39.23881256879661,-6.047451977351329,574.9687342466644,11.249087360406284,2.633705208145898,4.470626981880173,1.7041343839007368,-1,1868382333.0,1.021622962102253,1,0.06896705306112437,0.004472734132707667
2019-07-09,566.6199340820312,568.1249169517715,551.3047078871608,552.8317924411703,17535754.0,0.0224032216463339,47.565869732302254,-5.442632733395726,574.6413303186397,11.647024624992314,13.788141640861,1.5049828697402745,1.5270845540094342,1,1885918087.0,1.2552800474510533,1,0.04554351006426865,0.027029098825621625
2019-07-10,566.0667114257812,570.7143885662242,561.5739233692843,566.5978610200226,12018196.0,-0.000976355795082,47.25511436568077,-4.95087891958849,574.3050707542138,11.46798466584571,0.5311495942413558,4.11652754620161,4.49278805649692,-1,1873899891.0,0.8577005379346098,1,0.043672039018129064,0.026078204636762015
2019-07-11,567.2618408203125,570.9136422948378,566.2659057082456,569.6742340526625,8608376.0,0.002111287186489,48.04479575990249,-4.413843485052212,574.0288656587667,10.995052251789343,2.412393232350041,1.2394082421752728,0.9959351120669453,-1,1882508267.0,0.6952108292641223,1,0.033904235433199224,0.028130101101241377
2019-07-12,566.7970581054688,575.4284751870541,565.7125390667155,567.9036197336648,15692436.0,-0.0008193442276526,47.745415643637656,-3.979865700373921,573.7452653625589,10.903686813828575,1.1065616281960047,7.524855453389364,1.0845190387532284,-1,1866815831.0,1.3014750730243079,1,0.03084732998479751,0.027333152134013265
2019-07-15,564.8494262695312,570.7807145325879,562.3042459909406,568.7888445920233,10659498.0,-0.0034362066776555,46.43952751590233,-3.749866662819045,573.3964089275382,10.730314080101346,3.939418322492088,1.9918699405645839,2.545180278590692,-1,1856156333.0,0.9052277453481226,1,0.02233362981026361,0.023979343436399722
2019-07-16,572.3300170898438,573.1710630706701,565.2699466652127,566.5536173225701,10070773.0,0.0132435131778694,51.8831185008186,-2.9301921757887612,573.3545896397856,10.5582657030326,5.776399767273688,0.8410459808263795,1.2836706573573338,1,1866227106.0,0.8557840724924507,1,0.008971305035928221,0.036736338432136445
2019-07-17,567.39453125,574.1005010711244,566.5756461560046,572.90535550275,9482233.0,-0.0086234963962565,48.38878390513502,-2.6483185315698847,573.120861859794,10.341593503895973,5.510824252750012,1.1951455683744143,0.8188850939953909,-1,1856744873.0,0.8011711885270103,1,0.0177478499522897,0.028357381815775448
2019-07-18,558.5418090820312,569.4085686468941,556.8376747286476,567.4609612021368,11942908.0,-0.0156024101051268,42.818225991025905,-3.1034971481414004,572.5491342998818,10.500829247778155,8.919152120105537,1.9476074447572955,1.7041343533836653,-1,1844801965.0,0.987456681753216,1,0.03387885179704493,0.012957134232734839
2019-07-19,552.85400390625,563.4551309237335,550.065350230861,561.3526341456075,16336536.0,-0.0101833114071249,39.659218209242056,-3.878479130724145,571.7767762452296,10.70718292242775,8.498630239357453,2.10249677812601,2.788653675389014,-1,1828465429.0,1.29289825410567,1,0.04451547818092329,0.005044105054291872
2019-07-22,566.7970581054688,568.5675567105824,543.2487175124882,553.7392172248569,29092589.0,0.0252201378676877,49.495860687491785,-3.3291931224882774,571.5814931809252,11.750872656403926,13.05784088061182,1.7704986051136302,10.490499712368774,1,1857558018.0,2.056895728817208,1,0.018820680164717805,0.04154633524685436
2019-07-23,563.720703125,572.7283212128182,557.8999823849913,568.7888438003976,20316348.0,-0.0054276128227473,47.65015075967858,-3.1063085489790865,571.2732269042224,11.970691668648424,5.068140675397558,3.939477412420615,5.82072074000871,-1,1837241670.0,1.4087063564802393,1,0.024380621561679937,0.03631583069244197
2019-07-24,557.3245849609375,566.0445268142822,554.867929547874,563.6985571097337,15189179.0,-0.0113462537895192,43.97820090967507,-3.40651600391584,570.7262213378191,11.913970639916979,6.373972148796156,2.3459697045485655,2.4566554130634586,-1,1822052491.0,1.030537263378501,1,0.032483566515167296,0.025256139471105356
2019-07-25,545.1078491210938,561.7289085810165,543.1159789159576,559.4935652480942,21805071.0,-0.0219203246537204,37.961012171004924,-4.577455005646925,569.7215792901044,12.392467713141402,14.385716127000478,2.235343332922298,1.9918702051361379,-1,1800247420.0,1.3578305509085757,-1,0.05562316909369021,0.003654084615269686
2019-07-26,537.273193359375,549.9768774552333,535.5911603200976,545.1078873216514,20387504.0,-0.0143726709757545,34.68360895568526,-6.067679412431971,568.4490935673307,12.534842671855278,7.834693962276447,4.86899013358186,1.6820330392773712,-1,1779859916.0,1.2334933737353988,-1,0.0710165373952643,0.0031306848360705044
2019-07-29,536.01171875,540.9028699903904,533.4222753117766,538.6454246633529,17626045.0,-0.0023479202479607,34.172037569951584,-7.266717256530683,567.1770396529256,12.173824958052313,2.6337059133528555,2.2574453270375443,2.589443438223384,-1,1762233871.0,1.0232875643313635,-1,0.07353711692903937,0.0048309455701119105
2019-07-30,522.7103881835938,540.0175454119949,520.5193664215706,537.3395773958161,20853117.0,-0.0248153726889133,29.26971664729966,-9.18439758120428,565.4332493992264,12.696993103221741,14.6291892122224,2.6779680161787383,2.1910217620231833,-1,1741380754.0,1.139318291225561,-1,0.10085525024029937,0.004191655286662529
2019-07-31,516.2257690429688,524.5251884932695,514.5215754092878,520.4308216260823,21229950.0,-0.0124057590727417,27.219564440360585,-11.099479731910492,563.5035442872163,12.504608816133167,4.20505258311357,4.094366867187205,1.7041936336809158,-1,1720150804.0,1.0899492798634753,-1,0.11468374826355782,0.003301256418950804
2019-08-01,522.4227294921875,525.9416845388708,509.1878371492463,514.9642372860822,22628222.0,0.0120043609227553,32.113202471411526,-11.97906599954149,561.8925319423132,12.808125857096837,7.458492206105348,3.5189550466833452,5.776400136835832,1,1742779026.0,1.1013199497698292,-1,0.10146140797968341,0.025333683999174274
2019-08-02,527.3841552734375,533.5737464690229,517.4763743805444,523.5323811262336,23766807.0,0.0094969562026381,35.833178792569555,-12.135903713858738,560.539262269024,13.043072016481245,3.851774147203855,6.189591195585422,6.056006745689274,1,1766545833.0,1.1163637358749976,-1,0.09109928584924334,0.0345029670350198
2019-08-05,509.1271667480469,519.6583423312425,502.2918872694453,519.6583423312425,30399133.0,-0.0346180072776831,29.440203957489956,-13.576879312983351,558.5231016603582,13.90372887273203,10.53117558319559,0.0,6.835279478601592,-1,1736146700.0,1.419184767515219,-1,0.13022543829765412,0.013425485664535722
2019-08-06,502.4255676269531,511.910363162732,499.62023403615984,505.2977231842644,29067994.0,-0.0131629179481796,27.500680297169197,-15.085727027792359,556.3231983649305,13.788471748006325,2.8721555573112596,6.612639978467598,2.805333590793282,-1,1707078706.0,1.3037721462237009,-1,0.14530094060480828,0.0055835804774891935
2019-08-07,494.0094604492188,506.9898045620142,491.2040973999989,501.6240130506623,25349369.0,-0.0167509532157871,25.250859493742794,-16.76732592932467,553.8795223682359,13.93113142043554,7.614552601443506,5.365791511351915,2.8053630492199204,-1,1681729337.0,1.087427382708793,-1,0.16481266302835246,0.005678763816929565
2019-08-08,513.1349487304688,515.6508197039626,487.7308882191028,493.54196220587255,31198568.0,0.0387148219061606,37.72006060944607,-16.368057331971613,552.2816959510686,14.930331425037275,19.5929865245962,2.515870973493861,5.81107398676977,1,1712927905.0,1.286503294224326,-1,0.12139794143958398,0.049507562434048524
2019-08-09,517.4764404296875,523.4433916370499,513.1125622758229,517.365149765636,21970009.0,0.0084607211221139,40.160302847237034,-15.522379664797654,550.916783969838,14.60179556333654,0.11129066405146659,5.966951207362399,4.252587489813095,1,1734897914.0,0.9000811072299164,-1,0.10942345625323355,0.057481944851219595
2019-08-13,567.638916015625,580.1293917889301,545.9308139324703,549.1146665266605,104827144.0,0.0969367330893073,59.772688877565535,-10.68135347238092,551.5725538539865,18.034020977329828,18.52424948896453,12.490475773305093,3.1838525941901707,1,1839725058.0,3.1642079435024106,1,0.02200426260584515,0.14077263827753952
2019-08-14,573.6503295898438,580.8640689784442,570.1324864795871,580.6637220080089,31688983.0,0.0105902069160692,61.405185651876806,-6.287258894368847,552.4383489808829,17.69053040486478,7.013392418165154,0.2003469704352483,3.517843110256649,-1,1871414041.0,0.9262367204001656,1,0.012575150778276688,0.14977667916999685
2019-08-16,569.0860595703125,575.2311234055627,566.8595923358139,574.9639544714397,21977767.0,-0.0079565369077616,59.43304135883067,-3.1370438402835816,553.0912003765468,17.024887595213638,5.877894901127206,0.26716893412299214,2.226467234498614,-1,1849436274.0,0.6409866964656019,1,0.020696359030521007,0.14295758960013324
2019-08-19,575.5873413085938,577.4575832737376,569.9766154131626,570.4441907669835,16317602.0,0.0114240748458853,61.337769027989,-0.11455607986624727,553.973401981725,16.406790174371597,5.1431505416102254,1.870241965143805,0.46757535382096194,1,1865753876.0,0.48482999528742543,1,0.009167553368796818,0.1526379174527187
2019-08-20,568.1732177734375,575.5873639681415,566.6814947931508,574.3405755757227,14969299.0,-0.0128809704506361,57.99361598602364,1.6633553145777569,554.5302575029688,15.871010102987247,6.16735780228521,1.2467883924188072,1.4917229802866814,-1,1850784577.0,0.4567070723788726,1,0.022336236218137275,0.14158064308200388
2019-08-21,565.9467163085938,569.3755030810053,563.9651837223562,568.0395990053597,10677848.0,-0.0039187018944134,56.98877954789147,2.8597375687035083,554.977961769856,15.123817906963092,2.092882696765969,1.3359040756455443,1.981532586237563,-1,1840106729.0,0.3466332014674642,1,0.02635822815113997,0.1382035195815894
2019-08-22,555.1705932617188,565.9689379340402,551.6750440617036,565.9467035825179,14031953.0,-0.0190408791788079,52.26838292539609,2.9048507433396935,554.9855159460076,15.06453761877549,10.776110320799148,0.022234351522342877,3.495549200015148,-1,1826074776.0,0.47889228430753394,1,0.046280325414521685,0.12147564345293685
2019-08-23,568.128662109375,571.7577958939527,546.1533935304763,551.7195912204171,21307915.0,0.0233406974449519,56.892265136610426,3.9407842128154016,555.5009334426103,15.817385100539841,16.4090708889579,3.629133784577675,5.56619768994085,1,1847382691.0,0.737382071691154,1,0.022416413250098192,0.14151332128142868
2019-08-26,564.0987548828125,576.2107097858199,560.6254400381222,576.2107097858199,19202504.0,-0.0070933003302456,55.10443355198332,4.3860296968917964,555.8381029108535,15.800805432479688,12.111954903007359,0.0,3.4733148446903215,-1,1828180187.0,0.6933037154095947,1,0.02972053022721975,0.13538031417845373
2019-08-27,567.6832885742188,572.2029847207436,561.6049883649061,572.2029847207436,28401906.0,0.0063544435444657,56.41638842610997,4.970831214534996,556.3026199956914,15.42917621271953,4.519696146524893,0.0,6.0783002093126015,-1,1856582093.0,1.002174074274979,1,0.023218545744635128,0.14083979917027806
2019-08-28,562.5402221679688,570.4219432426154,559.3118418211694,567.1935628958161,11605488.0,-0.0090597460058533,53.97905541295983,4.962088288947484,556.5472318455846,15.120670870485705,4.653340727847308,3.2283803467993266,3.2283803467993266,-1,1844976605.0,0.6102329795734611,1,0.032573398467148344,0.1329848622389328
2019-08-29,552.9441528320312,561.1820993687841,550.0719976379863,559.4899700160746,18890222.0,-0.0170584590359695,49.667464855514964,4.133191995219249,556.4059346293668,14.931210417592613,6.545817184043358,1.6921293527094576,2.8721551940449217,-1,1826086383.0,1.064942797289636,1,0.050493193577352435,0.11793824797481565
2019-08-30,555.9720458984375,558.5770317812273,543.7042139151635,554.613907633516,24735240.0,0.005475947346397,50.99749759010655,3.678211246225601,556.3889193850167,14.927039521054848,1.3581382649215357,2.6049858827898333,10.909693718352514,1,1850821623.0,1.3731121992982158,1,0.04477207669637731,0.12274206622935267
2019-09-03,537.2030029296875,553.5007833479864,534.3530820941628,553.1667924586299,18730619.0,-0.0337589688316427,43.35045568802217,1.7825823172137234,555.6365305044155,15.405034112713409,15.963789528942357,0.333990889356528,2.849920835524699,-1,1832091004.0,1.0260373489135983,-1,0.0812747989319622,0.09209202934604582
2019-09-04,534.8651123046875,536.6908258693913,528.141183434771,534.5979434098722,32949395.0,-0.0043519686454657,42.49567234057036,0.09059023103964137,554.8219650848184,14.951947354299339,0.26716889481531325,1.8257135647038467,6.456759975101136,1,1799141609.0,1.6430901752922673,-1,0.08600104141313522,0.08812357172163918
2019-09-05,533.7296752929688,540.2309641543467,531.3696236710425,537.3811028363892,22995486.0,-0.0021228473975919,42.06188719027906,-1.3266531334907086,553.9948164655302,14.516904006371112,3.651427543420482,2.8498613179574477,2.3600516219262317,-1,1776146123.0,1.080357404274417,-1,0.08831136035222874,0.08618367912298833
2019-09-06,544.3721923828125,547.266641257182,532.2379435925851,535.6889646599803,23186819.0,0.0199399013817285,47.47403906522051,-1.5729347123974549,553.6174586583649,14.553460696244377,8.683227722832157,2.894448874369459,3.4510210673952315,1,1799332942.0,1.0444249886784385,-1,0.0670347918322211,0.10404885656591091
2019-09-09,544.2385864257812,549.0477457084417,540.2086995227424,543.5483703495372,11747929.0,-0.0002454312672482,47.41415933508883,-1.758623208541735,553.2496597472832,14.145288231205436,0.6902160762440417,4.809159282660403,3.339670826794759,1,1787585013.0,0.5529852610556204,-1,0.06729673982360598,0.10382890815916912
2019-09-11,549.6712646484375,552.1649008896854,544.3722356169108,544.3722356169108,12127900.0,0.0099821628935476,50.16659428585441,-1.4506883178612497,553.1093305277207,13.701075819255347,5.299029031526743,2.493636241247941,0.0,1,1799712913.0,0.5905361401456654,1,0.0567481080713891,0.06651012109209861
2019-09-12,538.9617919921875,552.365120863349,536.8912034434586,549.9383071406563,11880005.0,-0.0194834137147402,45.14962775322958,-2.047213634574746,552.5545250949547,13.827707362157852,10.97651514846882,2.426813722692714,2.0705885487288924,-1,1787832908.0,0.629073943761332,-1,0.07774628481802295,0.0200767637301705
2019-09-13,545.752685546875,547.0440021410868,537.4256821215511,539.6966776511717,12947715.0,0.0125999535692242,48.65601349049564,-1.9495230021719863,552.2877862891476,13.527036837684847,6.05600789570326,1.2913165942118212,2.270995529620677,1,1800780623.0,0.6807731456528539,-1,0.06433570436100661,0.0322701153443821
2019-09-16,539.1400146484375,542.858204835973,528.1634972590346,529.454873228426,20547730.0,-0.012116607162109,45.59917979338902,-2.3782744814791386,551.7721874012766,13.81719051269596,9.685141420011519,3.7181901875354697,1.2913759693914244,1,1780232893.0,1.0710375008891113,-1,0.07107164666730623,0.020400695394198424
2019-09-17,533.217529296875,539.2513017834867,531.4586376216965,539.2513017834867,15640772.0,-0.0109850598928822,42.99390266221311,-3.1595370134657514,551.0445537501237,13.386867201916976,6.033772486611724,0.0,1.758891675178461,-1,1764592121.0,0.8558357318623899,-1,0.08296811628679858,0.009520215640318222
2019-09-18,536.8912353515625,541.6113380873621,533.1062237529914,536.5572445060574,14933909.0,0.0068896948296726,45.089637344320224,-3.4425719955490877,550.4895216560624,13.038170568520817,0.33399084550512725,4.720102735799628,3.451020753066018,1,1779526030.0,0.8344939803079678,-1,0.07323545598301771,0.016297624808611032
2019-09-19,525.0241088867188,538.6723734072475,522.1742478115991,537.8485728999581,13766222.0,-0.0221034088162623,39.97693682532381,-4.5717568192137605,549.4908780180489,13.285310213315643,12.824464013239322,0.8238005072894339,2.849861075119634,-1,1765759808.0,0.8616032671098485,-1,0.09749381034642227,0.00542805754418133
2019-09-20,558.5547485351562,565.4790838872689,522.9089837818785,528.9872248397661,48165560.0,0.063864952258168,55.37412210816731,-2.7295371299678663,549.8463239206806,15.377080919892407,29.56752369539015,6.924335352112621,6.078241057887567,1,1813925368.0,2.6043242223273597,1,0.031610081727829614,0.06513327622577234
2019-09-23,551.8086547851562,570.4219587525063,549.9384128123469,567.3716909391333,21610844.0,-0.0120777663562829,52.45848071908566,-1.7932467081373034,549.9232780722286,15.741828421340049,15.56303615397701,3.0502678133730114,1.8702419728093673,-1,1792314524.0,1.1785466895621912,1,0.04422195046970479,0.053704135874953124
2019-09-24,569.397705078125,578.3481013609863,553.3893886827366,553.7679076968577,34958974.0,0.0318752707853358,58.58187702230013,0.3638651466748115,550.6869810920676,16.51308686094648,15.62979738126728,8.950396282861334,0.37851901412113875,1,1827273498.0,1.692275943701342,1,0.01571905928499182,0.08293580540519833
2019-09-25,569.7763061523438,576.6561146490986,565.0116743389566,571.7578389113681,18192270.0,0.0006649149985014,58.70517022273687,2.079965230904918,551.4355820748236,16.16532639303188,1.9815327590243896,4.898275737730501,4.764631813387155,-1,1845465768.0,0.8555270740978956,1,0.015044141211359363,0.08354516996713628
2019-09-26,577.4576416015625,578.3482047938991,571.5352180220854,575.3202304898084,18350457.0,0.0134813177843253,61.22701048166409,4.013540885656312,552.4560549974408,15.62293869649784,2.1374111117540906,0.8905631923365718,3.7850124677230497,1,1863816225.0,0.8374827287180366,1,0.0015422138840636343,0.09573584243622865
2019-09-27,582.9124755859375,585.561990193842,571.757844897735,575.5428572732922,19058663.0,0.0094462928384602,62.9570535189504,5.917855680746243,553.6504244322838,15.493024882184207,7.369618312645343,2.649514607904507,3.7850123755571303,1,1882874888.0,0.8462039767885683,1,0.004545304344775333,0.10419785185294748
2019-09-30,593.2432861328125,594.8018310804109,581.3539114942233,583.3355036590597,25263770.0,0.0177227473755654,66.0469501663813,8.166510499091714,555.2030856754418,15.346945932470163,9.907782473752832,1.5585449475984205,1.9815921648363428,1,1908138658.0,1.0987045175558414,1,0.0026271598584084116,0.11979745912421971
2019-10-01,581.0645141601562,597.5849362038297,575.8990695365911,595.3584688773351,17920384.0,-0.0205291357817907,59.72240231248264,8.863685478619345,556.2172593415091,15.79972598495362,14.293954717178849,2.2264673264945714,5.165444623565122,-1,1890218274.0,0.7716950624627474,1,0.028431304340708664,0.10134892927280957
2019-10-03,583.8030395507812,585.4283468989939,570.5555272924099,572.6484099833085,13524851.0,0.0047129455058585,60.63521682195312,9.52735239711842,557.2990546438336,15.733518386498648,11.154629567472739,1.6253073482126865,2.092882690898591,1,1903743125.0,0.5859682899062503,1,0.023607099859660155,0.10556435572278558
2019-10-04,582.4893188476562,591.6178868813973,580.5968427407329,587.7438189170942,14992253.0,-0.0022502806839372,59.93350370007391,9.833947306837103,558.2869081420228,15.396913083224778,5.254500069437995,3.8740679643030944,1.8924761069233682,-1,1888750872.0,0.6461119006416646,1,0.025915698138529328,0.10354708504420128
2019-10-07,583.3799438476562,588.144574835985,579.6394603175088,582.4893213904081,10061584.0,0.0015289979939236,60.2691938216334,10.033136226909164,559.27094875793,14.904641757171314,0.8906224572481278,4.764630988328804,2.84986107289933,1,1898812456.0,0.5188147207775015,1,0.02434946985404577,0.10491566719345494
2019-10-09,589.903564453125,592.2191475563906,575.5428471529523,582.7566465089587,17588647.0,0.0111824560893241,62.732220999366945,10.595260970684876,560.4722278048004,15.03118880333324,7.146917944166262,2.315583103265567,7.2137993560064615,1,1916401103.0,0.9261479324305261,1,0.013021402503010386,0.11481421832789722
2019-10-10,606.8247680664062,609.6078075068975,588.2336983910574,590.0148840590675,35006390.0,0.0286846946398233,68.23322750155675,12.264767984438436,562.2899744817262,15.484254539940878,16.809884007338724,2.7830394404912795,1.7811856680101528,1,1951407493.0,1.8428366346261316,1,0.0045862324462450504,0.13949747061995932
2019-10-11,602.3049926757812,608.0938310517881,595.1580158763934,607.2477366748323,16597126.0,-0.0074482381545283,65.45405509167855,13.072464981324401,563.8591908814931,15.30222315675901,4.942743999051004,0.8460943769558753,7.146976799387858,-1,1934810367.0,0.8811192683320138,1,0.012124778841153256,0.13304014716563414
2019-10-14,604.7095947265625,607.8043907217964,601.525742419961,607.8043907217964,13394275.0,0.0039923329210649,66.24184306517134,13.74812216548446,565.4611675028684,14.657682095693035,3.0947959952338806,0.0,3.183852306601466,-1,1948204642.0,0.7302996141230371,1,0.008100107593877194,0.13648757624274874
2019-10-15,607.4480590820312,610.0530449084814,603.0618878900631,606.7133149168686,9672791.0,0.0045285611132184,67.16030250257343,14.339262447351302,567.1077122706788,14.110073161601985,0.7347441651626241,2.604985826450161,3.6514270268055498,1,1957877433.0,0.5558370236841969,1,0.0042884091693152935,0.14038041606272803
2019-10-16,611.0995483398438,614.3501629165811,607.2477145302422,610.0085788805053,19403660.0,0.0060111958598247,68.39506593713189,14.930283036931655,568.8328823126068,13.609528534797478,1.090969459338453,3.250614576737348,2.760864350263091,1,1977281093.0,1.1538673719438843,1,0.0053192881349171306,0.14551688144726238
2019-10-17,621.8533935546875,622.9666568670059,610.9436984546371,612.2796025393912,16038940.0,0.017597534221811,71.76243205858978,16.081044279103935,570.9121180475904,13.496202097481143,9.573791015296251,1.113263312318395,1.3359040847541337,1,1993320033.0,0.9645712131145227,1,0.0017902343604730873,0.16029364280428635
2019-10-18,630.6925048828125,635.835655393317,622.8330774763288,625.1931291335094,28121951.0,0.0142141402133357,74.19604359337906,17.504492375025507,573.2564469430894,13.530920650420311,5.499375749303113,5.1431505105044835,2.360051657180634,1,2021441984.0,1.5547501933309968,1,0.008154767134041207,0.17206206864845636
2019-10-22,629.7128295898438,639.820957644229,624.9036109424554,634.5442231374791,27786502.0,-0.0015533327023614,73.44057180537445,18.34209735700631,575.4704227331581,13.62995108265983,4.831393547635344,5.276734506749904,4.80921864738832,-1,1993655482.0,1.4347206217344959,1,0.016051964608961612,0.16960722537212825
2019-10-23,620.0277099609375,634.9673523948646,615.908766295107,630.6702961024129,18446160.0,-0.0153802164634545,66.25794976592442,18.01671169036024,577.217767330326,14.017710726738247,10.642586141475363,4.297056292451771,4.118943665830557,-1,1975209322.0,0.9129211529914993,1,0.031923166280001414,0.11304220121550104
2019-10-24,639.6428833007812,641.8471160772802,617.4227401722367,623.8572069872114,22642488.0,0.0316359624331621,72.19016861171082,19.121204420920208,579.6658110938732,14.761043953760057,15.785676313569866,2.2042327764989977,6.434466814974712,1,1997851810.0,1.0932575472363195,1,0.003446036583920679,0.1348463288967532
2019-10-25,637.3050537109375,641.8692781119589,628.4214205506927,641.7134593171186,13539957.0,-0.0036548981484476,70.59708758317053,19.582148736318118,581.9261735494445,14.667244925724784,4.408405606181077,0.1558187948403429,8.883633160244813,-1,1984311853.0,0.7293512281715769,1,0.007161757739789736,0.11343606794113234
2019-10-27,638.6632080078125,643.450132721921,636.7706724719341,641.6689472852668,3014841.0,0.0021310897959567,70.99750786908712,19.8284718477189,584.15115529291,14.096688877457796,3.0057392774542677,1.7811854366542548,1.8925355358784373,-1,1987326694.0,0.1752187363865951,1,0.0074952254241173796,0.10664099616424037
2019-10-29,653.26904296875,659.0355886148401,642.158939493555,643.6729564626572,25768505.0,0.0228693852687986,74.94861985330591,20.96063238091142,586.8616606919625,14.544952572427066,9.596086506092774,5.766545646090094,1.514016969102272,1,2013095199.0,1.3971531393892385,1,0.008827214006474732,0.12661477926529696
2019-10-30,658.634765625,661.0616393905873,650.2632341915835,659.0355190435935,16341366.0,0.0082136490531767,76.22978088840273,22.036819991963625,589.676292257964,14.277342045753977,0.40075341859346736,2.026120346993821,8.371531433416521,-1,2029436565.0,0.8551016389630441,1,0.0036847034080934806,0.13373001689184874
2019-10-31,652.0665893554688,663.3325688124955,650.886563570956,660.8166389822482,19463741.0,-0.0099724105260348,71.41514292676338,22.104897990609288,592.1229705755132,14.146532274024375,8.7500496267794,2.515929830247387,1.1800257845127362,-1,2009972824.0,1.0181673892914325,1,0.017277345045638017,0.12500419956131772
2019-11-01,648.7492065429688,650.9311456801099,641.669051249015,647.9031715622959,13904301.0,-0.0050874908585318,69.04324691213063,21.641693258173632,594.3436072801194,13.878746976340762,0.8460349806728118,2.181939137141171,6.234120313280982,1,1996068523.0,0.7355612774983874,1,0.022479198621664725,0.12052990348494524
2019-11-04,649.0831298828125,655.0277868325503,643.4946981510161,652.7567916180376,14063434.0,0.0005147186870919,69.15430132388809,21.058792343823598,596.490255225323,13.711199955283151,3.673661735225096,2.270995214512709,5.5884317317963905,-1,2010131957.0,0.8037566390532801,1,0.02195318022247116,0.11329871220522619
2019-11-05,644.474365234375,654.1149784345749,641.6690319851688,651.5100516103723,12685356.0,-0.0071004227906363,65.65355149950013,19.994466614542148,598.3719850295996,13.620824704863367,7.035686375997329,2.6049268242026073,2.805333249206228,-1,1997446601.0,0.7934787125268771,1,0.029261371119489607,0.10695773455062794
2019-11-06,638.9525756835938,644.0957253086756,636.102714813685,642.4258900642089,14625505.0,-0.0085678963332748,61.6282212773237,18.492251373993895,599.963380741521,13.24588368456527,3.473314380615193,1.6698352444666398,2.8498608699087526,-1,1982821096.0,0.9372350159623074,1,0.038156185696283415,0.09924011725408814
2019-11-07,649.5062255859375,651.4654644310114,637.7504358146491,638.9972836207461,14084039.0,0.0165171098826117,65.92802045450094,17.946450805956374,601.9062374020864,13.279394036836482,10.508941965191411,1.9592388450738554,1.24684780609698,1,1996905135.0,0.954908075944543,1,0.021287468359652614,0.09433708990180115
2019-11-08,643.6728515625,649.973734129593,641.8026095996164,645.2313964399264,12019353.0,-0.0089812442031252,61.805478914271546,16.848970942451047,603.5441438397497,12.914517643489349,1.5585448774263568,4.74233768966667,1.870241962883597,-1,1984885782.0,0.8234100628633437,1,0.03054302694648696,0.07537188428615257
2019-11-11,635.7910766601562,643.1161656257182,633.4532595413081,640.8228766581775,11357841.0,-0.0122450012971822,56.6509270549301,15.168365405415898,604.80872944055,12.722022956182391,5.031799998021256,2.2932889675406614,2.337817118848193,-1,1973527941.0,0.7360240900855811,1,0.04331846287779971,0.053894015657144495
2019-11-13,655.6067504882812,657.2098236579902,636.7708042321007,636.7708042321007,25225749.0,0.0311669580709086,64.63623897778356,15.259530313909181,606.8008086973238,13.343217530586076,18.83594625618059,1.6030731697089777,0.0,1,1998753690.0,1.640478417586551,1,0.011784226319299292,0.08014692124369363
2019-11-14,651.3541870117188,659.7479525828084,648.2593909614728,657.25431637005,14258133.0,-0.0064864546824682,61.99682120585216,14.817822197773125,608.5480000037705,13.21074210849675,5.900129358331242,2.4936362127583607,3.094796050245918,-1,1984495557.0,0.9399678623384089,1,0.018389966687296786,0.06771503639798206
2019-11-15,654.9611206054688,662.0635700076792,651.5323334784945,652.6455968983422,15691605.0,0.0055375917828943,63.36335319184264,14.590623109159196,610.3681223803077,13.032073600458444,2.3155237071265447,7.102449402210482,1.1132634198477263,1,2000187162.0,1.0608505883190622,1,0.012781595645384157,0.06720616043611934
2019-11-18,649.7733764648438,661.7072190766786,648.0812471500655,655.7625618479275,14076051.0,-0.0079206902171983,60.02044701691188,13.83250607855257,611.9134264620542,13.074494909469495,5.989185383083736,5.944657228751112,1.692129314778299,-1,1986111111.0,0.9505253483785006,1,0.020867571431476484,0.05211757113530961
2019-11-19,672.282958984375,674.5762480267925,652.3560458473484,653.2466089025762,30176255.0,0.0346422050130721,67.92717539728886,14.876540559509294,614.2808591099885,13.9122360989323,19.036350081798787,2.293289042417541,0.8905630552278581,1,2016287366.0,1.837775625265808,1,0.0034111961515163754,0.08385485893385301
2019-11-20,689.1595458984375,700.1805897457675,687.1780135439317,692.4547478229387,43538120.0,0.0251033983362574,72.34347352402804,16.871263504292187,617.2172781997315,14.911192860536602,3.295201924501157,7.725841922828863,1.9815323545058163,-1,2059825486.0,2.232121418334376,1,0.015992006369094404,0.10629001664314991
2019-11-21,684.6843872070312,692.8778052437542,680.6545001439249,687.9795894631586,14897371.0,-0.0064936468166774,69.60644616768617,17.88482279898949,619.8630471804099,14.719200877628937,3.295202256127368,4.898215780595592,4.029887063106344,-1,2044928115.0,0.7626984686208133,1,0.022632621435912208,0.0982374482192718
2019-11-22,688.6475219726562,698.889294670371,684.6843973559228,686.6882237413482,22352865.0,0.0057882651330658,70.66492474189097,18.79125381973961,622.5604775644196,14.682465633751137,1.9592982313080256,10.241772697714737,2.003826385425441,1,2067280980.0,1.0979172830813038,1,0.01674741780827784,0.08745562787976593
2019-11-25,695.3492431640625,696.7964379518986,690.6513741041939,690.7181960629307,15146156.0,0.0097317146690789,72.41442809259517,19.821885468704522,625.414938960484,14.215783515571939,4.631047101131799,1.4471947878361107,0.06682195873679575,1,2082427136.0,0.7326889175087946,1,0.00694808634538932,0.08901423886090366
2019-11-26,694.7703247070312,701.9395355965804,692.8777890541031,698.2658738469718,35330983.0,-0.0008325578300725,72.01488322536893,20.357288445324684,628.1347580093683,13.84763801749375,3.495549139940522,3.673661749608641,1.8925356529281316,-1,2047096153.0,1.5315132618856253,1,0.010318821392626772,0.08825515855412966
2019-11-27,699.0452270507812,701.5611571283956,692.9223973101485,694.6368205516004,9642739.0,0.0061529719847384,73.19116632323056,20.88578967157605,630.9155607168747,13.475575288976131,4.408406499180842,2.515930077614371,1.7144232414518683,1,2056738892.0,0.4482695615315973,1,0.004140373803866784,0.09383079230252486
2019-11-28,703.6986083984375,705.4129722878201,696.4180461446233,700.2920555245078,13747479.0,0.0066567672127431,74.4500950732397,21.433052794844343,633.7697978808575,13.155528921420467,3.4065528739297406,1.7143638893826392,3.8740093798844555,1,2070486371.0,0.6406105818712898,1,0.0024362189564143036,0.09982306063813642
2019-11-29,690.7180786132812,704.4331049614652,689.2485902723575,704.4331049614652,18559594.0,-0.0184461495734642,65.24591672322998,20.582085027707762,636.0030637919328,13.300456476255269,13.715026348183983,0.0,1.4694883409237036,-1,2051926777.0,0.8534417490479375,1,0.02127480679822521,0.08290621144149114
2019-12-02,706.4592895507812,718.9052350893612,702.2289961837148,712.4707684592657,31225364.0,0.0227896321594807,70.07710326257579,20.936527848723813,638.7660530373779,14.36379219052846,6.0114789084844915,6.434466630095471,4.2302933670664515,-1,2083152141.0,1.3309084102482869,1,0.017617357040480012,0.10334074601226603
2019-12-03,703.0750732421875,709.7990029904348,700.2697400300401,709.2424307785986,12990426.0,-0.0047903911218234,67.89200358299891,20.70566633232454,641.2879753983508,14.018468674090334,6.167357536411146,0.5565722118361691,2.8053332121473886,-1,2070161715.0,0.5974502350047933,1,0.022515606724860682,0.09902472203974282
2019-12-04,691.4083862304688,702.4516656991397,682.9700335019947,700.4478393142873,20987607.0,-0.0165937998027985,60.84805860839828,19.35815402842934,643.2534817054926,14.453223750240507,9.039453083818557,2.0038263848523457,8.438352728474001,-1,2049174108.0,1.0769470497892186,1,0.03976933084194162,0.08382184515453993
2019-12-05,690.5845947265625,703.4535881327247,687.5343269551083,700.8931300628573,19942460.0,-0.0011914687763587,60.3717531463539,18.016089464912966,645.1096037847503,14.557940709338782,10.308535336294767,2.5604580698674226,3.0502677714541733,-1,2029231648.0,0.9974937035725271,1,0.04100966134932722,0.082728945333447
2019-12-06,692.3880615234375,698.2214285325554,686.2429974104203,691.5420265271395,13085234.0,0.0026115074252257,61.089840652574395,16.903169115869787,646.9636609509733,14.373690024538513,0.8460349962980445,5.833367009117865,5.299029116719112,1,2042316882.0,0.6863195416640228,1,0.038298138052205714,0.0851181660360481
2019-12-09,700.269775390625,702.407186386415,688.6475696603118,692.9446854555637,12642677.0,0.0113833763248973,64.14750034409852,16.46733497293792,649.0540968113519,14.32982764607885,7.325089935061328,2.137410995789992,4.297115795251898,1,2054959559.0,0.6719303958628949,1,0.026611829260146158,0.0954153930348419
2019-12-10,695.52734375,700.7150224336392,692.0540287591915,700.0248063059641,10173333.0,-0.0067722923468738,61.03935599622381,15.559893904175738,650.8765770834557,13.924910933819481,4.497462555964148,0.6902161276750576,3.4733149908084897,-1,2044786226.0,0.6241426793156506,1,0.03361175020570313,0.08447768451648216
2019-12-11,695.7277221679688,701.115747607188,690.473221738255,692.6996888491133,12364641.0,0.0002880956726853,61.12506484606332,14.687599676759305,652.6354455181424,13.690454857756164,3.0280333188554778,5.388025439219291,2.226467110858266,1,2057150867.0,0.7461217363882309,1,0.03331405689738599,0.06848437039339374
2019-12-12,698.3104248046875,700.8263546736185,693.1672744072167,699.2232816841165,10326606.0,0.0037122318896116,62.276963652096086,14.042825780980252,654.4266211764383,13.25964238694514,0.9128568794290004,1.6030729895020386,5.143150397470777,-1,2067477473.0,0.6362746115412851,1,0.029492342593100965,0.07192958299121884
2019-12-13,704.856201171875,708.0178188148872,700.1806263844514,703.5648253338594,12668303.0,0.0093737342801638,65.09954928953574,13.899799039721188,656.4042517644947,13.005910360034749,1.2913758380155969,3.161617643012164,3.38419894940796,1,2080145776.0,0.8099593539663477,1,0.019931773167532137,0.08054827910631564
2019-12-16,697.5979614257812,709.7544444582198,696.5960482571616,708.9084095503324,11892718.0,-0.0102974759022144,59.75998529374458,13.05033390326605,658.019691359055,13.016802205822144,11.310448124551158,0.8460349078874287,1.0019131686196943,-1,2068253058.0,0.8676129365301612,1,0.0305437728344722,0.06485385290685983
2019-12-17,695.8612670898438,703.1195340018024,692.6774151407083,697.6646869176287,20324601.0,-0.0024895347061908,58.52309310201838,12.097537066956988,659.5036747210467,12.83289625262729,1.8034198277849782,5.454847084173707,3.1838519491354873,-1,2047928457.0,1.407441115870306,1,0.03311575035048218,0.021853159049238294
2019-12-18,701.7169189453125,703.5648670591819,695.5496209983077,695.9949025377775,14742077.0,0.0084149702424991,61.42239333402651,11.680297675789916,661.1590960631747,12.488778381787785,5.722016407534966,1.8479481138693927,0.4452815394698746,1,2062670534.0,1.0670088479049873,1,0.024494658287394472,0.03001554933725215
2019-12-19,716.9014282226562,719.1056609955814,699.9134917904707,700.7595267067665,20507816.0,0.0216390810416347,67.72309490843028,12.431591796848238,663.3450698733504,12.967592012025133,16.1419015158898,2.2042327729251383,0.8460349162957073,1,2083178350.0,1.4782751220398858,1,0.003074666455038146,0.047330627872766685
2019-12-20,712.070068359375,720.2857211455093,710.7341642408371,719.1502234523015,21271510.0,-0.0067392247707738,64.13391920625043,12.493134360756471,665.2558541277043,12.723589504357067,7.080155092926475,1.135497693207867,1.3359041185378828,-1,2061906840.0,1.4478857814517994,1,0.01153770275032538,0.040866813745489075
2019-12-23,699.7354125976562,702.4739238931126,693.6794050834533,694.703552662622,25107772.0,-0.0173222500282003,55.977267028735554,11.415018424299546,666.6079936755456,13.128380488040255,5.0318599350342765,2.7385112954563056,1.024147579168698,1,2036799068.0,1.575346351115427,1,0.02936868447398331,0.023959597862030023
2019-12-24,688.6253051757812,700.0248101711578,686.8663538680914,698.6221435556297,18048449.0,-0.0158775834720591,49.82988811998371,9.553978640722903,667.471417655947,13.13052876054212,9.996838379848441,1.402666615528119,1.758951307689813,-1,2018750619.0,1.0791009961089655,1,0.0459762598495365,0.008212407576777787
2019-12-26,674.7988891601562,691.5196564072455,672.461071963697,686.4878562421779,29761019.0,-0.0200782862780443,43.436781144187925,6.884059827378451,667.7587694796415,13.55396130932829,11.68896708202169,5.03180016506758,2.337817196459241,-1,1988989600.0,1.611745389492368,1,0.06740798290578881,0.0034644650932500057
2019-12-27,686.799560546875,688.5139241722563,677.4261167611049,679.9642809467703,17677571.0,0.0177840710461965,49.49365597912671,5.671110784212715,668.5054671685526,13.56546657381199,6.835279600104741,1.7143636253813384,2.538164185665323,1,2006667171.0,0.9206980187418624,1,0.04875681715924579,0.020877253578556083
2019-12-30,687.6234130859375,689.1596642144276,680.4319077161741,688.4026855518733,17123749.0,0.001199553095821,49.890357994982544,4.721886969643947,669.2551905378618,13.21991585412924,0.7792724659358328,0.7569786625542747,7.191505369763377,-1,2023790920.0,0.8716270949936079,1,0.04750028494956117,0.02205035610145162
2019-12-31,674.1978149414062,687.4008003439995,671.526065985025,686.6437622004211,22203005.0,-0.0195246378890436,43.846402183077146,2.853394533940559,669.449018945844,13.425446657470903,12.445947259014815,0.7570381435784839,2.6717489563812933,-1,2001587915.0,1.0738146754532865,1,0.06835961965867324,0.003962856148700945
2020-01-01,672.2161865234375,680.0088516309808,670.3905321258029,675.9566705310696,14004468.0,-0.0029392388614326,43.01802451144722,1.1988800220963185,669.557535321436,13.153509003735687,3.7404840076320625,4.052181099911195,1.8256543976345938,-1,1987583447.0,0.6986603709912258,1,0.07150904067139098,0.0027158739022285364
2020-01-02,683.6602783203125,686.1762083080744,673.2849207275859,673.2849207275859,17710316.0,0.0170244216463477,49.009422215161756,0.8018645220022336,670.1105840664901,13.211117059514342,10.375357592726573,2.515929987761865,0.0,1,2005293763.0,0.8706465713618186,1,0.053572576887430154,0.01940985400981915
2020-01-03,684.4840087890625,686.4878350527088,678.1830672888824,682.6360013302883,20984698.0,0.0012048827390904,49.421656143203464,0.5473851274470007,670.6742477811008,12.860663538393771,1.848007458774191,2.0038262636462605,4.452934041405911,1,2026278461.0,1.0292037290993412,1,0.05230467315048679,0.020589928299702298
2020-01-06,668.6092529296875,680.3649817308929,667.0507082361115,676.8471984455604,24519177.0,-0.0231922961757126,42.32075012951061,-0.9245936135073407,670.5932675908493,13.187280468005,8.237945515872866,3.5177832853324844,1.558544693575982,-1,2001759284.0,1.18369945375747,1,0.07728949007120046,0.0023310247154774
2020-01-07,678.8956909179688,683.3040975466399,673.952886932682,676.4019951208164,16683622.0,0.0153848274507248,47.57683476661021,-1.2467460797082595,670.9188528193638,13.294963621501243,2.493695797152327,4.408406628671173,2.44910818813446,1,2018442906.0,0.8395708341138021,1,0.06096670045375464,0.01744742651973684
2020-01-08,673.7969360351562,683.2816698165456,672.3942695805264,674.6207365379029,16047902.0,-0.0075103656585567,45.369876364901835,-1.8916750842813599,671.0317188278262,13.122994808252525,0.8238005027466215,8.660933278642688,1.4026664546298662,-1,2002395004.0,0.8157923395645327,1,0.06899524563573776,0.010012256569081132
2020-01-09,689.3154907226562,690.206053788195,681.8568169732863,685.1297254143482,14982742.0,0.0230315008239965,52.579845226646036,-1.137456408128969,671.7487294903686,13.35771787573726,4.185765308308078,0.8905630655387995,3.2729084410618725,1,2017377746.0,0.823511512897991,1,0.04492896335520459,0.03229984352042205
2020-01-10,689.1595458984375,693.7460641432477,685.5971750800793,691.052021954991,12478359.0,-0.0002262314227919,52.504854934390075,-0.5460219166865272,672.4315066044105,12.985658674839486,1.8924760565535053,2.6940421882567307,3.562370818358204,-1,2004899387.0,0.7060369766014942,1,0.04516541261355314,0.03208086979844896
2020-01-13,687.4006958007812,694.0800969009713,685.0406443123888,688.0018555733295,18282382.0,-0.0025521667778152,51.610790540313204,-0.21673197344136952,673.0185336317192,12.70378681153541,0.6011597725482716,6.078241327641763,2.3600514883924006,-1,1986617005.0,1.0276966902882627,1,0.04783967421857055,0.029604258024445548
2020-01-14,681.0330200195312,690.2060574437152,677.6710552541097,685.7531231921615,15816535.0,-0.0092634118937456,48.39764522503037,-0.46423413751210774,673.332827215555,12.691730767111846,4.7201031726302745,4.452934251553643,3.3619647654215896,-1,1970800470.0,0.922192085822347,1,0.05763700139657306,0.020531033551087926
2020-01-15,678.5616455078125,685.708622508407,676.068009361063,683.9052024938248,15817859.0,-0.003628861507549,47.1702061794977,-0.8500023565933361,673.5378789132906,12.473793794271284,5.343556986012345,1.803420014582116,2.493636146749509,-1,1954982611.0,0.9126200777099058,1,0.06148899796196403,0.016963731074258682
2020-01-16,684.8179321289062,687.2448055274269,680.4095262908653,680.8548672498658,12847975.0,0.009219923735023,50.58671235240464,-0.6434787823208126,673.980233941354,12.203034238938653,3.9630648790404166,2.4268733985206836,0.44534095900053217,1,1967830586.0,0.7626664840569182,1,0.05179155999368141,0.025944448968445426
2020-01-17,704.0101318359375,705.7690234515036,691.6309496779546,691.7645341253344,29463471.0,0.0280252586952098,59.285276726534704,1.0566622144059465,675.1578769960435,12.827895459199988,12.245597710603079,1.7588916155660854,0.13358444737980335,1,1997294057.0,1.66516711900073,1,0.023118402099026474,0.052498425702258225
2020-01-20,682.3466186523438,716.4784286658733,679.6971043882497,716.4784286658733,32545850.0,-0.0307715929131574,48.835078292592705,0.6484962773735106,675.4397884335455,14.538854660515955,34.1318100135295,0.0,2.649514264094023,-1,1964748207.0,1.7595518830073502,1,0.050021219539331654,0.022416628144860073
2020-01-21,683.0368041992188,688.3580668407448,677.737775908007,680.6767527586403,18922720.0,0.0010114881909111,49.1426547061125,0.37637541560457066,675.7377106204347,14.258957251388937,2.360051440578445,5.321262641526005,2.938976850633253,1,1983670927.0,1.0107977693746073,1,0.04896020867552067,0.02340444301804362
2020-01-22,682.7919311523438,688.7588822425179,681.7900179448524,687.534328261155,10322817.0,-0.0003585063723793,49.03003801766143,0.13935209947521798,676.0143467197252,13.738236326122976,4.742397108811247,1.2245539813628739,1.0019132074913841,-1,1973348110.0,0.5688107016993706,1,0.04933640246257305,0.02305420172389247
2020-01-23,679.8976440429688,686.6215747770138,677.1590729366771,684.1947008010877,11247739.0,-0.0042389005747187,47.640390175533526,-0.27882128911721793,676.1666328892642,13.432826719995386,4.29705675811897,2.426873975926128,2.7385711062916016,-1,1962100371.0,0.6327994745887168,1,0.05380337017404437,0.01889539685777367
2020-01-24,677.5374755859375,684.1278207028573,676.201571520967,679.9642896946181,14628445.0,-0.0034713584871344,46.48340827167361,-0.7915481082151246,676.2203914263887,13.03949975298788,2.42681410868056,4.163531008239261,1.3359040649704639,-1,1947471926.0,0.8131621510459669,1,0.05747424236018744,0.015477767249342153
2020-01-27,670.8580932617188,678.8288715307318,670.1678770715025,674.576343167049,13387750.0,-0.0098583215909089,43.27997115167001,-1.7170648828509911,676.0101052238526,12.726749374862266,3.7182499053302536,4.2525283636828135,0.6902161902162334,-1,1934084176.0,0.7650092104246097,1,0.06800295898995266,0.005675395532750731
2020-01-28,655.3616943359375,672.3942157283439,651.732561214589,671.7707622261146,24532236.0,-0.0230993694216873,36.92244868491353,-3.658797143293441,675.200363620405,13.293528313354589,16.409067890177084,0.6234535022292675,3.6291331213484455,-1,1909551940.0,1.3353284904245752,1,0.09325649463211898,0.00553760336118784
2020-01-29,658.9686889648438,665.4476838598071,651.9330029814765,656.385937187332,24746565.0,0.0055038227898887,39.16256827432498,-4.850664190128441,674.5638273594027,13.309324925138585,2.582751777511703,6.478994894963307,4.452934205855513,1,1934298505.0,1.2845644598478383,1,0.08727234034650419,0.010980988735021287
2020-01-30,642.8934936523438,658.9018091461028,641.2236583343256,658.5901121020851,22402689.0,-0.0243944751574647,33.45946970303578,-7.011536696878238,673.3218534885376,13.626161046951411,15.696618449741322,0.3116970440177056,1.6698353180181584,-1,1911895816.0,1.107945487435077,1,0.11445898230434089,0.0025973747354816937
2020-01-31,628.599609375,647.1238564671794,626.6180767993984,647.0125063572486,34750310.0,-0.0222336738798502,29.36458012529515,-9.764877301819297,671.5680399938891,14.117562377010668,18.41289698224864,0.11135010993075412,1.981532575601591,-1,1877145506.0,1.674817686636078,1,0.13980094479894578,0.0031522968612274138
2020-02-03,616.9552001953125,623.3897268292178,606.9583616221806,610.0086294911721,30712290.0,-0.0185243659175436,26.51745317810854,-12.739671074419789,669.426360001788,14.654968475282717,6.946570704140413,6.434526633905307,3.0502678689914546,1,1846433216.0,1.4933993776066925,1,0.16131354179210128,0.016203508082867475
2020-02-04,635.1676635742188,637.8839401729988,622.4322559797637,623.4118752792756,25383901.0,0.0295199122612803,36.83334609221659,-13.4723224378331,668.0828817105107,15.103095011168687,11.755788294943159,2.7162765987800412,0.97961929951191,1,1871817117.0,1.1967061205015161,1,0.1280146483435604,0.04441237104750986
2020-02-05,645.0086669921875,646.9234370233874,636.9043647870463,638.9526598272524,18472100.0,0.0154935523049006,41.60382927579185,-13.107768989069996,667.1780105450863,14.864000613882967,6.0560071649350675,1.9147700311998506,2.048295040206085,1,1890289217.0,0.8386344524486011,1,0.11080434315241754,0.05899192881770648
2020-02-06,649.1498413085938,653.2465498928482,641.2681806313898,647.5022998052495,15538577.0,0.0064203390253922,43.536298796121415,-12.342423817487429,666.4710235162042,14.657884088709782,1.6475415033442005,4.096708584254429,6.234119173859767,1,1905827794.0,0.6919724112142697,1,0.10371809876985358,0.06499497804907585
2020-02-07,638.3961181640625,646.7231209827357,636.0137726868787,646.121961162775,12209212.0,-0.0165658565406922,39.848553892526034,-12.45998686760629,665.3700468357281,14.549182983924442,7.725842998712551,0.6011598199606851,2.382345477183776,-1,1893618582.0,0.5496287110716997,1,0.12231012733342506,0.0492449055490695
2020-02-10,639.2644653320312,643.6728717218461,628.0653070065835,635.8802065407942,15142476.0,0.0013602012030806,40.28838647406076,-12.340830658515529,664.3462985414654,14.624781679020032,3.3842587912370163,4.4084063898149,7.814899534210781,1,1908761058.0,0.6763344464912995,1,0.12078563336652444,0.05053636712478765
2020-02-11,646.9011840820312,652.8903691202153,643.4723974955958,644.5188387872203,13999816.0,0.0119461023788229,44.15577396885685,-11.497641470099552,663.6621764058013,14.55343325824603,2.382345294810989,5.989185038184019,1.0464412916244328,1,1922760874.0,0.6561657026903371,1,0.1075546718662663,0.061744859095489935
2020-02-12,654.7161254882812,656.742245701073,647.9031394730254,648.4152429768247,13533565.0,0.0120805798451886,47.8762470977701,-10.082581777592964,663.3113508796241,14.216835284017153,6.300882511456507,2.0261202127917386,0.5121035037993806,1,1936294439.0,0.6694980971474843,1,0.09433447684144063,0.0729442303417887
2020-02-13,656.430419921875,658.0334927711046,651.2872699744411,658.0334927711046,13565659.0,0.002618378205234,48.6838874638772,-8.722262727193197,663.0415104499084,13.68322010634904,1.6030728492296475,0.0,5.143149947433926,-1,1949860098.0,0.7017643137679014,1,0.09147657835714691,0.07536527375678641
2020-02-14,662.4197998046875,668.5870984643474,647.0571093166483,657.8109867132612,21227841.0,0.009124165640473,51.51077610396858,-7.07930139816915,663.017129640292,14.243703609302615,4.6088130914263274,6.167298659659878,10.753877396612893,1,1971087939.0,1.1807319521658477,1,0.0816078095448306,0.08372551393973958
2020-02-17,658.2562255859375,670.6799378673376,656.4973336908605,663.0431510030807,13149130.0,-0.0062854012213668,49.470583724423605,-6.0435421589972975,662.8304275205135,14.23933936410079,4.786925417143152,7.636786864256919,1.7588918950769994,-1,1957938809.0,0.8105625345155277,1,0.04633857678965187,0.0779299336183183
2020-02-18,653.4247436523438,657.2097556655767,648.97180932506,657.2097556655767,11127161.0,-0.007339819580579,47.137459143317926,-5.548594964502627,662.4615771727422,13.885416285299126,3.785012013232972,0.0,4.452934327283742,-1,1946811648.0,0.7520103144017921,1,0.054075299310939066,0.07111206375570875
2020-02-19,669.6334228515625,670.8134485862718,656.8534867255756,658.7459628812005,14084409.0,0.0248057321928454,54.833377633123135,-3.8045839219893196,662.742826022892,14.135651188772616,10.887459970361988,1.180025734709261,1.8924761556248768,1,1960896057.0,0.9809597645029443,1,0.025369330958883617,0.09359607673477051
2020-02-20,661.6849975585938,671.5037233050037,660.7276124968037,666.6055073331329,16892268.0,-0.0118698156658926,50.91860054718992,-3.0288988388670077,662.7013425537039,13.895684018731723,4.920509774539141,4.8982159718708544,0.9573850617900916,-1,1944003789.0,1.1655343170755168,1,0.03391768473982396,0.08270798966024154
2020-02-24,643.4278564453125,657.6995152268572,641.0232768478887,654.4711351131652,21370214.0,-0.0275918921853212,43.27593495025631,-3.8430611122508935,661.9455195690612,14.378972353872673,11.043278667852746,3.228380113691969,2.4045795974237762,-1,1922633575.0,1.386842876279688,1,0.05501940074680026,0.05668000609207624
2020-02-25,630.7147827148438,646.3000526686237,627.8648619763386,646.3000526686237,27745062.0,-0.0197583514657004,38.897738652322275,-5.451290300811252,660.7207847904644,14.668702235187848,15.58526995377997,0.0,2.8499207385051477,-1,1894888513.0,1.6644195203668974,1,0.06608285417712183,0.037665870126598534
2020-02-26,619.8496704101562,628.9114188834695,617.7790811565051,627.8649773536304,29362748.0,-0.0172266650512293,35.584323728624184,-7.515908563438302,659.1179959912367,14.544916472555764,8.015306943474116,1.0464415298391714,2.0705892536511783,-1,1865525765.0,1.612823320420255,-1,0.08333319409634898,0.020797476232334532
2020-02-27,617.2891845703125,620.6511494965837,609.6078101962304,618.0683975689975,25054993.0,-0.0041308174579643,34.8313248902344,-9.252090875359386,657.4776504453181,14.294803817398446,0.7792129986850114,2.5827519275861732,7.681374374082111,-1,1840470772.0,1.2943000132477882,-1,0.08782680806635115,0.016735791273134046
2020-02-28,591.6401977539062,604.2643163833105,590.0148903377343,603.3291656588368,39315769.0,-0.0415510063314331,28.357802160157732,-12.552983761787573,654.8957895554588,15.221910275625572,11.688967904930564,0.935150724473715,1.6253074161719496,-1,1801155003.0,1.7925428166682202,-1,0.13498664535352764,0.0027471213456121504
2020-03-02,586.0740356445312,609.6077893226085,579.3723403742132,603.4181975497225,29500495.0,-0.0094080188102605,27.177350732232796,-15.440123783961667,652.1968972452264,16.294305895109122,17.3441619051913,6.189591772885933,6.701695270318055,-1,1771654508.0,1.2961425086796925,-1,0.14576603375121666,0.011434895359163809
2020-03-03,597.9634399414062,602.883950336585,588.679050886282,592.1078381691597,27398798.0,0.0202865228175477,33.54116111804092,-16.577729740227937,650.0700949980178,16.331135094890886,5.855601772246587,4.9205103951787805,3.4287872828776926,1,1799053306.0,1.1328749567033616,-1,0.12298458141655554,0.03109069606164346
2020-03-04,596.5606689453125,602.8393168736188,582.4003001293128,602.0378101189941,22105261.0,-0.0023459143191617,33.172824770709994,-17.39199842086316,647.9716861332058,16.624555212706255,5.477141173681616,0.801506754624711,14.160368815999732,-1,1776948045.0,0.8743131556250301,-1,0.12562520169522168,0.02881237310110865
2020-03-05,583.8475341796875,604.6873035839145,581.5542452021383,602.126845697354,30510390.0,-0.0213107156194207,29.961524286270574,-18.845912001856732,645.4570135075776,17.089448296211252,18.279311517666542,2.560457886560471,2.293288977549196,-1,1746437655.0,1.13313687444764,-1,0.15013541034899497,0.007665004206555404
2020-03-06,565.9689331054688,573.6057788366949,552.654658716733,565.5236515774449,33734039.0,-0.0306220374799361,26.130524067570732,-21.196463046996087,642.3398338839655,18.096835950978626,0.44528152802388377,7.636845731226117,12.868992860711842,1,1712703616.0,1.1791087752243186,-1,0.1864674614213648,0.023524744221702008
2020-03-09,496.1245727539063,552.6101407818697,487.5971935340272,552.1870935973562,88187018.0,-0.1234067035593753,16.990642501144293,-28.368137619842514,636.6059020749436,22.402186209583117,56.06252084344993,0.4230471845135071,8.527379219879094,-1,1624516598.0,2.498820529012272,-1,0.3534982143246735,0.017187979971532166
2020-03-11,513.6691284179688,524.7569350107589,493.385961606044,493.385961606044,59578576.0,0.035363206395272,24.1661295260501,-32.26412166103819,631.7848521276112,23.042813866378243,20.28316681192473,11.087806592790116,0.0,1,1684095174.0,1.548508699927597,-1,0.30726899117559225,0.050756281507980755
2020-03-12,473.3477478027344,490.26892105164063,466.9800437585421,483.14423842846696,55970485.0,-0.0784967956696536,19.90710499237653,-38.16536890295049,625.571632350165,24.731833208738845,9.796490625732588,7.124682623173669,6.367704044192294,-1,1628124689.0,1.3606343154631013,-1,0.4186266363833002,0.013452486198045685
2020-03-13,492.1837463378906,507.6354328669012,419.64532802906,444.4036668358869,73297403.0,0.0397931512774538,26.43001859836002,-40.85133345260772,620.3407348594876,29.25028118224616,47.78007950200373,15.451686529010601,24.758338806826885,1,1701422092.0,1.5948147224604001,-1,0.3643354302155431,0.14738076754576945
2020-03-16,452.2853393554688,480.7841591374453,447.5206784786443,472.2567802513006,38482258.0,-0.0810640482935231,22.28913967816318,-45.67295827555108,613.7503271926635,30.3511945163176,19.97144089583179,8.527378886144675,4.764660876824507,-1,1662939834.0,0.8388233896528265,-1,0.4846904484278289,0.07216685681857958
2020-03-17,448.8566284179688,472.0119237181846,446.7192174587202,466.3344054216944,45445979.0,-0.0075808580096495,21.97057581988865,-49.20361041075682,607.2839076328715,29.989873926542373,17.477777003725578,5.677518296490234,2.137410959248598,-1,1617493855.0,0.9573415176219288,-1,0.4960316519592737,0.06507935616739441
2020-03-18,431.2674560546875,461.280292373532,427.9277554968568,456.5601596607462,44730415.0,-0.0391866160588419,20.36275053935151,-52.812190814490236,600.381301688629,30.230064137266147,25.292703606058694,4.720132712785812,3.3397005578307244,-1,1572763440.0,0.9090774974446075,-1,0.5570470571743135,0.026948771261223404
2020-03-19,408.6465148925781,430.59951868687136,397.2915088300032,409.7152202964063,61404010.0,-0.052452233166513,18.48880798098547,-56.84209736807367,592.8622904417251,30.497627214938877,1.0687054038281758,20.884298390465062,11.355006062574944,-1,1511359430.0,1.1556431622246925,-1,0.6432385908919926,0.027786866273801114
2020-03-20,453.2872619628906,460.8349919401429,414.1236220114131,418.3539154289049,63360475.0,0.1092404937848234,31.822909679808433,-55.790573136718706,587.3887599131433,32.04697363155501,34.93334653398574,7.547729977252288,4.230293417491794,1,1574719905.0,1.123033040366294,-1,0.48140876581697967,0.12353259804920717
2020-03-23,393.6623840332031,423.0295340861357,389.9219001729814,407.9785720617482,40670949.0,-0.1315388340530267,25.761220246492613,-59.08733987706552,579.7916471335378,34.284001357151745,14.31618802854507,15.050962024387502,3.7404838602217296,-1,1534048956.0,0.7121167192545677,-1,0.6707197382907281,0.009501755849515563
2020-03-24,420.0906066894531,431.9354232678665,398.8946097412174,414.1236553813101,45734887.0,0.0671342341259126,31.948720481962923,-58.888682497328034,573.5288612337698,34.56893263411686,5.966951308143052,11.844816578413372,15.229045640092693,1,1579783843.0,0.8650843939246604,-1,0.5384777530776669,0.07181476099696173
2020-03-25,481.919677734375,512.778550360912,428.9296884312166,429.17459327724464,73130298.0,0.147180322674123,43.75870129597955,-53.1297095666302,569.9363442337936,38.72029056535558,52.74508445713036,30.85887262653705,0.24490484602802098,1,1652914141.0,1.3487022327481757,-1,0.30501294705403914,0.19089857047111705
2020-03-26,474.7726745605469,497.3491012446338,464.1524132137663,487.95339378494543,45744488.0,-0.0148302787871787,42.83334116098777,-48.58235826936169,566.2044356191565,38.32574752717786,13.180719224398558,9.395707459688367,10.62026134678058,-1,1607169653.0,0.8598569188839478,-1,0.30725962708587434,0.17871874042899372
2020-03-27,474.5055236816406,493.0742985498193,465.8668241916744,487.5971871007735,41657940.0,-0.00056269219612,42.79690974190482,-44.48728472173525,562.6083998569009,37.53158515796122,13.091663419132885,5.477111449045765,8.6386994899662,-1,1565511713.0,0.832556530271115,-1,0.28472221902228445,0.17825635169087897
2020-03-30,458.8534851074219,478.6022880413513,454.2001736762092,463.3732417891349,30229866.0,-0.0329859986724203,40.61717886118348,-42.02051183168942,558.5395796706468,36.593765815617,4.519756681713034,15.229046252216392,4.653311431212671,-1,1535281847.0,0.6142916943450533,-1,0.3285456231849119,0.15022569768278637
2020-03-31,495.9464416503906,503.093388391294,466.6683494310366,478.2237318418846,44292810.0,0.0808383454563606,47.44816739294907,-36.65000648897575,556.0849468071074,37.13991849192093,17.72270980850601,7.146946740903388,11.55538241084804,1,1579574657.0,0.9021744830492373,-1,0.21925928447366297,0.21378224052699124
2020-04-01,481.1181640625,500.7778787446454,465.4215441889714,499.7314374197435,41597459.0,-0.0298989494481414,45.20927012696354,-33.20756425894376,553.1450729739855,37.01251963933186,18.613273357243486,1.0464413249019344,15.696619873528618,-1,1537977198.0,0.8527159129555265,-1,0.2568374024335572,0.1895506565777294
2020-04-03,479.7822265625,505.16401523449554,470.3642552950806,505.16401523449554,41367807.0,-0.0027767346980199,45.0032362734601,-30.23863086779113,550.2680986049077,36.85446537505209,25.381788671995537,0.0,9.417971267419375,-1,1496609391.0,0.8843300232176835,-1,0.2603370239792396,0.18729398759379165
2020-04-07,537.0693359375,540.5871191109118,489.8236031363708,490.7587239777516,54373624.0,0.1194023167249138,54.5653467877954,-22.998031812126897,549.7505000689309,38.565210173149204,46.31061195974843,3.5177831734117717,0.9351208413807512,1,1550983015.0,1.1851266092061772,-1,0.06802928496265274,0.2739821954416003
2020-04-08,530.8575439453125,547.2666748233642,516.5413553079427,525.4472243442474,49880330.0,-0.0115660894721242,53.47954878653815,-17.558639527867854,549.0095998287891,38.00521798331151,5.410319601065112,16.409130878051656,8.905869036304694,1,1501102685.0,1.065797361822407,-1,0.04097633552476771,0.2654867494674803
2020-04-09,543.2366943359375,548.9587106749909,531.2360300150857,540.5871800325931,33032857.0,0.0233191569599324,55.38488975862088,-12.109398367696372,548.783211378089,36.583500036623434,2.6495143033444037,5.722016339053425,9.351150017507393,1,1534135542.0,0.7255065757441688,-1,0.01053319188249631,0.28222466516252354
2020-04-13,529.5216064453125,541.0324597756588,525.4471322437827,536.111950755027,23673784.0,-0.0252469835591474,52.804461181365696,-8.796132123877442,548.0278543219017,35.24107589773282,6.59034430971451,4.920509020631812,4.074474201529824,-1,1510461758.0,0.5833122510870462,-1,0.036706914303573056,0.26363363566874315
2020-04-15,512.0215454101562,550.3836477833194,508.97127785494433,533.0394274350746,35321842.0,-0.0330488139145718,49.62724775174022,-7.496043700625705,546.6158422077157,35.68188261420726,21.017882024918322,17.34422034824479,3.050267555211917,-1,1475139916.0,0.8932552450802088,-1,0.074922828379093,0.2384658347518689
2020-04-16,520.1259155273438,528.7646148704049,509.8619089009577,512.0215540116548,37455706.0,0.0158281818213243,51.0948053407036,-5.745528445702689,545.5770215535834,34.4833699967244,8.104361515688993,8.638699343061148,2.1596451106970562,1,1512595622.0,0.9573928589143027,-1,0.05817386012250128,0.25033172058414255
2020-04-17,545.0401611328125,547.7119694676354,531.0801974114287,541.4778491032873,33269335.0,0.0479004119227721,55.39687933424569,-2.321104839321606,545.5559682037493,33.99070456412206,3.562312029525174,2.671808334822913,10.397651691858641,1,1545864957.0,0.843830627922418,-1,0.009803840215005346,0.28459969011720715
2020-04-20,553.85693359375,559.7347681895708,535.2436321732976,545.9306852340615,36030932.0,0.0161763721091905,56.84369664357167,1.0916317419271309,545.8814962582592,33.31216395356143,7.926248359688543,5.8778345958207865,10.687053060763901,1,1581895889.0,0.9334349448008883,-1,0.010612550352456425,0.29598804939943885
2020-04-21,550.9847412109375,557.5082632503704,518.3224245172161,538.8059068072215,61371628.0,-0.0051858019799012,56.20410167599547,3.5238672010638084,546.0816235113053,33.73171215210378,12.178834403715996,6.523522039432919,20.48348229000544,1,1520524261.0,1.5124440320293977,-1,0.015880706531732156,0.2923181514681824
2020-04-22,607.2032470703125,616.6880417343276,578.8825664491623,587.7884356237253,142683366.0,0.102032781771451,64.60014489730258,9.873973886308363,548.4785499253841,36.015397035767094,19.414811446587237,9.484794664015112,8.905869174563009,1,1663207627.0,2.813749200334698,1,0.015620461039657118,0.3578395668101072
2020-04-23,610.4537963867188,617.1109625507321,602.6166045822772,608.8730174165447,65464502.0,0.0053533134614971,65.01773604423556,14.99590785712428,550.9089517473973,34.47817995953051,1.5807789701740376,6.657166164013347,6.256412834267508,1,1728672129.0,1.2633440317280793,1,0.01090527440965585,0.3612589478828169
2020-04-24,630.9819946289062,665.692673747736,599.9004494609227,601.2140598103026,134986308.0,0.0336277673489691,67.61586585133774,20.47550261874005,554.0490710760839,36.71489741147928,29.767934818603635,34.71067911882972,1.3136103493799283,1,1863658437.0,2.237501861873255,1,0.05501056989628333,0.3678193464524837
2020-04-27,636.659423828125,656.8089776563307,633.6536843523593,638.5519000387314,58482901.0,0.00899776736507,68.3167215745725,24.988193691524884,557.2886927526345,35.93718924118965,1.8924762106064463,18.257077617599293,3.005739475765722,-1,1922141338.0,0.9301598868075746,1,0.045602482006845926,0.3262807831349841
2020-04-28,635.9469604492188,648.1034431126441,619.9163502379175,645.6766291201964,78453401.0,-0.001119065158295,68.11749351916816,28.18217743978812,560.3733307015201,35.38361092929943,9.729668670977617,2.4268139924477055,16.030610211301223,-1,1843687937.0,1.147785142607424,1,0.046773890195977205,0.2857892215486456
2020-04-29,635.4126586914062,647.3020336819599,632.3178625081999,643.4057306477636,37494672.0,-0.0008401671696568,67.95743852862412,30.32079958165275,563.3160494462215,33.92650808961803,7.993071956357312,3.8963030341963076,3.094796183206313,-1,1806193265.0,0.5468144725945921,1,0.047654094771560844,0.2851886605287234
2020-04-30,652.8013305664062,665.6926172797448,640.3553848329962,647.4355395070829,71345899.0,0.0273659513029074,70.39543844979347,33.03795258218304,566.825276156817,33.666040268098065,5.365791059323328,12.891286713338559,7.080154674086771,1,1877539164.0,0.9914895787190864,1,0.01974772810304244,0.30422909328000264
2020-05-04,639.086181640625,652.3559254145888,631.1821684590363,641.2235920287173,53456868.0,-0.0210096828599923,66.1220574160988,33.696189319776295,569.6590371561821,32.805548970903196,2.1374103880923485,11.132333385871448,7.9040131815886525,-1,1824082296.0,0.7226142386322886,1,0.041632087927184286,0.2717389961488947
2020-05-05,650.4189453125,658.5901284085901,644.4297604788242,647.3242091452047,44903763.0,0.0177327628063905,67.85832096510777,34.731937833655365,572.8260923779985,31.855434527836188,3.0947361672953093,8.17118309609009,2.8944486663805264,1,1868986059.0,0.5998018351350841,1,0.02348290827829063,0.2844280635685433
2020-05-06,650.4635620117188,661.2396721044524,643.6728107196592,651.9107566845831,40489094.0,6.85968628992839e-05,67.8653035963961,35.15117531958197,575.8706990303014,30.834822160475976,1.4471946728643843,9.328915419869304,6.790751292059554,-1,1909475153.0,0.5563516947672148,1,0.0234127053772504,0.27687839447860335
2020-05-07,671.0361328125,674.0196380436263,643.4501981639638,647.9031324834183,50026966.0,0.0316275530287284,70.99433022963728,36.72017130184224,579.6026768256817,30.81586628327501,23.13300032908171,2.983505231126287,4.452934319454471,1,1959502119.0,0.78769676368187,1,0.0044461171094045005,0.270048840614017
2020-05-08,695.4605712890625,703.5203455803562,684.4617604589652,687.9796035544326,84262770.0,0.036398097333735,74.20562895545524,39.479366422235216,584.146123667383,30.93503388931652,7.480967734629871,8.059774291293706,3.5178430954674695,1,2043764889.0,1.2886133896366792,1,0.011589117520141523,0.26815221614714
2020-05-11,702.1400146484375,719.1502462326481,700.1361881322265,703.5649156731971,67085063.0,0.0096043451420897,75.02012401352782,41.72405475978985,588.7733350784048,30.417508250335743,1.4249010247596061,15.585330559450995,2.0038265162110065,-1,2110849952.0,1.1447935677873478,1,0.024226267167991627,0.27511426889722707
2020-05-12,658.7014770507812,698.3772514173569,652.3560664564766,696.79641276918,100683202.0,-0.0618659194625248,61.434093824880485,39.542043423761356,591.5156151557529,31.800825389023256,38.0949357183988,1.5808386481768366,6.345410594304667,-1,2010166750.0,1.6027209464817462,1,0.09176959713604328,0.2273111635732582
2020-05-13,672.677001953125,686.4096865474885,653.5950534044931,686.4096865474885,66430125.0,0.0212167808776089,63.7111099111957,38.496725492600945,594.6984146380028,31.873240228592692,13.73268459436349,0.0,19.081948548631885,-1,2076596875.0,1.0780988529974844,1,0.06908701225787046,0.24336453249161086
2020-05-14,645.4813232421875,672.7893884091039,642.8291930409412,660.3377943598729,49266771.0,-0.0404290300277466,56.6960437684323,35.069579233496256,596.6899012499316,31.73659416713341,14.856471117685373,12.451594049231062,2.6521302012463366,-1,2027330104.0,0.7845645373706124,1,0.11413021622442775,0.21010586899714956
2020-05-15,656.0224609375,659.3039301915819,636.1089238922658,649.0999085460102,62152260.0,0.0163306625858132,58.59887809424091,32.82572828557875,599.016668296503,31.126480748003605,6.92255239148983,3.2814692540819124,12.990984653744363,1,2089482364.0,1.0044697975577426,1,0.09622808524716406,0.20990140524076167
2020-05-18,647.638916015625,666.1814121272063,641.9076260584688,660.7872638675454,62796089.0,-0.0127793565328454,56.47346793278665,30.02487021825084,600.9234231090176,30.637002556627447,13.148347851920448,5.394148259660824,5.73128995715615,-1,2026686275.0,0.9997847256186527,1,0.1104185194073449,0.1996737507591175
2020-05-19,633.3219604492188,657.0564195102567,630.7822503273412,654.9436803175768,42315854.0,-0.0221063855373089,52.94195279306616,26.346208664838855,602.1939539851039,30.325371601362303,21.621719868358014,2.1127391926798964,2.5397101218775333,-1,1984370421.0,0.6765035918937938,1,0.13552077954560565,0.1815814753217035
2020-05-20,644.4699096679688,650.3810366625504,626.1746060014038,633.8163858969135,55320985.0,0.0176023411707415,55.28662971519372,24.053119822324334,603.8518346001183,29.88830439134689,10.653523771055234,5.91112699458165,7.641779895509671,1,2039691406.0,0.8639313123744237,1,0.11587870192908573,0.10176944219567541
2020-05-21,647.8637084960938,656.9438839898754,640.5590706705585,645.0542141170009,39167981.0,0.0052660314736392,56.00529279868362,22.253161008098232,605.5777904391762,28.923769314773317,2.8094943790928255,9.080175493781667,4.495143446442398,1,2078859387.0,0.6222264814622711,1,0.11003323199262699,0.0740329461369424
2020-05-22,643.5034790039062,655.3931503743523,641.233434844536,652.6061872445827,37828973.0,-0.0067301647476273,54.78694042343135,20.241515014577658,607.0650723436754,27.86919404441925,9.102708240676407,2.786963129769674,2.2700441593702863,-1,2041030414.0,0.6488148183750367,1,0.11755455828434247,0.06775880933927146
2020-05-26,640.132080078125,651.6621368125705,636.6483020759156,650.9653812121286,33216635.0,-0.0052391308451041,53.812153501402165,18.165823053898407,608.3618177450263,26.950954093864652,10.833301134003591,0.6967556004418611,3.4837780022094194,-1,2007813779.0,0.6048418195255598,1,0.12344040958684545,0.0315805604333097
2020-05-27,649.7966918945312,653.5950802585778,634.7154397533718,643.2562252592883,35667956.0,0.0150978401445318,56.217051209185726,17.103516926995326,609.9867147704971,26.374431694674747,6.5404666352429786,3.798388364046559,8.54078550591646,1,2043481735.0,0.7366921813947326,1,0.10673115945837049,0.045984139392115604
2020-05-28,661.7987060546875,665.1700639694456,651.3474905739236,654.0445650157022,40126278.0,0.018470414377093,59.06736700319759,17.03373955912639,612.0185575659556,25.588641721834716,7.754141038985267,3.3713579147580504,2.697074441778682,1,2083608013.0,0.8763879156348351,1,0.08666009717646891,0.05382920777475783
2020-05-29,658.27001953125,661.6863216286777,652.9882315987021,659.8882522484166,40022527.0,-0.0053319634673717,57.87442780552594,16.503463328195608,613.832340388124,24.39020120284548,1.6182327171666202,1.7980693802610404,5.2817879325479,-1,2043585486.0,0.8921342131488991,1,0.092485188289071,0.048757216001878836
2020-06-01,683.4204711914062,691.5117545227077,663.4619881609007,665.2825298829506,39943702.0,0.0382068921778722,63.52827869558912,17.906234922684575,616.561286694135,25.022453616317783,18.137941308455652,8.091283331301497,1.8205417220499385,1,2083529188.0,0.936750660132252,1,0.05228080888322553,0.08376375540844679
2020-06-02,690.3203735351562,692.2533351438987,683.6226027052328,685.9601224657711,22153960.0,0.0100961306173947,64.91934573666987,19.351632399660957,619.4537999035867,23.866054354615972,4.3602510693851855,1.9329616087424029,2.337519760538271,1,2105683148.0,0.5742866397125435,1,0.04176303322738833,0.09292173604157089
2020-06-03,692.9951171875,701.243705152625,689.2640858781962,694.5009892228203,25381289.0,0.0038746410433263,65.46916853136989,20.476904761015703,622.3377731304068,23.01702327745975,1.5058720353202943,6.742715929804717,3.7310313093038303,-1,2131064437.0,0.6881563137144329,1,0.0377421548816937,0.09642277344937898
2020-06-04,710.1441040039062,714.5044150378368,692.7029193183236,694.0514268333575,34202350.0,0.0247461870813821,68.84109592823376,22.49318371026891,625.7811586548579,22.93019988046357,16.092677170548768,4.360311033930543,1.3485075150339298,1,2165266787.0,0.983641183769249,1,0.012682133355700311,0.11824289961582293
2020-06-05,710.9982299804688,727.3156301764457,707.4020907099616,716.9767743613463,33076685.0,0.00120275021893,69.00344609511505,23.884692267383684,629.1230045891956,22.714724136607888,5.978544380877565,10.33885581509935,3.5961392705071376,-1,2198343472.0,0.968229337505372,1,0.022949987085657243,0.11930215913673234
2020-06-08,705.5140380859375,727.495369555277,703.4912471731864,727.495369555277,31414953.0,-0.0077133692649022,66.60381187641681,24.26522990581725,632.1187313929894,22.806824011285222,21.981331469339466,0.0,2.022790912751134,-1,2166928519.0,0.937182556528951,1,0.03115647638844283,0.11245620611573068
2020-06-09,690.9722290039062,711.5825211649343,689.1067431761999,701.3784997663072,25857161.0,-0.0206116509339534,60.5872802633622,23.12681473957514,634.4267116914567,22.783177866817308,10.406270762400936,10.204021398627106,1.8654858277063795,-1,2141071358.0,0.7886963114769612,1,0.05285760992742335,0.0937774635254351
2020-06-10,706.705322265625,710.0317358884901,692.2758817982025,693.6468614517847,22132647.0,0.0227695015824287,64.34049012749338,23.226402151692696,637.2611670080908,22.517201368086344,13.05846081384027,3.3264136228650614,1.3709796535822534,1,2163204005.0,0.7041626965082085,1,0.029418269021947083,0.113952327408612
2020-06-11,691.219482421875,704.8172743086072,688.2077385143969,703.9407414982666,20385805.0,-0.0219127256521911,58.441309274063265,21.80440048246362,639.3771793772587,22.230085824025046,12.721259076391561,0.8765328103406773,3.0117439074781487,-1,2142818200.0,0.692050457539995,1,0.052480996349089516,0.09410162484507639
2020-06-12,714.1898193359375,716.0777776124157,672.9242842139472,674.2728513186369,38548899.0,0.033231610940102,63.75048213318724,22.274204962879253,642.3110083952462,23.724614936485295,39.91696801730063,1.88795827647823,1.3485671046896641,1,2181367099.0,1.3152246417864617,1,0.018630271475601725,0.12323784370991354
2020-06-15,725.7647705078125,731.3387563203479,701.7381741898191,703.4912994111404,53107403.0,0.0162071074922875,66.10061954223278,23.31180623090006,645.5837049486802,24.144326878916974,22.273471096672097,5.573985812535398,1.7531252213212838,1,2234474502.0,1.7340561365092757,1,0.007680154836718403,0.13722099577350128
2020-06-16,727.1806640625,741.0481806936685,712.6163324095153,738.5534152661882,51187003.0,0.0019508987101934,66.38768803372453,23.972028861422473,648.7835856982418,24.450578407862423,11.372751203688154,2.494765427480388,14.56433165298472,-1,2285661505.0,1.5266295618389696,1,0.019070249411880198,0.13890091287192813
2020-06-17,726.1243286132812,735.159560417052,720.1682571993283,722.9327480146142,41782053.0,-0.0014526451285398,65.93905380017895,24.13184571432805,651.8165560086355,23.774915894281087,3.1915805986670875,9.035231803770785,2.7644908152858534,1,2243879452.0,1.1880196724684928,1,0.02055275039315674,0.1376482217621833
2020-06-18,744.3521728515625,748.4427585087822,721.74156125064,722.3709004133316,40471557.0,0.025102924554383,69.7392241234875,25.436124604252655,655.445403727966,23.983935991699735,21.981272438230917,4.090585657219663,0.6293391626916218,1,2284351009.0,1.130603586728846,1,0.005495497704465491,0.14729147988939137
2020-06-19,790.8770751953125,804.092782405198,747.094304408189,750.6903840730492,105804173.0,0.0625038846404064,76.84142599799557,29.879513384700772,660.756449667862,26.537984103266577,40.186691122263255,13.215707209885522,3.5960796648602127,1,2390155182.0,2.456610710176427,1,0.016710191285569647,0.19745373881696535
2020-06-22,784.9209594726562,811.0152901303186,779.90883714488,797.1702444845414,60198705.0,-0.0075310258818481,74.4329596532301,32.54516187715103,665.6256461307951,26.86430330913601,12.24928501188515,13.84504564577719,5.0121223277762965,-1,2329956477.0,1.3101616368123956,1,0.033244532895635295,0.19136387926269544
2020-06-23,773.5706176757812,792.8323423074329,771.4129344994001,786.6514901886577,37962078.0,-0.0144604901422185,69.9344678178064,33.35730751134679,669.8587822698142,26.475382201914353,13.080872512876454,6.180852118775192,2.1576831763811697,-1,2291994399.0,0.8049970736374428,1,0.048404982814679684,0.17949903311943835
2020-06-24,776.69482421875,796.8556158794696,769.4351890087056,780.3134354719743,51586221.0,0.0040386830517884,70.46361258485031,33.86268814542541,674.048430973694,26.542885392546474,3.618611253224344,16.542180407495266,7.259635210044394,-1,2343580620.0,1.0295954287500033,1,0.04418783908607907,0.161385565779853
2020-06-25,772.2221069335938,786.2020448440715,770.0419514480267,776.3126926255497,39679374.0,-0.0057586546809491,68.60212738686809,33.51594409358938,677.8983790505529,25.80125739279635,4.090585691955994,9.889352218521708,2.18015548556707,-1,2303901246.0,0.7625846527963219,1,0.05023578430144685,0.15440360262199151
2020-06-26,782.8981323242188,787.5506408989148,771.8175772674693,777.1218971867132,30921913.0,0.0138250709151779,70.59869543417054,33.71397919418246,682.0160164338339,25.082100695557006,5.776235137505523,4.652508574696071,5.304319919243881,1,2334823159.0,0.6031184718219885,1,0.03591419706498391,0.15255643005398872
2020-06-29,774.58203125,782.0439742026722,771.1657293301229,776.7846586950787,25621946.0,-0.0106222006808605,67.02345268590037,32.82153733038831,685.6460562305464,24.128550859738358,2.202627445078747,5.259315507593442,3.416301919877128,-1,2309201213.0,0.5280534358063353,1,0.04703602383019854,0.1312420672501274
2020-06-30,766.0188598632812,782.6059245493964,762.1754677566296,780.807914512527,30276420.0,-0.0110552156404916,63.45970873284104,31.06519413753074,688.7979308828105,23.864401283526103,14.789054649245713,1.7980100368694139,3.843392106651663,-1,2278924793.0,0.6520812077523962,1,0.05874062979998728,0.1215303963481389
2020-07-01,781.07763671875,786.2021202640287,767.7944531593192,773.166189855075,28464103.0,0.0196584936017847,66.80260882856014,30.536392420627976,692.4167428763768,23.601462649041913,7.911446863674996,5.124483545278736,5.3717366957557715,1,2307388896.0,0.6311520107841811,1,0.03832865262579336,0.13846684045282248
2020-07-02,794.524169921875,797.7964291606368,783.1051378323464,786.6933471641555,28789533.0,0.0172153606389409,69.4869762192751,30.846753924493328,696.4209557016904,23.10984334853083,7.830822757719488,3.2722592387617624,3.5882093318091393,1,2336178429.0,0.6553435083903745,1,0.020755970469803518,0.1530474343151633
2020-07-03,806.958740234375,809.2606454481156,797.9769941642788,803.3028398448629,29434266.0,0.0156503361171789,71.76098762924418,31.73031622254166,700.7557707814036,22.51174564693867,3.6559003895121123,2.3019052137406106,5.325845680584052,1,2365612695.0,0.8110075293215602,1,0.0050269607275898595,0.1660982765754523
2020-07-06,835.7996215820312,838.5979258395846,808.8543255351691,814.6766894354603,47016185.0,0.0357402180677535,76.19277226097013,34.36166392854602,706.0516080677027,23.163705643958025,21.122932146570975,2.7983042575533545,5.82236390029118,1,2412628880.0,1.3442719343231622,1,0.003348056382529373,0.19487366727899183
2020-07-07,823.0040283203125,841.4640390934211,815.2635191046126,839.5007072874031,35189589.0,-0.0153094030331083,70.87808514950085,35.01094413398437,710.6379774893736,23.380620954304487,16.49667896709059,1.9633318060180045,7.740509215699944,-1,2377439291.0,1.0141689618307477,1,0.022430036959580922,0.1823560261456635
2020-07-08,811.5172729492188,828.1943991602055,807.9065001671087,823.2747585521189,26204095.0,-0.0139571071049765,66.40037394087048,34.20433196751435,714.5940282917205,23.159712242789656,11.757485602900147,4.919640608086638,3.6107727821100752,-1,2351235196.0,0.8148104755963469,1,0.036902191909446,0.17078254937396029
2020-07-09,823.3651123046875,828.2170627008593,806.2140290581237,816.4821392810322,36418942.0,0.0145996145127156,68.60355907178257,34.12770469772465,718.8595609981114,23.07709234278579,6.882973023655268,4.851950396171787,10.26811022290849,1,2387654138.0,1.1440373853881236,1,0.021981653725979173,0.182714601144127
2020-07-10,847.6473999023438,850.6037089763864,823.3650271392274,825.2832912510764,43759967.0,0.0294915186893061,72.57300507860256,35.61579795912439,723.9100644845519,23.37434873524102,22.364108651267316,2.9563090740426787,1.9182641118489983,1,2431414105.0,1.3213545986795152,1,0.0034876637082627408,0.1721343399735959
2020-07-13,873.3515014648438,879.0835514065949,857.5544142629645,859.066414273634,69608392.0,0.0303240493222316,76.0280267588622,38.42627459387768,729.770512993583,23.950191790170315,14.285087191209755,5.732049941751143,1.5120000106694533,1,2501022497.0,1.8554247566538624,1,0.0065632794265962375,0.18404407479203122
2020-07-14,865.2272338867188,876.3754426124376,851.8223070969156,872.9001111198423,67331128.0,-0.0093024029437156,72.90209817186934,39.54221899272159,735.082541263902,23.993259199124008,7.672877233123586,3.4753314925952736,13.404926789803199,-1,2433691369.0,1.6333935444555552,1,0.016014657164259236,0.16765419650022542
2020-07-15,832.2791137695312,893.1203699369507,811.5173183412455,874.6829238098223,139669773.0,-0.0380803086481456,61.80390337407772,37.33757076032805,738.8941715582405,28.108244370308377,42.40381004029109,18.437446127128396,20.761795428285723,-1,2294021596.0,2.6683977304960527,1,0.07310198605352387,0.13281307999938655
2020-07-16,832.0083618164062,843.5627758296462,818.0392246836387,833.6331798351821,60961724.0,-0.0003253138864661,61.72075205066425,35.16318443087789,742.5457084311098,27.92362342571545,1.6248180187758408,9.92959599446408,13.969137132767514,-1,2233059872.0,1.0972349828627848,1,0.0734511946335819,0.10205913943320997
2020-07-17,862.8351440429688,866.581298459645,829.5710262803591,832.7304674212536,49726765.0,0.0370510485727122,67.14131850562914,35.518001878232326,747.2629412002022,28.5726697652562,30.104676621715157,3.7461544166762906,3.1594411408945007,1,2282786637.0,0.8634819503341075,1,0.03509966660847301,0.11666153955514631
2020-07-20,866.5361328125,871.9974193757844,857.3964422325445,865.5883422314392,36592938.0,0.0042893347530903,67.73209913419149,35.68646477298,751.9403212634296,27.57469172082647,0.9477905810607581,5.461286563284375,8.191899998894769,1,2319379575.0,0.6471319563750372,1,0.030678740467713423,0.12043429131702675
2020-07-21,889.8480224609375,892.3078725048149,874.028433084142,875.1567920683302,42173371.0,0.0269023861391382,71.23972700814487,37.271405932865946,757.3484664084299,27.445909433075645,14.691230392607281,2.4598500438773954,1.128358984188253,1,2361552946.0,0.7367208492865179,1,0.003677422878306039,0.1434768089400485
2020-07-22,904.4942626953124,907.202312550526,884.9510213382299,895.0159986639695,59771457.0,0.0164592603059001,73.21009494244647,39.25678462745179,763.1188897922292,27.074865274448538,9.47826403134286,2.7080498552136305,10.06497732573962,1,2421324403.0,0.9863041435660007,1,0.002993993402615825,0.15734626609414354
2020-07-23,928.776611328125,938.6610205330576,898.784750623047,904.4716734406272,58333751.0,0.0268463268749248,76.12992353781524,42.301963442893566,769.6152710289309,27.989251319845827,24.304937887497772,9.884409204932581,5.686922817580239,1,2479658154.0,0.9289860205369055,1,0.010642396766212866,0.1793769799319778
2020-07-24,968.65283203125,976.2579590026274,928.776564146926,928.8668185460966,120597372.0,0.0429341353095693,79.98735827993298,47.38672270261554,777.4206655780415,29.381547286692655,39.786013485153376,7.6051269713774445,0.09025439917058975,1,2600255526.0,1.7111673545640755,1,0.007851241146355409,0.21315930480649148
2020-07-27,973.1888427734376,992.4161339989756,960.4158156178776,983.3892613715004,80304827.0,0.0046828033658616,80.37584879995106,51.19233582624611,785.0978489974689,29.568602364864468,10.20041859806281,9.0268726274752,12.773027155560044,-1,2680560353.0,1.1224174430036928,1,0.019756999238445035,0.21682675113234195
2020-07-28,982.8927001953124,990.2496273324195,970.6838232619776,973.1888006028568,55114422.0,0.0099711967455571,81.2159289874561,54.36464999577868,792.8545098287568,28.854116772405714,9.703899592455627,7.356927137107164,2.5049773408791225,1,2735674775.0,0.7837142429737287,1,0.009689189676320537,0.21884204348373998
2020-07-29,946.311279296875,985.1945694094204,934.4860429521892,982.9830381867582,72663399.0,-0.0372181224778334,69.19105201367022,53.31236512820635,798.8724223569184,30.415146035607535,36.67175888988322,2.211531222662188,11.825236344685777,-1,2663011376.0,1.1420752551019164,1,0.048720601466736506,0.172465598831067
2020-07-30,951.8177490234376,965.7416994124952,935.1856889845394,947.372003332624,72857444.0,0.0058188778333636,69.91317822293941,52.31963963888586,804.8702783046251,30.42520777791813,4.445745690813624,13.923950389057609,12.18631434808458,1,2735868820.0,1.124107788370617,1,0.042653527964982625,0.16162837372700706
2020-07-31,932.9739990234376,960.9122109353189,926.5197950725442,954.3677525902174,74958061.0,-0.0197976451052038,64.35423625062344,49.44242292059903,809.8939536269315,30.70857978397931,21.393753566779765,6.544458345101475,6.4542039508934295,-1,2660910759.0,1.113182801126759,1,0.06371253115066151,0.13586656230291094
2020-08-03,906.7510986328124,928.415619672611,904.088115939825,925.8429510837768,46715383.0,-0.0281067858462004,57.50225668661356,44.53289158114376,813.6922730389268,30.578387162524546,19.09185245096444,2.5726685888341763,2.6629826929873843,-1,2614195376.0,0.6834835632226776,1,0.09447469707544648,0.11087614862146529
2020-08-04,970.661376953125,978.0634321827964,902.8017624032968,911.9866406350052,92041055.0,0.0704827139627133,66.78452391324574,45.277151148932944,819.8479241728169,33.77005020659419,58.67473631811981,7.402055229671419,9.184878231708353,1,2706236431.0,1.255064498442056,1,0.022412303159870344,0.16941783386003903
2020-08-05,959.7612915039062,991.1522713264956,956.0828280071764,978.9660179222316,74549993.0,-0.0112295448320337,64.20864422260055,44.47475908046613,825.3347228916831,33.86286400036026,19.204726418325322,12.186253404263994,3.678463496729819,-1,2631686438.0,0.9964768731456898,1,0.034023921139704004,0.1599848460289332
2020-08-06,963.2141723632812,978.379359794549,951.3438079467056,973.549973124917,49322975.0,0.0035976454665769,64.67346671550496,43.61471295201113,830.7417601258635,33.37519884660906,10.33580076163571,4.829386669632072,11.870364416575626,-1,2681009413.0,0.6673158072650645,1,0.030317205117576594,0.1574902637176132
2020-08-07,968.7882080078124,973.9109808198932,956.9404677314832,961.2733354792168,32984416.0,0.0057869119916031,65.45345211575336,42.88850628794762,836.1553463173125,32.20343557816627,7.514872528595561,5.122772812080825,4.332867747733644,1,2713993829.0,0.5062749000123904,1,0.024389155231101554,0.16233774148631938
2020-08-10,956.782470703125,977.1606844285126,951.4791890501768,974.497761802115,26958997.0,-0.0123925303853312,62.2646275590205,40.87306041244756,840.8858217834228,31.737582706749805,17.71529109898995,2.6629226263976307,5.303281652948158,-1,2687034832.0,0.4506941294713361,1,0.03724322339399047,0.1518267284465677
2020-08-11,963.0787963867188,974.9040336698868,947.9812996710002,963.5301281069164,46828306.0,0.0065807285108041,63.27513905870491,39.33048850853959,845.6777031404148,31.393664941902426,0.4513317201976861,11.373905562970322,15.097496715718535,-1,2733863138.0,0.7938615260358306,1,0.030462032517302597,0.1573718356318319
2020-08-12,960.2803955078124,968.1338417220616,950.8924453804724,957.3015226996712,30264617.0,-0.0029056821616313,62.47437974228948,37.45047582415714,850.1719263705088,30.382788613308623,2.9788728081412046,7.853446214249175,6.409077319198786,1,2703598521.0,0.5527973271384033,1,0.03346495319647687,0.14812462223489853
2020-08-13,957.7755126953124,965.3806401973786,952.3367893848268,960.4609991024712,24830322.0,-0.0026084910451341,61.72142820143315,35.35092565249954,854.3916748538345,29.144293056111707,2.6854864071588054,4.919641094907433,5.438723310485557,-1,2678768199.0,0.49714920264198437,1,0.03616778759166619,0.1338565088745777
2020-08-14,954.0518798828124,973.549934599968,942.9713613334555,958.0011068702576,33224635.0,-0.0038877928733228,60.553098115008325,33.00607745145737,858.2999181883042,29.2467416425689,3.949226987445172,15.54882772971041,11.080518549356839,-1,2645543564.0,0.7258713681200596,1,0.04021191606569192,0.10131046297203486
2020-08-17,943.919189453125,950.0800072856482,934.3281075225128,950.0800072856482,30979066.0,-0.0106206912258609,57.37064554630274,29.984502245976728,861.6575366692776,28.56652955097823,6.1608178325232075,0.0,9.591081930612177,-1,2614564498.0,0.7009086126486704,1,0.05137828014064225,0.07404315660694999
2020-08-18,956.19580078125,963.3044692046788,939.8571273001792,941.053177222508,30547672.0,0.0130059982520724,60.10634164473547,28.254798333430927,865.3649195756295,28.200873290515467,15.142623558742002,7.108668423428753,1.1960499223288252,1,2645112170.0,0.8028487422904845,1,0.03787961962197718,0.07450856758083467
2020-08-19,962.063232421875,972.195960590882,957.4595415393626,966.3284692913196,34087543.0,0.0061362240200502,61.38191103521145,27.04568242646144,869.1570102754823,27.32939375616665,4.265236869444607,5.867491299562403,4.60369088251241,-1,2679199713.0,1.0024906173393107,1,0.031549798967673834,0.06577372428996406
2020-08-20,946.4918212890624,958.6104445458396,942.4071530026558,956.850185253758,22537845.0,-0.0161854341877439,56.242325361930455,24.54799263773998,872.1897479622894,26.781299874956115,10.358363964695627,1.7602592920816278,4.084668286406554,-1,2656661868.0,0.7194993935371393,1,0.04852055947759507,0.04615999621239456
2020-08-21,939.6314086914062,957.7529046597704,937.44238130795,955.9475181738236,25280895.0,-0.0072482534379566,54.093316239488956,21.764094588783564,874.8345189712744,26.31910155187499,16.316109482417346,1.8053864859467694,2.1890273834562777,-1,2631380973.0,0.8274171447160724,1,0.056175990733516375,0.0391958441868188
2020-08-24,945.9050903320312,949.854317250222,934.5086218851164,943.9417586729288,32717218.0,0.0066767474805489,55.75812901425764,19.835418646103676,877.621600201108,25.535286824248605,1.9633316591024368,3.9492269181907886,9.433136787812373,1,2664098191.0,1.050993115702058,1,0.047834800189712125,0.04556834334574127
2020-08-25,939.7442016601562,952.9234928104662,937.8936880228628,950.5313333957848,19388008.0,-0.0065132207605653,53.69864523553587,17.60683619130623,880.0577806504825,24.78489525020252,10.787131735628577,2.392159414681373,1.8505136372934885,-1,2644710183.0,0.6830182776609138,1,0.054704322277830064,0.039311164880396966
2020-08-26,964.658447265625,969.4652701628314,923.902078379588,941.0531605726752,59870421.0,0.026511731130083,60.1144969881142,17.64760928851024,883.3754538510764,26.269059288276868,23.60528669294979,4.806822897206416,17.151082193087177,1,2704580604.0,1.9099639072954637,1,0.027464460748743456,0.064122887264051
2020-08-27,952.6075439453124,970.390525765936,949.2901575537568,969.487802699818,28085062.0,-0.0124924042851347,56.067539313262834,16.517116045229045,886.0904377763405,25.899867068555608,16.880258754505576,0.9027230661180283,3.317386391555601,-1,2676495542.0,0.8867519254843337,1,0.040462336904814565,0.0522836312378341
2020-08-28,955.112548828125,962.6725488024435,950.6442396447252,956.8501848269598,27166900.0,0.0026296294825021,56.719786918083145,15.643002172395768,888.7971872293517,24.909041503495807,1.7376359988347758,5.822363975483768,4.4683091833998105,-1,2703662442.0,0.8744880225086777,1,0.03773348234466136,0.05476923791757408
2020-08-31,939.1123657226562,981.2227882057732,929.927488290878,981.2227882057732,62076132.0,-0.0167521441584033,51.46406794641108,13.503519406948726,890.7703314839912,26.79377424716719,42.11042248311696,0.0,9.184877431778204,-1,2641586310.0,1.8163784671582055,1,0.05541392862375323,0.03866481226814434
2020-09-01,942.0686645507812,957.9333821236512,930.8527051045198,947.8232778251648,38616258.0,0.0031479713568143,52.34275561860502,11.909230315956847,892.7820308199438,26.81426730230749,5.754613274383587,10.110104298486362,11.215959446261422,-1,2680202568.0,1.1038695486006964,1,0.05210194184637219,0.019283717689363784
2020-09-02,960.5511474609376,964.9743291453718,941.0530940448734,944.2124754240062,26949439.0,0.0196190401035889,57.52057029836467,11.998811798001611,895.4396432372376,26.60762214503541,16.33867203693137,4.423181684434212,3.1593813791328103,1,2707152007.0,0.7864128595647091,1,0.02152060387359669,0.038154208839607864
2020-09-03,953.2846069335938,965.312916194752,949.177375013291,960.4609660708118,18586429.0,-0.0075649699097769,54.99091920377098,11.352591073228723,897.7080731861145,25.859616361922953,7.176359137218014,4.851950123940242,4.107231920302752,-1,2688565578.0,0.5486983134118758,1,0.02930728249357503,0.03082240953047563
2020-09-04,937.55517578125,946.4466666938624,935.2758940537118,940.3986668867656,28475945.0,-0.0165002466607954,49.87749230337787,9.46214909068999,899.2707046604336,25.298837541777168,2.843491105515568,6.047999807096858,2.279281727538205,-1,2660089633.0,0.8327960137268537,1,0.04657604539181993,0.01456244683443303
2020-09-07,939.9925537109376,950.4186091878752,922.6609018892434,940.6018903476146,21926473.0,0.0025997167875015,50.64337293475933,8.067637525078453,900.8676399173162,25.474471095838208,0.6093366366769715,9.816718840260592,17.33165182169421,-1,2682016106.0,0.6621490109530873,1,0.04386229904914177,0.01843807352863772
2020-09-08,951.02783203125,957.3014676946552,939.0220273942846,944.2124909097532,27397082.0,0.0117397507849896,54.065619226926046,7.76343969694517,902.8347062747255,24.960540324733383,6.815341121496772,6.27363566340523,5.19046351546865,1,2709413188.0,0.8078157337401785,1,0.03174981336774488,0.029827655076528275
2020-09-09,975.5133666992188,978.4245489846124,939.4509394472198,941.0532536995638,55310877.0,0.0257463912656177,60.59443393399474,9.389897842753498,905.684849820784,25.961473839923336,34.46011299965494,2.911182285393693,1.6023142523440583,1,2764724065.0,1.653091195506609,1,0.005852735289392356,0.054179129281240704
2020-09-10,1044.410888671875,1058.3800235694275,981.83194598064,985.3299004503288,140304404.0,0.070626937902225,72.45714831674532,16.05327964890921,911.1250866384739,30.02612977065801,59.08098822154625,13.969134897552522,3.497954469688807,1,2905028469.0,3.140136146344766,1,0.013375133339826024,0.11657288151931751
2020-09-11,1047.006103515625,1055.1754392235675,1032.2698057113955,1043.5082682863067,59470807.0,0.0024848600028004,72.78943917568769,21.29796025780422,916.4537539669897,29.517522895051865,3.497835229318298,8.169335707942537,11.238462574911182,1,2964499276.0,1.2412667155521946,1,0.010863279608028362,0.11876263300553522
2020-09-14,1039.2431640625,1065.1729199258552,1029.96797210438,1049.3758922384438,44063445.0,-0.007414416618068,70.0663820672377,24.545062883808328,921.2690249511274,29.92376753265354,10.13272817594384,15.7970276874114,9.275191958120104,-1,2920435831.0,0.955613408033095,1,0.024950614793551654,0.11217996538704714
2020-09-15,1046.60009765625,1049.7143521325795,1032.7437783357252,1043.4858431799205,27178393.0,0.0070791262797351,71.16723667308321,27.396251234922033,926.1839689787793,28.998539408667877,3.1142544763295064,3.1142544763295064,10.742064844195284,1,2947614224.0,0.6044165348306149,1,0.017745863306526635,0.1184207760390576
2020-09-16,1049.1727294921875,1069.392939817957,1042.8539659959436,1047.1190836022542,33952295.0,0.0024580848422417,71.56110312086315,29.52310446290744,931.0070576263639,28.822856152478284,2.05364588993325,20.220210325769585,4.265117606310696,1,2981566519.0,0.7434817535742467,1,0.01927252754230127,0.12058245896667308
2020-09-17,1037.528076171875,1053.3025400234242,1034.413702375252,1047.1190390154095,25828669.0,-0.0110988905763388,67.09347889218105,29.924078613550023,935.1843524712859,28.113283402170712,9.590962843534498,6.183501008014673,3.114373796623113,-1,2955737850.0,0.5567622736894239,1,0.03071229046991439,0.11071235267815818
2020-09-18,1040.6646728515625,1046.870616756089,1027.5079476144977,1044.5236446456088,33074915.0,0.0030231439049441,67.67881284067943,30.147429850027947,939.3208356234536,27.488239526415043,3.8589717940462833,2.3469721104802375,13.156725237064848,-1,2988812765.0,0.705963616025157,1,0.02760569058972208,0.11339269415091485
2020-09-21,1018.16552734375,1054.340713885513,1014.3289984765122,1038.0922930525278,33627381.0,-0.0216199762466825,59.50264094489667,28.18405605063367,942.4127843183672,28.38277351802831,19.926765708777793,16.248420832985175,3.836528867237803,-1,2955185384.0,0.7002665976588308,1,0.05031344226302001,0.09380068651868884
2020-09-22,997.9901733398438,1027.7111483287306,993.6572461097632,1027.7111483287306,34792254.0,-0.0198153968702328,53.286071271909,24.715184451928963,944.5922897701898,28.78785413952396,29.720974988886837,0.0,4.3329272300806,-1,2920393130.0,0.7135358602064005,1,0.07154656266720442,0.07548097512674466
2020-09-23,1006.8590698242188,1027.5983602691515,995.3498434566728,1020.0383606869218,42988708.0,0.0088867573261715,55.48762088278525,22.423243352529994,947.0341242821125,29.0350443304493,13.179290862703056,7.559999582229693,11.50922636754592,-1,2963381838.0,0.9044898383971878,1,0.06210786779192021,0.08362458109422899
2020-09-24,984.4725341796876,1004.6926843399244,982.1480654339798,996.5234072507044,29826318.0,-0.0222340308742906,49.18634334813357,18.586206959961146,948.5022972192724,28.72618433471999,12.050873071016781,8.169277089220031,2.3244687457078044,-1,2933555520.0,0.8176002630020898,1,0.08625980176179263,0.06278654827272433
2020-09-25,993.7249755859376,998.7349303522368,978.198771791248,987.9929259452438,28374935.0,0.0093983743426215,51.63119224307941,16.106259733689626,950.2757355865925,28.14118249373919,5.732049640693845,5.009954766299188,9.794154153995805,1,2961930455.0,0.850294071919245,1,0.07614578086598135,0.07151281837793415
2020-09-28,1000.2920532226562,1010.1088306263572,996.1396943292456,1005.1440030800964,19666849.0,0.006608546426889,53.34693527157285,14.50360345924139,952.2371598076146,27.30137338993065,4.851949857440104,4.964827546260835,4.152358893410678,-1,2981597304.0,0.635828243869093,1,0.06908071135092742,0.07760848552510977
2020-09-29,1013.290771484375,1021.8436888287242,1000.2920490892888,1004.2413355722142,25842539.0,0.012994923052563,56.62655746913171,14.1196126387797,954.6314190890562,26.890678129180994,9.049435912160789,8.552917344349225,3.9492864829254586,1,3007439843.0,0.8391119570041013,1,0.05536630739407379,0.08944112800155815
2020-09-30,1008.4614868164062,1023.1977860425368,1004.2413772750692,1020.0384044786468,24465159.0,-0.0047659416268978,55.07744002820584,13.272615781556738,956.7424021371876,26.323944603344323,11.57691766224059,3.1593815638899514,4.220109541337024,-1,2982974684.0,0.8196370164325048,1,0.060420208206368134,0.08508067590962264
2020-10-01,1004.3541870117188,1021.7534684542668,999.276541320604,1021.7534684542668,20783227.0,-0.0040728375435077,53.73111984287377,12.130111526873634,958.6095309557967,26.049157641224213,17.399281442548045,0.0,5.077645691114753,-1,2962191457.0,0.7082560374691739,1,0.06475678963389384,0.08133911938530322
2020-10-05,998.4641723632812,1015.1412998899508,995.6658680054296,1012.8168908433682,18922799.0,-0.0058644796075,51.776544883105736,10.62689350322239,960.1724580698158,25.57960580145971,14.352718480086992,2.3244090465825593,2.7983043578516344,-1,2943268658.0,0.6775318682985938,1,0.07103786937771975,0.07591987030903456
2020-10-06,997.6292114257812,1008.2583389587752,993.7024882079692,1004.354239034208,18412175.0,-0.0008362452660907,51.49059572536379,9.261447814427584,961.6413503582851,24.79219472641302,6.725027608426785,3.904099924567163,3.926723217812082,-1,2924856483.0,0.6972328914044001,1,0.07193426933601242,0.05874645946637536
2020-10-07,1018.9100341796876,1042.154241671535,1001.9845893759028,1008.7547434205928,53170865.0,0.0213313949814002,57.87604980529175,9.783726109108784,963.8871810963793,26.201682977794494,10.155290759094783,23.244207491847305,6.770154044690003,1,2978027348.0,1.8824638770547122,1,0.0495459892873787,0.07798440693190291
2020-10-08,1010.6729125976562,1023.6491310362912,1002.9324042401192,1019.5869668804304,21077808.0,-0.008084248172767,54.86555838714296,9.424330731057466,965.7219156650568,25.809900393392887,8.914054282774146,4.062164155860842,7.74050835753701,-1,2956949540.0,0.8089963796103513,1,0.058099931727048255,0.03213120723987987
2020-10-09,1008.05517578125,1016.8789756571788,1000.6756850189712,1008.754766738928,18545499.0,-0.0025900929804065,53.905914463479995,8.826531065109748,967.3820435127508,25.123713982308225,0.6995909576779695,8.124208918250815,7.379490762278806,-1,2938404041.0,0.7440167289134553,1,0.06084762571569545,0.029617827185762037
2020-10-12,1009.6799926757812,1018.1200919736274,1004.8055389601913,1008.7547657275612,14226473.0,0.0016118332940178,54.43859951286845,8.387197277790051,969.0407866171834,24.280202484531646,0.925226948220029,8.440099297846132,3.9492267673699644,1,2952630514.0,0.6050898597682183,1,0.05914046784657868,0.03117940447755533
2020-10-13,1029.38134765625,1031.6606295627953,1004.6250177214828,1006.7689180188712,23112012.0,0.0195124743714665,60.412520920458135,9.519027359924053,971.4070831285193,24.47701743858742,22.612429637378796,2.279281906545293,2.143900297388427,1,2975742526.0,0.9688192445296323,1,0.03886955233141498,0.049721685730499426
2020-10-14,1032.4503173828125,1039.897498590876,1023.8747175024404,1028.56878159221,26742011.0,0.0029813729708141,61.264545814090475,10.542127973858214,973.800935452217,23.873143413576578,3.881535790602584,7.447181208063512,4.69406408976954,1,3002484537.0,1.1167723723173733,1,0.03578150135959228,0.05254639828973884
2020-10-15,995.8914794921876,1033.5787209899615,990.7010157207518,1033.5787209899615,20036197.0,-0.0354097793134482,48.00890569259209,8.307189785821038,974.6672312969217,25.230612117550375,37.687241497773925,0.0,5.190463771435816,-1,2982448340.0,0.8524986862688719,1,0.05869036496138018,0.01776569843730493
2020-10-16,982.03515625,1007.6263364491078,980.6134107518138,999.7278829970974,21583600.0,-0.0139134870892287,44.11308281867637,5.356153285437131,974.9561695303759,25.357920230389205,17.692726747097367,7.898453452010472,1.4217454981861692,-1,2960864740.0,0.9152207668186838,1,0.07362827814802375,0.00390656529385532
2020-10-19,982.2156982421876,1005.9112981674256,972.7149304876792,988.4668301104948,31200385.0,0.00018384473411,44.1766463808283,2.9974510775565477,975.2408569308391,25.917809333914715,6.251131868307198,17.44446805693076,9.500767754508388,-1,2992065125.0,1.2575373470380373,1,0.07343093352346451,0.00967279159914807
2020-10-20,973.053466796875,989.798344269808,971.40602552376,983.4795214556434,18482288.0,-0.0093281256466473,41.59135860967052,0.38441577286664597,975.1550769255856,25.38027429192423,10.426054658768408,6.318822814164605,1.6474412731149641,-1,2973582837.0,0.7447216189591161,1,0.07101436584171249,0.0016930634639616034
2020-10-21,958.9263916015624,989.3470196032074,946.80776838323,978.5147603722606,34082321.0,-0.014518292855804,37.90770084451877,-2.79416108568023,974.518657893271,26.605915501070882,19.588368770698253,10.832259230946761,12.118623218332345,-1,2939500516.0,1.4877353955038024,1,0.0867927411310148,0.01263769912317491
2020-10-22,950.9601440429688,962.4919944695694,943.7612212611411,960.190149042808,30802210.0,-0.0083074651280468,35.97289334276128,-5.888140924421691,973.5947946050238,26.04340533731069,9.230004999839252,2.3018454267613606,7.198922781827605,-1,2908698306.0,1.2898045967314107,1,0.09589686613032818,0.007570162458356745
2020-10-23,953.7133178710938,963.6202899304686,946.1984454833868,950.531313149888,23422125.0,0.0028951516479123,37.16651309419022,-8.025471479318298,972.8151288507521,25.427579559437202,3.1820047212057716,9.90697205937488,4.332867666501215,1,2932120431.0,0.9611457725516108,1,0.09273323769648256,0.010435102900909427
2020-10-26,915.822998046875,948.703416901934,911.038738740416,948.703416901934,37324416.0,-0.039729255232378,29.12050675829481,-12.631149461533141,970.5801433290314,26.6595081002401,32.88041885505902,0.0,4.784259306459035,-1,2894796015.0,1.3990313229179179,1,0.13794286002216538,0.005223999961414116
2020-10-27,918.26025390625,929.7017897460652,904.9455811340416,918.4407627043238,36478896.0,0.0026612739192757,30.16773706752865,-15.901216935038747,968.5283829595106,26.52355813679606,0.18050879807378806,11.261027041741386,13.314672772208382,-1,2931274911.0,1.3020994715668428,1,0.1349225203184433,0.014499890108025678
2020-10-28,907.8567504882812,928.7314227324944,906.028800472741,921.5550042670168,29924017.0,-0.0113295804470601,28.249114234509364,-19.111934266027447,966.1491032547566,26.250634145578726,13.698253778735534,7.176418465477582,1.8279500155402957,-1,2901350894.0,1.0561301404014531,1,0.147928063663153,0.0032066395416169903
2020-10-29,914.8299560546876,921.6452970796064,898.6267252669395,901.3347749825296,30655304.0,0.0076809535894906,31.398445665177675,-20.85338661103708,964.1365876782834,26.019772550370735,13.495181072158061,6.81534102491878,2.7080497155900503,1,2932006198.0,1.0428550421508949,1,0.1391780896265666,0.017711740504898266
2020-10-30,927.287109375,932.0713684328344,912.528127721234,917.8088456567092,34021563.0,0.0136169057843662,36.74026838214634,-20.986393891563353,962.6915100977625,25.557163133315715,9.478263718290805,4.784259057834447,5.280717935475195,1,2966027761.0,1.1103877929535229,1,0.1238743978377489,0.030907777988392247
2020-11-02,847.3765869140625,914.875118139784,839.1169961667077,914.875118139784,99366895.0,-0.0861766778088805,23.88943606923901,-27.2260692633148,958.1693562474213,30.029516710099756,67.49853122572154,0.0,8.259590747354764,-1,2866660866.0,2.652896350781257,1,0.22985961350053913,0.009747249186379064
2020-11-03,835.1678466796875,861.6166281077168,828.2623095542855,853.0410858636542,88691623.0,-0.014407691247213,22.589428892148675,-32.77835181813214,953.345767636922,30.26700255605201,17.87323918396669,8.575542244062603,6.90553712540202,-1,2777969243.0,1.9941036632086422,1,0.2478380792732231,0.008268442269246635
2020-11-04,863.5120849609375,870.6433759833506,829.1196689111366,829.1196689111366,80180117.0,0.0339383734586238,31.860265169170646,-34.493809434733976,949.8228781202167,31.071052878635005,34.392416049800886,7.131291022413052,0.0,1,2858149360.0,1.6334381794849973,1,0.2042651361826831,0.040821403684520065
2020-11-05,882.3783569335938,885.063843200435,871.9974294692396,882.3557933334056,37205373.0,0.0218483010269736,37.24738289868791,-33.93973533670601,947.1779949364276,30.391103261553756,0.022563600188163946,2.6854862668412807,10.358363864165995,1,2895354733.0,0.7481920965366908,1,0.17851655179382067,0.06132975378880576
2020-11-06,915.8455200195312,920.7425971059891,892.8269476303738,898.1754160907856,66674086.0,0.0379283589890409,45.481506249174025,-30.449108884538532,945.9492704298826,30.960613040899585,17.670103928745675,4.897077086457898,5.348468460411823,1,2962028819.0,1.233512238690471,1,0.1354507674708058,0.09563098639536717
2020-11-09,925.5719604492188,933.831550883712,918.9371879060812,930.7172966945932,35838510.0,0.0106201758015698,47.63215717280581,-26.59139081640342,945.1501602345625,30.033857171133953,5.145336245374438,3.1142541891188102,6.634772543137501,-1,2997867329.0,0.6648625410784887,1,0.12351880029530098,0.1051346141122348
2020-11-10,940.8500366210938,943.3098869382015,921.284290855824,937.4423956918612,36934242.0,0.0165066324658968,50.9080931169895,-22.047162426616296,944.9815279359951,29.461838521937068,3.4076409292325707,2.4598503171077937,16.158104836037182,1,3034801571.0,0.6846118289894824,1,0.10527444131850675,0.11966596448372192
2020-11-11,901.4249877929688,945.566488611812,892.8043204833926,942.858439021152,56724780.0,-0.0419036480773423,43.36871502024509,-21.380637954506824,943.2734283225432,31.126147779542947,41.43345122818323,2.708049590660039,8.620667309576106,-1,2978076791.0,1.0016869497862124,1,0.14660535816802173,0.08116335716165728
2020-11-12,893.6619262695312,906.502703689629,886.8917719189561,894.1133176465529,40046527.0,-0.0086119883834643,42.048205220828685,-21.234053740854847,941.3278792224252,30.303632350337946,0.45139137702165044,12.389386043076115,6.770154350575126,-1,2938030264.0,0.6956341804880929,1,0.1275251936213791,0.07318160793561775
2020-11-13,901.06396484375,919.23058714732,894.4518154997988,894.564633496026,45388670.0,0.0082828174241655,43.8051754113338,-20.286749029185785,939.7489021879674,29.965420102298715,6.4993313477240235,18.166622303569966,0.11281799622713606,1,2983418934.0,0.7731642341978286,1,0.11635947880998297,0.0807952133587861
2020-11-14,903.7269287109376,909.5944198559474,900.5901107359409,909.4139110537326,5226220.0,0.0029553549704424,44.45758580058784,-19.100940538852456,938.3362757771034,28.468197889277842,5.686982342794977,0.18050880221483112,3.1368179749966885,-1,2988645154.0,0.10602784343567624,1,0.09524051217732481,0.08350378500316874
2020-11-17,899.6422119140625,941.0531016992426,895.9186211486201,941.0531016992426,46542562.0,-0.004519857345295,43.62101693901186,-18.28006012094761,936.8188615079646,29.65864665080246,41.410889785180075,0.0,3.7235907654423954,-1,2942102592.0,1.032532828194196,1,0.0997116481431997,0.07934254464106395
2020-11-18,896.91162109375,905.6226031588404,884.6801802584594,899.6422344929193,30402290.0,-0.0030351964193664,43.03799193854067,-17.646425327674592,935.2538716877993,29.036059240058076,2.7306133991693287,5.980368665921105,12.231440835290641,-1,2911700302.0,0.7581934966561946,1,0.07437596667035032,0.07653966112708994
2020-11-19,890.5702514648438,907.4053832429536,888.3360969077845,896.9116378432019,27796343.0,-0.0070702279686968,41.64587874956899,-17.45475319134573,933.5015728555267,28.32414688970886,6.341386378358152,10.493745399751674,2.2341545570592416,-1,2883903959.0,0.7098613971608908,1,0.08202613813505381,0.06996409526151565
2020-11-20,857.3287353515625,895.3770527052618,855.2976532438502,891.4052025799142,57471248.0,-0.0373261020774098,35.21547130455728,-19.757413023015374,930.514402757332,29.16380778768763,34.0764672283517,3.9718501253476006,2.0310821077123364,-1,2826432711.0,1.5030216486488612,1,0.10658068227807825,0.033903477859467554
2020-11-23,880.4376220703125,889.1485449890283,869.4022304000791,880.5730036765486,45327567.0,0.026954522537115,41.928415280277534,-19.49289157997282,928.5506074362726,29.35352220552893,0.13538160623613749,8.575541312479686,11.035391670233366,-1,2871760278.0,1.1567272766535313,1,0.0739732888610004,0.05926065766401365
2020-11-24,886.4629516601562,890.9538240299142,871.9973571487645,886.4403880618394,30936268.0,0.0068435621545515,43.570275266038024,-18.582851147858264,926.9001111313269,28.610875396644698,0.022563598316878597,4.490872369757994,14.443030913074836,1,2902696546.0,0.8017433672450268,1,0.06667344285620447,0.06565490638596161
2020-11-25,879.1286010742188,899.5068137121415,876.6011198738435,893.6618865906463,32637879.0,-0.0082737248885605,42.01315112406886,-18.243162523879164,925.0267185800677,28.20336242819136,14.533285516427554,5.844927121495175,2.5274812003752913,-1,2870058667.0,0.902158170578979,1,0.07557243326677342,0.057859898378666196
2020-11-26,881.295166015625,886.891834503416,871.1173701719107,881.4982981188252,25838637.0,0.0024644459738414,42.66500083008933,-17.596294033710592,923.3117557344033,27.315583992713787,0.20313210320023245,5.393536384590789,10.177795843714307,-1,2895897304.0,0.7434131016622363,1,0.0729282595373359,0.060176043743781604
2020-11-27,871.0044555664062,882.8748194602481,867.2131737985623,875.8338420233673,47336811.0,-0.0116768034661344,40.345111760896174,-17.709872044100734,921.2604890611485,26.48315982621179,4.8293864569610605,7.04097743688078,3.791281767843998,-1,2848560493.0,1.354353869384884,1,0.08560465169712451,0.04907224726459745
2020-12-01,882.333251953125,887.456025013745,871.1173516152288,875.7661696758335,19750687.0,0.0130065883295071,43.95782537174195,-16.693314112057237,919.7339307431868,25.76661765629229,6.567082277291547,5.122773060620034,4.64881806060464,1,2868311180.0,0.5425412360673526,1,0.07166593406597166,0.06128176885450998
2020-12-02,883.8001708984375,885.5378667077028,873.3515518250487,883.9581161119759,22188887.0,0.0016625452368086,44.427132697490485,-15.58960921681819,918.3247636904515,24.796596029603855,0.157945213538369,1.5797505957269777,10.44861907338884,-1,2890500067.0,0.6532164026938982,1,0.06988719820068064,0.06186975720056127
2020-12-03,886.4629516601562,894.1583922194357,884.0256651975251,890.0511607131228,27785372.0,0.0030128764956132,45.322223665663024,-14.334808235661058,917.075280865734,23.765283550417735,3.58820905296659,4.107231506312814,2.437286462631164,-1,2918285439.0,0.8243212630038276,1,0.06667344285620447,0.03515691023289819
2020-12-04,878.6547241210938,888.6971374121213,875.6081607043218,888.6971374121213,18464552.0,-0.0088082953996434,43.1285551002719,-13.811220965954135,915.5685923659443,23.00269020451643,10.042413291027515,0.0,3.04656341677196,-1,2899820887.0,0.5633938445716813,1,0.07615251207765279,0.02658276366818302
2020-12-07,883.8226318359375,886.8917588790096,875.8789913444388,875.8789913444388,18242188.0,0.0058816137590487,45.02513416749558,-12.831355441598589,914.3236527373166,22.146267156663168,7.943640491498741,3.069127043072058,0.0,1,2918063075.0,0.6322921507072808,1,0.06986000873005017,0.032274550984096526
2020-12-08,899.867919921875,909.120487964561,880.1216067950427,885.1541251431139,43403061.0,0.0181544209301443,50.54015199617824,-10.637462258207051,913.7567612543581,22.63573958615282,14.713794778761098,9.252568042685994,5.032518348071221,1,2961466136.0,1.5144951987642088,1,0.05078364021900513,0.04952978730689094
2020-12-09,914.8525390625,917.9442894095524,902.3503351540464,907.179721423537,29175254.0,0.0166520206008966,55.073017815252605,-7.6020212029277445,913.7997329331088,22.31007029340458,7.672817638963011,3.0917503470524252,4.829386269490556,1,2990641390.0,1.0243281055967437,1,0.03357256851556241,0.06509779803385475
2020-12-10,905.8482055664062,915.5521050393417,903.1401558672768,912.437850869946,16065507.0,-0.0098423878293227,51.98963531647067,-5.855488333631911,913.4879083304929,21.603061641880313,6.589645303539783,3.114254169395622,2.7080496991294467,-1,2974575883.0,0.5988984061626232,1,0.03886401266404618,0.0558046613239665
2020-12-11,905.306640625,919.8399265746882,891.0666814664153,908.556276462948,26944202.0,-0.0005978539650223,51.801782855486174,-4.463594675422428,913.1670743028266,22.1152176037655,3.249635837947949,11.283650111740258,14.239959158584725,-1,2947631681.0,1.0003174194546416,1,0.03948547317576744,0.055239832711958176
2020-12-14,898.7620849609375,909.458961661156,896.5279305693003,906.2769570615246,17312747.0,-0.0072291037869161,49.475284626378425,-3.844285341759928,912.6021727600073,21.459204281486222,7.514872100587127,3.182004599631341,2.234154391637162,-1,2930318934.0,0.7233764787698644,1,0.04705474056590087,0.048360330775386914
2020-12-15,891.1119384765625,898.0400384687348,885.1315694222841,898.0400384687348,18551265.0,-0.0085118705076522,46.82778502315439,-3.925530052410295,911.7594184743821,20.900012228426736,6.928099992172292,0.0,5.9803690542784125,-1,2911767669.0,0.7790294614100896,1,0.05604364734250903,0.04019055708527498
2020-12-16,892.1047973632812,900.40957493361,887.2077202532149,897.272697360613,18561011.0,0.0011141797610927,47.22251377658491,-3.86524551221396,910.9886490190447,20.35014383213876,5.167899997331801,3.136877572996923,4.897077110066334,-1,2930328680.0,0.7914969154260696,1,0.03108954160249035,0.041258767163027094
2020-12-17,896.1895141601562,904.9456238899452,892.3756687000254,895.6930552499342,20252358.0,0.0045787409830637,48.90312574587693,-3.448119298779943,910.4082907892845,19.813764024604843,0.4964589102220316,8.756109729788932,3.3173865499088606,1,2950581038.0,0.8922838527168169,1,0.02638996779235406,0.045628586666322433
2020-12-18,898.875,904.9004961820984,886.8918178223723,893.7071594170455,18466344.0,0.0029965602112187,50.02974182024311,-2.867789414434924,909.9560048759793,19.684829334256364,5.1678405829544545,6.025496182098436,6.815341594673214,1,2969047382.0,0.8135887425700336,1,0.023323517257336345,0.048479874016019844
2020-12-21,875.4727172851562,912.6183705411304,837.3567098855556,907.2022710782971,44135540.0,-0.0260350802000765,41.4524227412775,-4.247282406352383,908.603719088104,23.654603000064828,31.729553793140894,5.416099462833245,38.116007399600676,-1,2924911842.0,1.745403297300348,1,0.05067800333871605,0.04353763018201017
2020-12-22,874.1187133789062,884.1385629445498,852.3413186774952,879.6702540717112,28140001.0,-0.0015465974890099,41.01429082585421,-5.387691387910536,907.2513659230374,24.23622023342124,5.551540692804906,4.468308872838634,21.777394701411026,-1,2896771841.0,1.184322396887978,1,0.05230549637708429,0.04205607651533638
2020-12-23,877.3458251953125,880.7760293674728,866.8745845082068,871.0946936975114,19501410.0,0.0036918461611832,42.572248182154475,-5.962342594512847,906.0785996199893,23.498021992410152,6.251131497801111,3.430204172160302,4.220109189304594,1,2916273251.0,0.8555862352445901,1,0.04843483625161809,0.045579649622034334
2020-12-24,900.0485229492188,902.1472362313511,878.2711268911072,878.7675857883312,20776988.0,0.0258765666877736,52.14770807581278,-4.533579558410906,905.8421260250572,23.59112120981219,21.28093716088756,2.098713282132394,0.49645889722398806,1,2937050239.0,0.8930889507222229,1,0.021989262935089664,0.06965381472794249
2020-12-28,904.1782836914062,910.8130563627903,900.5675108718648,905.712847216696,17221499.0,0.0045883756674087,53.661316801310775,-3.0330739916219045,905.7768773060905,22.674936367223577,1.534563525289741,5.1002091460943575,3.6107728195414666,-1,2954271738.0,0.772544574824193,1,0.017321410130910903,0.07390309523144521
2020-12-29,898.1980590820312,908.2404734290648,894.8129219384762,906.7510369627277,18611939.0,-0.0066139883220376,51.138774359834024,-2.2999542258927477,905.4796687482842,22.014408876035365,8.552977880696403,1.4894364663371107,3.3851371435550845,-1,2935659799.0,0.8300809717384645,1,0.024094760920297685,0.06773711942626133
2020-12-30,900.6578369140625,905.9385552751692,891.6535274403722,900.5450189082468,22043630.0,0.0027385695250168,52.13545081724492,-1.5031407450495635,905.290577303805,21.462310230232625,0.11281800581571133,5.280718361106665,8.89149146787463,1,2957703429.0,0.9680541170832888,1,0.021297865709301537,0.0702832134847086
2020-12-31,896.0541381835938,908.0598840441618,893.0301381174847,899.7551656628455,18781189.0,-0.0051114846746267,50.076620518292714,-1.2289734921749869,904.9283640049732,21.002841351407227,3.7010274792517066,8.30471838131632,3.0240000661090107,-1,2938922240.0,0.8239860924866799,1,0.026545034923125318,0.0655065646111793
2021-01-01,897.047119140625,901.3348599535196,894.5647051802756,897.27275515116,10015175.0,0.0011081707172784,50.53039965795025,-0.9209525368869436,904.6192955789204,19.98622088153843,0.2256360105350268,4.062104802359613,2.4824139603493904,-1,2948937415.0,0.46005806828185186,1,0.025408707020762537,0.06654099654458853
2021-01-04,898.55908203125,902.1923588792536,888.2458453983129,900.4772865018267,24513534.0,0.0016854888203348,51.25690456505937,-0.5485179676868484,904.3816401456785,19.55481321006716,1.9182044705767112,1.71507237742685,10.313236632937105,-1,2973450949.0,1.0956214734181038,1,0.023683300262606552,0.06811168388320395
2021-01-05,887.3882446289062,895.2867576296607,882.8296217394585,888.6971124168427,24123091.0,-0.0124319453508736,45.894162807869,-1.1415945171593194,903.7152324783541,19.28157371590461,1.3088677879364923,6.5896452128179135,4.558622889447747,-1,2949327858.0,1.1840805881334515,1,0.036569880367699495,0.05638065981398389
2021-01-06,863.986083984375,887.3431107117481,859.8788522034279,887.297983512097,46401468.0,-0.0263719525091497,37.12993583006323,-3.460085033065866,902.1572266550609,19.869275052302733,23.31189952772195,0.045127199651119554,4.1072317809471315,-1,2902926390.0,2.0902510966680232,1,0.06464669237811857,0.030821531263576476
2021-01-07,862.5869750976562,877.8649808483686,859.8789250447446,866.8070252352164,32325918.0,-0.0016193650715606,36.678959842744064,-5.348744863750085,900.6054520841823,19.734759391682825,4.220050137560179,11.057955613152217,2.7080500529116307,-1,2870600472.0,1.3766580640863593,1,0.06637354044274801,0.029249531862273106
2021-01-08,872.7647705078125,874.8861072218933,863.015742571038,865.6786654184649,27540187.0,0.0117991526697978,42.18057112292846,-5.955605839529994,899.5136606498149,19.20364315829384,7.086105089347598,2.121336714080826,2.6629228474268984,1,2898140659.0,1.14001395741816,1,0.05393796548351205,0.04056999299095789
2021-01-11,856.313232421875,875.0665690475399,854.1693322211945,875.0665690475399,33307825.0,-0.0188499108143025,36.63911043848226,-7.675569974537439,897.8195262095036,19.32461413458324,18.75333662566493,0.0,2.1439002006804913,-1,2864832834.0,1.2926846857850773,1,0.06575296980990229,0.022137369619648975
2021-01-12,883.3036499023438,884.6350813991116,857.5092762592445,858.9084582491231,41161546.0,0.0315193278096763,48.57542577312227,-6.78256760352815,897.2502761582424,19.967273766201338,24.39519165322065,1.331431496767891,1.3991819898785707,1,2905994380.0,1.4689348209743867,1,0.03318759142682996,0.05201715177093175
2021-01-13,875.0665893554688,891.3826993524976,865.8817711258671,886.2373626282811,26619458.0,-0.0093252875698924,45.74323052605155,-6.662715104584777,896.3803276561729,20.362534799089136,11.170773272812312,5.145336724216577,9.18481822960166,-1,2879374922.0,0.9347067988217299,1,0.04291305558051353,0.04309372558457343
2021-01-14,884.9059448242188,887.7494361349055,875.1794806347706,877.8649670437152,21553242.0,0.0112441219770453,49.528784262906676,-5.707979347454398,895.9303518588414,19.813985654828254,7.040977780503567,2.8434913106867725,2.6854864089445982,1,2900928164.0,0.7495177969686367,1,0.031316803643370875,0.05373365973726004
2021-01-15,874.4572143554688,890.86357691647,866.6038285437963,884.9058318391973,20593268.0,-0.0118077299964637,45.86883743635617,-5.728435764902542,895.0882680351798,20.13154013467436,10.448617483728526,5.957745077272762,7.8533858116724105,-1,2880334896.0,0.6907258328505421,1,0.04363982086166316,0.04242689506228002
2021-01-18,895.4447631835938,901.3348178565226,868.093322463363,879.7154269171596,35100458.0,0.0240006583324881,53.32898222147911,-4.004961133994243,895.1022482370784,21.06796551028044,15.729336266434188,5.890054672928841,11.62210445379651,1,2915435354.0,1.1369436194845637,1,0.019178857327255952,0.0648706159065764
2021-01-19,910.0909423828124,916.6805284572496,900.2741645341835,900.2741645341835,32006615.0,0.0163563178896115,57.70917629477797,-1.4406637390828791,895.690040164362,21.079951207664397,9.81677784862893,6.589586074437193,0.0,1,2947441969.0,1.010916159198201,1,0.0072405797789660995,0.06345478349022607
2021-01-20,927.3773803710938,928.8668167227358,903.3207030552747,912.3476352561834,30924537.0,0.0189941874852876,62.21645706958125,1.9637941020250764,896.9326809567829,21.398962811935593,15.029745114910384,1.489436351642098,9.026932200908618,1,2978366506.0,1.0269393076988487,1,0.0016060736256539858,0.07894094647920434
2021-01-21,947.552490234375,956.850185910118,936.539722158253,939.6991037539394,39087742.0,0.0217550161242967,66.6798987099456,6.2181354298553515,898.9177715166884,21.975665863870493,7.853386480435574,9.297695675742943,3.1593815956864546,1,3017454248.0,1.2695158248134286,1,0.009812327835730958,0.09855196305809125
2021-01-22,925.0755615234376,954.7514714069698,918.5536065523528,952.7880800202876,30532660.0,-0.0237210380876925,58.4023249164853,7.687415542469807,899.9435672032276,22.991537220352388,27.712518496849952,1.9633913866822468,6.521954971084824,-1,2986921588.0,0.98211329286279,1,0.03434813944749884,0.07664912170576958
2021-01-25,876.0595703125,918.4633817134076,871.9974654980874,918.4633817134076,54207104.0,-0.0529859324466606,45.21924367326664,4.840847493731417,899.0069398741796,25.140577134995088,42.40381140090756,0.0,4.062104814412578,-1,2932714484.0,1.6337941043615893,1,0.09222045889961461,0.024987157075970306
2021-01-27,855.2976684570312,868.8380370064367,852.13828693381,868.8380370064367,42370131.0,-0.0236991895974183,40.997796706874865,0.8992439172894819,897.2928507989973,25.053484723830433,13.540368549405457,0.0,3.1593815232212137,-1,2890344353.0,1.2723945898141509,1,0.11873353710444322,0.0036938970369471266
2021-01-28,846.9703369140625,868.0707040284875,844.0140279643443,848.5951547796549,34067814.0,-0.0097361794028871,39.40868863888384,-2.863443382977721,895.319418881941,24.98228410528134,1.6248178655923766,19.475549248832635,2.9563089497181636,-1,2856276539.0,1.0006890099269932,-1,0.129732818502715,0.0034904515788468805
2021-01-29,831.3538818359375,863.4670185270817,825.9602859922227,854.9817319108826,43712383.0,-0.0184380188980686,36.547711504897514,-7.024543030354039,892.8109664487645,25.87688756453689,23.62785007494506,8.485286616199119,5.39359584371482,-1,2812564156.0,1.205517265960217,-1,0.1509541325494723,0.006487725578190315
2021-02-01,855.4330444335938,859.8110390936073,834.0844184137254,839.2297544881135,34180952.0,0.0289637940277376,43.373961505095046,-8.283767184692238,891.3451655854245,26.061192542617814,16.203289945480265,4.377994660013542,5.145336074388069,1,2846745108.0,0.9086077784931011,1,0.11855649268690027,0.03445361227644159
2021-02-02,869.1990966796875,875.6081736879117,837.2213427448476,863.9860695183817,41470034.0,0.0160924952989263,46.891597183311426,-8.077790292423288,890.4766922950034,26.941595285506843,5.213027161305831,6.409077008224244,26.764726773534107,1,2888215142.0,1.0840139333761765,1,0.1008412106791813,0.04974557710958937
2021-02-03,871.38818359375,881.0243335187519,857.554427887479,870.3275152709535,30301696.0,0.0025185103417901,47.45063402904476,-7.64972977921127,889.7281233263268,26.693617453061556,1.0606683227964595,9.63614992500186,12.77308738347449,1,2918516838.0,0.7956227903847715,1,0.09807569568353385,0.0521327904794108
2021-02-04,868.5220336914062,875.6081377765653,859.8110520523379,868.3865924082124,25626981.0,-0.0032891769205811,46.75666309581969,-7.455817064155667,888.8965119680947,25.915293758144827,0.13544128319381343,7.086104085159036,8.575540355874523,1,2892889857.0,0.6823717061891058,1,0.10169937985717871,0.04900479901274001
2021-02-05,868.2738037109375,877.7069402051127,866.5812949964159,871.1172947571725,20248046.0,-0.0002858073495426,46.69297023182271,-7.238726393375714,888.0877783109513,24.85889029032711,2.8434910462350445,6.589645447940143,1.6925087145216366,-1,2872641811.0,0.5676208460367808,1,0.10201434365589701,0.04873291988986654
2021-02-08,880.776123046875,888.6972004305863,870.6660182415897,872.4713450669083,21183400.0,0.0143990516384389,50.3606734569626,-5.988812486127131,887.8010467319679,24.542069320992947,8.30477797996673,7.921077383711349,1.805326825318616,1,2893825211.0,0.6098249409407515,1,0.08637162256406249,0.06223583453310191
2021-02-09,882.8973999023438,897.9948961529354,881.1597638793062,885.5152551213864,19604141.0,0.0024084177578866,50.97698621615901,-4.77206796649466,887.6087468562964,24.018976734212053,2.617855219042667,12.479641031549022,1.7376360230375667,-1,2913429352.0,0.6267998264182384,1,0.08376147218912869,0.06448893599235746
2021-02-10,891.0892333984375,895.8058015904561,869.8760478719553,881.8141615916637,21234156.0,0.0092783527247897,53.38400080132669,-3.110915964627111,887.7452365246157,24.15546080451839,9.27507180677378,4.716568192018599,11.93811371970844,1,2934663508.0,0.7281207319683524,1,0.0737983919532741,0.07308914187844683
2021-02-11,927.8287353515624,931.665204017788,890.1640575276463,893.6619528050209,42539278.0,0.0412298797652483,62.319722580873275,1.156794915884575,889.317138439398,25.39443835349149,34.166782546541526,3.8364686662256418,3.497895277374596,1,2977202786.0,1.4174983922999513,1,0.0312788874204883,0.10979229838224494
2021-02-12,921.4647827148438,937.8937101488063,909.6395460369704,927.7384783498696,30497029.0,-0.0068589734228347,60.16822817710392,3.9795944561954,890.5778303717685,25.598704479087527,6.273695635025888,10.155231798936711,11.825236677873363,-1,2946705757.0,1.0630375657640365,1,0.03840125402407761,0.10364421789538523
2021-02-15,917.4027099609376,930.3563061780628,913.9725053748316,924.375996830397,15791099.0,-0.0044082778095311,58.77346194499571,5.821798042096589,891.6297864340889,24.940497073669217,6.9732868694593435,5.980309347665866,3.430204586106015,-1,2930914658.0,0.5881319361870235,1,0.042999083740291086,0.09967533666061275
2021-02-16,929.5438232421876,938.5255683500038,918.4858688517324,920.6297689320974,21421660.0,0.0132342243481784,61.636014181641755,8.167296520243099,893.1166114069556,24.667808596197574,8.91405431009025,8.98174510781621,2.143900080364915,1,2952336318.0,0.8622208396988971,1,0.02937608963145765,0.11143480776266404
2021-02-17,940.2633056640624,945.9953555067548,925.5268870227972,929.7695004811928,23742994.0,0.0115319817676655,64.01195078258756,10.766978580704063,894.9655013778226,24.367855731037576,10.49380518286955,5.7320498426923905,4.242613458395681,1,2976079312.0,0.981566553329732,1,0.017640675910819522,0.1215649052592912
2021-02-18,933.2449340820312,951.6146304224952,929.3633380518262,941.0531936529034,18646877.0,-0.0074642619144585,61.33366292177133,12.121195811493521,896.4666556015171,24.216672633868395,7.80825957087211,10.561436769591865,3.88159603020506,-1,2957432435.0,0.7937925920830171,1,0.02529373690231231,0.11495872538042447
2021-02-19,938.9318237304688,950.0574695218014,926.745509641073,928.4155145358284,23403483.0,0.0060936732049141,62.69566756899591,13.497713946471777,898.1319563124564,24.152050294358396,10.516309194640371,11.125645791332659,1.6700048947553796,1,2980835918.0,0.9830747823284935,1,0.01684855841145957,0.12031921262333937
2021-02-22,906.3447875976562,943.2648094400308,900.409664928644,938.7964999678288,23804335.0,-0.0347064987139758,51.50089917691742,11.82282682286609,898.4540281275623,25.487985595574713,32.45171237017257,4.468309472202009,5.93512266901223,-1,2957031583.0,0.9890242373672629,1,0.04994770582267101,0.08869086324035637
2021-02-23,913.2728271484376,926.5649358038844,908.8270818640342,924.3533449611236,25644108.0,0.0076439337938321,53.40574627950018,10.928524375968209,899.03515750093,25.111711496335676,11.080517812686026,2.2115908427607565,4.445745284403415,-1,2982675691.0,1.0393801205867979,1,0.041982857843011,0.09560400633930577
2021-02-24,930.2208862304688,932.1390906998176,914.4914901976812,916.2291858661802,10807663.0,0.0185574984585374,57.774846129339515,11.45530039846426,900.2581272550296,24.66560807169599,13.99170036428859,1.9182044693488933,1.7376956684989864,1,2993483354.0,0.45737327197715993,1,0.02299856357635688,0.11208155157721837
2021-02-25,967.8403930664062,971.2931609562636,935.6369439506498,936.9909986645048,34855693.0,0.0404414772800714,65.50653319062522,14.738458221822611,902.9084121888092,25.83751283270305,30.849394401901463,3.4527678898573413,1.354054713855021,1,3028339047.0,1.524646326593326,1,0.0035674971974644968,0.1465945295222337
2021-02-26,941.4141235351562,963.1237666915108,934.5987828713652,955.496076817354,37481215.0,-0.0273043672495665,57.53660022160926,15.034694750771905,904.4184400847444,26.36637693001291,14.081953282197787,7.627689874156772,6.815340663791062,-1,2990857832.0,1.590889383898269,1,0.03173846309943483,0.11400902369978382
2021-03-01,948.5905151367188,953.2393924295696,930.8977886745398,952.4269238065036,17680764.0,0.007622991223686,58.99560078151112,15.667929027984883,906.1506783220767,26.078893131799834,3.8364086697848734,0.8124686230660245,17.69272646217894,-1,3008538596.0,0.7444883546335946,1,0.023933030593577827,0.11740489770321996
2021-03-02,950.53125,961.3635079846885,942.903560122856,957.7527951178306,17150760.0,0.0020459142615414,59.4018492248912,16.140317308023327,907.8910928976816,25.53468275537359,7.221545117830601,3.6107128668578525,7.627689877144007,-1,3025689356.0,0.7353964077507399,1,0.021842428595865302,0.09781563953054773
2021-03-03,993.9055786132812,1001.9395335212856,951.0730007855624,957.3241328149178,31924461.0,0.045631670303613,67.21879953972002,19.786547248052784,911.264209984568,27.382797095795876,36.58144579836346,8.033954908004375,6.251132029355404,1,3057613817.0,1.3224749697864775,1,0.008083217441251839,0.13491676618621554
2021-03-04,982.0577392578124,988.4216890350316,973.865839474236,983.9308164628376,21435754.0,-0.0119204878314488,63.61561971936008,21.47266560293258,914.0404268188129,26.85829295602797,1.8730772050251971,4.490872572194007,8.191899783576332,-1,3036178063.0,0.8778372927023397,1,0.02024503597772047,0.11758620664062741
2021-03-05,983.3441162109376,998.3513582522688,971.7671384426376,973.098629670046,25511666.0,0.0013098791463088,63.84224607046843,22.651612725062705,916.7582185596806,26.83871630271392,10.245486540891648,15.00724204133121,1.331491227408378,1,3061689729.0,1.035811486970909,1,0.018910386510472697,0.11538999061305437
2021-03-08,988.9407958984376,1007.3556183257851,978.5147413680846,978.7403773670584,19506841.0,0.0056914762545845,64.86754569603104,23.763609986987376,919.5889078670829,26.981727778070105,10.200418531379228,18.41482242734753,0.22563599897375752,1,3081196570.0,0.8060713906063839,1,0.018620753136812346,0.12039623455751346
2021-03-09,988.9181518554688,999.1862609710788,968.8559482883368,992.9576927650288,15154484.0,-2.289726853488272e-05,64.8595320276502,24.362216180372457,922.3077017489803,27.2209124141181,4.03954090956006,6.228568206049999,20.062203567131974,-1,3066042086.0,0.6545950393586994,1,0.018644077303791917,0.12037609357271822
2021-03-10,984.8109741210938,999.7730887336928,979.5302558776189,996.1171885060364,11519358.0,-0.0041532028982063,63.33127520591546,24.225939433640065,924.7588104694554,26.72247815997209,11.306214384942677,3.655900227656389,5.280718243474894,-1,3054522728.0,0.4960515284328554,1,0.022892356804626014,0.09610668349620723
2021-03-12,964.7938232421876,995.8462898296174,958.6103823666097,990.7009535816272,16864952.0,-0.0203258812146877,56.36107504677813,22.246281064137634,926.3288109703469,27.473437395903208,25.907130339439618,5.145336247990144,6.183440875577958,-1,3037657776.0,0.7872348375816478,1,0.04411491249038961,0.06673359298381572
2021-03-15,951.8402709960938,969.894016181107,939.022056998036,965.899662068002,16698099.0,-0.0134262387818397,52.34610172890144,19.408415996444432,927.3292603831214,27.716188952129478,14.059391071908294,3.9943541131049187,12.818213998057786,-1,3020959677.0,0.8631866610340513,1,0.05832422626077272,0.054032811633014835
2021-03-16,948.0940551757812,959.558213666829,945.7922099765842,954.142054646313,13873801.0,-0.0039357610036735,51.209924383572066,16.66499548199954,928.143566061265,26.719747147709146,6.0479994705317495,5.416159020516034,2.3018451991970323,-1,3007085876.0,0.7315855370224925,1,0.06250599592570645,0.05029499972795032
2021-03-17,927.6707153320312,949.177286837256,918.5309656400524,946.94313243389,19210236.0,-0.0215414702077879,45.42171819774846,12.696465171385967,928.1250228954127,27.000216722673038,19.272417101858764,2.2341544033660057,9.139749691978864,-1,2987875640.0,1.0021007236883248,1,0.08589783171632526,0.0293865592098916
2021-03-18,906.796142578125,940.9629260845496,903.1402423037732,935.5918936777656,20647480.0,-0.0225021361663172,40.395942329209525,7.777320632315764,927.2885962163034,27.773250083966136,28.795751099640597,5.371032406784025,3.6559002743517794,-1,2967228160.0,1.144394985705538,1,0.11089535015197359,0.007042903415230125
2021-03-19,939.6990966796876,945.9502287147974,894.9257507304794,898.6267780925764,41787429.0,0.0362848412742644,49.820625896935525,6.459396655307728,927.7752825089851,29.43405207684841,41.072318587111226,6.2511320351097766,3.7010273620969656,1,3009015589.0,2.0813131673704963,1,0.07199807032395117,0.04764647120275986
2021-03-22,930.8527221679688,936.088313055874,917.6734905482226,934.7343179799378,18572478.0,-0.0094140502454204,47.63953589739271,4.6475300837220175,927.8959664171806,28.904877366463882,3.8815958119690777,1.3539950759361545,13.179231619746133,-1,2990443111.0,0.958158374963122,1,0.08218582202739881,0.03859576341337319
2021-03-23,942.1815185546876,952.2013688377596,927.9641819762402,930.64966827358,17421165.0,0.0121703424364854,50.620872114225605,4.078734845280906,928.4561841480632,28.57147090182499,11.531850281107609,10.019850283071946,2.6854862973398212,1,3007864276.0,0.9085377868191582,1,0.06917361303273599,0.05015569388019714
2021-03-24,924.0374755859376,938.6835805295864,920.9232211318064,938.6835805295864,16822814.0,-0.0192574812936079,46.09410802797462,2.1392281983366956,928.2829014593524,28.049101367614725,14.646104943648766,0.0,3.114254454131242,-1,2991041462.0,0.8697655001908511,1,0.09016749313875501,0.031504917954759654
2021-03-25,898.8298950195312,927.0614969311192,895.9187129062007,927.0614969311192,22001648.0,-0.0272798249339638,40.654709467444775,-1.4155680881658554,927.1278815989673,28.27007870027929,28.231601911587973,0.0,2.9111821133305966,-1,2969039814.0,1.0790405587928544,1,0.12074111453969348,0.004343585266450214
2021-03-26,900.2741088867188,908.872213015406,890.8184686126791,908.1049312659724,20180202.0,0.0016067710644582,41.08367867537187,-4.069325119944438,926.0747924729968,27.540340536168404,7.830822379253618,0.7672817494336641,9.455640274039638,-1,2989220016.0,0.9738758159192761,1,0.11894322893666648,0.010503068099706329
2021-03-30,915.9132080078124,924.75957159082,898.8749446091667,906.2995626603248,20441701.0,0.017371486047103,45.66396577671751,-4.854541951479177,925.6762989645582,27.422075282274466,9.61364534748759,8.846363583007587,7.424618051158063,1,3009661717.0,0.9689894935675497,1,0.09983741856596612,0.027398599753481474
2021-03-31,904.0879516601562,925.2108826971944,902.2374380883726,910.8130382876154,16250796.0,-0.012910891822793,42.94529755593656,-6.3577432010532675,924.8296971094836,27.104315948456417,6.725086627459177,14.397844409578965,1.8505135717836083,-1,2993410921.0,0.7617467227710413,1,0.11422303159333205,0.01467720372018086
2021-04-01,912.5507202148438,916.2291839450849,904.1105608753422,910.813084242052,11723312.0,0.0093605589358285,45.44838917863647,-6.787919415575857,924.3481686038115,26.03552425820443,1.737635972791736,3.6784637302411056,6.702523366709784,1,3005134233.0,0.5695102029266352,1,0.10389000415080629,0.023814842419989726
2021-04-05,899.3489990234375,913.9725410564148,885.5829932474485,913.9499774544976,14875099.0,-0.0144668355401639,42.32862184052474,-8.100725611276061,923.3678090124243,26.203668797544562,14.60097843106007,0.02256360191722706,13.766005775989015,-1,2990259134.0,0.7434700374122629,1,0.1200942230653808,0.015306633788370144
2021-04-06,895.6027221679688,904.9229807916712,888.6971267728383,904.4942127215924,14009194.0,-0.004165542919975,41.45890959809005,-9.335809808784802,922.2789820773477,25.490967741922304,8.891490553623612,0.42876807007883144,6.90559539513049,-1,2976249940.0,0.813077385990256,1,0.12477954051691385,0.011187693686622228
2021-04-07,903.97509765625,923.8568508845016,899.6647938214671,902.6887934928392,24266353.0,0.009348314024788,44.217413568783094,-9.529195567781699,921.561182688285,25.68833638296591,1.2863041634108185,19.88175322825157,3.023999671372053,1,3000516293.0,1.3633373568036242,1,0.11436213335696016,0.020345808702570464
2021-04-08,905.103515625,912.6183880971798,899.529411169469,907.6536202120652,15369188.0,0.0012482843517211,44.59634202848768,-9.48209755732023,920.9157839799209,24.788382136161978,2.5501045870652206,4.964767885114611,5.574104455531028,-1,3015885481.0,0.8735455940746994,1,0.10459529929382802,0.021567171092106558
2021-04-09,894.5872192382812,905.554859812808,893.661932570132,901.9892738152234,14037885.0,-0.0116188880113419,41.74996637933306,-10.17604614912068,919.8832912449546,23.867278215198695,7.4020545769421915,3.5655859975845487,0.9252866681492833,-1,3001847596.0,0.8107103089804117,1,0.11758034010923464,0.01006522985930834
2021-04-12,862.5869750976562,885.2670360594527,857.6673339221142,884.1838040998745,20901482.0,-0.0357709605642169,34.52821872007314,-13.156497756203635,917.6363768862371,24.799607293839294,21.596829002218215,1.0832319595782565,4.919641175542097,-1,2980946114.0,1.2148124870521215,-1,0.15448797463800612,0.005703356667291584
2021-04-13,871.9071655273438,875.8790157297038,865.6109063786529,868.3866470158723,19411189.0,0.0108049283130344,37.897604285837126,-14.598186841365191,915.8430744800061,23.977638246568457,3.520518511471437,3.9718502023600877,2.775740637219428,1,3000357303.0,1.13326053782068,-1,0.11238220595939151,0.01633182082706834
2021-04-15,877.5489501953125,885.0863863250735,863.421868505896,869.4247410901053,19723716.0,0.006470625418655,39.91341828038568,-15.111297326695308,914.3413441159005,23.812415358897674,8.124209105207228,7.537436129760977,6.002872584209285,1,3020081019.0,1.1563535513129077,-1,0.09345263697627815,0.02265584873501743
2021-04-16,872.0426025390625,880.0765578540482,869.4924977392149,874.0736848152176,15656948.0,-0.006274690038686,38.59660847617013,-15.780351254142602,912.6825699364167,22.86753284146451,2.0310822761550753,6.002873038830671,2.550104799847645,-1,3004424071.0,0.921135837623892,-1,0.0919206998205187,0.01648459441670961
2021-04-19,858.3216552734375,864.9564280013587,853.0409372873982,859.3597599294095,18478808.0,-0.0157342625528554,35.457426516128365,-17.21925424123367,910.5507693613979,22.59139944219307,1.0381046559720062,5.596668071949239,5.280717986039349,-1,2985945263.0,1.0455962445101668,-1,0.10937591168478043,0.006152376505468756
2021-04-20,858.0734252929688,866.1298835841033,853.2440391612164,862.2934748740392,17203668.0,-0.0002892039120109,35.40132924492292,-18.17017089063029,908.4928342998909,21.898145512242625,4.220049581070498,3.8364087100640063,4.829386131752358,-1,2968741595.0,0.9607851416948917,-1,0.10969684035215642,0.005864868736439863
2021-04-22,860.4430541992188,864.0763909126439,847.038126173648,854.0565402952617,14490954.0,0.0027615689245252,36.43519003960293,-18.519093356859685,906.6085291979037,21.551011171296427,6.386513903957052,3.6333367134251375,7.0184141216136595,1,2983232549.0,0.8071147701964959,-1,0.10664077557571401,0.015579099581489635
2021-04-23,859.517822265625,866.0848449417196,855.4557174605446,860.262540485022,11828857.0,-0.0010752971147577,36.19163247874388,-18.65522953613697,904.7618348084027,20.77087662200203,0.7447182193969866,5.822304456697566,4.0621048050803665,-1,2971403692.0,0.7078794869226974,-1,0.10783202415492402,0.014519415151952767
2021-04-26,874.6378173828125,885.5378273951245,862.7448895453444,866.5813583165724,20846778.0,0.0175912525901236,42.90809827177808,-17.34314027082496,903.5805007917129,21.145814372537565,8.056459066240109,10.90001001231201,3.836468771227942,1,2992250470.0,1.207946666677483,-1,0.07322546758659333,0.03155556581323146
2021-04-27,897.566162109375,901.4251348981196,874.8184105130574,875.6082559520604,19992524.0,0.0262146734006667,51.28250184106295,-14.288465736956368,903.3446443727977,21.548778882735387,21.957906157314596,3.858972788744609,0.7898454390029883,1,3012242994.0,1.119810261884672,1,0.032861460321127835,0.05629449735157212
2021-04-28,901.47021484375,906.2996013229372,893.7297060704715,901.7184741400474,17122437.0,0.0043495988364803,52.558544053003246,-11.420936288739199,903.2711373324429,20.90743005200184,0.2482592962974195,4.581127182889759,7.7405087732785205,-1,3029365431.0,0.9797917585364897,1,0.026335498902267464,0.060381461055301275
2021-04-29,913.543701171875,922.7737059327088,905.9837012820784,913.024618984416,17412606.0,0.0133931062050871,56.364967261608854,-8.081016173063517,903.6739829732049,20.935720126070198,0.5190821874590483,9.230004760833822,7.040917702337538,1,3046778037.0,1.007923045982382,1,0.012771344720950923,0.07279955508741945
2021-04-30,900.2064208984375,918.9371927131187,897.0696030939774,906.5252433975188,19828769.0,-0.0145994989143143,51.45368583553076,-6.436120877203621,903.5380001467435,21.002282232718134,6.318822499081307,12.41194931559994,3.1368178044600654,-1,3026949268.0,1.1470843196744944,1,0.027776364640680486,0.059062336693539295
2021-05-03,884.2063598632812,893.2106694861402,877.007436823715,887.3431780134558,23640186.0,-0.0177737690641971,46.24757325096293,-6.3503972849360935,902.7798966062155,21.159189507147016,3.1368181501745767,5.867491472684378,7.198923039566239,-1,3003309082.0,1.3072028127509687,1,0.04484302852939352,0.042035700461802016
2021-05-04,865.0466918945312,888.1555786981006,862.5192105636345,880.1216239409943,21849830.0,-0.0216687742120657,40.90963340223039,-7.73927228810328,901.3001630881103,21.47898798052695,15.074932046463005,8.033954757106358,2.5274813308967623,-1,2981459252.0,1.1860944633933632,-1,0.06798495334531678,0.020818027384675395
2021-05-05,866.62646484375,874.9311830141904,861.1877417678091,868.0933376376232,12393609.0,0.0018262285308079,41.50909920628409,-8.613203610440792,899.9404102157824,20.92644892808797,1.4668727938732218,6.837845376567202,5.438723075940857,-1,2993852861.0,0.6908114001411877,-1,0.0660381241081416,0.022602977712703105
2021-05-06,871.546142578125,873.3515291463112,860.5333143582229,867.4163469186785,14624666.0,0.0056768145607715,43.433663602289705,-8.807298546732909,898.8269095241096,20.347289346659426,4.129795659446472,1.8053865681862362,6.883032560455604,1,3008477527.0,0.8145619170367481,-1,0.06002058382317659,0.0281201593434625
2021-05-07,871.8846435546875,882.6717759114722,869.2894115930914,874.5926935213764,12288548.0,0.0003883913427247,43.571242738212625,-8.831996227501122,897.7703500743285,19.849794701782383,2.708049966688918,8.079082390095778,2.5952319615961414,-1,3020766075.0,0.6826972893709589,-1,0.058366737795203974,0.028497482510690654
2021-05-10,869.379638671875,878.677334300937,867.010102487007,875.1568754240988,13941237.0,-0.0028730921014958,42.74274697932817,-8.950526181974055,896.6569888428597,19.265325924078642,5.777236752223757,3.5204588768382337,2.369536184868025,-1,3006824838.0,0.8054123087462812,-1,0.061416284538711216,0.025698223772939306
2021-05-11,872.5165405273438,874.9537675806936,862.0678622246373,864.324640162575,13478264.0,0.0036082071812273,44.17428110255562,-8.691154047498344,895.7103045951925,18.809653026362756,8.191900364768799,2.4372270533498295,2.2567779379376134,1,3020303102.0,0.8091158423243605,-1,0.05760024374436494,0.029201067452883714
2021-05-12,863.4895629882812,872.4036175039552,860.7138223730607,871.1398768410697,13177961.0,-0.0103459099280875,40.99772134537588,-9.108998543005328,894.4467461008038,18.309157678357064,7.650313852788486,1.263740662885425,2.7757406152205704,-1,3007125141.0,0.8102749239348936,-1,0.06865646729910983,0.01905227060035291
2021-05-14,874.3895874023438,876.5108642766377,860.2625054108522,870.2146050700743,13291616.0,0.0126232265927346,46.04321214756385,-8.463045718215085,893.6601908577269,18.16195776317338,4.174982332269451,2.121276874293926,9.952099659222085,1,3020416757.0,0.8385100671366185,-1,0.05533473777301683,0.031280634653887
2021-05-17,884.7930297851562,886.1921519936135,871.2752254332202,874.3895393110239,11873078.0,0.0118979486177543,50.40262135293823,-7.030608121608566,893.3124590509594,17.930169820117662,10.403490474132354,1.3991222084572428,3.1143138778037383,1,3032289835.0,0.7885997113623134,1,0.04292605713312973,0.042670887247694286
2021-05-18,897.2501831054688,903.8623926091062,890.2768962963072,894.1133650520243,12064918.0,0.0140791720786241,55.08239227262398,-4.83447403465118,893.4668796021167,18.011540748962826,3.136818053444472,6.612209503637473,3.8364687557170782,1,3044354753.0,0.8680813401989141,1,0.028446383525830798,0.05596215846736523
2021-05-19,901.3573608398438,910.1134700489604,890.0512067367108,893.6619198826413,16317002.0,0.0045775167413837,56.538456030051556,-2.731124329197087,893.7763102388903,18.158020932054736,7.695440957202436,8.75610920911663,3.6107131459305037,1,3060671755.0,1.2226970460498734,1,0.02376010450828326,0.060263816579456925
2021-05-20,896.0992431640625,907.6085298258828,894.1133478678807,901.7410386469028,11422532.0,-0.0058335549297361,54.11970758518757,-1.4715278294969494,893.8674056477207,17.824961005336686,5.64179548284028,5.8674911789800035,1.9858952961817522,-1,3049249223.0,0.8622091898644006,1,0.029767308668246048,0.054749646721252834
2021-05-21,903.8397827148438,907.0217278069956,896.3700373777015,899.0780871843959,10785605.0,0.0086380382639872,57.03377486489676,0.14958401140734168,894.2584792581961,17.331926979450717,4.76169553044781,3.1819450921518637,2.7080498066944756,1,3060034828.0,0.8384282645840381,1,0.020948318031536146,0.05353168357888492
2021-05-24,896.2120361328125,907.1120455871036,894.5646545808229,906.2995769189343,8551760.0,-0.0084392684720293,53.432248853413746,0.8095000111400168,894.3350893317105,16.99017440993857,10.08754078612185,0.812468668169231,1.6473815519896107,-1,3051483068.0,0.6846667719688948,1,0.02963770707042821,0.040112751528180564
2021-05-25,886.0568237304688,901.3348284850034,884.6350781454706,901.0640055897504,14780102.0,-0.0113312608991102,48.99621914493195,0.5072007308446018,894.0104514649951,16.969429833481016,15.007181859281673,0.27082289525299075,1.4217455849981206,-1,3036702966.0,1.1754229692191296,1,0.04143851863546964,0.029111359033405466
2021-05-26,889.1710815429688,893.436318314461,887.0272410491106,891.4052361303035,7480204.0,0.0035147382527775,50.35733872922864,0.5130073227117009,893.8206722523665,16.28443445851753,2.2341545873347286,2.031082184157526,2.1438404938581925,-1,3044183170.0,0.6246789317192604,1,0.03779095506730809,0.03251182672512449
2021-05-27,891.9017944335938,899.5294855338184,885.6506620923865,889.2839988316376,26819294.0,0.0030710770371507,51.57758233988461,0.7295450560739027,893.7454221418265,16.112605100154273,2.617795601956118,7.627691100224638,3.633336739251149,1,3071002464.0,2.010651168921178,1,0.034613577068448906,0.035473960496776674
2021-05-28,945.4763793945312,950.0800703747384,898.1754900723914,898.1754900723914,56469931.0,0.0600678071232723,68.1294875806208,5.164639287859018,895.7740871321287,19.117295874510727,47.300889322139824,4.603690980207148,0.0,1,3127472395.0,3.1982620893293645,1,0.0048691760899995,0.09012797764260247
2021-05-31,975.039306640625,989.2115150434242,941.0756583298828,948.7259121956556,59124142.0,0.0312677586562504,73.51034131769846,10.938868118286564,898.8825271128541,21.19005022015578,26.31339444496939,14.172208402799242,7.650253865772811,1,3186596537.0,2.641646563425972,1,0.014535012390041792,0.11771505050931924
2021-06-01,978.9208984375,993.8603885283871,968.810734795466,977.611970938607,28013832.0,0.00398095930127,74.12798708629026,15.647819759901836,902.0212867726442,21.465736185353304,1.3089274988930129,14.939490090887148,8.801236143140954,1,3214610369.0,1.1683899499944121,1,0.015261182098301043,0.1212134639438629
2021-06-02,993.5219116210938,997.2455024822108,973.5499025688986,973.5499025688986,24630162.0,0.0149154167685041,76.36080640200586,20.323599792794198,905.6095465706226,21.625012165921795,19.972009052195176,3.7235908611170316,0.0,1,3239240531.0,0.9928411744642898,1,0.0037478698935198957,0.13412830119952462
2021-06-03,997.3132934570312,1015.5250451063384,991.1976022674736,1002.43600708653,23974257.0,0.003816102887707,76.91786208366958,24.0577986568411,909.205771938717,21.81804292827487,5.122713629498776,13.089038019808413,6.115691189557651,-1,3263214788.0,0.919860430575015,1,0.01826081309533034,0.13741999524654266
2021-06-04,988.6700439453124,1000.382403586374,985.8491162192328,999.6376853522006,14468646.0,-0.0086665339451741,72.71125636277927,26.01980010030934,912.32201789976,21.297703245336756,10.96764140688822,0.7447182341734333,2.820927726079617,-1,3248746142.0,0.5474071527423635,1,0.0271627539698285,0.12987906260621257
2021-06-07,1005.3245239257812,1011.9141694726092,986.1875471509084,993.8604245557927,16336573.0,0.0168453369073555,75.4925189216909,28.589021285510853,915.9691749988198,21.614054607934186,11.464099369988503,6.58964554682791,7.672877404884389,1,3265082715.0,0.6003948744143925,1,0.010146495920266885,0.14429372313376326
2021-06-08,999.54736328125,1005.2117222594064,992.1227450436448,1004.9635226595292,9674735.0,-0.005746562932705,72.72365141318707,29.815286934347,919.2467510098954,21.013177770377204,5.41615937827919,0.24819959987723905,7.424618237605159,-1,3255407980.0,0.36236078672325844,1,0.015984917185552797,0.13934793186103997
2021-06-09,981.6741333007812,1002.4359284900112,973.9786921208428,1001.5332651004172,11409161.0,-0.0178813237241661,64.8045315400748,29.010476296852403,921.6948836487537,21.544896241719435,19.859131799635975,0.902663389593954,7.695441179938484,-1,3243998819.0,0.4211254293336051,1,0.03448283972985707,0.12367813694111972
2021-06-10,985.284912109375,1006.4980988117626,982.825061835388,989.9788572705108,14155653.0,0.0036781847316815,65.61905129457764,28.337362268767606,924.1886102550526,21.779115475238143,4.693945161135844,16.519241541251745,2.4598502739869446,-1,3258154472.0,0.5481225274541541,1,0.030691765016702628,0.12688959828976273
2021-06-11,1002.3753051757812,1009.1011952964064,987.4063735342976,988.6745798453264,13762778.0,0.0173456356190595,69.24682867757456,28.85039702392703,927.2547551539047,21.92462745465195,13.700725330454816,6.725890120625195,1.2682063110288482,1,3271917250.0,0.6384960285235803,1,0.013118579301244047,0.1307894149682496
2021-06-14,1016.7554321289062,1022.8018743951756,994.1774433422952,1003.2132032493698,20332436.0,0.0143460507046342,71.9306324111564,30.070700511849054,930.7645856235127,22.40318485452541,13.542228879536424,6.04644226626931,9.035759907074635,1,3292249686.0,1.1502964051467972,1,0.005946801044976103,0.12994310117114294
2021-06-15,1019.0652465820312,1030.3428892787051,1014.671929257574,1024.04738247787,15174215.0,0.0022717502952394,72.3480641277576,30.868351400221286,934.2273566414939,21.922311652140106,4.982135895838837,6.295506800835028,4.393317324457257,-1,3307423901.0,0.9257163933106902,1,0.011066654205409657,0.1319151731328711
2021-06-16,1001.6732177734376,1017.7291568032896,999.0689384128792,1016.7554197633552,10797349.0,-0.0170666489382569,64.56248554647578,29.754117161078398,936.8722923721584,21.784739974783815,15.082201989917621,0.973737039934349,2.604279360558394,-1,3296626552.0,0.719411748758142,1,0.028621781032536424,0.11684263645196026
2021-06-17,1003.507568359375,1012.271561363534,987.315775310826,996.419402245226,15745975.0,0.0018312864449097,64.99041065965011,28.688393320615887,939.4854404500885,22.011243266064117,7.088166114148976,8.763993004159033,9.10362693440004,1,3312372527.0,1.1099852083274457,1,0.026741523198676943,0.11845699420906997
2021-06-18,1008.0367431640624,1012.2715649781592,989.331239663787,1007.9688163777718,29369026.0,0.0045133439422806,66.0795599719236,27.88779293634684,942.1737268310287,22.077606269514696,0.0679267862906272,4.23482181409679,18.6375767139848,1,3341741553.0,1.873527638010412,1,0.022128306597860102,0.12241782440514433
2021-06-21,1013.29052734375,1017.9329096042336,996.487334242786,998.0046053152496,12186448.0,0.0052118974980979,67.34850077157594,27.36183760760582,944.9626209687825,22.03246120465276,15.285922028500408,4.6423822604836005,1.5172710724635863,1,3353928001.0,0.7985469888506861,1,0.01682869964220069,0.12696797781731767
2021-06-22,1008.0820922851562,1024.047523693767,1005.1834033496904,1020.877007795391,12871913.0,-0.0051401201511743,64.76195858088192,26.222460834173376,947.4378943537383,21.806151143183037,12.794915510234773,3.1705158983760384,2.8986889354658842,-1,3341056088.0,0.8261555662729441,1,0.022082325600177363,0.12144986120647958
2021-06-23,998.842529296875,1019.3370107371755,997.1893446925246,1019.0653035968686,16653951.0,-0.0091654866791023,60.33514859058822,24.29389610567614,949.4537623907241,21.830545064716457,20.222774299993603,0.271707140306944,1.653184604350372,-1,3324402137.0,1.0340873935198556,1,0.03153686297679422,0.11332303529783497
2021-06-24,975.3587646484376,1003.0320420254984,969.24439537304,999.5219522378007,91461975.0,-0.0235109779165777,50.825701609106396,20.632710080275274,950.4696448322031,22.68462374955517,24.163187589363133,3.510089787697666,6.114369275397621,-1,3232940162.0,3.8371993855612634,1,0.05637323067485451,0.07913321474469596
2021-06-25,953.14306640625,975.3587188779936,942.567453114288,975.3587188779936,55355022.0,-0.0227769504385343,43.79377695414529,15.756936439000242,950.5744848939304,23.40653001988334,22.215652471743624,0.0,10.575613291961986,-1,3177585140.0,1.977330100688945,1,0.08099500021914957,0.012660647180560628
2021-06-28,944.7868041992188,963.1299720367884,942.5222185353294,961.0918688993542,20277042.0,-0.0087670597432323,41.46965950913638,11.090723222750853,950.3475170235496,23.206617411424457,16.305064700135404,2.038103137434291,2.2645856638893065,-1,3157308098.0,0.7244571348851144,1,0.0905559695575997,0.0023969277024447028
2021-06-29,945.60205078125,955.2039275943256,943.9262837366044,946.3720075153032,27144063.0,0.0008628894671345,41.79420345816333,7.373502074423982,950.1614203081654,22.35454787187422,0.769956734053153,8.831920079022439,1.6757670446455677,-1,3184452161.0,0.9300282991906429,1,0.08961575160231813,0.003257006732775188
2021-06-30,955.951171875,961.3861531398233,947.0739679222726,949.4291224770184,19762858.0,0.0109444782667291,45.895533770981885,5.202691722678878,950.3884693892177,21.885230335209865,6.522049397981618,5.43498126482325,2.355154554745809,1,3204215019.0,0.6569481585927929,1,0.07781957864834603,0.01404773981638732
2021-07-01,950.1991577148438,961.6126545352092,948.863024683412,959.280142195751,12534407.0,-0.0060170585374923,44.038202969394064,2.983774314972379,950.3810454019874,21.232687443537532,9.080984480907205,2.332512339458276,1.3361330314317001,-1,3191680612.0,0.4211593902297924,1,0.08434414081843737,0.008079294869063827
2021-07-02,964.284912109375,966.0286658416348,947.9345627995748,949.7688855828178,14086620.0,0.0148240021896108,49.43474861746912,2.334953057615394,950.9262950767869,21.008502843432,14.516026526557198,1.7437537322598473,1.8343227832430102,1,3205767232.0,0.49893406680992736,1,0.0685046259044209,0.022568738036603336
2021-07-05,973.8641357421876,975.3814069298204,965.3945518663344,967.6364952540456,11702287.0,0.0099340179572631,52.770347626125435,2.5641627548094448,951.825818240136,20.30050227036153,6.227640488142015,1.5172711876327867,2.241943387711217,1,3217469519.0,0.41519536172801164,1,0.0579944896455959,0.03218304900711053
2021-07-06,962.3599243164062,973.2752309763288,960.2765368506977,971.486252797126,10070124.0,-0.0118129531662174,48.62208301388642,1.7968069023513635,952.2389204392055,19.821009171870706,9.126328480719735,1.7889781792027861,2.083387465708597,-1,3207399395.0,0.36087380685416637,1,0.07064193265382414,0.02061360337211479
2021-07-07,955.679443359375,963.6961219133112,950.2218196134942,963.6961219133112,10454892.0,-0.0069417696936794,46.34381987693096,0.6422098828863909,952.3738429066631,19.36767296672402,8.01667855393623,0.0,5.457623745880824,-1,3196944503.0,0.38317460895720123,1,0.07812603529157797,0.013767403825068879
2021-07-08,947.7760009765624,958.8045791709612,942.5221577829742,958.8045791709612,11185460.0,-0.0082699721519912,43.733023105947474,-0.9001815889176896,952.1935353799925,19.14729785395709,11.028578194398847,0.0,5.253843193588182,-1,3185759043.0,0.5808432682137961,1,0.08711645812625354,0.005543338497888494
2021-07-09,938.0835571289062,947.3683817256788,935.7736870853544,945.6925548959384,9037675.0,-0.010226513266499,40.70453597192792,-2.8715358798715442,951.6402028995577,18.636941856617874,7.608997767032179,1.6758268297403447,2.309870043551882,-1,3176721368.0,0.6179377492916023,1,0.09834873604667724,0.0024623286763723463
2021-07-12,943.9262084960938,951.8069732106676,939.5781755914344,941.9559723923292,8585292.0,0.0062282845944656,43.25548333231915,-3.917239720930297,951.3376933151081,18.28597572984241,1.9702361037645915,7.880764714573843,2.377796800894771,1,3185306660.0,0.6380096120737722,1,0.09155025043779043,0.008636820693567086
2021-07-13,950.9917602539062,952.5090313833668,945.7152147930674,951.1276138236502,6717133.0,0.00748527977528,46.26605876778423,-4.1282486901286575,951.3241273127081,17.592893383944602,0.135853569743972,1.381417559716624,5.276545460838861,-1,3192023793.0,0.5885162419381355,1,0.07682060612213462,0.016002318636797436
2021-07-14,944.7868041992188,954.2301252196338,942.6354298484742,951.2861518765444,8532544.0,-0.0065247211532419,44.055495185794335,-4.741505787850315,951.0677617004144,17.16445066874567,6.499347677325659,2.9439733430893966,2.1513743507445042,-1,3183491249.0,0.8291555414309663,1,0.08389270377429542,0.009539842294372125
2021-07-15,943.1336669921876,948.8630578642602,941.3899132919198,948.8630578642602,9448356.0,-0.0017497462916328,43.459720144908495,-5.29981781212075,950.7566207314643,16.472214519002435,5.7293908720725994,0.0,1.7437537002678027,-1,3174042893.0,0.9465357390984965,1,0.08579256528889206,0.007803750586388739
2021-07-16,956.7438354492188,957.808201493028,945.5114761829108,945.5794029707818,8828185.0,0.0144307948420889,49.51312836732398,-4.591133534710593,950.9914134654939,16.34380880341943,11.164432478436993,1.0643660438092866,0.06792678787098794,1,3182871078.0,0.9335874722039355,1,0.0703466129080908,0.02191824769272571
2021-07-19,950.652099609375,961.99767008388,947.6175572445412,951.1276470202398,8354449.0,-0.0063671545236385,47.08332367483409,-4.469526392513899,950.9781070397637,16.203544805985103,0.4755474108648059,10.870023063640247,3.034542364833783,-1,3174516629.0,0.9159162984761897,1,0.07720534579847917,0.015650743873741196
2021-07-20,948.3194580078124,954.7509382666392,943.88091599702,950.9010950356152,6741464.0,-0.0024537279226763,46.14940566720748,-4.509395039720857,950.8738462934127,15.822578910530396,2.581637027802799,3.8498432310240105,4.438542010792389,-1,3167775165.0,0.767073958203548,1,0.07488779453977851,0.013229477489382765
2021-07-22,960.5029907226562,961.9523350417172,950.289713605715,959.7330340406752,7972397.0,0.0128474983951487,51.55451905424342,-3.517336298431246,951.2514598004419,15.66617163362857,0.769956681981057,1.4493443190609696,9.443320434960242,1,3175747562.0,0.9335036475025952,1,0.04427789576255714,0.025746201600784425
2021-07-23,953.7092895507812,966.7306870173244,952.056104884502,966.7306870173244,9937030.0,-0.0070730661304485,48.62375604461233,-3.2419463661353802,951.3478452808474,15.595343812142413,13.021397466543135,0.0,1.6531846662792304,-1,3165810532.0,1.180807567982827,1,0.02272402881725857,0.018806152631558153
2021-07-26,940.6426391601562,960.6389323639108,938.0383595793566,954.7510454031104,12389668.0,-0.0137008735615647,43.501506065617626,-4.031593642749613,950.9280332761144,16.095717310171832,14.108406242954175,5.887886960800415,2.604279580799698,-1,3153420864.0,1.4158565879629674,1,0.03693088780313034,0.005176197497435454
2021-07-27,930.7462768554688,943.745031435626,924.8583903750484,940.6199201537044,10824523.0,-0.0105208523329575,40.059484257185595,-5.39377247759046,950.1365918478538,16.29506900662938,9.873643298235606,3.1251112819215905,5.88788648042032,-1,3142596341.0,1.2061321144024326,1,0.047956281087851,0.0063259844565938805
2021-07-28,922.7523193359376,932.1050710097164,913.195727404786,932.1050710097164,12897848.0,-0.0085887612105619,37.479739038883274,-7.0372337317722895,949.0626988081708,16.481802906508026,9.352751673778812,0.0,9.556591931151615,-1,3129698493.0,1.344555763047828,1,0.05703490144761437,0.01035661653825921
2021-07-29,929.9536743164062,939.5329082786224,925.4924300252736,930.2933681370648,13765738.0,0.0078042122783839,41.156034924393154,-7.670182365731762,948.3133252986898,16.503144766234936,0.33969382065856735,9.23954014155754,4.46124429113263,-1,3143464231.0,1.3607932521875468,1,0.0488494576321851,0.018020195386548414
2021-07-30,921.8238525390624,936.6115854453042,919.9215431668896,932.1050565925412,11350608.0,-0.0087421793169641,38.41012146594487,-8.727205598328737,947.2745224453712,16.516494588533483,10.28120405347886,4.506528852762926,1.9023093721727946,-1,3132113623.0,1.101338797233624,1,0.058099553665529075,0.009359841482199843
2021-08-02,938.6724243164062,941.7975357253354,924.4734496016514,930.429323008648,10925104.0,0.0182774309114872,46.392712853113444,-8.111856757317923,946.9371852638433,16.763436631229162,8.243101307758252,3.125111408929115,5.955873406996602,1,3143038727.0,1.0389145736873886,1,0.03910734103022967,0.02714120096813732
2021-08-03,945.5794067382812,947.051393415347,934.9132237953986,946.5984882609037,11817299.0,0.007358245797947,49.294082976846255,-6.986318677204736,946.8839390471545,16.433060416137675,1.0190815226224004,0.4529051544433287,10.666182942882642,-1,3154856026.0,1.087931903538335,1,0.02928979210067887,0.034247445643090714
2021-08-04,952.8261108398438,957.468493410625,945.239695070289,948.5912889902256,13169800.0,0.007663771069803,52.216195216946616,-5.446786023120126,947.1169653919659,16.13275598215184,4.234821849618129,4.642382570781251,3.3515939199365903,1,3168025826.0,1.1447021541022833,1,0.01459298398657947,0.04159246160889376
2021-08-05,966.6400756835938,975.9474827845528,953.0525024475676,957.604315821072,21252078.0,0.0144978865362683,57.27119873709298,-3.0765591296992625,947.8825775602651,16.63194283662021,9.035759862521786,9.30740710095904,4.5518133735043875,1,3189277904.0,1.6560530151961086,1,0.009628617036570699,0.05528877771906228
2021-08-06,946.168212890625,972.3921457790564,941.5031281309346,964.6925186544,16620987.0,-0.021178371668991,48.99849983729447,-2.817566326262181,947.8153475732204,17.650305323156037,18.524305763775033,7.699627124656331,4.665084759690444,-1,3172656917.0,1.2310597210491,1,0.03147354718559987,0.034848439248561555
2021-08-09,940.7784423828124,946.5078930939916,935.9548618556915,942.522196064497,7494143.0,-0.0056964189183087,47.07071169797189,-3.012495921614118,947.5393905069299,17.143357174237753,1.743753681684666,3.9856970294945313,4.823580527120839,-1,3165162774.0,0.5759491867266949,1,0.0373829148472662,0.029319033829224052
2021-08-10,945.7152099609376,957.0155553586312,939.238504866793,942.9750770172924,11919198.0,0.0052475347602791,49.04810891569017,-2.7370718841433472,947.4678540149301,17.188620982637783,2.7401329436452215,11.300345397693604,3.7365721504993417,1,3177081972.0,0.9083868134422827,1,0.031967628843427305,0.03438612619701318
2021-08-11,958.963134765625,960.1859966454768,943.6092248291548,949.7462363911606,9184963.0,0.0140083660124645,54.013134901353745,-1.4332776038805832,947.9186493384868,17.14491747075809,9.21689837446445,1.2228618798518482,6.137011562005796,1,3186266935.0,0.7203897182114266,1,0.017711158441016443,0.047725929914943774
2021-08-12,955.88330078125,962.9941092821113,953.3922326146494,962.4052906590396,8137612.0,-0.0032116291781412,52.726792148118335,-0.6411374730392936,948.2309886107521,16.606128841951218,6.521989877789565,0.5888186230716883,2.4910681666005985,-1,3178129323.0,0.6677190731715835,1,0.02099020035908588,0.0446577247887636
2021-08-13,971.8032836914062,973.7282353115996,955.181228214771,958.9630848706248,12780901.0,0.0166547348375525,58.2603684714621,1.2567616932225292,949.1553923394051,16.744763003013894,12.840198820781438,1.924951620193383,3.7818566558538578,1,3190910224.0,1.0365518961013513,1,0.0042644423647188665,0.0603080451261687
2021-08-16,984.4171142578124,997.7782056289792,963.8772875225334,973.4791642916643,21935444.0,0.0129798188358578,62.050751432103446,3.735629157064295,950.5382049636564,17.970202653259033,10.93794996614804,13.361091371166822,9.601876769130968,1,3212845668.0,1.6331656583521592,1,0.013572591513954154,0.07234878977771812
2021-08-17,980.2276611328124,989.7162669243918,972.7998007947024,982.3111087496648,12658169.0,-0.0042557703074459,60.09868551323109,5.300989124096304,951.7024973624468,17.894935758718344,2.083447616852368,7.405158174727035,7.427860338110008,-1,3200187499.0,0.9365786457518479,1,0.01790455951414829,0.06838404626386496
2021-08-18,984.0321655273438,990.4409443539316,974.9511803260804,984.6436264377176,10075860.0,0.0038812456997332,61.289653081973654,6.77049384627378,952.9703274865604,17.723137777942124,0.6114609103738076,5.7973179162140696,9.080985201263388,-1,3210263359.0,0.7629796465384826,1,0.013969096319396168,0.07198589701038527
2021-08-20,972.98095703125,983.7377088016336,967.8856094241048,970.6031001945056,9426282.0,-0.0112305358333194,56.055710437047985,6.963080699046259,953.7550580569405,17.61052480117761,2.3778568367443995,10.75675177038363,2.7174907704007865,1,3200837077.0,0.7839975858986258,1,0.025485851926013364,0.06144542623822784
2021-08-23,979.3670654296876,984.6435509846982,965.7568499022404,984.6435509846982,9854395.0,0.006563446439818,58.273231459678755,7.5440496360049565,954.7594505029306,17.70168024984048,5.276485555010595,0.0,13.610215527447167,-1,3210691472.0,0.868481396880909,1,0.01879901913100773,0.06756541072357747
2021-08-24,989.0369262695312,992.7961409161452,976.3098780018888,980.5899844960272,11864472.0,0.0098735818072472,61.445763565752394,8.684637563740466,956.1036652388757,17.614864725870184,8.446941773504022,3.759214646613941,4.280106494138408,1,3222555944.0,1.0068520241672891,1,0.008838172900599866,0.07668186783561719
2021-08-25,997.5970458984376,1005.4778714076187,987.4064100092222,989.8069092436782,13380559.0,0.0086550050878215,64.05142086493612,10.162148901295154,957.7308566372899,17.647478773907782,7.790136654759408,7.880825509181136,2.4004992344559923,1,3235936503.0,1.1216018131704535,1,0.007899808386144179,0.08460461951111697
2021-08-26,1010.2107543945312,1016.7554463089576,998.6839861429404,1000.0427614622416,18589616.0,0.0126440916680279,67.53342516309857,12.210157049765257,959.7888918434562,17.755401747951513,10.167992932289621,6.54469191442638,1.3587753193012304,1,3254526119.0,1.444377460066878,1,0.006478541122192798,0.08937660862832172
2021-08-27,1008.8292846679688,1015.7816567389564,1003.6887127626728,1013.1773175448564,10480636.0,-0.0013675064540275,66.77061544375192,13.565372036336385,961.7120445032411,17.350940478546658,4.348032876887601,2.604339194100021,5.1405719052959284,-1,3244045483.0,0.7997656767720034,1,0.007856791789700654,0.08812961999843308
2021-08-30,1028.2369384765625,1030.7733511879242,1013.086868200183,1019.0653841621984,14027062.0,0.0192377978152975,71.62037723164543,16.020747933209122,964.320863874744,17.679020910075856,9.17155431436413,2.5364127113616632,5.978515962015422,1,3258072545.0,1.0603067090087008,1,0.002466758989537583,0.10091398683716543
2021-08-31,1022.7566528320312,1034.351288521445,1015.55521517705,1031.2488192815088,26485463.0,-0.0053297887281221,68.57676080583721,17.324729078110295,966.6124634416965,17.758810369670083,8.492166449477509,3.1024692399362266,7.201437654981305,-1,3231587082.0,1.9354703612066058,1,0.011336651448130876,0.08588888548746433
2021-09-01,1026.810302734375,1038.4956282529236,1024.9533974079704,1029.4825691995866,11145486.0,0.0039634549343865,69.60566213322736,18.47230200062029,968.9731630218016,17.614536444757384,2.672266465211578,9.013059053336974,1.8569053264045579,-1,3242732568.0,0.8235793924844257,1,0.011380218417589663,0.08848318003504373
2021-09-02,1039.1749267578125,1045.2440116453542,1021.32994830324,1021.32994830324,9956770.0,0.0120417802494878,72.55733621539294,20.14723880501913,971.7261733643902,18.064502651711443,17.84497845457247,6.069084887541749,0.0,1,3252689338.0,0.736388982588299,1,0.0058402918808646296,0.09932886393262369
2021-09-03,1081.79443359375,1084.7384068201698,1042.8435137983438,1046.2403322593964,30664428.0,0.0410128321406952,79.82877284385356,24.629759766260918,976.0425757263259,20.02871532390043,35.55410133435362,2.9439732264197573,3.3968184610525896,1,3283353766.0,1.960028517173152,1,0.0027213795292325544,0.13481264758737527
2021-09-06,1098.5977783203125,1123.2365131929273,1092.4380047519112,1092.8909697996994,33641710.0,0.0155328445079361,81.8686165879343,29.201463121304187,980.8486621025608,21.55824134356306,5.7068085206130945,24.638734872614805,0.45296504778821145,1,3316995476.0,1.8665345600214103,1,0.02242743919461215,0.14804591787295604
2021-09-07,1105.5274658203125,1113.2723180946527,1092.438080851026,1100.5906136768078,17349882.0,0.0063077567029081,82.64794084925617,33.00329736675076,985.7380269542373,21.506526764996188,4.936852143504666,7.744852274340246,8.152532825781918,1,3334345358.0,0.9341875624038845,1,0.01601864080280856,0.15041594722400803
2021-09-08,1101.201904296875,1111.460525484485,1090.01483063056,1110.5547152662286,14301651.0,-0.0039126676244337,80.32700905480098,35.26077743904273,990.2660221441447,21.50218162849111,9.35281096935364,0.9058102182564198,11.187073666314973,-1,3320043707.0,0.7662582406650088,1,0.020009599338753008,0.14310970481688756
2021-09-09,1098.5977783203125,1104.145971203985,1094.29502966748,1099.6394421897962,8963249.0,-0.0023648033720258,78.8906596221062,36.41988964069628,994.514326307916,20.66995019334924,1.0416638694837275,4.5065290141888,4.302748652832406,-1,3311080458.0,0.5063515126290293,1,0.02242743919461215,0.13217352935819088
2021-09-13,1074.1175537109375,1101.949327153265,1072.5323557228828,1101.949327153265,16311160.0,-0.0222831550294992,66.79851316976197,34.960146073258784,997.6360215001914,21.294737424565874,27.831773442327403,0.0,1.5851979880546878,-1,3294769298.0,0.8920667224361045,1,0.04572959385338238,0.11072933785064483
2021-09-14,1072.7135009765625,1084.2854942866495,1071.6037904973264,1075.6801166083585,8908356.0,-0.0013071685957688,66.17203633678167,33.30606190829917,1000.5802363816177,20.679520736334247,2.966615631796003,8.605377678291006,1.1097104792361279,-1,3285860942.0,0.5012349337672469,1,0.047098327904300956,0.10145878965347996
2021-09-15,1077.174560546875,1085.0779069197367,1072.7359589929415,1072.7359589929415,9071075.0,0.0041586682429664,67.22384210699371,31.986438760070087,1003.5839353684906,20.085583965394246,4.438601553933495,7.9033463728617335,0.0,1,3294932017.0,0.5658325650846943,1,0.04276182740768305,0.10343514851303995
2021-09-16,1099.775146484375,1103.647571826163,1072.0565884901453,1078.646564149131,13448882.0,0.0209813587929756,71.97754685989115,32.39092390379301,1007.3561397259763,20.90739820615306,21.12858233524389,3.8724253417879027,6.58997565898585,1,3308380899.0,0.8270272185230534,1,0.02133287589154083,0.12185972469967851
2021-09-17,1082.722900390625,1112.2984866148895,1075.9517858407112,1107.837242193017,34882133.0,-0.0155052113591224,64.38940955666021,30.978407745056757,1010.3116989677271,22.01020553244058,25.11434180239189,4.461244421872607,6.771114549913818,-1,3273498766.0,1.859958578141365,1,0.03741826536382097,0.10802953409980108
2021-09-20,1084.4439697265625,1095.3139316833478,1073.415392150155,1074.3664868663025,11779819.0,0.0015895750753185,64.79284176771267,29.655998533585716,1013.2188468406226,22.002229389637172,10.077482860260034,10.869961956785346,0.9510947161475087,1,3285278585.0,0.698444473258851,1,0.035771828281867035,0.10944513791178023
2021-09-21,1089.1317138671875,1094.521410709491,1079.756260196694,1089.2675674362638,9915736.0,0.0043227167760515,65.92517750492615,28.655913942840925,1016.195822018135,21.485295184148583,0.1358535690762892,5.253843273227176,9.37545367049347,-1,3295194321.0,0.6841649808006782,1,0.031313751028921616,0.10358878951812119
2021-09-22,1100.8170166015625,1106.025455452025,1086.210362198153,1090.6263219107966,10995912.0,0.0107290078744322,68.63333168286627,28.477969664596685,1019.5143002370929,21.36599504627168,10.190694690765895,5.208438850462471,4.415959712643598,1,3306190233.0,0.7934819482458442,1,0.020366233673038754,0.10302403113503915
2021-09-23,1127.72021484375,1130.9358947742098,1107.6106545484265,1108.4711801776828,15748397.0,0.0244393008433345,73.79681217149077,30.160143441251194,1023.757669437354,21.99120098386994,19.249034666067246,3.215679930459828,0.8605256292562444,1,3321938630.0,1.1246869204572372,1,0.0028514873530979252,0.11442220065079535
2021-09-24,1124.4591064453125,1134.7630111170504,1119.6129443950488,1133.902485506276,15192163.0,-0.002891770809384,72.24433944381263,30.874235121190623,1027.7067453984505,21.50254853659363,9.44337906096348,0.8605256107744026,4.846162050263729,-1,3306746467.0,1.0387545723394098,1,0.009163432100533225,0.10740309984631112
2021-09-27,1143.3685302734375,1145.8370159244848,1121.1077134942575,1126.4068411721405,15373834.0,0.0168164619946937,75.46713260728716,32.59030959038182,1032.242501668058,21.73303095756747,16.961689101296997,2.468485651047331,5.299127677883007,1,3322120301.0,1.0579565581720984,1,0.002158958888309608,0.11394546782050892
2021-09-28,1154.0576171875,1161.6892580938154,1138.0921855961788,1147.6940628547109,18035258.0,0.0093487678128645,77.08675739648213,34.41610353414194,1037.0195650217615,21.866176781858123,6.3635543327891355,7.631640906315397,9.601877258532113,1,3340155559.0,1.1677598592243703,1,0.006612876855242387,0.12001342042868518
2021-09-29,1144.9085693359375,1163.9989904714507,1141.3757775989957,1163.9989904714507,9719875.0,-0.0079277219051325,72.66484216839314,34.72452399155986,1041.2505063674155,21.92025078832933,19.090421135513225,0.0,3.5327917369418174,-1,3330435684.0,0.6267166866089148,1,0.01667418835600639,0.1079375457067063
2021-09-30,1141.0133056640625,1147.965677369511,1132.4532137255203,1143.6176447212324,13590654.0,-0.0034022486827348,70.80264458300665,34.25970959558049,1045.1627730064997,21.462551706590858,2.604339057169909,4.348032648278604,8.5600919385422,-1,3316845030.0,0.8754959076851965,1,0.020144975254263755,0.1048921662584535
2021-10-01,1143.0289306640625,1150.320936930379,1130.0302358504632,1133.1779894261922,8958928.0,0.0017665219064442,71.21374148594859,33.665905329834914,1049.0006615420905,21.37884809039978,9.850941237870302,7.292006266316548,3.1477535757289843,1,3325803958.0,0.6928225267514082,1,0.018346044658034424,0.08764906484695383
2021-10-04,1157.72607421875,1166.1955973057436,1149.075293250508,1156.2993722307872,10918552.0,0.0128580678584828,74.07957341124813,33.98943873476924,1053.264403215685,21.506549415491303,1.426701987962815,8.469523086993604,7.224078980279273,1,3336722510.0,0.8500280838412295,1,0.007315653741934558,0.07438917170414441
2021-10-05,1181.75341796875,1183.0216242133338,1153.7403880823629,1157.2505376163049,13533634.0,0.0207539108646352,77.94524716852071,35.77228647385141,1058.3031881079621,22.061884180882704,24.502880352445118,1.26820624458378,3.5101495339420126,1,3350256144.0,1.0247535559679097,1,0.001073156400735129,0.09320863878756845
2021-10-06,1159.4019775390625,1186.6222902143545,1155.4389825506437,1186.6222902143545,10258881.0,-0.0189137937659669,67.81351403687492,34.97842222975123,1062.267846517025,22.713414429656144,27.220312675292007,0.0,3.9629949884188136,-1,3339997263.0,0.7811518504323028,1,0.023477890500988818,0.0757271323860391
2021-10-07,1165.0860595703125,1177.0204479976474,1162.9573276219362,1175.3219190109808,6336665.0,0.0049025981854153,68.91992302007704,34.41126536601473,1066.2999333034284,22.34948986029391,10.235859440668264,1.698528986666588,2.1287319483762985,-1,3346333928.0,0.5197462165773703,1,0.018484669408871512,0.08023636391929939
2021-10-08,1209.8570556640625,1215.812929031673,1169.207605953432,1170.906015220909,15772493.0,0.0384272009144643,75.93645913760892,37.14623599744891,1071.9296243763943,24.37644554608439,38.95104044315349,5.955873367610593,1.6984092674770181,1,3362106421.0,1.2875633351236642,1,0.004922790952639898,0.11427239649468517
2021-10-11,1201.4326171875,1231.9366542030143,1198.1263679197398,1223.5124154081875,14768666.0,-0.0069631684479771,72.61450999184612,38.1936653487619,1077.0081731140847,25.050291313026545,22.079798220687508,8.424238794826806,3.306249267760222,-1,3347337755.0,1.2116030105795705,1,0.025389719389276196,0.10806167972540741
2021-10-12,1208.2943115234375,1215.1787568517786,1196.269354160262,1197.9678831315707,6682011.0,0.0057112602386311,73.62652080156082,39.12641706278555,1082.1566491301378,24.611656411490117,10.326428391866784,6.884445328341144,1.6985289713086331,1,3354019766.0,0.6044860954359665,1,0.01956670858589755,0.1127521016477529
2021-10-13,1220.591064453125,1231.7102112927382,1208.9736680853591,1213.3669853963502,9959762.0,0.0101769517678051,75.38224706869124,40.39225790363048,1087.5854497310393,24.526245222762302,7.224079056774826,11.119146839613222,4.393317310991051,1,3363979528.0,0.8990557757021049,1,0.009295160418835775,0.12169061390722968
2021-10-14,1223.0595703125,1230.7818997818822,1217.081054491215,1223.0369280495506,8623469.0,0.0020223856550032,75.73151637403825,41.12062076311872,1092.8981603420768,23.7530023704698,0.022642262949375436,7.722329469382203,5.955873558335725,1,3372602997.0,0.8149720760842558,1,0.007258096094408679,0.12235232182853525
2021-10-18,1226.3204345703125,1243.2594798164876,1205.8031936198447,1208.6565974394791,13594479.0,0.0026661532577512,76.21164723686326,41.48279028598381,1098.1304063902428,24.73180835805359,17.66383713083337,16.939045246175056,2.8534038196344227,1,3386197476.0,1.2308419955517413,1,0.013812903029794401,0.1246860429865817
2021-10-19,1237.3037109375,1246.1356302424738,1226.5016753447112,1233.6577079515855,8833409.0,0.008956285859361,77.80446631483112,42.169961784346015,1103.5881830391547,24.380621737632712,3.6460029859144925,8.83191930497378,7.156032606874305,1,3395030885.0,0.8151648412067724,1,0.007138036705864133,0.12733126826349928
2021-10-20,1223.0595703125,1242.2406818392346,1219.0286485058557,1242.2406818392346,12710570.0,-0.0115122427089524,71.15066166636495,41.09148992512155,1108.2733354812467,24.29715113732887,19.18111152673464,0.0,4.030921806644301,-1,3382320315.0,1.1819343622520297,1,0.018867486498697437,0.11189087713804577
2021-10-21,1187.7772216796875,1235.5600608138357,1179.0358711096487,1235.2883536749923,20831669.0,-0.0288476125686973,57.93441683075468,36.96370792311018,1111.3911349400091,26.59908246353302,47.51113199530482,0.27170713884333964,8.741350570038776,-1,3361488646.0,1.7637038226542567,1,0.04913245303716055,0.06749293189668511
2021-10-22,1189.9964599609375,1206.9809106504802,1182.795023158092,1186.6448064236538,11027475.0,0.0018683960600891,58.45712205840624,33.4854851015416,1114.4736967055358,26.426711394165533,3.3516535372837097,16.984450689542655,3.849783265561882,1,3372516121.0,0.8979735782717115,1,0.047175913685809694,0.05914598734873473
2021-10-25,1178.4017333984375,1213.819979870448,1163.9989792562783,1213.819979870448,17198417.0,-0.0097434966847553,54.63715789210245,29.453845329212754,1116.98067853663,28.097732052737253,35.41824647201042,0.0,14.40275414215921,-1,3355317704.0,1.3844020853364907,1,0.057479461311293154,0.04862010830461663
2021-10-26,1205.2373046875,1208.792739180254,1179.013369646043,1185.3316395816128,9750178.0,0.0227728545609571,60.990814742297516,28.10022617646746,1120.4417226994094,28.261537319100064,19.905665105887238,3.5554344927541024,6.318269935569788,1,3365067882.0,0.8178894644497999,1,0.03393383642865096,0.06240021657522197
2021-10-27,1189.9964599609375,1212.3706072222662,1186.6221641632774,1201.1382490708493,9896298.0,-0.012645513599095,56.178270441778665,25.503673971183844,1123.1693594547635,28.082030586234982,11.14178910991177,11.232358151416975,3.3742957976601247,-1,3355171584.0,0.8083511793918217,1,0.047175913685809694,0.05039193487385897
2021-10-28,1176.952392578125,1194.77472717133,1173.283867099268,1186.644837678606,9886181.0,-0.0109614337703497,52.3695603894386,22.138145654783784,1125.2784980086208,27.611232692365473,9.692445100481109,8.129889492723805,3.6685254788569637,-1,3345285403.0,0.8080104357794463,1,0.058781678936734444,0.0398675061315593
2021-10-29,1148.7132568359375,1175.843002928945,1133.0649360229452,1175.843002928945,14233025.0,-0.02399343925911,45.22165137063454,16.99635457099339,1126.1975081587116,28.773820111137926,27.129746093007498,0.0,15.648320812992324,-1,3331052378.0,1.1122878868263872,1,0.08481000182315335,0.016264303449353024
2021-11-01,1149.4151611328125,1157.6582624374937,1129.6225892164332,1148.7131311991511,15481114.0,0.0006110352541837,45.42105653210422,12.830187488332967,1127.1080043537743,28.721095333275255,0.7020299336613789,8.243101304681204,19.090541982717923,1,3346533492.0,1.1922458521147319,1,0.08414754944970265,0.017219689269517398
2021-11-02,1132.6571044921875,1154.0348738636576,1130.143454028727,1152.6760985535552,10569130.0,-0.0145796377212468,41.533666084608775,8.083058475163398,1127.3256161239083,28.376118511964915,20.01899406136772,1.3587753101023736,2.513650463460408,-1,3335964362.0,0.803222688292701,1,0.10018789031581005,0.0026791120310985807
2021-11-03,1124.866943359375,1141.353145207229,1114.6309640383438,1135.0348760961226,11989430.0,-0.0068777753672459,39.82723573772507,3.6502458704881064,1127.2291975841229,28.257980130316373,10.167932736747616,6.318269111106474,10.235979321031209,-1,3323974932.0,0.9161823895458483,1,0.10780713896786243,0.009099724533162849
2021-11-04,1131.77392578125,1134.514118637374,1127.7656464746356,1129.1016597099565,1705656.0,0.0061402661556109,42.09868640427626,0.6866306512426945,1127.4074222193044,26.92863692657941,2.6722660712935067,2.74019285612394,1.3360132353209337,1,3325680588.0,0.15264929839115643,1,0.10104642089389121,0.015146984174487522
2021-11-08,1133.177978515625,1141.3531527093287,1112.5475239087214,1141.0813257713814,20337183.0,0.0012405770290262,42.573253161172424,-1.5311107485720186,1127.6337185446503,27.062707774724263,7.903347255756444,0.2718269379472531,20.63045460690364,-1,3346017771.0,1.6801117077114063,1,0.09968218044160593,0.018205837916059692
2021-11-09,1142.1231689453125,1145.38413396809,1126.4295651226153,1134.5594552172415,15682497.0,0.0078938971629196,45.63066385839866,-2.537632429265841,1128.2019322858528,26.483554994063585,7.563713728070979,3.2609650227775546,8.129890094626262,1,3361700268.0,1.312005873771734,1,0.09106939087244945,0.02589532008522567
2021-11-10,1154.8953857421875,1158.56403111527,1133.9479393972968,1139.8585280650227,10253470.0,0.0111828716413042,49.74482878576477,-2.278432606363367,1129.2487343821797,26.35016476005713,15.03685767716479,3.668645373082427,5.9105886677259605,1,3371953738.0,0.8542139199512031,1,0.07900303839351754,0.03666813666092493
2021-11-11,1157.00146484375,1164.2254244154967,1148.3959679290283,1150.4341308509872,10722478.0,0.0018236102832889,50.411182011114725,-1.881384467994394,1130.3370767532217,25.598685597657937,6.567333992762769,7.223959571746718,2.0381629219589286,1,3382676216.0,0.8871804939798029,1,0.07703893910865628,0.03842168077205678
2021-11-12,1174.4615478515625,1177.0206028987552,1158.111197547698,1160.783463915503,8712341.0,0.0150908045826636,55.66015379737947,-0.15603945334464697,1132.067448168843,25.20014648746846,13.678083936059465,2.5590550471927145,2.672266367804923,1,3391388557.0,0.7279312045710419,1,0.06102718519991086,0.0527169442508358
2021-11-15,1167.5318603515625,1178.583081524526,1163.9990683781705,1177.586582367733,4803269.0,-0.0059003102423204,53.2509694649139,0.6447092271171186,1133.4582094309105,24.44185124881754,10.054722016170444,0.9964991567931065,3.5327919733920226,-1,3386585288.0,0.43564470463111094,1,0.06732473224948433,0.047094506205838764
2021-11-16,1140.4022216796875,1166.2637612012684,1130.0303872332545,1164.927627982119,11337581.0,-0.0232367437610703,45.0328875445596,-0.8994583871105988,1133.730523636745,25.374681382352573,24.52540630243152,1.3361332191493602,10.371834446433013,-1,3375247707.0,1.06844375905373,1,0.09271589142210944,0.0244253275216697
2021-11-17,1115.9896240234375,1131.81907885733,1114.630848883986,1131.81907885733,10202029.0,-0.0214070063984029,39.17423034569148,-4.046469768133875,1133.0348020832819,25.40301648330608,15.829454833892441,0.0,1.358775139451609,-1,3365045678.0,0.9647679692346374,1,0.11312923982270437,0.003084347775839044
2021-11-18,1120.201904296875,1127.3127730233773,1109.6715745881545,1114.1781038166205,8505625.0,0.0037744797825727,40.609950927712454,-6.129941001902353,1132.5315511896972,24.84860090844299,6.023800480254522,7.110868726502304,4.506529228465979,1,3373551303.0,0.8317473030509662,1,0.1029797896919023,0.009400385473661685
2021-11-22,1070.584716796875,1109.196002657838,1064.8099816539602,1103.3533407297432,24124307.0,-0.0442930754801238,31.252349352303256,-11.65049962092985,1130.1022635664494,27.03026674661955,32.768623932868195,5.842661928094913,5.774735142914778,-1,3349426996.0,1.9348857939451454,1,0.13379161950127982,0.005394001102680074
2021-11-23,1080.5941162109375,1087.5691305828452,1045.7874503355,1056.6800550508478,25326999.0,0.0093494697402463,34.52980109318888,-15.044483775217941,1128.1607675917235,28.083939139528532,23.91406116008966,6.975014371907719,10.892604715347943,1,3374753995.0,1.9531798095537403,1,0.12328945869764855,0.0322106749919071
2021-11-24,1064.9912109375,1091.4868494573443,1061.4357769402943,1077.9446209027212,16820296.0,-0.0144391914034739,31.971107614957333,-18.776817265202453,1125.6835300758717,28.22444866649435,12.953409965221226,13.54222855462308,3.5554339972056823,-1,3357933699.0,1.2858728218475581,1,0.13838555170331385,0.01803184890614754
2021-11-25,1129.1016845703125,1133.2006528139436,1067.5954770563671,1074.7742721480845,42401936.0,0.0601981246177392,48.76930354144895,-16.372803530063265,1125.8175753501635,31.080519610062158,54.32741242222801,4.098968243631134,7.1787950917173475,1,3400335635.0,2.6020344120398833,1,0.0737479394370422,0.07378807008557287
2021-11-26,1092.7098388671875,1122.149452357917,1087.68241798512,1117.7108501017365,15763138.0,-0.0322307956851327,42.37313857685031,-17.205785548308313,1124.5192327429882,31.819001536857176,25.00101123454897,4.438602256180502,5.0274208820674176,-1,3384572497.0,0.9382958692586898,1,0.09340529816218467,0.042941306889239736
2021-11-29,1105.799072265625,1132.2948314861248,1086.5953193762673,1104.7121238946838,24325354.0,0.0119786908956609,45.15908406783095,-16.61817408867273,1123.7851088026994,32.810466577785775,1.0869483709411725,26.49575922049985,18.11680451841653,1,3408897851.0,1.3248343365746107,1,0.06582028424908783,0.05426991524524417
2021-11-30,1089.4488525390625,1121.379596994729,1081.9530649636156,1117.8015201912658,32172299.0,-0.0147858866376721,42.40153474410439,-17.272704870978487,1122.4385889492235,33.283042681594885,28.35266765220331,3.578076803463091,7.495787575446911,-1,3376725552.0,1.5249011984876413,1,0.08181589138189267,0.04007659662204941
2021-12-01,1117.3486328125,1120.519028933976,1098.3713010103995,1101.9493776790864,10104610.0,0.0256090776619888,48.21270096938283,-15.36305044930873,1122.2389828262146,33.124980803974786,15.39925513341359,3.17039612147596,3.57807666868689,1,3386830162.0,0.4817532363922593,1,0.05480335046179063,0.06404552739897489
2021-12-02,1124.5272216796875,1130.5736640269113,1114.9027029403865,1118.571348380323,12720411.0,0.0064246634008207,49.62109473622869,-13.119153993361124,1122.3287176832134,31.87826510987122,5.955873299364612,6.046442347223774,3.6686454399364266,1,3399550573.0,0.5992703694992544,1,0.04806985442655289,0.07002033372440315
2021-12-03,1090.739501953125,1131.6153710496726,1087.002929980319,1131.5700865288095,19222481.0,-0.030046155464422,43.609539774146825,-13.906926104428294,1121.0899249094844,32.7878491069771,40.8305845756845,0.04528452086310608,3.736571972805905,-1,3380328092.0,0.8620649007048471,1,0.08053580109100712,0.041212454061792046
2021-12-06,1070.0638427734375,1098.3259382907745,1067.595476803198,1094.2497321105477,10332254.0,-0.0189556343587673,40.385288807887285,-16.014983321399995,1119.0889020806198,32.640892848448495,24.18588933711021,4.076206180226791,2.4683659702395744,-1,3369995838.0,0.4939177286186517,1,0.10141379832984891,0.022686863594060896
2021-12-07,1078.7825927734375,1088.8146726752468,1068.8863664494722,1076.2010153934032,11235122.0,0.0081478783335042,42.32188009886459,-16.788575348128234,1117.5082624999459,31.73285094682893,2.5815773800343322,10.032079901809311,7.3146489439309335,1,3381230960.0,0.5758709828456842,1,0.09251214231637897,0.03058553471196688
2021-12-08,1095.200927734375,1101.4058665244686,1089.8565147837464,1097.9184786382343,8744178.0,0.0152193176557731,45.886781061463765,-15.893618445141101,1116.6334650581587,31.082166861414798,2.717550903859319,3.4873878862342735,5.344412950628566,-1,3389975138.0,0.4675486384385502,1,0.07613411537428333,0.045118184387494986
2021-12-09,1112.5703125,1120.926625884508,1098.326051956675,1102.85522364802,13213547.0,0.0158595416838778,49.44659112809875,-13.625725580355947,1116.4741257421524,30.699561953466095,9.71508885198,8.356313384507985,4.529171691345027,1,3403188685.0,0.8371832262569225,1,0.05933357045649738,0.06002574526227986
2021-12-10,1113.7025146484375,1116.8955527047665,1100.7489847314073,1105.2328712872277,8364414.0,0.0010176454788672,49.678970299951814,-11.603289397183289,1116.3654351110265,29.66006238345846,8.469643361209819,3.1930380563289873,4.483886555820391,1,3411553099.0,0.5560163757463622,1,0.058256640370942685,0.06098133336295496
2021-12-13,1091.373779296875,1120.564329866256,1088.8147242582452,1120.292622697696,12901733.0,-0.0200491020338685,45.260323921553336,-11.667738063515571,1115.3853701771384,29.809315470926485,28.91884340082106,0.27170716855994215,2.559055038629822,-1,3398651366.0,0.9281084556091652,1,0.0799078224912424,0.04176967582155438
2021-12-14,1078.0125732421875,1089.7205393231309,1074.9553887174343,1077.944646457222,12991523.0,-0.0122425573237571,42.80677143146662,-12.651117552172309,1113.9197702973363,28.852820835820356,0.06792678496549343,11.707966080943379,2.9892577397877176,1,3385659843.0,1.0841603440225827,1,0.08186471118204135,0.02989308632066193
2021-12-15,1074.8648681640625,1089.2676234327396,1069.38448219365,1079.7563157042175,9366969.0,-0.0029199149956647,42.226019192457656,-13.528498268295834,1112.388205507796,28.212129436053875,4.8914475401550135,9.51130772852207,5.480385970412499,-1,3376292874.0,0.7865280028406796,1,0.0542726684792688,0.02705216133654892
2021-12-16,1088.769287109375,1094.0231302341062,1072.8039773873268,1089.5845283011158,9761279.0,0.0129359693084603,45.7286361667281,-12.952549474541229,1111.4619734137405,27.712631108248562,0.8152411917408244,4.438601932990423,15.965309722048232,-1,3386054153.0,0.8405222437970095,1,0.04080879781476163,0.03947745154346667
2021-12-17,1060.03173828125,1090.6263454753455,1050.7694958949853,1086.1198166210097,21049821.0,-0.0263945256064502,40.291663890996,-14.646154178264396,1109.4451014477606,28.580075284827963,26.088078339759704,4.506528854335784,9.262242386264688,-1,3365004332.0,1.7844753394431576,1,0.06902521112370721,0.013437605150243885
2021-12-20,1031.4525146484375,1049.7956192892589,1017.751672013911,1049.7956192892589,14325846.0,-0.0269607244771286,35.74057058868044,-18.085968817949606,1106.386568632101,29.558646069293037,18.343104640821366,0.0,13.700842634526452,-1,3350678486.0,1.1746884278875573,1,0.09864548946316369,0.013283057086923946
2021-12-21,1046.806640625,1062.545530320319,1038.1786200134966,1046.8519251541743,12836561.0,0.0148859261657778,39.68245214101917,-19.350041818798445,1104.0501008671165,29.66824389804935,0.04528452917429604,15.693605166144607,8.628020611503416,-1,3363515047.0,1.0389276443205195,1,0.08253101273541956,0.027755812280424175
2021-12-22,1071.6490478515625,1074.276029474332,1051.6754577350616,1052.988828746117,17658543.0,0.0237316102730589,45.506981405968105,-18.13816861542091,1102.7794713370947,29.511182823140974,18.66021910544555,2.626981622769563,1.3133710110553238,1,3381173590.0,1.3330196679048718,1,0.05743634549555149,0.05029386807715146
2021-12-23,1071.26416015625,1077.944705915956,1068.0031950967275,1075.2271551661324,9072401.0,-0.0003591546095096,45.433779724647536,-17.012695823621016,1101.5435767809834,28.113349108575807,3.962995009882434,2.7175507498236584,3.260965059522505,-1,3372101189.0,0.7069637133716136,1,0.05697070209179142,0.04995265419365271
2021-12-24,1074.6837158203125,1083.3796623765666,1058.718285237532,1073.4155095265614,7886494.0,0.0031920751120468,46.26087202213896,-15.664253203583485,1100.4902489001727,27.866779682180006,1.2682062937510636,8.695946556254057,14.697224289029464,1,3379987683.0,0.6168495759561684,1,0.05360750778831467,0.052975627124809355
2021-12-27,1073.52880859375,1077.038958550713,1063.4967281365457,1069.5884556164642,4017223.0,-0.0010746484845366,46.00723169121901,-14.521400408766112,1099.4329375156071,26.843597591607672,3.9403529772857837,3.510149956963005,6.091727479918518,1,3375970460.0,0.3376763708420494,1,0.05410806118189978,0.0519568139516472
2021-12-28,1086.2783203125,1089.1996512774408,1074.7968966086662,1075.9517717574065,6374613.0,0.0118762641642109,49.31128406425667,-12.443461809521523,1098.917070174309,26.04554366961361,10.326548555093495,2.9213309649408075,1.1548751487403024,1,3382345073.0,0.5673900475969016,1,0.04173612773946374,0.06308387732425264
2021-12-29,1088.13525390625,1095.60839765478,1078.8956544896844,1082.9266955421135,15425312.0,0.0017094455067609,49.793189103620044,-10.525509950104379,1098.4942538500713,25.378915062148042,5.208558364136479,7.473143748529992,4.031041052429146,1,3397770385.0,1.3027244683351162,1,0.039958375567132116,0.06468275119262239
2021-12-30,1068.478759765625,1089.245070757408,1062.364389937375,1087.003127167027,29333171.0,-0.0180643849834485,44.92434060581846,-10.470931701664085,1097.3171756506813,25.486184044854106,18.52436740140206,2.24194359038097,6.114369828249892,-1,3368437214.0,2.1259004340375887,1,0.05909018846373405,0.047475990784169766
2021-12-31,1072.5775146484375,1079.710904759357,1068.8862272626782,1074.7741732718723,9477290.0,0.0038360658509595,46.107691850936384,-9.981877907229546,1096.3469928662796,24.46803839834538,2.196658623434814,4.9367314874846215,3.691287385759324,-1,3377914504.0,0.7497413878773319,1,0.04507749843321864,0.051115972398971005
2022-01-03,1088.7467041015625,1090.603728995159,1070.4941656370395,1071.1509110384136,5421611.0,0.0150750777750778,50.615501800881745,-8.195112637184138,1096.048942326487,24.156718752614957,17.595793063148903,1.8570248935964173,0.6567454013741099,1,3383336115.0,0.4614010617019777,1,0.029556848862748536,0.06520803399008844
2022-01-04,1113.3173828125,1114.6308734629547,1088.8145046450295,1094.204320803727,10847728.0,0.022567855882708,56.561529467287095,-4.741779578160049,1096.7261360710363,24.28010808181333,19.113062008773113,1.3134906504546962,5.389816158697386,1,3394183843.0,0.9390802631284384,1,0.006834747386037625,0.08583869458425919
2022-01-05,1118.526123046875,1121.877776996668,1101.9267085410534,1115.0840198447645,11643813.0,0.004678576221649,57.72360525939764,-1.566627338539547,1097.5810375210692,23.97089096565628,3.442103202110502,3.35165394979299,13.15731130371114,1,3405827656.0,1.0633652584260174,1,0.002996491437019866,0.09009575096775876
2022-01-06,1094.47607421875,1111.4605249543165,1091.0791361515087,1110.1923187691705,14447422.0,-0.0215015530997277,50.946527572602896,-0.9796415605842412,1097.4592742543116,24.21918353206414,15.71624455042047,1.2682061851460276,3.396938067241308,-1,3391380234.0,1.2576681281985238,1,0.02503636527411314,0.07010148875077579
2022-01-07,1103.30810546875,1113.2949007403674,1092.2342419850618,1101.020877531252,13112115.0,0.0080696430539191,53.12311960969933,0.19596108950145208,1097.6886401842896,23.993574619438533,2.2872279374980735,9.986795271617439,8.786635546190155,1,3404492349.0,1.0917637356736616,1,0.01683090284198402,0.07754536836153267
2022-01-10,1104.2138671875,1112.8193642531028,1094.2723568788356,1110.5547786779955,9246731.0,0.0008209508425256,53.35172209299938,1.1870386181069534,1097.9445314393176,23.604534101926294,6.3409114904955,2.264585575107276,9.94151030866442,-1,3413739080.0,0.737791854556928,1,0.015996819397096546,0.07830203708074544
2022-01-11,1112.1627197265625,1120.9492358826358,1102.8551919025351,1103.3081569787676,16205164.0,0.0071986530646537,55.40697077769777,2.584092854539449,1098.5021074505821,23.210927664653035,8.854562747794944,8.786516156073276,0.4529650762324309,1,3429944244.0,1.1989583602535172,1,0.008735284053123129,0.08488959937073187
2022-01-12,1141.8514404296875,1143.595254204983,1116.4427463358454,1119.2961508769274,14800442.0,0.026694583604119,62.11989394598239,6.017533661628477,1100.2020812929,23.798185294207848,22.555289552760087,1.7438137752953935,2.853404541082,1,3444744686.0,1.1001143512417657,1,0.0015271809567794414,0.10868293722086715
2022-01-13,1148.2828369140625,1150.8645340891296,1136.0993826537383,1141.9194026287705,11856712.0,0.0056324284023803,63.4050742321141,9.152021379194139,1102.087601121181,23.15296859000667,6.363434285291987,2.58169717506712,5.82001997503221,1,3456601398.0,1.0128831754864733,1,0.002248311210507394,0.11367509876830147
2022-01-14,1149.95849609375,1162.776052313962,1144.0026230998735,1148.146875628832,19930176.0,0.001459273905191,63.75015764189662,11.637190877328067,1103.9648911201054,22.84014434886966,1.8116204649179508,12.817556220212055,4.144252528958532,1,3476531574.0,1.5630050067321553,1,0.011146103327860545,0.11496660490698339
2022-01-17,1155.9595947265625,1161.734329339856,1149.0526273304497,1149.505592323767,8036453.0,0.005218534975999,65.02226750609738,13.930363555949953,1106.0038991046724,22.11454132462228,6.454002402795595,5.774734613293504,0.4529649933172095,1,3484568027.0,0.6175865169496733,1,0.005896795717165148,0.1018902176601826
2022-01-18,1142.1683349609375,1160.5340832716051,1139.4281422634044,1157.0919805047831,6215029.0,-0.0119305725118249,59.826277177907286,14.468100760963353,1107.4221122755064,22.042498444877882,14.923645543845623,3.4421027668220177,2.7401926975330753,-1,3478352998.0,0.49524488637736847,1,0.018042627099909354,0.07922901945007148
2022-01-19,1142.0777587890625,1151.3172385374578,1136.370950826631,1145.882257497244,9755485.0,-7.930194622152165e-05,59.79248256195724,14.717300748206299,1108.7811572368223,21.535626249588514,3.804498708181427,5.43498104021387,5.706807962431412,-1,3468597513.0,0.7892421394157224,1,0.018123366264347726,0.07298931522833964
2022-01-20,1122.08154296875,1136.8014098425183,1111.913489734347,1132.3175229917704,16494486.0,-0.0175086290459892,52.713139528047165,13.149684652850965,1109.3027409910155,22.151957878526158,10.235980023020375,4.483886850747922,10.168053234403033,-1,3452103027.0,1.312703490801036,1,0.03626698041707776,0.056469387744828715
2022-01-21,1122.2625732421875,1133.3137934671236,1110.5547274570392,1110.5547274570392,13338594.0,0.0001613343295518,52.76766179341015,11.786082609608911,1109.8109697067478,22.195322745066026,11.707845785148265,11.05122022493606,0.0,1,3465441621.0,1.059633868870802,1,0.03609982194695504,0.053372699698759525
2022-01-24,1076.9935302734375,1134.4461715764585,1066.666981959244,1120.9717499530957,21868937.0,-0.040337300777989,40.26514452983185,6.972213391788728,1108.5240112975982,25.451313235933778,43.978219679658196,13.474421623362787,10.326548314193587,-1,3443572684.0,1.578967771015411,1,0.07964998825828161,0.013583313107134641
2022-01-25,1074.887451171875,1081.8623458947789,1043.9757327083191,1064.1532222498895,24510205.0,-0.0019555169482102,39.792764237958025,2.953201701442822,1107.2049305083542,26.339548946685632,10.734228921985505,6.974894722903855,20.177489541570367,1,3419062479.0,1.669558352514305,1,0.08176539882968047,0.02875809781745519
2022-01-27,1058.9674072265625,1067.119939925388,1046.7160258148951,1058.0163123551283,20020431.0,-0.0148108938549389,36.323740007969754,-1.499226367274332,1105.313262928676,26.470397261706648,0.9510948714341794,8.152532698825553,11.300286540233174,1,3399042048.0,1.3169039573019725,1,0.0980281776181144,0.014156880009656382
2022-01-28,1057.9483642578125,1076.0876922422228,1054.5741878483832,1071.1509600753575,14667727.0,-0.0009622987089081,36.106757546248986,-5.05180191300974,1103.4558159219755,26.11633348543043,13.202595817544989,4.93673216686534,3.3741764094293103,-1,3384374321.0,0.9472979621354444,1,0.09908582648992498,0.013207290659497979
2022-01-31,1080.9339599609375,1089.9017336429354,1067.1651879580827,1068.9769283849405,12143683.0,0.0217265761540736,44.20315250645646,-5.9439796558522175,1102.572605884288,26.53326462112275,11.957031575997007,8.967773681997869,1.8117404268577957,1,3396518004.0,0.8258142088498122,1,0.07571423915294709,0.03419101316231563
2022-02-01,1077.35595703125,1096.3331695818497,1063.0437697429202,1090.6264803582178,13200509.0,-0.0033101031720909,43.283697001333486,-6.860666387161473,1101.5837176939726,27.015845708108948,13.270523326967805,5.706689223631884,14.312187288329824,-1,3383317495.0,0.8672273785004464,1,0.07928678977939169,0.0309834684674813
2022-02-02,1079.5523681640625,1090.1732649193557,1075.7252273627023,1090.1732649193557,10017691.0,0.0020387051452008,44.05302530209171,-7.325471725744592,1100.7197432026037,26.118145125862124,10.620896755293188,0.0,3.8271408013602013,-1,3393335186.0,0.6420866297852216,1,0.07709091898101586,0.032954988108864665
2022-02-03,1065.6025390625,1087.6596951339798,1063.0888887078768,1083.3795890325775,9572839.0,-0.0129218642031105,40.31288724874532,-8.718961173183516,1099.3425979422075,26.00762093302219,17.77704997007754,4.280106101402225,2.5136503546232234,-1,3383762347.0,0.6142928568173299,1,0.09119114274723271,0.02029537802453792
2022-02-04,1055.8875732421875,1063.655187408846,1051.2678326966015,1060.2808911532843,11061241.0,-0.0091168756306263,37.89962833713954,-10.486348057291025,1097.6384793265204,25.17384132108478,4.393317911096801,3.374296255561603,4.619740545585955,-1,3372701106.0,0.7354457731196763,1,0.10123092815986545,0.01128135308695045
2022-02-07,1049.4560546875,1067.4368843783152,1043.9756693517943,1060.7336971993543,10714467.0,-0.0060911016642983,36.34830915958948,-12.264605950258556,1095.7489724779314,25.051510871473074,11.27764251185431,6.703187178960889,5.480385335705705,-1,3361986639.0,0.7250393547119718,1,0.1079797454312708,0.005222119888895794
2022-02-08,1067.09716796875,1068.8862659765236,1046.240291320876,1055.5931024543218,12060849.0,0.0168097684533374,43.21428758098574,-12.110792061056372,1094.6253723011007,24.879686856056974,11.504065514428248,1.7890980077736458,9.352811133445812,1,3374047488.0,0.8741668692595433,1,0.08966276663196432,0.02166765999479517
2022-02-09,1079.52978515625,1081.2055520274612,1067.9804353407576,1073.936188431649,11486225.0,0.0116508763781706,47.511418466580004,-10.860492149304946,1094.033388491499,24.11030808481799,5.593596724600957,1.6757668712111808,5.955753090891449,1,3385533713.0,0.9192976223536277,1,0.07711345096945434,0.03293481689281009
2022-02-10,1078.4202880859375,1085.0554293647551,1071.196208384683,1085.0554293647551,12464491.0,-0.0010277595723325,47.1683831968584,-9.845653042865706,1093.4211100442221,23.37808757733615,6.635141278817628,0.0,7.224079701254595,-1,3373069222.0,1.0618042864093333,1,0.07822160354359207,0.03193988384183512
2022-02-11,1076.314208984375,1079.982854527415,1061.6849113374171,1074.887506839841,15943370.0,-0.0019529297851957,46.4823236517877,-9.106356314664708,1092.7502511791301,23.015220121097695,1.4267021445339196,3.668645543039929,13.202595502423947,1,3357125852.0,1.3435571533446173,1,0.08033141494171452,0.03004563106446007
2022-02-14,1059.1712646484375,1066.599124811997,1047.5991516117767,1059.9412213800138,10719633.0,-0.0159274533336448,41.226050012080435,-9.790887414073268,1091.4334281779265,23.422351353347732,0.7699567315762579,6.657903431983186,11.572113036660767,-1,3346406219.0,0.9143221397678796,1,0.09683331498373067,0.014346683868625308
2022-02-15,1095.1328125,1097.8277206759533,1057.8803043046898,1064.9004831978962,11212671.0,0.0339525335059944,53.18543338631104,-7.3468964250057525,1091.5785020729097,24.60271314034171,30.232329302103835,2.6949081759532874,7.020178893206321,1,3357618890.0,0.9728705191254231,1,0.059719944489933854,0.04671318634990284
2022-02-16,1092.868408203125,1101.949393688899,1085.1688404247225,1100.5906182455717,10392840.0,-0.0020676983385291,52.46155543405099,-5.5289995948601245,1091.6290866270358,24.043987434901332,7.722210042446704,1.358775443327204,7.699567778402525,-1,3347226050.0,0.898812029470972,1,0.053482038547013486,0.0447379926845166
2022-02-17,1106.7049560546875,1111.8682307103677,1091.5322435754686,1096.106699582626,12853252.0,0.0126607629497794,56.3692762330029,-2.9379427102069258,1092.2202971928261,23.77913027061546,10.598256472061394,5.163274655680198,4.574456007157551,1,3360079302.0,1.0809314504677814,1,0.02719464986867158,0.056681129292596624
2022-02-18,1098.0543212890625,1112.5476464311962,1096.129369451274,1107.1126644779383,6775458.0,-0.0078165681994086,53.41309398675396,-1.5645106854692585,1092.4490824515021,23.253355035565942,9.058343188875824,5.434981953257875,1.9249518377885124,-1,3353303844.0,0.5911067471334089,1,0.033142122007838115,0.04924952335125141
2022-02-21,1086.9576416015625,1103.987376793005,1080.028031731223,1092.4379072087868,11107193.0,-0.0101057656915124,49.804894600264674,-1.35583598947278,1092.233731829936,23.30378289458137,5.480265607224283,11.549469584218286,6.929609870339391,-1,3342196651.0,0.965708661253703,1,0.04368940256487334,0.03954337372929917
2022-02-22,1082.02099609375,1085.1462276183763,1063.0664255657716,1065.6706454025614,13494914.0,-0.0045417091879851,48.24352610763711,-1.5706997754039094,1091.8332323893014,23.345742404667764,16.350350691188623,3.125231524626315,2.6042198367897527,1,3328701737.0,1.15885861342761,1,0.02821262290440921,0.035161357200372965
2022-02-23,1075.249755859375,1089.9696221846225,1072.5096827529123,1087.5012562225045,7310110.0,-0.0062579564156519,46.10834892271904,-2.261296552019303,1091.1828999763632,22.925327906599364,12.25150036312948,2.468365962118014,2.74007310646266,-1,3321391627.0,0.6510959284832031,1,0.03468765314158244,0.02908541605069738
2022-02-24,1021.6695556640624,1059.7827129241718,1016.0760782454672,1043.975778151862,24846650.0,-0.0498304695289044,33.4809596695398,-7.050796645551827,1088.45688647392,25.51449574283568,22.306222487799573,15.806934772309887,5.593477418595171,-1,3296544977.0,1.9932158790379526,-1,0.08895057140864404,0.005474840067011232
2022-02-25,1034.44189453125,1045.3118571320392,1030.9543872983322,1032.698081014629,14570089.0,0.012501438255039,37.85037467611926,-9.70402698987641,1086.338651495776,25.380767580345765,1.7438135166210031,10.869962600789222,1.7436937162967752,1,3311115066.0,1.1818427078357479,-1,0.07550520943985864,0.01775432374005417
2022-02-28,1068.682373046875,1072.2151647642706,1015.8948766365417,1015.8948766365417,21297446.0,0.0331004367636722,47.75764749546947,-8.940747326891596,1085.6462484193485,27.59073333373028,52.78749641033335,3.5327917173956394,0.0,1,3332412512.0,1.5910165007972508,1,0.041046127914750555,0.049394935054307254
2022-03-02,1086.34619140625,1087.4559017749605,1054.9363443782538,1057.314141139364,21471786.0,0.0165285952167568,52.007900698509715,-6.8317678092537335,1085.6736971639327,27.94279219537145,29.032050266886017,1.1097103687104664,2.377796761110176,1,3353884298.0,1.4898574128687354,1,0.024118881469109787,0.06485162402835025
2022-03-03,1077.174560546875,1093.7286874382123,1073.4379888203655,1087.0028583304952,10186748.0,-0.0084426409665067,49.744886979962125,-5.833218594083064,1085.340397688754,27.39621408269112,9.8282977836202,6.725829107717118,3.73657172650951,-1,3343697550.0,0.7078375319599644,1,0.032838768366719034,0.05688927881774521
2022-03-04,1053.283203125,1070.8337101992126,1050.9280486616494,1065.7157207883167,10805667.0,-0.022179652488029,44.33327533141782,-6.8902673099355525,1084.083252803901,27.31409249715787,12.43251766331673,5.117989410895916,2.3551544633505728,-1,3332891883.0,0.7616809068942854,1,0.05626638982788649,0.03549693603537057
2022-03-07,1014.3323974609376,1047.1915918601796,1006.3836454479082,1032.0640445664155,17983310.0,-0.0369803729410085,37.2235026651585,-10.747104592594724,1081.3479251433926,28.713054295724582,17.73164710547792,15.12754729376411,7.948752013029434,-1,3314908573.0,1.1748121967718954,-1,0.09682747905529746,0.007836437082091271
2022-03-08,1012.4979858398438,1017.253699474235,987.3610616449254,1001.627962947442,21289374.0,-0.0018084916006682,36.92317868588257,-13.792703908126214,1078.6479275236456,28.797310262409223,10.870022892401721,4.755713634391213,14.266901302516658,1,3293619199.0,1.304047737415548,-1,0.09881467616783807,0.02482664118493814
2022-03-09,1066.214111328125,1072.0567736389658,1011.8865764630572,1012.724579802494,20414228.0,0.0530530689833668,49.71667693041091,-11.736628359598399,1078.1603268885272,31.038230756230604,53.48953152563104,5.842662310840751,0.8380033394367956,1,3314033427.0,1.199599180628966,1,0.04345612631721412,0.07395611148400265
2022-03-10,1083.4927978515625,1089.267532756051,1068.8862634347242,1087.0029472759036,17980493.0,0.0162056441945928,53.01767129338287,-8.613635448089099,1078.3694433968815,30.467887232780274,3.51014942434108,2.264585480147389,14.606534416838258,-1,3332013920.0,0.9942444831353581,1,0.026815912978144396,0.0887239272815241
2022-03-11,1086.617919921875,1091.9850941858494,1076.1555181267945,1076.1555181267945,12257423.0,0.0028843035011485,53.61084004405224,-5.819387555136927,1078.6929130645283,29.42229357751418,10.462401795080496,5.367174263974448,0.0,1,3344271343.0,0.7284959771316857,1,0.023862781971408568,0.09134476475786994
2022-03-14,1095.54052734375,1098.054297791096,1075.2271823953638,1081.069844775246,8340678.0,0.0082113567780259,55.34436261106838,-2.852069240051833,1079.3536038205762,28.951209421672605,14.47068256850389,2.5137704473459053,5.842662379882313,1,3352612021.0,0.5147703854303975,1,0.015523952480956317,0.0987452887399034
2022-03-15,1070.4488525390625,1099.6620420875429,1060.2128731362302,1099.6620420875429,15925769.0,-0.0229034656212352,49.71775010533046,-2.4963600688911356,1079.0043978879678,29.701063673789754,29.213189548480386,0.0,10.2359794028323,-1,3336686252.0,1.016611063120449,1,0.039328169479818695,0.07761958051247023
2022-03-16,1088.5203857421875,1090.581191192119,1076.6312801930274,1078.850581492875,11149828.0,0.0168822014804912,53.39290528772578,-0.7476182112495735,1079.3775738822508,29.017583315165947,9.669804249312392,2.060805449931422,2.219301299847757,1,3347836080.0,0.7619462821907965,1,0.022073321734462654,0.09293287054820615
2022-03-17,1124.00634765625,1131.1170954708805,1093.8419456429745,1101.8359811947334,21422098.0,0.0326001812909246,59.63228494656643,3.4617875360158905,1081.127721873388,29.987520916132162,22.17036646151655,7.110747814630486,7.994035551758998,1,3369258178.0,1.3595387383248827,1,0.006326252364550823,0.12156985260470635
2022-03-21,1117.52978515625,1125.0482148088292,1104.6669425964524,1106.9315283978274,11999466.0,-0.0057620337407389,58.103438468200984,6.203655571212266,1082.5552537668336,29.30136029443536,10.598256758422622,7.518429652579243,2.2645858013750058,1,3357258712.0,0.7558115662040371,1,0.012158342887237448,0.11647897464596417
2022-03-22,1146.4031982421875,1148.124249688356,1111.2794206216663,1114.223273968924,22557065.0,0.025836817478561,62.69525708688317,10.584438060672028,1085.0590947266514,29.84017949245353,32.179924273263396,1.7210514461685307,2.9438533472578,1,3379815777.0,1.3810186805732771,1,0.0015012619022761516,0.138731413904921
2022-03-23,1150.049072265625,1161.6664689349448,1142.7119015169374,1142.7119015169374,15462187.0,0.0031802720273528,63.24307189704582,14.186893630515442,1087.6077212968073,29.062635772850236,7.33717074868764,11.61739666931976,0.0,1,3395277964.0,0.981668598669786,1,0.010101653007234902,0.14146179893019717
2022-03-24,1167.9166259765625,1170.407753742212,1136.823891628139,1136.823891628139,13168266.0,0.0155363402674095,65.88693283590517,18.272988249008677,1090.7570901077781,29.385580511508998,31.09273434842339,2.4911277656494804,0.0,1,3408446230.0,0.8763462779091734,1,0.0021329671230311538,0.1545962788060014
2022-03-25,1175.706787109375,1184.8330546330317,1167.1692182902332,1169.6603458567138,14222488.0,0.0066701346307993,67.00138427502631,21.887542604588134,1094.0884507745075,28.54831307088682,6.046441252661225,9.12626752365668,2.4911275664806,1,3422668718.0,0.9707833850725421,1,0.00776236696404107,0.16019787206257574
2022-03-28,1187.5283203125,1191.060992805179,1171.4723190412603,1182.1158606493575,9891424.0,0.0100548311302937,68.67385813760609,25.413056014996982,1097.7527593838404,27.90833883467481,5.412459663142499,3.532672492679012,10.643541608097166,1,3432560142.0,0.6862407495628412,1,0.0029748111537663234,0.16855788215214967
2022-03-29,1187.7998046875,1194.7973413665754,1180.9381215710694,1194.7973413665754,8684065.0,0.0002286129689341,68.71307584511474,27.907259793636285,1101.2840160624153,26.904830331877044,6.997536679075438,0.0,6.86168311643064,-1,3441244207.0,0.6010454984991417,1,0.005891175138655988,0.16874791715874068
2022-03-30,1210.6270751953125,1217.4434746814534,1185.331593767139,1195.6581430818142,15811550.0,0.0192181126968766,71.89870657445078,31.364355446542277,1105.571979165666,27.276762516336845,14.96893211349834,6.816399486140881,10.326549314675049,1,3457055757.0,1.0952220809871345,1,0.005630470047963515,0.1844217910906769
2022-03-31,1193.325439453125,1209.1550162306944,1190.5400818204482,1207.0036419353132,13223718.0,-0.0142914660482016,66.38175519615173,32.33529015304293,1109.0132913338018,26.763207577660232,13.678202482188226,2.1513742953811743,2.785357632676778,-1,3443832039.0,0.9029983523820951,1,0.020210777740044785,0.17259698905152698
2022-04-01,1202.8819580078125,1207.094137293246,1187.5507515318518,1193.891542920345,7922880.0,0.008008308746914,67.84921717240607,33.48984400833274,1112.6944155170963,26.24750601935551,8.990415087467454,4.212179285433422,6.340791388493244,1,3451754919.0,0.5959601862477881,1,0.012105524217652541,0.17917044555213735
2022-04-04,1206.4373779296875,1211.5553673825946,1196.4505836886062,1202.7008059618925,7929162.0,0.0029557513089342,68.4018408408499,34.29638159233241,1116.3706101215116,25.451597281829283,3.7365719677950437,5.117989452907068,6.2502222732862265,1,3459684081.0,0.6152703822967149,1,0.009122808156568346,0.18158946356644642
2022-04-05,1189.3851318359375,1209.2456310104756,1186.9620503043643,1200.7307025551163,13149870.0,-0.0141343814488014,62.824321204207465,33.177149166707295,1119.233924698548,25.22531038356371,11.345570719178795,8.514928455359268,2.423081531573189,-1,3446534211.0,1.1007243004911622,1,0.02359062854788252,0.1698558900590655
2022-04-06,1186.2147216796875,1193.2122590361132,1171.744039651222,1171.744039651222,12257215.0,-0.0026655875135719,61.81509983980224,31.66926028326384,1121.860622619377,24.95694674080139,14.47068202846549,6.99753735642571,0.0,1,3434276996.0,1.054287608502544,1,0.02632639136154521,0.14696171108868097
2022-04-07,1165.2899169921875,1180.3041331292436,1162.640293061963,1175.3672812713685,15496499.0,-0.0176399806081232,55.48036309847076,28.45774741907576,1123.5637322026244,24.858195446295902,10.077364279180983,4.936851857875126,2.6496239302246067,-1,3418780497.0,1.30674142264159,1,0.044755864552473885,0.09017244749459355
2022-04-08,1184.6748046875,1188.9096265891387,1159.4698932414146,1159.4698932414146,15152495.0,0.01663524880173,59.60984938779486,27.16367285537399,1125.96024484909,25.185448153540772,25.20491144608536,4.234821901638725,0.0,1,3433932992.0,1.2677909342488973,1,0.027660476836592538,0.10505999710536686
2022-04-11,1182.206298828125,1195.0464967892808,1169.886872844364,1177.5864392090166,9254209.0,-0.0020836991295903,58.861113848834336,25.643321400952345,1128.165972456111,25.18360356721049,4.619859619108411,12.840197961155809,7.699566364652583,1,3424678783.0,0.7784387235565504,1,0.029806283292736317,0.1031913176345128
2022-04-12,1159.945556640625,1178.7642727503164,1157.3865016457237,1171.6986884850992,13217742.0,-0.0188298287782481,52.46166392754503,22.384145569557177,1129.4122306594252,25.15761739686698,11.753131844474183,7.06558426521724,2.5590549949013166,-1,3411461041.0,1.0709966848529526,1,0.049569497216189105,0.08598048669907879
2022-04-13,1155.6881103515625,1174.2351195875087,1152.9026326764838,1166.0373022107094,10354235.0,-0.0036703845837322,51.312630485611336,19.235944908572492,1130.4426573140188,24.884393790735405,10.349191859146913,8.197817376799321,2.7854776750787096,-1,3401106806.0,0.8777897900545554,1,0.05343601251647798,0.06840671756542162
2022-04-18,1152.1551513671875,1159.3792305452218,1142.1683569783831,1147.2410619855225,9974224.0,-0.0030570176786713,50.32755270934063,16.268361395844067,1131.294127669045,24.336285203314212,4.914089381665008,7.224079178034344,5.072705007139348,1,3391132582.0,0.8695276552709057,1,0.0566662599536117,0.05061228572819951
2022-04-19,1196.065673828125,1208.385101413979,1155.4163428280708,1158.564096562945,26141820.0,0.0381116400936381,60.48199259794189,17.260770846905416,1133.8341883027347,26.61440412070545,37.50157726518,12.3194275858541,3.147753734874186,1,3417274402.0,1.9666228359975344,1,0.017873433977004492,0.07641614773471599
2022-04-20,1231.2347412109375,1238.277682969599,1199.8248909839451,1203.448252046231,25072240.0,0.0294039601272482,66.40557643788063,20.647105326600695,1137.6538178285466,27.728518765046065,27.78648916470661,7.042941758661527,3.623361062285767,1,3442346642.0,1.6706968933657995,1,0.005720226633415729,0.09742684849137165
2022-04-21,1260.06298828125,1263.1880996959114,1237.3717275306717,1245.9319403276972,21708633.0,0.0234140948962824,70.33138279282575,25.36461096357675,1142.4541774541428,28.030293030755196,14.131047953552752,3.1251114146614327,8.560212797025542,1,3464055275.0,1.368513342603415,1,0.0024801231714012524,0.09780391758130391
2022-04-22,1249.5101318359375,1269.0761631730086,1242.897512398799,1249.555416364938,15054154.0,-0.0083748642277849,67.23405299641198,27.929783686782685,1146.6524501749975,27.89803286957336,0.04528452900058255,19.5207468080705,6.612619437138392,-1,3449001121.0,0.9325716174874185,1,0.015658961731124344,0.0901843349138959
2022-04-25,1220.61376953125,1249.3287095526507,1206.414795351199,1242.0821076628993,17063215.0,-0.0231261528565833,59.50620808355273,27.316123343772233,1149.5528940713211,28.98355455637087,21.46833813164926,7.246601889751446,14.198974180050982,-1,3431937906.0,1.04686817560662,1,0.03970329915282662,0.06426718632134724
2022-04-26,1257.1416015625,1265.9055943331985,1226.3658564890222,1227.4075203143414,12227666.0,0.0299257905678695,64.98504185200733,29.437941603521722,1153.7720590709753,30.148431002483555,29.734081248158645,8.76399277069845,1.0416638253191195,1,3444165572.0,0.7639038070149851,1,0.009493410762697795,0.09145608135250376
2022-04-27,1258.3646240234375,1280.851985416539,1247.811532355269,1248.173928367214,19338945.0,0.0009728597473963,65.15503636820308,30.86242275430004,1157.8737282847974,30.355004006682584,10.190695656223397,22.487361393101537,0.36239601194506577,1,3463504517.0,1.136562935751529,1,0.017870306399111472,0.09233910809852054
2022-04-28,1277.16064453125,1291.269050141953,1261.874601680994,1272.6767577965609,25614076.0,0.0149368634090452,67.74666123810746,33.12615836588293,1162.551646568972,30.537105586099216,4.483886734689122,14.108405610702903,10.802156115566959,1,3489118593.0,1.4031326829969046,1,0.011046696178052873,0.10569718706170468
2022-04-29,1263.75439453125,1293.6016912062305,1257.8890896131295,1293.6016912062305,18214862.0,-0.0104969175627239,64.08550692411677,33.45278987506185,1166.520381783179,30.90678387231363,29.847296674980498,0.0,5.865304918120501,-1,3470903731.0,0.9566135068600842,1,0.02361795678348673,0.09621017982530172
2022-05-02,1259.315673828125,1270.6612443033114,1249.1702630612974,1250.9593611931234,9467006.0,-0.0035123285998711,62.87397121849829,32.97338339596354,1170.159412843765,30.234226541577936,8.356312635001586,11.345570475186378,1.7890981318259946,1,3461436725.0,0.49851898565463165,1,0.02722591173179105,0.09302458413277119
2022-05-04,1220.00244140625,1263.6411523249317,1212.1443778001394,1261.376566525436,19247660.0,-0.0312179330718316,53.268616085552544,29.08591666334678,1172.1140414148429,31.752979968950388,41.37412511918592,2.2645857994957623,7.858063606110591,-1,3442189065.0,1.0517360954526818,1,0.06032713321060691,0.06379830218876488
2022-05-05,1196.11083984375,1236.4658174286478,1192.079918457506,1233.5218443509425,17210669.0,-0.0195832407802077,48.42668637531762,23.802834435788327,1173.0550923336236,32.65533132624978,37.4110045071925,2.943973077705323,4.030921386244017,-1,3424978396.0,0.982642020823596,1,0.08150653611266988,0.04509823092349322
2022-05-06,1186.939453125,1204.3088248386653,1174.6653095599413,1183.1123115474356,19649948.0,-0.0076676729390297,46.672862686092294,18.660789482948985,1173.5995770705404,32.44020160856936,3.827141577564362,17.36937171366526,8.447001987494332,1,3405328448.0,1.1352563540711824,1,0.08986325107014333,0.037719780927950905
2022-05-09,1140.583251953125,1176.2732081933118,1135.4652620079833,1166.2410086662385,18083752.0,-0.0390552366001715,38.987208562413805,10.72153263743553,1172.3048192227986,33.799772287744176,25.657756713113486,10.032199527073317,5.117989945141744,-1,3387244696.0,1.0267986599128462,1,0.1341580625448235,0.00448716911841178
2022-05-10,1120.813232421875,1144.3423749690376,1113.272161583261,1130.0301899582084,19511677.0,-0.0173332542779284,36.24589234169318,2.802038876920051,1170.285541309037,33.60480379474648,9.216957536333439,14.312185010829126,7.541070838613905,-1,3367733019.0,1.0926855325710156,1,0.15416347147418205,0.006728213604615474
2022-05-11,1109.3319091796875,1125.478478168712,1096.9445548183617,1119.9075231154202,16643899.0,-0.0102437434802392,34.71911680530273,-4.350513802369505,1167.8952027941605,33.24259804871818,10.57561393573269,5.570955053291755,12.387354361325833,-1,3351089120.0,0.9095896900388734,1,0.16610879079716018,0.01116649963714273
2022-05-12,1086.7313232421875,1102.787203178042,1073.4155164726255,1099.458311385817,20490321.0,-0.020373150497593,31.873005670443845,-11.707682856059364,1164.7123055568281,33.43358338145702,12.726988143629569,3.328891792225022,13.31580676956196,-1,3330598799.0,1.112794783490946,-1,0.19036017784677414,0.012253080853356812
2022-05-13,1099.0506591796875,1122.3306194635952,1093.955311378371,1098.7789520224087,19308778.0,0.0113361377131802,35.00083636212578,-16.35568670816906,1162.1373390322344,33.58827715573921,0.27170715727879724,23.279960283907712,4.823640644037596,1,3349907577.0,1.0858085280019008,1,0.17701734710914285,0.023324805360833492
2022-05-16,1099.322509765625,1123.689419002713,1094.544153545097,1102.60611718799,13437911.0,0.0002473503688542,35.07167755224715,-19.789209489055793,1159.6740123943282,33.27091917730184,3.283607422365094,21.083301814722972,4.7783562205279395,-1,3363345488.0,0.776526155741702,1,0.17672628342889632,0.023566326590113047
2022-05-17,1145.497314453125,1150.366239393939,1101.496331090796,1102.9003909379085,16551828.0,0.0420029648054276,45.86418250480684,-18.57031318004624,1159.1180634554576,34.54040563808842,42.59692351521653,4.86892494081394,1.4040598471124213,1,3379897316.0,0.9188494967672921,1,0.12929264423794168,0.06292620425296433
2022-05-18,1149.6641845703125,1163.9990123371506,1136.0313867118257,1150.2530031709175,17276788.0,0.0036376079320419,46.72478551561441,-17.071310043353606,1158.7473231070205,34.07092135146245,0.5888186006050091,13.74600916623308,13.63279785848681,-1,3397174104.0,0.9697040737460998,1,0.12519960921433307,0.06632255672658441
2022-05-19,1123.16845703125,1137.956250241304,1116.918234266966,1125.0481241931686,14699118.0,-0.0230464929626083,42.13767408194105,-17.815951833467352,1157.3520734569904,33.97628056231131,1.8796671619186327,12.908126048135273,6.25022276428399,-1,3382474986.0,0.8368221803292631,1,0.15174325196548724,0.04429695318379136
2022-05-20,1188.6605224609375,1197.6962234407256,1133.200752456055,1137.9563467189944,21793091.0,0.0583101003413109,54.125946692195676,-12.971891585365256,1158.5798557708708,36.87281526568019,50.70417574194312,9.03570097978809,4.755594262939439,1,3404268077.0,1.2257277131019237,1,0.08828523094889074,0.09695367500698604
2022-05-23,1180.7117919921875,1201.84037705705,1174.4161648907582,1191.8534622113486,15252755.0,-0.0066871325484028,52.698842869456506,-9.662946623984453,1159.4477748383733,36.19791504429531,11.141670219161142,9.986914845701449,6.295627101429318,-1,3389015322.0,0.8717545425325259,1,0.09561173182116399,0.09087423048305755
2022-05-24,1184.7652587890625,1194.7973375363194,1176.5448004718992,1180.7569797022973,13527818.0,0.0034330704786438,53.37397992110766,-6.636995851368965,1160.4406173462437,34.916102331447085,4.008279086765242,10.032078747256946,4.212179230398078,1,3402543140.0,0.8005464146018554,1,0.09186328819973055,0.09398464505132982
2022-05-25,1183.0216064453125,1203.2670225299605,1178.2658929997126,1193.438723782862,12714544.0,-0.0014717281172914,53.02338502547394,-4.329696192537767,1161.326146330521,34.207889988504284,10.417117337549598,9.828298747098415,4.755713445599895,-1,3389828596.0,0.77033120861722,1,0.0934725825449493,0.09264927147191011
2022-05-26,1171.743896484375,1193.393371125466,1154.0347740615534,1188.6376579513867,17882023.0,-0.0095329704034943,50.70353480966069,-3.372287896120497,1161.7346855522408,34.57579763674774,16.8937614670117,4.755713174079347,17.709122422821565,-1,3371946573.0,1.1008071093555347,1,0.10399695282174695,0.0839162724096687
2022-05-27,1166.3089599609375,1179.9191164627784,1150.4568600156867,1174.4388502012214,16521973.0,-0.0046383314133268,49.577795211495626,-3.0173072395875806,1161.9140688623856,34.21054469462945,8.129890240283885,5.4802662615570625,15.852099945250757,-1,3355424600.0,1.0348362516145384,1,0.10914151877008331,0.07964737190343045
2022-05-30,1206.935791015625,1211.1025664956994,1174.9597635821942,1184.3803827895526,13853398.0,0.0348336782528431,57.22335935316602,0.5360835838771436,1163.6796265938851,34.966477683210336,22.55540822607236,4.166775480074421,9.420619207358413,1,3369277998.0,0.8654407002550382,1,0.05279937322437179,0.11062748783897064
2022-05-31,1192.3743896484375,1213.2765527152142,1184.697464521731,1196.3373846577454,70620653.0,-0.0120647688763411,54.05937977989113,2.1523767571991357,1164.804911419554,34.51023557680125,3.9629950093078605,16.939168057468805,7.676925126706465,-1,3298657345.0,3.2978397467465546,1,0.05976878008718943,0.09976637724572907
2022-06-01,1192.7593994140625,1202.587698682473,1184.9238588339676,1193.121675611818,9776989.0,0.0003228933537715,54.13159474702337,3.424887837177039,1165.9011658507113,33.30692159620869,0.36227619775559106,9.466023070654956,7.835540580094857,-1,3308434334.0,0.473135755194281,1,0.036643113469536186,0.10005696287119102
2022-06-02,1233.8843994140625,1237.575687367432,1192.985882501402,1192.985882501402,22126569.0,0.0344788731241207,61.15550142196396,7.663466172348535,1168.5671750100585,34.12901919314875,40.8985169126604,3.6912879533695104,0.0,1,3330560903.0,1.0336146273926068,1,0.0029915995008303864,0.13005179660075059
2022-06-03,1258.8853759765625,1276.0283243723425,1241.9009234208313,1242.8068535360608,23939791.0,0.0202620088027469,64.69496526468001,12.89133660321113,1172.109065244039,34.70151246208669,16.07852244050173,17.142948395779968,0.9059301152294665,1,3354500694.0,1.1072138139606387,1,0.013617560997149218,0.14732863137762747
2022-06-06,1253.47314453125,1274.5111629536582,1246.3396331112071,1259.1120268728405,11093152.0,-0.0042992249720226,63.349248999019196,16.40859170750059,1175.2998134513807,34.235085132112715,5.638882341590488,15.399136080817698,7.133511420042851,-1,3343407542.0,0.5231214582915501,1,0.0179941468546797,0.1436469770766082
2022-06-07,1255.828125,1264.139152836091,1246.4527910651425,1254.5372764842175,12358255.0,0.0018787641993165,63.70304171143118,19.165145097741515,1178.4577864532873,33.05303346345813,1.2908485157824998,8.311027836090943,8.084485419075008,1,3355765797.0,0.5860121612701591,1,0.016085162428053176,0.14525284543008182
2022-06-08,1233.7711181640625,1259.564728048269,1230.260968517713,1255.8281557796806,12479250.0,-0.0175637146491981,58.05083036389216,19.346898404063495,1180.626936716455,32.78522818253654,22.05703761561813,3.736572268588361,3.5101496463494186,-1,3343286547.0,0.5924105567582576,1,0.03425044206834866,0.12997192050504253
2022-06-09,1267.6041259765625,1269.528957983228,1227.4076388685442,1227.4076388685442,17278305.0,0.0274224346107614,63.41324971713873,21.96774964159158,1184.037806883518,33.452091820547075,40.196487108018346,1.9248320066656106,0.0,1,3360564852.0,0.8225870964413976,1,0.006645764417412229,0.13698978335559794
2022-06-10,1229.3323974609375,1263.595647717919,1223.5576627478845,1255.4431162995847,18093057.0,-0.0301921772983663,54.86878432893883,20.717763012863088,1185.8140653375344,34.20883263541357,26.110718838647244,8.15253141833432,5.7747347130530216,-1,3342471795.0,0.8549809410449237,1,0.03798478508160259,0.10964344891115861
2022-06-13,1206.074951171875,1210.5588374187555,1184.9690106078476,1200.2324095352897,17620803.0,-0.018918761383901,50.42249378030025,17.64703403552562,1186.6086098800577,34.934157936676165,5.842541636585338,4.483886246880502,15.26339892744204,1,3324850992.0,0.8181003216798444,1,0.05800085072034513,0.08670988480397988
2022-06-14,1190.3135986328125,1210.1288135182251,1183.6783373201108,1200.2552293704457,14714312.0,-0.0130683026985578,47.6069701103564,13.782770571127685,1186.7539035566365,34.32818066963603,9.941630737633204,9.873584147779411,6.635261312701687,-1,3310136680.0,0.9226402957407647,1,0.07201020456960369,0.061660527486326284
2022-06-15,1175.910888671875,1194.4805402025763,1170.5211912252462,1185.5354082981676,11195535.0,-0.0120999289409785,45.12721491804945,9.449210987366541,1186.3286872866458,33.587549834471325,9.624519626292567,8.945131904408754,5.389697446628816,-1,3298941145.0,0.6958112220801531,1,0.08514032539790874,0.05016762322146524
2022-06-16,1159.4698486328125,1204.331357067944,1156.752298028243,1188.0036507794862,17111475.0,-0.0139815356737037,42.41145606309822,4.634752723613019,1185.2753994962995,34.586943349130586,28.53380214667368,16.327706288457875,2.7175506045693965,-1,3281829670.0,1.097706123469362,1,0.10052738833784229,0.022656127028859552
2022-06-17,1173.057373046875,1188.8415454022556,1157.7035234680366,1159.4698594973618,24457187.0,0.0117187388961292,45.339144332915374,1.8938286500147115,1184.7962612041654,34.340591819494044,13.587513549513233,15.784172355380633,1.7663360293252026,1,3306286857.0,1.563745451757057,1,0.08777997878996562,0.019266332193527885
2022-06-20,1151.7930908203125,1185.3316762636523,1141.8514592915058,1179.8512897369692,12066797.0,-0.0181272312123413,41.76102395698095,-1.9714970969464503,1183.5020192283282,34.99342218754065,28.058198916656693,5.480386526683105,9.941631528806738,-1,3294220060.0,0.76675449342086,1,0.1078624577123909,0.008631438761041934
2022-06-21,1170.38525390625,1174.5973137201734,1145.112415821389,1159.4698864092793,11720049.0,0.0161419296869509,45.7893975213066,-3.4942834947248684,1182.9876362745213,34.5999561669152,10.915367496970703,4.212059813923361,14.357470587890248,1,3305940109.0,0.7477536381539571,1,0.09026350093996884,0.024379830931319856
2022-06-22,1134.831298828125,1158.7000801408756,1132.7478510128988,1158.6095110793892,10617206.0,-0.0303779930236313,40.080044649160044,-7.483741806968965,1181.0991524530941,34.81691664737492,23.778212251264222,0.0905690614863488,2.0834478152262363,-1,3295322903.0,0.6855350949902569,1,0.12442115906568978,0.0018359097227735022
2022-06-23,1116.419921875,1143.6177098347453,1107.3842221697334,1139.1111811125647,19446323.0,-0.0162238889358597,37.4742626102818,-11.992814807899776,1178.562712038267,34.91810029149184,22.691259237564736,4.506528722180519,9.035699705266552,-1,3275876580.0,1.2382821711266074,-1,0.14296448797624828,0.008093459753110922
2022-06-24,1132.3175048828125,1137.2768791745684,1117.8014186070498,1123.2365200121849,14240234.0,0.0142397880011966,41.038819688118785,-14.120710795950117,1176.749174502759,33.91373293492588,9.080984870627617,4.959374291755921,5.4351014051351285,1,3290116814.0,0.9295803475216885,1,0.12691742278099208,0.022019692008258308
2022-06-27,1128.9658203125,1152.6534598644344,1123.9383995696694,1152.6534598644344,15474529.0,-0.0029600218630015,40.51440727539139,-15.894316840106057,1174.87531747569,33.54239917491439,23.687639551934353,0.0,5.0274207428306,-1,3274642285.0,1.0245071082003205,1,0.13026302604903953,0.01911625467703949
2022-06-28,1144.840576171875,1147.67133814574,1124.187598454475,1124.187598454475,13572847.0,0.0140613254836898,44.154361799430205,-15.836400118510483,1173.6974844833837,32.82392349751087,20.652977717400063,2.8307619738650374,0.0,1,3288215132.0,0.905446926716517,1,0.11459040754751537,0.03271752834563948
2022-06-29,1168.59619140625,1176.2279518820312,1132.7477384681235,1135.555858296585,19205146.0,0.020750151356278,49.16707834435174,-13.715517139948588,1173.4974337744766,33.58508706296779,33.04033310966497,7.6317604757812205,2.8081198284614857,1,3307420278.0,1.2161945371616418,1,0.09193263999672308,0.052380770780072534
2022-06-30,1175.616455078125,1184.7880089664673,1162.187437050855,1168.5282289340553,23112959.0,0.0060074332977475,50.578862965286696,-11.337533463376303,1173.5805326491295,32.800478838156685,7.088226144069722,9.17155388834226,6.340791883200382,1,3330533237.0,1.4100724128650055,1,0.08541209921014983,0.05803953544003194
2022-07-01,1090.943359375,1173.9631898181497,1071.150907551117,1166.2183382001654,81997149.0,-0.0720244220275889,37.16998454601989,-16.099787123708666,1170.339859187399,37.91941231593179,75.27497882516536,7.7448516179842954,19.792451823883084,-1,3248536088.0,3.7026845653858333,-1,0.16826520093932643,0.018142510932210223
2022-07-04,1093.2078857421875,1106.0254419629423,1071.648979247077,1077.4689986763794,41857728.0,0.0020757506315312,37.646090601922914,-19.466778205803394,1167.315075915038,37.66634448735561,15.738887065808058,12.817556220754796,5.82001942930242,1,3290393816.0,1.6660178821263794,-1,0.16128777933332858,0.02017638042932331
2022-07-05,1102.0625,1116.3973279805082,1094.7478514073186,1097.42011751126,17647327.0,0.0080996618971522,39.574218174887875,-21.17653956060144,1164.7561513693502,36.632280040995965,4.6423824887399405,14.33482798050818,2.6722661039414106,1,3308041143.0,0.6862086416373874,-1,0.15195731456539727,0.02804885607566094
2022-07-06,1092.3699951171875,1106.0027924376789,1081.5679595799388,1096.106567126978,23943726.0,-0.0087948776796348,38.18238805596601,-23.047959364150756,1161.9174785751477,35.76103381362054,3.736572009790507,9.896225310700856,10.802035537248685,-1,3284097417.0,0.8851721207754137,-1,0.1621785326015251,0.019424817288023585
2022-07-07,1081.61328125,1102.0624779330788,1075.6800503518657,1098.7335863010785,23301033.0,-0.0098471341352007,36.642166144541285,-25.109602090078624,1158.7682943663183,35.09113336844858,17.120305051078503,3.32889163200025,5.933230898134298,-1,3260796384.0,0.8493094789473861,-1,0.16825086158114247,0.00967293382972509
2022-07-08,1083.1080322265625,1095.155633472675,1079.0996326989614,1095.155633472675,19010108.0,0.0013819643327928,37.02233860423095,-26.31946053431261,1155.8012252627984,33.73148104025322,12.047601246112436,0.0,4.008399527601114,-1,3279806492.0,0.6810667165295909,-1,0.1176713692448484,0.011039641771343096
2022-07-11,1097.8277587890625,1100.046939975301,1073.4154479368833,1076.3594210782474,13847467.0,0.0135902662749536,40.790155852815474,-25.793195253050726,1153.5277559893186,33.224338968693544,21.46833771081515,2.2191811862385293,2.94397314136404,1,3293653959.0,0.4990159299525913,-1,0.10229387427134663,0.024299669073198662
2022-07-12,1096.2650146484375,1104.9837222205626,1088.8145132177926,1088.8145132177926,10778989.0,-0.0014234875444839,40.51303392715422,-25.21160295270397,1151.282158289676,32.006115399699006,7.450501430644863,8.71870757212514,0.0,1,3282874970.0,0.39238896840627435,-1,0.09857684134357099,0.022908791908655825
2022-07-13,1076.8349609375,1102.4022679488555,1074.7742754785731,1099.3677256155834,14224132.0,-0.0177238655355325,37.134959004803044,-26.018603549570116,1148.3626603542966,31.6933923333121,22.532764678083367,3.0345423332721566,2.060685458926855,-1,3268650838.0,0.5273653940686136,-1,0.1183991983501769,0.005278481468910062
2022-07-14,1085.7120361328125,1102.379494520794,1076.563125697215,1081.567903645538,16970315.0,0.0082436729093418,39.612397483142296,-25.646217921283096,1145.9057731299247,31.27360493975974,4.144132487274419,16.66745838798147,5.004777948323181,1,3285621153.0,0.6438442007297621,-1,0.0949879027193796,0.0134115935875232
2022-07-15,1087.8182373046875,1093.796752824721,1079.3487135847497,1093.796752824721,9603210.0,0.001939926151484,40.21440905117787,-24.89418215981118,1143.6278305485428,30.07177881834627,5.9785155200333975,0.0,8.469523719937797,-1,3295224363.0,0.5023018789199631,-1,0.08964129816445816,0.015321796585124014
2022-07-18,1097.080322265625,1098.3257662865883,1083.5153331838935,1096.5141460013815,15160908.0,0.0085143681575761,42.90974335061529,-23.28243018844296,1141.8024380668598,28.981682695799737,0.5661762642434951,1.2454440209633049,12.998812817487988,1,3310385271.0,0.9217073801146186,-1,0.07994645872392786,0.02363492826209862
2022-07-19,1103.8065185546875,1108.2904060429255,1087.139055303216,1087.139055303216,16439888.0,0.0061309971134766,44.85409511702135,-21.217772043218474,1140.312402007559,28.422373270364716,16.667463251471418,4.483887488237997,0.0,1,3326825159.0,1.0068539045521474,-1,0.07336565697928298,0.02958454263010649
2022-07-20,1133.6534423828125,1151.543703777921,1126.0670869457035,1150.411470927765,23924246.0,0.0270399959833596,52.5729622746549,-16.977413224708243,1140.0512663360003,29.802002695569634,16.758028544952595,1.132232850156015,7.586355437108978,-1,3350749405.0,1.4654050363843516,1,0.04510599507039438,0.05513372296592004
2022-07-21,1126.0897216796875,1132.2947793542016,1117.484344754926,1129.577228851476,16523230.0,-0.0066719867115887,50.63857955359841,-14.065093713877332,1139.5037547808508,28.828223762163695,3.487507171788593,2.717550502725544,8.605376924761458,-1,3334226175.0,1.05591556494438,1,0.05212576418797675,0.04878724409865251
2022-07-22,1133.6988525390625,1139.6773678755285,1130.030207237111,1132.2947927493988,10969995.0,0.0067571266417609,52.53081839411237,-11.016079741237718,1139.2761115556827,27.739611078854928,1.4040597896637337,5.978515336465989,2.2645855122877947,1,3345196170.0,0.7390069466684649,1,0.04506413348922786,0.055171569458557286
2022-07-25,1096.242431640625,1117.5522733397709,1088.361726850526,1117.5522733397709,23110452.0,-0.0330391274671832,43.65856956843115,-11.489688355811268,1137.5885162648963,28.996576408117892,21.309841699145863,0.0,7.880704790098889,-1,3322085718.0,1.4654195182262824,-1,0.08077189385319256,0.022888663461015982
2022-07-26,1096.74072265625,1106.886133119494,1092.143624721455,1096.5595845623452,11303288.0,0.0004545445434722,43.79456968703811,-11.690062906087633,1135.9866420057338,27.97842869311226,0.18113809390479219,10.145410463243934,4.415959840890309,1,3333389006.0,0.7143596032663003,-1,0.08028085808373307,0.02333260229742893
2022-07-27,1095.698974609375,1099.2316463703332,1087.90871936657,1096.038608509345,8655086.0,-0.0009498580889308,43.55784577319862,-11.796933832054037,1134.4067334803863,26.7887500010159,0.33963389997006743,3.19303786098817,7.79025524280496,-1,3324733920.0,0.5669494931561196,-1,0.08130794718399109,0.02240402485272897
2022-07-28,1112.86474609375,1117.7788361232904,1096.5143960795697,1103.3081533989875,12496073.0,0.0156665031930824,48.49790421354252,-10.376877329917534,1133.5619496613024,26.45240082336586,9.556592694762458,4.914090029540375,6.793757319417864,1,3337229993.0,0.8432673324840605,-1,0.05490194917114627,0.037483295871355626
2022-07-29,1136.5748291015625,1140.0396942059217,1115.989778235377,1120.8359411287292,15130683.0,0.0213054489245319,54.4306503725977,-7.254639803917598,1133.6801017962148,26.504011343994847,15.738887972833254,3.4648651043592054,4.846162893352357,1,3352360676.0,0.9843409099722693,1,0.013170162045723972,0.05712413137444539
2022-08-01,1166.19580078125,1172.038463313215,1135.7370437974075,1140.968245399228,15700044.0,0.0260616115378009,60.54540902043146,-2.362841838399163,1134.9552272466085,27.203826213410043,25.227555382022047,5.842662531965061,5.23120160182043,1,3368060720.0,1.0178113571027492,1,0.005010018496080147,0.07955812633025423
2022-08-02,1170.6343994140625,1181.1194448466035,1160.1719962455124,1165.1314906618964,13917913.0,0.0038060492327609,61.38165002874314,1.8507666219707062,1136.3544104688615,26.7569420982444,5.5029087521661495,10.485045432541028,4.9594944163839045,1,3381978633.0,0.9172754468582263,1,0.008956720764219049,0.08304809044210573
2022-08-03,1180.4625244140625,1182.11564904104,1162.8440902328596,1177.586478112168,14250977.0,0.0083955545855471,63.23955768206557,5.914945425713995,1138.0841404274968,26.222271863239826,2.8760463018945757,1.6531246269773874,14.742387879308353,1,3396229610.0,1.0031820089269194,1,0.0014004041575126976,0.0906823166879553
2022-08-04,1164.859619140625,1185.6259288355277,1148.146993347087,1182.1157790494954,14467127.0,-0.0132176201706887,58.43326670592596,7.787048108535146,1139.1341592005608,27.026319265039895,17.25615990887036,3.5101497860323434,16.71262579353811,-1,3381762483.0,1.0333541240424629,1,0.017827306701749215,0.07850231023649408
2022-08-05,1147.69384765625,1167.984546831775,1144.5008098568317,1166.7164604960217,13942438.0,-0.0147363435063866,53.60624592244487,7.795704643519002,1139.4698332576468,26.77327767289015,19.022612839771682,1.2680863357534236,3.1930377994183345,-1,3367820045.0,0.9751724160409186,1,0.0330506966267531,0.06471969843791833
2022-08-08,1162.7081298828125,1170.1359894573532,1146.3351396535795,1146.3351396535795,10165178.0,0.0130821318396223,56.95560380188841,8.91136740958791,1140.3811390076532,26.560961396524682,16.372990229232983,7.427859574540662,0.0,1,3377985223.0,0.7817635364446588,1,0.01971070672312668,0.07562848503785904
2022-08-10,1169.660400390625,1173.011933912273,1158.133573794528,1167.1239881901556,10724688.0,0.005979377222135,58.45137599074074,10.238505202320766,1141.5293453363972,25.726489876611843,2.5364122004693854,3.35153352164798,8.990414395627568,1,3388709911.0,0.8284797875989492,1,0.013649712719666994,0.08112279844676562
2022-08-11,1173.5555419921875,1182.070349687536,1168.6186906335156,1178.9905230785732,8198226.0,0.0033301474515694,59.304623783578506,11.472330948862464,1142.7852746170165,24.84971624642674,5.434981086385733,3.079826608962776,4.936851358671902,-1,3396908137.0,0.6355541731931338,1,0.010285313657034015,0.08264833902136545
2022-08-12,1192.53271484375,1196.314571208688,1169.5245850188703,1173.1931102851886,12650587.0,0.0161706644232173,63.26298431781723,13.822113274638014,1144.736154625908,24.988306956668954,19.339604558561405,3.781856364937994,3.6685252663182837,1,3409558724.0,0.9795428977333198,1,0.003171281020524042,0.09491060484141944
2022-08-16,1200.8211669921875,1203.5387175050762,1189.9512045412775,1198.511296976361,6607378.0,0.0069502933087446,64.8701943403372,16.166780928900153,1146.935566875566,24.173964528606792,2.309870015826391,2.7175505128886925,8.560092435083561,1,3416166102.0,0.5477639229610927,1,0.0022630767907727703,0.09768801303038421
2022-08-17,1207.09423828125,1212.4160085847718,1202.746205068067,1207.0263114935751,6595965.0,0.0052239846044479,66.07973229637184,18.319950379898046,1149.2947304601028,23.27545574746233,0.06792678767487814,5.3217703035218165,4.280106425508166,1,3422762067.0,0.5914577463652707,1,0.004408744681856279,0.09937515992855286
2022-08-18,1209.2833251953125,1212.7820913718715,1199.6955520359063,1208.6925853891362,7410035.0,0.0018135178220877,66.5130306746696,19.97276015510738,1151.6472243712874,22.547676003783966,0.590739806176316,3.498766176559002,8.997033353229881,1,3430172102.0,0.7056329498139552,1,0.002893255950580409,0.10036903949629764
2022-08-19,1187.7220458984375,1209.4648732471103,1183.677852607992,1204.148456169832,9460724.0,-0.0178297995578435,58.57623097248457,19.320098694280205,1153.061923254705,22.779057763450705,16.42641027139439,5.316417077278402,4.044193290445492,-1,3420711378.0,0.9439735126535553,1,0.02109925092320539,0.08403761374688042
2022-08-22,1184.427734375,1195.651309470641,1175.0672431781986,1189.1535324408326,9471680.0,-0.0027736384407561,57.4482791994467,18.32578809838037,1154.2919550633442,22.622272658378687,4.725798065832578,6.497777029808503,9.360491196801377,-1,3411239698.0,0.9946433307672866,1,0.023939288294218774,0.08148999910016562
2022-08-23,1202.694580078125,1205.602726680644,1177.4982950302235,1178.7024907985583,9678484.0,0.0154225075730467,61.83661247419412,18.795113207843542,1156.1900972207866,23.013855443524534,23.9920892795667,2.908146602519082,1.2041957683347846,1,3420918182.0,1.064002929984292,1,0.008387425586545202,0.09544057370250947
2022-08-24,1199.490966796875,1213.2365143204822,1197.491706212183,1199.65009995872,10369622.0,-0.002663696448222,60.65517286124185,18.69306984714831,1157.8881705374959,22.494637776722723,0.15913316184492032,13.586414361762309,1.9992605846919105,-1,3410548560.0,1.1374266734786054,1,0.011459483984538365,0.09302466672864956
2022-08-25,1195.9923095703125,1210.0103318429638,1191.698237824936,1203.6715670494066,7871946.0,-0.0029167849724665,59.32217666657853,18.120999744801793,1159.3824504995673,22.195884651101647,7.679257479094076,6.338764793557175,4.294071745376414,-1,3402676614.0,0.8913522577970561,1,0.01441832410809155,0.09037147591908343
2022-08-26,1189.6077880859375,1204.1485194816453,1184.6095168359632,1196.4237108559755,10742038.0,-0.0053382629915645,56.866185486898026,16.95698299640617,1160.5677578558957,22.00610736500025,6.815922770038014,7.724808625669766,4.998271249974323,-1,3391934576.0,1.1822826535061528,1,0.019862618983491207,0.07825553341085116
2022-08-29,1180.36083984375,1206.4204546360302,1171.4546722003442,1174.6126958822672,19838975.0,-0.0077731066783496,53.41679538919861,15.114113798184917,1161.3439571495371,22.9317984414778,5.7481439614828105,26.059614792280172,3.1580236819229413,1,3372095601.0,2.0234179483609505,1,0.02785222396998882,0.05453507049326901
2022-08-30,1198.6729736328125,1201.990130578996,1170.795826558723,1187.790261371782,23139054.0,0.0155140133177296,58.75270970947481,14.958826793598519,1162.8078401488813,23.521977411391738,10.88271226103052,3.317156946183559,16.994434813058888,1,3395234655.0,2.0194931296155736,1,0.012149719738430471,0.052504670764925446
2022-09-01,1163.4346923828125,1183.6780172121637,1159.0270403092493,1173.5450568236956,19909939.0,-0.0293977440262155,47.48162932437627,11.855661242499764,1162.8324225894276,24.673688547975416,10.110364440883131,10.132960388468064,4.407652073563213,-1,3375324716.0,1.5567714656474336,1,0.042805859463990535,0.01627412578457897
2022-09-02,1149.8482666015625,1170.2278880627014,1147.6671567250864,1163.4346809089884,12999345.0,-0.0116778585598336,43.97852185615107,8.20548148923126,1162.3232400016682,24.522763032949666,13.586414307425912,6.793207153712956,2.1811098764760573,-1,3362325371.0,0.9738664236093239,1,0.05512748904363447,0.0046505759934182675
2022-09-05,1167.7060546875,1173.022472536249,1150.0754462865928,1150.0754462865928,11327815.0,0.0155305605136206,49.27577133431525,6.6766971823951735,1162.5343307736616,24.426437525930876,17.63060840090725,5.316417848749097,0.0,1,3373653186.0,0.8369344093218992,1,0.03899137068803418,0.01987250535998847
2022-09-06,1179.9974365234375,1184.1552111927028,1168.7057123414318,1169.1601553219334,10899618.0,0.0105260924070715,52.59814824362503,6.383353074978686,1163.2191584501236,23.856631738736017,10.837281201504084,4.157774669265336,0.45444298050165344,1,3384552804.0,0.7968906372421132,1,0.02816877119239786,0.030081952356767503
2022-09-07,1173.1361083984375,1179.1114147484411,1167.796974159679,1170.068948733432,7488501.0,-0.0058146974837632,50.60553227214769,5.533437891675476,1163.6080584480967,23.02404821195191,3.06715966500542,5.9753063500036205,2.271974573753141,1,3377064303.0,0.5564065756110665,1,0.034182227991251334,0.02284557482545363
2022-09-08,1174.7945556640625,1180.519984126391,1168.2513462113554,1176.0896159479148,7057077.0,0.0014136869999585,51.08786632220545,4.936788593847268,1164.0467446134287,22.255804619315022,1.2950602838523082,4.430368178476101,6.54320945270706,-1,3384121380.0,0.5375824948168837,1,0.03272228192672385,0.023091185440199856
2022-09-09,1167.4788818359375,1185.9727033347192,1165.0704903678632,1185.9727033347192,8314850.0,-0.0062271941871485,48.82305556709978,3.8294821024924204,1164.1813382299977,22.159119501282238,18.4938214987817,0.0,2.408391468074342,-1,3375806530.0,0.6312652593952566,1,0.039193541910229536,0.016969664650118392
2022-09-12,1180.5426025390625,1186.8814864106484,1168.04668408102,1168.04668408102,7435419.0,0.0111896848040466,52.84331993077331,3.960413629999266,1164.8229564381963,21.962225577955717,12.495918458042524,6.338883871585949,0.0,1,3383241949.0,0.5790347062722465,1,0.02769397030746964,0.02784774199869526
2022-09-13,1190.403076171875,1194.9243089400052,1181.8832020191865,1189.607891122723,8888657.0,0.008352492838128,55.67377692319446,4.804452881460975,1165.8260983885366,21.420759922454785,0.7951850491519963,4.521232768130176,7.724689103536548,1,3392130606.0,0.7567372884151684,1,0.019181266081767456,0.03590037719342904
2022-09-14,1176.135009765625,1185.9726599528265,1169.046493026583,1170.0688394223357,8678219.0,-0.011985911908203,50.91183476577622,4.272792263943302,1166.2303694229322,21.416175866943156,6.066170343289286,9.837650187201461,1.0223463957527201,1,3383452387.0,0.8425501148355758,1,0.03154527690001393,0.024204579239769
2022-09-15,1164.4798583984375,1183.041828116281,1161.776157155841,1173.7040529111878,10365600.0,-0.0099097053232944,47.34910650691602,2.8778005911385662,1166.1617219317757,21.40542551647865,9.224194512750273,9.337775205093294,2.7037012425964804,-1,3373086787.0,1.1091529396560174,1,0.04186990060017182,0.014437949743909127
2022-09-16,1135.625732421875,1160.0722649582217,1131.899684568862,1155.8690579820689,20217708.0,-0.0247785530754022,39.90422890708605,-0.5496906901423699,1164.9642321470737,22.20362182455699,20.243325560193853,4.203206976152842,3.726047853012915,-1,3352869079.0,2.0082459862511532,1,0.06834186623535887,0.003281052680152479
2022-09-19,1137.1025390625,1146.3040180403946,1127.5147655140895,1135.6257495827476,7580254.0,0.0013004342878666,40.4205768653709,-3.110974888587407,1163.8716167319924,21.959738303253282,1.4767894797523695,9.201478977894567,8.110984068658126,1,3360449333.0,0.7820668949558303,1,0.06695436219916626,0.008431758103640564
2022-09-20,1137.2841796875,1153.119972213298,1133.5808482063046,1146.1903481529216,8411448.0,0.0001597398816379,40.48830590224197,-5.067736476957862,1162.8289721420124,21.786837282091863,8.906168465421615,6.9296240603764545,3.7033314811953915,-1,3368860781.0,0.8906872002105344,1,0.06678395425658011,0.008590125799599982
2022-09-21,1140.419677734375,1150.9843653188254,1133.7173348356014,1134.512519912323,9207309.0,0.0027570048918965,41.71992645449955,-6.292934612517911,1161.9501762828893,21.463993939315593,5.907157822052113,10.56468758445044,0.7951850767215092,1,3378068090.0,0.9575332997887268,1,0.06385091208770569,0.011315932609934578
2022-09-22,1129.673095703125,1137.352352488463,1123.3116153435435,1129.6276634257686,10308170.0,-0.0094233572438874,38.759202271719914,-8.038410526204188,1160.6844084170164,21.15285597156673,0.045432277356439954,7.6792567853381115,6.316048082225052,1,3367759920.0,1.0369595960809206,-1,0.07111547264904604,0.005631257736223251
2022-09-23,1108.498291015625,1134.1488981287762,1106.9533532004175,1129.1733426023927,9528051.0,-0.0187441878257005,33.68645256769112,-11.003501025944615,1158.6378940091186,21.584476611337582,20.675051586767722,4.975555526383459,1.5449378152075042,-1,3358231869.0,0.946926250413247,-1,0.08833767666947616,0.0013937214226934043
2022-09-26,1080.257568359375,1098.637929447728,1079.257938059937,1087.845960638479,12479523.0,-0.0254765594905657,28.356097481793626,-15.454002785773355,1155.5641557483443,22.13132492164832,7.588392279104028,10.791968809249056,0.9996302994379676,-1,3345752346.0,1.1810467235494264,-1,0.11678963422423706,0.0009253629215078225
2022-09-27,1088.845703125,1102.3639690673094,1072.4192906698377,1087.8232365030442,16154822.0,0.0079500806262973,31.88586294284886,-18.079655775437914,1152.9477458415465,22.689421598492853,1.0224666219558003,13.518265942309426,15.403945833206535,1,3361907168.0,1.430502441559413,-1,0.103912268863504,0.015086079146033582
2022-09-28,1059.8551025390625,1080.5528678614462,1057.4241154049128,1072.5327497220442,16997059.0,-0.026625076907347,27.04241029918188,-22.243395847980082,1149.2970539473315,23.31314775003531,12.677647182981673,8.02011813940203,2.4309871341497455,-1,3344910109.0,1.401819946407563,-1,0.1274412002898901,0.0022936976274642675
2022-09-29,1056.606201171875,1075.7816245647894,1051.017070236145,1072.373723430393,14671827.0,-0.0030654203196306,26.555581021609925,-25.511270989969944,1145.6621185443723,23.41681964850739,15.767522258518056,3.4079011343962975,5.589130935730054,-1,3330238282.0,1.168546864972491,-1,0.13090790837184418,0.00528970105374281
2022-09-30,1080.439453125,1091.4584634929545,1050.1084789606275,1050.1084789606275,18613024.0,0.0225564187742715,35.70032459330301,-25.879617216180122,1143.1043669592989,24.697759997351646,30.330974164372492,11.019010367954479,0.0,1,3348851306.0,1.501637814155469,-1,0.1059613803289725,0.028072812480741012
2022-10-03,1076.690673828125,1098.2516553264609,1073.7370949613044,1086.687337582096,11852723.0,-0.0034696801250937,34.962910284748574,-26.172331072748875,1140.4999084051353,24.68467430933771,9.996663753971006,11.564317744364871,2.953578866820635,-1,3336998583.0,0.9243766430042137,-1,0.10981207322202005,0.024688794575498364
2022-10-04,1096.5477294921875,1098.7288394831442,1086.0739063841288,1089.5500767240444,8948850.0,0.018442674527366,41.818346844818876,-24.519366479220707,1138.776293545804,24.495637976886382,6.997652768143098,2.1811099909566565,3.4761703399155977,1,3345947433.0,0.6949949999750701,-1,0.08971481751494391,0.04235041419771674
2022-10-06,1100.5916748046875,1113.269322563035,1098.7968595905177,1103.7271026820092,13352162.0,0.0036878880907196,43.132994824631965,-22.622291841365723,1137.2788575167406,23.940349055026466,3.1354278773217175,9.542219881025858,1.7948152141698301,-1,3359299595.0,1.0046304006063345,-1,0.08571083744755571,0.04586914202582789
2022-10-07,1105.2493896484375,1110.4976589700225,1097.206554532043,1097.206554532043,7714340.0,0.0042320098819361,44.68335137234979,-20.506620307460935,1136.0227999532776,23.179688725237405,8.042835116394599,5.248269321584985,0.0,1,3367013935.0,0.5919882624199768,-1,0.08113546149081509,0.049890016863388134
2022-10-10,1093.1851806640625,1098.547030597458,1085.0969133921378,1092.8216022630288,6329527.0,-0.0109153726727797,41.525465849037296,-19.57773625762843,1134.3428933144849,22.963459263170424,0.363578401033692,5.361849933395433,7.724688870890986,1,3360684408.0,0.49794154228205034,-1,0.09306669178788225,0.03940476185129748
2022-10-11,1071.41943359375,1096.9110251312234,1068.32955827905,1096.9110251312234,9215177.0,-0.0199103934587648,36.51192270604362,-20.36316890501962,1131.87530665877,23.364745519527784,25.49159153747337,0.0,3.089875314700066,-1,3351469231.0,0.7440624452687585,-1,0.11527220010560729,0.01989039396237325
2022-10-12,1079.3033447265625,1082.2342073300697,1064.6944639855951,1068.7386577474497,7417103.0,0.007358379814307,39.36746624320547,-20.117561471098725,1129.813661092801,22.948673935595412,10.564686979112821,2.930862603507194,4.044193761854558,1,3358886334.0,0.644339113407252,-1,0.09883163593205414,0.027049731577855347
2022-10-13,1082.734130859375,1087.8232672093102,1072.4193209412924,1077.5540097610362,7328492.0,0.0031787042536051,40.619107700551744,-19.422193089528037,1127.9674050052158,22.409764816482724,5.180121098338759,5.089136349935188,5.134688819743815,1,3366214826.0,0.6950178164599954,-1,0.09264296229148242,0.030132653039072706
2022-10-14,1077.23583984375,1097.9790399185752,1076.5088032110611,1097.365583979867,9106089.0,-0.0050781543307043,39.22171160842388,-19.094663377697316,1125.9779318616288,22.342655665842102,20.129744136117097,0.6134559387080571,0.7270366326888507,-1,3357108737.0,0.91172588273071,-1,0.0768972049114954,0.025182378713891694
2022-10-17,1094.5255126953125,1096.911067683068,1064.9216983657,1070.1018190034106,16729355.0,0.0160500349246366,45.56364818299189,-17.24121561670586,1124.7445036590282,23.031706640951104,24.423693691901917,2.3855549877555404,5.1801206377106155,1,3373838092.0,1.7071847328165128,-1,0.053534119431985085,0.04058108579425096
2022-10-18,1113.8375244140625,1119.1766588278992,1099.705801236905,1100.5464186357249,12415820.0,0.017644185991785,51.63431249188843,-14.052043750995153,1124.3167789827548,23.14738089035365,13.291105778337624,5.339134413836746,0.8406173988198589,1,3386253912.0,1.25976142820623,-1,0.03526766421332431,0.05721574651290352
2022-10-19,1133.2174072265625,1148.6441893082867,1109.497912475689,1115.3142054707246,19247142.0,0.0173992008598335,56.83635216773897,-9.847294016452679,1124.6658232276102,24.290159171942516,17.903201755837927,15.426782081724241,5.81629299503561,1,3405501054.0,1.7681416011638287,1,0.015678331429576087,0.07333890896481715
2022-10-20,1136.2618408203125,1144.6227018334394,1129.173323936751,1129.173323936751,8717053.0,0.0026865397357431,57.60772277028191,-6.197893749529612,1125.1205690155593,23.65867479513864,7.088516883561397,8.36086101312685,0.0,1,3414218107.0,0.8364080601804845,1,0.01089744286320038,0.07582175055486107
2022-10-21,1123.0843505859375,1143.6231056125362,1120.9942254138175,1139.4880471639096,8243452.0,-0.0115972302870451,53.17789382523823,-4.319241550556626,1125.040717312437,23.585118038251498,16.40369657797214,4.135058448626523,2.090125172119997,-1,3405974655.0,0.7869703265542528,-1,0.022758609991328005,0.06497808609588131
2022-10-24,1126.8331298828125,1137.1252236758137,1115.6778227953112,1117.8133802746593,3370033.0,0.0033379320929181,54.25556524976651,-2.499093000037419,1125.1110080014712,23.432423955555144,9.019749608153234,10.292093793001186,2.1355574793481082,1,3409344688.0,0.3310779450450574,1,0.019356068655651374,0.06808874258974276
2022-10-25,1109.4298095703125,1135.5348605120162,1107.8167232856267,1135.5348605120162,12233241.0,-0.0154444521118312,48.65664240602589,-2.432870052336739,1124.4960590433864,23.73854633204331,26.105050941703666,0.0,1.613086284685778,-1,3397111447.0,1.1672073389971622,-1,0.03534642696608464,0.053470106984650455
2022-10-27,1113.7918701171875,1121.6529753517275,1105.4537260220727,1116.90446154382,12513059.0,0.0039318039854765,50.048057876363075,-2.005290319745427,1124.0762869286334,23.200025117586986,3.1125914266324344,4.748513807907557,8.338144095114785,-1,3409624506.0,1.1385471918807202,-1,0.031291590580053576,0.057177101813339286
2022-10-28,1147.871826171875,1151.8931840194225,1117.5635667319068,1120.0854189154577,17609592.0,0.0305981368414027,59.32303980812257,1.0711893306047386,1125.009445330329,24.264402887918987,27.786407256417306,4.021357847547506,2.521852183550891,1,3427234098.0,1.4652091383641777,1,0.003503316098417223,0.085169219230065
2022-10-31,1158.5272216796875,1163.6846262416873,1150.62068370947,1154.6194450652783,12419943.0,0.0092827398189117,61.716507016357426,4.3193324096434935,1126.3238679322649,23.660716972339937,3.9077766144091584,5.157404561999783,3.9987613558082558,1,3439654041.0,1.0056740682836394,1,0.0044516904441160516,0.0935832500870108
2022-11-01,1149.552978515625,1181.428769564145,1139.6244632866772,1181.428769564145,13963166.0,-0.0077462514441837,58.58961709374549,6.09905665039355,1127.234813445338,24.956687636991923,31.875791048519886,0.0,9.928515228947845,-1,3425690875.0,1.1565374596190963,1,0.02772885777711603,0.07381870702436397
2022-11-02,1156.7322998046875,1158.7998289194838,1142.8051438822936,1150.666129478395,8981896.0,0.0062453157211883,60.32156959929409,7.996631965773759,1128.391577616293,24.316544594148947,6.066170326292422,2.0675291147963435,7.8609855961015,1,3434672771.0,0.7657293233830109,1,0.021350203295634907,0.0795671010782986
2022-11-03,1161.049072265625,1163.048452941367,1147.3717940343818,1149.5529038103175,6693449.0,0.0037318681787188,61.36782178770034,9.73656448079555,1129.672263680973,23.699409902208686,11.496168455307497,1.9993806757420316,2.181109775935738,1,3441366220.0,0.6390239546210199,1,0.01755283026819164,0.08298926426254088
2022-11-04,1178.1343994140625,1181.428720196316,1159.2088516372305,1160.4810755593053,12575815.0,0.0147154220752252,65.27103730912998,12.351733551633515,1131.5727395920744,23.59372837769988,17.653323854757218,3.2943207822534077,1.2722239220747724,1,3453942035.0,1.1579551390015028,1,0.0027962600461550226,0.09628777114468944
2022-11-07,1184.427734375,1186.1090891689405,1169.6145286927683,1177.3392175630618,11789748.0,0.0053417801602835,66.60929917431906,14.761927110551142,1133.6454844855225,23.086644956162186,7.088516811938234,1.6813547939404998,7.724688870293448,1,3465731783.0,1.0512486934678933,1,0.0014195503407624264,0.1010895531356211
2022-11-09,1183.246337890625,1191.4027533204437,1176.9074538352093,1186.109051967832,11254205.0,-0.0009974407471963,66.09441027030815,16.387785853279638,1135.590615991605,22.47297742252449,2.8627140772071016,5.293701352611606,6.338884055415747,-1,3454477578.0,0.9375838771967775,1,0.006893252206771383,0.10019204801966468
2022-11-10,1168.932861328125,1179.8610058478407,1164.6160741722886,1176.8847111507705,5966242.0,-0.0120967850092962,60.038965980798864,16.33303561706066,1136.8981550244098,22.198497872225342,7.951849822645499,2.976294697070216,4.316787155836437,-1,3448511336.0,0.5244258852832824,1,0.01922256849447173,0.08917398149291114
2022-11-11,1195.8785400390625,1197.7869359415272,1175.9759587388326,1181.4286729917058,12310132.0,0.023051519554615,66.29870892171809,18.253521504461787,1139.2111112994942,22.67389621088083,14.449867047356747,1.9083959024646902,5.452714252873193,1,3460821468.0,1.0839801011917594,1,0.0015958108106884782,0.10950680799831472
2022-11-14,1190.0850830078125,1200.5134736804264,1183.7689145270133,1195.4015009715274,9043112.0,-0.0048445196040233,63.97819018817162,19.08800223421258,1141.2061690135458,22.25037213534742,5.316417963714912,5.111972708898975,6.316168480799206,-1,3451778356.0,0.8612675621452612,1,0.008762726986088463,0.10517179521801541
2022-11-15,1184.7459716796875,1193.4248592098502,1176.8848651845096,1191.561895358841,7086433.0,-0.0044863274099957,61.83037094349976,19.09835857198209,1142.9136122553552,21.842487984632644,6.815923679153457,1.8629638510092263,7.861106495177864,-1,3444691923.0,0.7110309561714427,1,0.013308761859206262,0.10113921142445859
2022-11-16,1177.95263671875,1188.6763362500185,1172.954245151571,1185.972635134196,9716161.0,-0.0057340013161691,59.11121329059606,18.34690894147616,1144.2876916460766,21.405316778476557,8.019998415446025,2.7037011158224686,4.998391567178942,-1,3434975762.0,1.0182819987169398,1,0.019152584117915643,0.06642613042558801
2022-11-17,1180.9971923828125,1187.33595685175,1172.3409009131724,1174.5901593039591,6661451.0,0.0025846163667015,59.96106015976289,17.79195530739844,1145.7272799102623,20.947441004198065,6.407033078853374,6.3387644689375975,2.2492583907867356,1,3441637213.0,0.7155406760287695,1,0.016525256303308648,0.06396583061160477
2022-11-18,1180.36083984375,1185.518244075579,1168.2966485184213,1184.4957775689334,5303197.0,-0.0005388264622192,59.68184612181346,17.103642083196974,1147.0854587311835,20.681309186552333,4.134937725183363,1.022466506645742,12.064191325328693,-1,3436334016.0,0.5782793184029188,1,0.017073282301829064,0.0634611987225814
2022-11-21,1159.1180419921875,1175.9760614312995,1155.5737233322704,1175.9760614312995,6390268.0,-0.0179968676818984,51.12354562671338,14.674869875698505,1147.5573247414188,20.974581138332848,16.858019439112013,0.0,3.544318659917053,-1,3429943748.0,0.7472166848850098,1,0.03571286977562022,0.04629754177398654
2022-11-22,1165.547607421875,1167.1152613187112,1152.5746494360667,1156.4369938334312,6611488.0,0.0055469462097552,53.30607573904543,13.11765048956272,1148.2628260230053,20.515011905783677,9.110613588443812,1.567653896836191,3.8623443973644953,1,3436555236.0,0.8229109682898464,1,0.02999951785401018,0.05155849578098876
2022-11-23,1161.9124755859375,1171.3866679891707,1159.7313656787817,1170.0688915510789,6413408.0,-0.0031188188391362,51.89512977229768,11.458135889700088,1148.7981063980224,19.882175506112635,8.156415965141377,1.3177764380918688,2.1811099071558147,-1,3430141828.0,0.8494367266981866,1,0.03322194993648114,0.048591224167201894
2022-11-24,1171.931884765625,1178.702375351731,1157.8910283853108,1165.9792953074673,9389439.0,0.0086232047509731,55.39927591291737,10.826638449558232,1149.7053133928305,19.9485448961346,5.952589458157718,6.770490586106007,8.088266922156436,1,3439531267.0,1.1896646705080054,1,0.02438843868516934,0.056725275255094944
2022-11-25,1189.426025390625,1192.7430620390162,1173.294924490057,1176.4303522401324,7349922.0,0.0149276087223266,60.77232616096574,11.604038984209865,1151.262988373136,20.010161494510072,12.995673150492621,3.317036648391195,3.1354277500754506,1,3446881189.0,0.9937043228313805,1,0.009321679577475284,0.0604177621177555
2022-11-28,1230.299072265625,1236.4333911015242,1136.8980043426527,1185.472920181286,31527484.0,0.0343636728997724,69.89700814318142,15.341401672507118,1154.3624426434296,25.69053472767874,44.8261520843389,6.134318835899194,48.57491583863339,1,3478408673.0,3.26881584596235,1,0.0049860387398347784,0.07591736840943235
2022-11-29,1232.4119873046875,1241.2500078770877,1224.1419904117938,1228.6632233258863,11058913.0,0.0017173995223547,70.28184506163558,18.263255671611205,1157.423209100734,25.077497780365537,3.7487639788012075,8.838020572400183,4.521232914092479,1,3489467586.0,1.1012470000143695,1,0.00717131986985061,0.07750166660657529
2022-11-30,1241.1136474609375,1247.5206802015884,1226.0504438987869,1232.54834119291,26164986.0,0.0070606747142087,71.87641132630469,21.038478781133108,1160.705187075644,24.81983624625383,8.565306268027598,6.407032740650948,6.4978972941230495,1,3515632572.0,2.238800506776061,1,0.005162325588602152,0.08396946027584863
2022-12-01,1237.455810546875,1251.8601266305575,1234.1387734132652,1245.862104269674,9485801.0,-0.0029472215711636,70.17193457166928,22.681250879139498,1163.7150154470648,24.312801744185148,8.406293722799091,5.998022360883397,3.3170371336098015,-1,3506146771.0,0.7924983039796196,1,0.011640267038963368,0.08126173504311421
2022-12-02,1236.9329833984375,1248.679148346858,1227.1407666492871,1240.5000175780488,11589592.0,-0.0004225016715598,69.91672073066991,23.66814023321035,1166.586308307903,24.1146288837127,3.5670341796112552,8.179130768809273,9.792216749150384,-1,3494557179.0,0.9199454131688957,1,0.012067867404673853,0.0808734025193035
2022-12-05,1218.8936767578125,1234.479471928364,1216.871700030192,1232.3210781772725,14828536.0,-0.0145838997607311,61.59298270165528,22.732588738906088,1168.6375776588798,23.825104204036474,13.427401419460011,2.1583937510915803,2.0219767276205403,-1,3479728643.0,1.103153068434552,1,0.027046206327391787,0.06727057000842239
2022-12-06,1222.4151611328125,1225.5050364637573,1209.146773966004,1211.0098577338963,8594245.0,0.0028890824869705,62.530766593545614,22.021462091073545,1170.746502500995,23.29175836787339,11.405303398916203,3.0898753309447784,1.863083767892249,1,3488322888.0,0.630065868524852,1,0.024087532970761202,0.06995753939349951
2022-12-07,1204.375732421875,1224.5963402295367,1200.5815364526634,1220.0523915216042,8462111.0,-0.0147572030227606,55.10765761392304,19.774312004393778,1172.0652958312255,23.343404468516244,15.67665909972925,4.543948707932486,3.7941959692116143,-1,3479860777.0,0.6111988521226519,1,0.03942656177005185,0.05602714025425567
2022-12-08,1203.8077392578125,1210.9645247591304,1199.6500849785011,1208.6925503476532,7757008.0,-0.0004716079449063,54.88672267781478,17.74306604870094,1173.3100975342288,22.484192705095747,4.884811089840696,2.271974411477231,4.157654279311373,-1,3472103769.0,0.5669556707487968,1,0.039916994886883585,0.055581745101931194
2022-12-09,1185.5638427734375,1208.6925984914808,1182.269401621288,1202.3309977712286,12655763.0,-0.015155157995265,48.20209081579014,14.49408028353605,1173.7906365632173,22.76555014545983,16.767154997791067,6.361600720252227,3.294441152149602,-1,3459448006.0,0.8904705685416988,1,0.05591962361304002,0.04104868643508799
2022-12-12,1187.38134765625,1191.8798642806923,1174.6128344148897,1174.8401159938364,9479842.0,0.0015330299535458,48.87016889725202,11.9283900560838,1174.3236056256892,22.37279869691289,12.541231662413566,4.498516624442345,0.2272815789467586,1,3468927848.0,0.7894815848560651,1,0.05430334500502383,0.04251653726348778
2022-12-13,1192.7886962890625,1196.4237590933476,1184.473147579326,1187.381293975718,8333348.0,0.0045540117700904,50.8992373544484,10.213653272451438,1175.0477268281745,21.6283567552778,5.407402313344392,3.6350628042850985,2.9081463963921124,1,3477261196.0,0.7101201971190213,1,0.04952380126109068,0.046857160971003314
2022-12-14,1188.471923828125,1199.127475241392,1186.4271108317469,1198.5367354613884,7268947.0,-0.0036190588277433,49.21995762148977,8.40944570124043,1175.574165926212,20.990643016304034,10.064811633263389,0.5907397800035596,2.044812996378141,-1,3469992249.0,0.7383000102391755,1,0.05333588579716385,0.04339515175028302
2022-12-15,1171.591064453125,1188.244637773301,1168.2513114103942,1182.564761948623,8688551.0,-0.0142038352245006,43.21552904249114,5.553437361103761,1175.4179658684438,20.935640830691657,10.973697495498072,5.679875824677993,3.339753042730763,-1,3461303698.0,0.8896921984113467,1,0.06851286648801855,0.02961191934889526
2022-12-16,1165.7974853515625,1189.9714223850988,1162.412300039899,1168.2513090093971,15837349.0,-0.004945052311633,41.351064147987344,2.7903710994921767,1175.0406921226838,21.40874665315652,2.4538236578346186,21.720113375701658,3.385185311663463,-1,3445466349.0,1.5541180719037306,1,0.07382297728412203,0.024789452175044576
2022-12-19,1181.1107177734375,1183.2463953663826,1166.297391645052,1172.7952889779006,7729933.0,0.0131354138384138,47.765736373831906,1.8153448928578655,1175.278732344282,21.12590117898963,8.315428795536945,2.1356775929450578,6.497897332848652,1,3453196282.0,0.8153327382231734,1,0.059900742404990395,0.03743316588823448
2022-12-20,1191.3345947265625,1193.242990634255,1165.9792991040035,1174.1129983269077,7467588.0,0.0086561545833725,51.573994711879635,1.8463277085033951,1175.908374006332,21.56431477550833,17.2215963996548,1.9083959076924657,8.13369922290417,1,3460663870.0,0.7971341722989346,1,0.05080481350236197,0.04569378797935788
2022-12-21,1174.3856201171875,1196.4237592798247,1170.5687080191292,1190.9710448813423,8527550.0,-0.0142268802437195,45.634170598317354,0.49750626806462606,1175.848658167542,21.8707959530217,16.585424764154823,5.452714398482385,3.81691209805831,-1,3452136320.0,0.909645318915832,1,0.06597024451443735,0.031921044614625
2022-12-22,1171.3411865234375,1183.541675654874,1166.3200787009305,1180.519948544436,7451122.0,-0.0025923627994067,44.63965543939353,-0.807793053353862,1175.6718945736554,21.53871031023041,9.17876202099842,3.021727110438178,5.02110782250702,-1,3444685198.0,0.7974232189850442,1,0.06874080842841504,0.029404910010048222
2022-12-23,1136.9888916015625,1177.112082738486,1132.4676588679465,1164.7524600759673,10257115.0,-0.0293273175374574,35.293212309401895,-4.561611853892828,1174.1549140649458,23.189118421681055,27.763568474404792,12.359622662518632,4.521232733615989,-1,3434428083.0,1.1266436145028393,-1,0.10103109702961774,0.003976496839162061
2022-12-26,1146.9173583984375,1155.0737739248264,1132.5357596211306,1142.6915558359974,5990242.0,0.0087322460845591,39.252054963548936,-6.658639353665194,1173.0867746270435,23.142610984682104,4.225802562440094,8.156415526388855,10.155796214866768,1,3440418325.0,0.6841944726515731,1,0.0914998517231117,0.012598727732805997
2022-12-27,1156.3006591796875,1158.1636228081527,1142.9186909584178,1149.6210331376262,5763271.0,0.0081813224924531,42.81306621241773,-7.477202268616111,1172.4284955898922,22.57849104647159,6.6796260420612725,1.8629636284651951,6.702342179208472,1,3446181596.0,0.6781781454324949,1,0.08264240506328396,0.020611421538623696
2022-12-28,1156.187255859375,1158.618243480646,1145.7588646322624,1153.2563929529824,7459393.0,-9.80742503363663e-05,42.78042684871921,-8.042362626182467,1171.791584227911,21.884268746608164,2.9308629063925764,2.430987621271015,7.497528320719994,1,3438722203.0,0.8758022608197795,1,0.0827485948200237,0.0205153593167727
2022-12-29,1155.66455078125,1158.209118855438,1147.5762834083114,1148.2578877514563,6930648.0,-0.0004520937897178,42.61914491735176,-8.435198495167015,1171.1591515437283,21.080594939502337,7.406663029793663,2.544568074187964,0.6816043431449543,1,3431791555.0,0.8308713727448672,1,0.08048581009318706,0.020072340107362446
2022-12-30,1157.4365234375,1170.977503884203,1154.6647942823151,1156.4823255378851,7289476.0,0.0015332932511014,43.39817816326779,-8.505494323129824,1170.6210092650526,20.74003170110131,0.9541978996148828,13.540980446703088,1.8175312555699747,1,3439081031.0,0.9736653607927237,1,0.06656343300974492,0.021572556303474703
2023-01-02,1170.477783203125,1171.88642405352,1157.8910002870923,1158.708901395193,5316175.0,0.0112673649928494,48.89714788752654,-7.4233122774312505,1170.6153925567417,20.290736623595496,11.768881807932075,1.4086408503949315,0.8179011081006138,1,3444397206.0,0.7337454373605468,1,0.047012642230632444,0.032474024608275885
2023-01-03,1161.9124755859375,1169.160125804233,1157.7093889350726,1165.5476587645308,7658932.0,-0.0073177874369795,45.75316506918913,-7.174125102515063,1170.2741016951413,19.753426455342414,3.635183178593252,3.6124670397023237,4.203086650864861,-1,3436738274.0,1.0543114383523664,1,0.05394886960998381,0.025341682215041496
2023-01-04,1144.418212890625,1163.7300547153022,1142.3506838068283,1161.8896870062515,9264891.0,-0.0150564376085989,40.084160689597866,-8.2926902932752,1169.2601452714348,19.869565344851804,17.471474115626506,1.8403677090507244,2.0675290837966713,-1,3427473383.0,1.262568994960771,-1,0.058148595608610285,0.010442471019832183
2023-01-05,1142.3734130859375,1152.5292093307503,1137.806748253793,1146.6674842652508,13637099.0,-0.0017867592298471,39.46859116740496,-9.237673372526388,1168.2057636171016,19.50191504000219,4.294071179313278,5.861725065499513,4.566664832144397,-1,3413836284.0,1.7139087213805901,-1,0.05805385931242282,0.008671205145813217
2023-01-06,1152.7564697265625,1157.777577935928,1144.3047436595773,1148.0989399434063,6349597.0,0.0090890216120986,44.15806268993739,-9.044494077274067,1167.5999089547274,19.209218597858502,4.657529783156178,5.021108209365593,3.7941962838290237,1,3420185881.0,0.8392307907440952,1,0.0402261941117787,0.017600257635880856
2023-01-09,1179.974609375,1182.3375684218504,1155.687212453628,1156.5732620005954,10722753.0,0.0236113527559673,54.17932635718704,-6.618824012716459,1168.08519132415,19.950067176246314,23.401347374404622,2.362959046850392,0.8860495469673424,1,3430908634.0,1.3338045645826366,1,0.016231591522580892,0.04026099386343288
2023-01-10,1162.5260009765625,1184.1552520379166,1156.8915568565494,1184.1552520379166,8047142.0,-0.014787274454727,48.20680878498868,-6.034853845628277,1167.8671838595387,20.472469176612094,21.629251061354125,0.0,5.634444120013086,-1,3422861492.0,0.973333456222527,1,0.03148443495808518,0.025856060065207943
2023-01-11,1147.871826171875,1162.3442913861395,1145.5770152034006,1159.8451553432185,11509553.0,-0.0126054598283199,43.83619948763903,-6.677548099757587,1167.0830521855125,20.220791790651365,11.973329171343494,2.499136042921009,2.294810968474394,-1,3411351939.0,1.3271127111595005,1,0.04229734714359985,0.013419762514165904
2023-01-12,1123.0843505859375,1150.757054985232,1120.0853394706564,1147.2810049505638,17688773.0,-0.0215942886834352,37.62266426529012,-9.082334549594634,1165.3576129070977,20.96728634236023,24.196654364626283,3.4760500346681056,2.999011115281064,-1,3393663166.0,1.8145236194787329,-1,0.06530178134494034,0.0026703347025683467
2023-01-13,1121.266845703125,1123.675117069892,1106.2717897707075,1117.0863548772086,20618583.0,-0.0016183155627307,37.20622710839227,-11.00791025394119,1163.6285632128242,20.712717839276245,4.180490825916422,2.4082713667669395,10.81456510650105,1,3373044583.0,1.8606562713145287,-1,0.06702857028611262,0.013373316075366841
2023-01-16,1110.5885009765625,1126.7421991055548,1102.8182596793808,1123.584175159578,13623855.0,-0.0095234642560632,34.771048885215535,-13.242939684206931,1161.5485607721866,20.94209080976894,12.99567418301558,3.1580239459767654,7.770241297181656,-1,3359420728.0,1.1436971350300111,-1,0.07728808485571889,0.006996507968837358
2023-01-17,1126.3560791015625,1128.2644751675343,1113.5421334042796,1116.9046027544262,10751000.0,0.0141974980932499,40.920003884254086,-13.58530192661783,1160.16846345177,20.708796765569144,9.45147634713635,1.9083960659718286,3.3624693501465117,1,3370171728.0,0.8796918788982988,-1,0.06220739735710546,0.020897316451611456
2023-01-18,1124.492919921875,1131.9450149571076,1117.9724269094495,1123.947732620178,13448286.0,-0.0016541475775349,40.434952763787734,-13.847344279859499,1158.7694225290293,20.227639000004068,0.5451873016970694,7.45209503523256,5.975305710728435,1,3356723442.0,1.0639749516761288,-1,0.05305709894570675,0.019275052655733947
2023-01-19,1123.2889404296875,1127.423878776926,1116.2911675478767,1123.6751148013898,11940054.0,-0.0010706865920251,40.10413047446011,-13.990887572746033,1157.3780310741531,19.578001302078718,0.38617437170228186,3.7487639755361215,6.997772881810761,-1,3344783388.0,0.9575054276839838,-1,0.05418580154892842,0.018223878125672707
2023-01-20,1109.9296875,1124.6293134044963,1107.475983857866,1124.6293134044963,14930286.0,-0.0118929800239796,36.53251152236961,-15.009605342786244,1155.517311718304,19.40481046240384,14.699625904496315,0.0,2.453703642134087,-1,3329853102.0,1.1202171423928153,-1,0.06687411407573204,0.006407097585286596
2023-01-23,1104.31787109375,1120.630703944606,1101.9095996617807,1112.8151498129876,10954118.0,-0.0050560107270308,35.11767038764263,-16.08436267829893,1153.5094905173412,19.355974306719663,8.497278719237556,7.815554131618455,2.408271431969297,-1,3318898984.0,0.8204615851875099,-1,0.0722956523967988,0.0021807773785133726
2023-01-24,1097.7972412109375,1110.3839043654414,1084.8014472016189,1108.7253859560433,16488755.0,-0.0059046675359462,33.49447035918871,-17.2632756505825,1151.324696426894,19.800723082227005,10.928144745105783,1.6585184093980843,12.995794009318615,-1,3302410229.0,1.161562238974387,-1,0.07866480947950003,0.01183806400805258
2023-01-25,1082.6202392578125,1097.2291180769223,1081.4615961665293,1096.2067717974144,12385018.0,-0.0138249590938885,30.016775280700543,-19.200893939651223,1148.6304039888907,19.553217508097095,13.586532539601876,1.0223462795079286,1.1586430912832384,-1,3290025211.0,0.8671237343792629,-1,0.09378636118027055,0.0010702211627574441
2023-01-27,1062.081787109375,1084.8015319770325,1050.403768536496,1083.461159577074,25830975.0,-0.018971058736642,26.071709112271463,-22.138552383786646,1145.2363405818508,20.613542217557047,21.379372467699113,1.340372399958369,11.678018572878955,-1,3264194236.0,1.7109899899271999,-1,0.11493791383127286,0.010995404228390494
2023-01-30,1072.2603759765625,1077.7812395145372,1045.564583725004,1059.514577771571,21772103.0,0.0095836205749184,30.917481026387406,-23.37587823655258,1142.3745380483101,21.442336044126773,12.745798204991388,5.520863537974719,13.949994046567099,1,3285966339.0,1.4312033995850109,-1,0.10435420217728901,0.024896744158101766
2023-01-31,1069.5792236328125,1084.9378563899695,1063.7402148448057,1082.370452122445,22691594.0,-0.0025004676138555,30.353098019777008,-24.292782402334296,1139.5198198359376,21.424857865629416,12.79122848963243,2.56740426752458,5.839008788006822,-1,3263274745.0,1.407735333875266,-1,0.10712252619861863,0.022452418088529304
2023-02-01,1063.2406005859375,1081.439113474972,1047.382090519888,1081.439113474972,19347800.0,-0.0059262772750445,29.005061274598035,-25.239958930234934,1136.528477904565,22.32715537201903,18.19851288903442,0.0,15.858510066049575,-1,3243926945.0,1.1395203018730502,-1,0.11372275605854845,0.016624663177076265
2023-02-02,1057.3560791015625,1066.9210156997124,1050.1084290116537,1053.2891691648742,13662663.0,-0.0055345154061386,27.77193987856883,-26.163834460190174,1133.423677951506,21.933257608879,4.066909936688262,9.56493659814987,3.1807401532205404,1,3230264282.0,0.8036701461546355,-1,0.11992097595362163,0.01115186795594701
2023-02-03,1058.28759765625,1067.375495661173,1041.9293331709027,1067.375495661173,24699575.0,0.0008809885081277,28.291656702207348,-26.515196036730686,1130.477164998751,22.184179386121237,9.08789800492309,0.0,16.358264485347263,-1,3254963857.0,1.3514546309393767,-1,0.11893520689500757,0.015457295844319919
2023-02-06,1050.3128662109375,1054.6523697762398,1047.7455820077842,1051.9259524136774,14837879.0,-0.0075355049638433,26.531573978722378,-27.124472760008075,1127.3334670070722,21.352596262002997,1.6130862027398507,2.7264173625624153,2.567284203153349,-1,3240125978.0,0.8122756889892664,-1,0.12743096855494404,0.007981938820076372
2023-02-07,1047.7908935546875,1057.5603943899198,1041.9291690153093,1050.5627428744976,15135435.0,-0.0024011632508589,25.981094500599596,-27.493898521365054,1124.2141504010963,20.94392691290353,2.771849319810144,6.997651515422149,5.861724539378201,-1,3224990543.0,0.8100235182645849,-1,0.13014463030939852,0.005594364844584574
2023-02-08,1068.7159423828125,1072.3284093286718,1048.290888887822,1051.017186057536,21160332.0,0.0199706343668779,37.55739789892484,-25.80077921395832,1122.037750086654,21.200611831552155,17.698756325276463,3.612466945859296,2.726297169714144,1,3246150875.0,1.104843317975382,-1,0.08760826454462066,0.02506444631842894
2023-02-09,1070.578857421875,1077.3039157739506,1060.559478401166,1069.3974980927496,13172763.0,0.0017431339471822,38.47987522681824,-24.031626657016886,1120.0197542958783,20.882313655925905,1.181359329125371,6.725058352075621,8.838019691583668,1,3259323638.0,0.6849714706303592,-1,0.0748923790223532,0.0267609323759286
2023-02-10,1061.763671875,1070.0563840638993,1054.7886158361223,1070.0563840638993,10790445.0,-0.0082340366482702,35.785806846845816,-23.074879464781816,1117.7352020440792,20.518594222342106,8.292712188899259,0.0,6.97505603887771,-1,3248533193.0,0.6086991113906662,-1,0.06609883624872213,0.018680713406463007
2023-02-13,1055.7203369140625,1067.82996247789,1051.2672523692866,1063.3768779331142,10352493.0,-0.0056917891627101,34.02696008760303,-22.544419018008284,1115.3032465487845,20.236031071360767,7.656541019051701,4.45308454477572,4.4530845447759475,-1,3238180700.0,0.6242045155488651,-1,0.07220158159106287,0.013063277666001643
2023-02-14,1080.598388671875,1082.3250555378218,1055.8565481440585,1058.7192622894795,14321920.0,0.0235650019119009,45.83014579327506,-19.887325718425927,1113.9422717300822,20.690937325103516,21.879126382395498,1.7266668659467541,2.862714145421023,1,3252502620.0,0.9094362026019533,-1,0.047516845132761,0.035785005846707456
2023-02-15,1105.0675048828125,1107.4531801088635,1078.2809718116707,1079.6440602664363,33503591.0,0.0226440428446423,54.46014887128556,-15.626968982912786,1113.5942416576402,21.296742394538462,25.423444616376173,2.3856752260510348,1.3630884547656024,1,3286006211.0,1.9520017397637628,-1,0.024322052685048685,0.057135275074619754
2023-02-16,1104.2042236328125,1119.5401413378129,1101.9322491792432,1113.019527781497,17264487.0,-0.0007812022760469,54.13248395139875,-12.179863275796606,1113.2260056566668,21.033253091969268,8.81530414868439,6.520613556315993,2.271974453569328,-1,3268741724.0,0.9851970669529349,-1,0.02102840638276237,0.056398131146989605
2023-02-17,1108.8162841796875,1112.1334412904273,1095.3661670147735,1099.6375221146495,11809520.0,0.0041768184255819,55.667116750319586,-8.972423908637893,1113.0530754026674,20.728540319375306,9.178762065037972,3.3171571107397995,4.271355099876018,1,3280551244.0,0.7274162341695459,-1,0.014261180549406739,0.06032299139064494
2023-02-20,1097.093017578125,1113.155852121636,1095.1390690194628,1110.9974583087271,8836937.0,-0.0105727763641525,50.9964633776046,-7.292412350918767,1112.4271907820971,20.534843375289434,13.904440730602118,2.1583938129087983,1.953948558662205,-1,3271714307.0,0.5652097469820562,-1,0.02145459499727868,0.05028183360841364
2023-02-21,1106.044677734375,1111.8154187780797,1096.1614739086865,1101.4552961916092,13311592.0,0.0081594359027197,54.15925244774431,-5.1789670171540365,1112.1768961527748,20.186207767725417,4.58938154276575,5.770741043704675,5.293822282922747,1,3285025899.0,0.861457450515156,-1,0.0122015537664193,0.05796828103761603
2023-02-22,1080.9619140625,1104.181534408979,1079.212530949885,1102.341286738951,11024335.0,-0.022677893738664,45.33066235574188,-5.465018435839511,1110.9527792080582,20.66091769749432,21.379372676451112,1.840247670027793,1.749383112615078,-1,3274001564.0,0.7635211141351602,-1,0.03568879418732447,0.0361092694750889
2023-02-23,1075.78173828125,1088.1640768500556,1072.9872927091903,1080.5529686414245,9851910.0,-0.0047921908384188,43.744682189657105,-6.04008677848924,1109.5735227011246,20.269193872020818,4.771230360174513,7.611108208631094,2.794445572059658,-1,3264149654.0,0.6983840258293864,-1,0.040675911757411504,0.031467878716761
2023-02-24,1083.142822265625,1088.8001014405163,1076.0088741166164,1077.8264053087537,9434053.0,0.0068425440983368,46.60358721279612,-5.834597022227854,1108.5370246448306,19.751277392538352,5.316416956871308,5.6572791748913005,1.8175311921372668,1,3273583707.0,0.6752556304901699,-1,0.033603434675452216,0.03805006357712691
2023-02-27,1075.9407958984375,1085.8467152410444,1068.6024012348664,1082.3705449963545,11199715.0,-0.0066491936420008,44.234946088846144,-6.181630262172348,1107.2587411645798,19.5722085792269,6.429749097917011,3.4761702446899108,7.33839466357108,-1,3262383992.0,0.7968034703950808,-1,0.04052206739030546,0.03161105798086933
2023-02-28,1055.356689453125,1075.55458156191,1051.3126158801915,1070.6016220746749,21994038.0,-0.0191312630990297,38.251035327584596,-8.02511345420885,1105.22336658766,19.933349396299693,15.244932621549879,4.952959487235148,4.044073572933485,-1,3240389954.0,1.4837759960053478,-1,0.06081683332859442,0.012723205881012329
2023-03-01,1065.0579833984375,1065.7850199744744,1055.6746563210354,1065.1034156724895,11551145.0,0.0091924313762956,42.21830918127642,-8.604091213537686,1103.6482535214159,19.254419476660384,0.04543227405201833,0.6816043019848621,9.3833270774021,-1,3251941099.0,0.9147412466989826,-1,0.05115417074808559,0.02171601428621537
2023-03-02,1056.9471435546875,1068.57973034707,1054.925046511839,1061.9228195758385,9333535.0,-0.0076153974433106,39.909642763331966,-9.606672508655265,1101.8168374442891,18.854438359415433,4.975676021151003,6.6569107712314235,2.0220970428486,-1,3242607564.0,0.7886598182054467,-1,0.05922055626416172,0.014208822674774708
2023-03-03,1083.91552734375,1087.573426851757,1063.9903475271667,1067.44368158329,14643807.0,0.0255153570862241,49.74922938465392,-8.131368862014142,1101.1148252834837,19.695284426390717,16.471845760459928,3.657899508006949,3.453334056123367,1,3257251371.0,1.2084236723216837,-1,0.0328665962386984,0.03873582144480643
2023-03-06,1094.5028076171875,1101.727741256493,1090.5495987349282,1090.5495987349282,10171916.0,0.0097676248806792,53.002785903853464,-6.0382696428387135,1100.8555304730407,19.560779389701587,3.9532088822593323,7.224933639305391,0.0,1,3267423287.0,0.8302517369847212,-1,0.022875531744987923,0.04803426563732152
2023-03-08,1098.4334716796875,1099.1832244435238,1083.7337262043,1094.5028585607813,15782657.0,0.0035912781905578,54.188703234937684,-4.016007655389785,1100.7605477752622,19.267116450381753,3.9306131189061944,0.7497527638363408,10.76913235648135,1,3283205944.0,1.2627427639318747,-1,0.019215246259611678,0.04564917592613894
2023-03-09,1072.032958984375,1098.2288726400263,1070.147279158801,1097.819982158377,16235128.0,-0.024034694295087,45.82471863292905,-4.491871696126736,1099.6339756658158,19.911336169703524,25.787023174001888,0.4088904816494505,1.885679825574016,-1,3266970816.0,1.2469577083207115,-1,0.0443150389689934,0.01937039942760856
2023-03-10,1055.4248046875,1065.1034417835135,1051.9486346812796,1063.967514713159,13334091.0,-0.0154922049342673,41.48655858597006,-6.138377236670067,1097.900282686274,19.9236924649458,8.542710025659062,1.1359270703544553,3.4761700062204,-1,3253636725.0,0.9974627858742011,-1,0.06074837010230847,0.0039392217235641475
2023-03-13,1038.0670166015625,1065.1035499544928,1033.7502288751575,1058.2876262665352,12771592.0,-0.0164462574774115,37.491723437425826,-8.743088293960454,1095.5538800947168,20.74009450883076,20.2206096649727,6.815923687957593,4.316787726404982,-1,3240865133.0,0.9321130834964705,-1,0.07848541898862964,0.004158486549873571
2023-03-14,1034.181884765625,1047.359288248378,1031.0465769110588,1036.0221323528851,16027522.0,-0.0037426599379457,36.64125566345797,-10.994105043206218,1093.1471351798505,20.423852853722803,1.8402475872601372,11.33715589549297,3.1353078545662356,-1,3224837611.0,1.129928675672324,-1,0.08253698680047224,0.003031679340696231
2023-03-15,1016.505859375,1044.3375763114452,1012.1209234658596,1037.885231401589,21728555.0,-0.0170917956028894,32.97615419981061,-14.042486515591463,1090.1415949522093,21.26619571028443,21.379372026588953,6.452344909856265,4.384935909140381,-1,3203109056.0,1.534719803682934,-1,0.10136122779082027,0.0043137340219922245
2023-03-16,1011.4393310546876,1024.207844384365,1000.6701985245504,1019.2095726723304,18363159.0,-0.0049842588447327,31.988466564718266,-16.674958742977196,1087.0552316621104,21.428442149536583,7.770241617642796,4.99827171203458,10.769132530137199,-1,3184745897.0,1.2374766633249314,-1,0.10687819522541422,0.010647334149946085
2023-03-17,1010.1670532226562,1023.2763079373278,1005.4413153341552,1020.0047033408912,34014213.0,-0.0012578884298523,31.73144730888103,-18.64890121265239,1084.0400089782104,21.171767181939156,9.837650118234933,3.271604596436646,4.725737888501044,-1,3150731684.0,1.965314274977258,-1,0.10195224499791657,0.009401271470702563
2023-03-20,1000.2384643554688,1008.758398079038,990.5825434751304,1006.4864237654998,19524589.0,-0.0098286603542583,29.724322169938176,-20.77493842801232,1080.7536738949655,21.058391650909638,6.247959410031058,2.2719743135381805,9.655920880338385,-1,3131207095.0,1.0971741245863764,-1,0.11289046741361682,0.009653618836344635
2023-03-21,1031.341796875,1033.2957451749278,1007.3951430408976,1008.2811925498517,21400360.0,0.031095917251666,42.08353227618123,-19.722708143012824,1078.8159532275158,21.91545516294888,23.060604325148347,1.953948299927788,0.8860495089541018,1,3152607455.0,1.131205672746668,-1,0.07802808161844835,0.03952060657618214
2023-03-22,1034.4771728515625,1041.2249475152355,1031.47816188993,1038.294084967167,10920094.0,0.0030400939689081,43.168562166766264,-18.42343552679972,1077.0771775264982,21.056004839897923,3.8169121156045094,2.9308625480684896,2.9990109616323934,-1,3163527549.0,0.5924552568430664,-1,0.06738124666905367,0.04243170417713083
2023-03-23,1021.3906860351562,1031.4327819622354,1019.232292255806,1030.5694484887376,16249370.0,-0.0126503388956694,39.815725493993355,-18.239469484901292,1074.8933935464454,20.640924536744965,9.178762453581385,0.8633334734977325,2.1583937793502628,-1,3147278179.0,0.8815199642582688,-1,0.07865457979961592,0.03016293665220036
2023-03-24,1001.1699829101562,1022.3902814688944,998.7617116838696,1020.231887763167,12375945.0,-0.0197972268608527,35.25881599719084,-19.500526886719854,1072.0022794038457,20.85432776876495,19.061904853010788,2.158393705727349,2.4082712262866153,-1,3134902234.0,0.6748966910223329,-1,0.10044024497622256,0.01057506678761062
2023-03-27,1016.7329711914062,1024.207782359069,999.7613722312702,1007.6224178329716,14054323.0,0.0155448011295866,40.868236785921496,-19.024814653324484,1069.8348555523773,21.110905080124503,9.110553358434686,7.474811167662665,7.861045601701335,1,3148956557.0,0.761099606066627,-1,0.0835959612537104,0.02572005478059087
2023-03-28,1021.4815673828124,1025.3439120336418,1016.4831753805086,1020.1183586375284,12576424.0,0.0046704457571016,42.50514122477886,-18.056493239773317,1067.9386481731788,20.23589304962513,1.3632087452839414,3.8623446508294137,3.6351832570198894,1,3161532981.0,0.6940362005377363,-1,0.078558611761623,0.030249223181628145
2023-03-29,1015.4381103515624,1020.0274916428302,1004.71434981678,1017.391938716083,18804065.0,-0.0059163642538692,40.951408809871225,-17.574163995298704,1065.8798035527232,19.98813051508279,1.953828364520632,2.6355529267472093,10.7237605347824,-1,3142728916.0,1.054733951460037,-1,0.08497773525070428,0.024477677785627518
2023-03-31,1059.2191162109375,1064.8536804760474,1024.5260415402947,1024.6623383806666,28171201.0,0.0431153857759161,54.05424085992056,-13.503493447508845,1065.6186001275553,22.09009048718295,34.5567778302709,5.63456426510993,0.13629684037186962,1,3170900117.0,1.497746479430358,-1,0.040132041043234,0.06479922018527709
2023-04-03,1059.40087890625,1067.375566424132,1051.9260666767912,1065.5580347791372,10293043.0,0.000171600656116,54.099778876821304,-10.145836097363599,1065.3747679227984,21.615762577194236,6.157155872887188,1.817531644994915,7.474812229458848,-1,3181193160.0,0.626214010837807,-1,0.03995358432583341,0.06495967371876195
2023-04-05,1056.856201171875,1066.9210129823457,1048.995215362799,1066.9210129823457,16262928.0,-0.0024019970013637,53.30326162666013,-7.602565045748634,1065.0407064815859,21.352193651647987,10.064811810470701,0.0,7.860985809076055,-1,3164930232.0,1.0094441575384643,-1,0.04245756426925719,0.06270830187045158
2023-04-06,1063.9447021484375,1069.6474143387793,1053.3572991214214,1053.3572991214214,18435046.0,0.0067071574815027,55.278512372456404,-4.957870382726014,1064.9977259195016,20.990616620627264,10.58740302701608,5.702712190341799,0.0,1,3183365278.0,1.165724148215521,-1,0.03312063326592889,0.06895298085057049
2023-04-10,1056.4017333984375,1068.0116029231133,1054.902227914822,1067.829873819937,12961408.0,-0.0070896248035902,52.72282937347507,-3.431034517021999,1064.6606281735776,20.427670791174688,11.428140421499393,0.18172910317639435,1.499505483615394,-1,3170403870.0,0.8091587166146619,-1,0.0395939706640117,0.062305075656745874
2023-04-11,1061.6273193359375,1063.7402807994256,1056.0383079017138,1060.559540630498,10542367.0,0.004946589703795,54.29917710556902,-1.7788396241824103,1064.541674885827,19.518692370213053,1.067778705439423,2.112961463488091,4.521232728784298,1,3180946237.0,0.6824565509049096,-1,0.00755452959505458,0.06692063642940785
2023-04-12,1066.3076171875,1075.9179854968688,1058.7646577412916,1061.6272515959452,18179087.0,0.0044086072073674,55.723145945141376,-0.09075616585937496,1064.6109275251083,19.34973775488192,4.680365591554846,9.610368309368823,2.8625938546535963,1,3199125324.0,1.1342088376251216,-1,0.009012754063144737,0.0710161612763328
2023-04-13,1070.3291015625,1075.0093475188144,1064.1947822733791,1069.1930541875877,12378208.0,0.0037714110920514,56.96395900272746,1.5536527748877234,1064.8351696442219,18.74008257563573,1.136047374912323,4.680245956314366,4.998271914208544,1,3211503532.0,0.7804485009206307,-1,0.005221649982430633,0.07450657743581213
2023-04-17,1075.759033203125,1101.8867990924884,1067.3981721567704,1101.8867990924884,17929479.0,0.0050731421136716,58.648991812793675,3.257458853358912,1065.2635564504535,19.86497860135589,26.127765889363445,0.0,8.360861046354557,-1,3229433011.0,1.09354875800479,-1,0.024287749470777623,0.07917803810987065
2023-04-18,1063.4449462890625,1080.0985197030036,1056.9243329412964,1080.0985197030036,10405576.0,-0.0114468821864286,53.53020016964094,3.572907293736307,1065.1922384049087,20.101350612809558,16.653573413941103,0.0,6.52061334776613,-1,3219027435.0,0.6689178991833308,-1,0.03614841834320664,0.06851544414046883
2023-04-19,1068.7386474609375,1071.4195123263064,1059.741614492453,1062.8542061722762,12273475.0,0.0049778798520296,55.334948429585516,4.201626167643099,1065.331313269851,19.49967541431269,5.8844412886612645,2.6808648653689033,3.112591679823254,1,3231300910.0,0.8788071586422964,-1,0.03101614385360057,0.07312929514759009
2023-04-20,1066.034912109375,1071.9193532094926,1059.6961482625013,1069.692811176778,7007330.0,-0.0025298377278542,54.17762372537716,4.43064780812756,1065.358905381205,18.979927523789733,3.657899067402923,2.226542032714633,6.3387638468736895,-1,3224293580.0,0.5138284093677529,-1,0.03363106271273323,0.07077851557876862
2023-04-21,1067.37548828125,1072.8282030082607,1061.6500596936005,1068.1252410633845,7647317.0,0.0012575349612353,54.68370712119824,4.666529553749342,1065.4379870635596,18.42265722313763,0.7497527821344647,4.702961944876279,5.725428587649503,-1,3231940897.0,0.5985722698074104,-1,0.03233286803954114,0.0642826984043509
2023-04-24,1071.465087890625,1081.8706418346944,1066.9210188410907,1079.1897769115358,12936186.0,0.0038314535552623,56.27040384979135,5.124393231508748,1065.6743439587387,18.174583349599494,7.724689020910773,2.6808649231586514,4.544069049534301,-1,3244877083.0,1.0580844254003254,-1,0.02839262944325526,0.06785417185163285
2023-04-25,1079.666748046875,1081.7342770992536,1068.0569991057368,1075.1000833366595,9236126.0,0.0076546219274362,59.34480979457052,6.078984179750023,1066.2230656876854,17.853347252736445,4.566664710215491,2.0675290523786316,7.043084230922659,1,3254113209.0,0.7791887825747149,-1,0.02058047178521491,0.07493519320601766
2023-04-26,1073.328125,1084.2336751201349,1069.6702254865136,1081.0073822687018,8617834.0,-0.0058709069797153,56.06423828092388,6.251961754493323,1066.501695464639,17.61835456565679,7.679257268701804,3.2262928514330724,3.657899513486427,-1,3245495375.0,0.7390265267267514,-1,0.026607589447531197,0.06947215076110147
2023-04-27,1080.1212158203125,1083.2792397187284,1074.191342363561,1079.189733985385,9167125.0,0.0063289973141367,58.69924619797844,6.858137050804544,1067.0357943021165,17.070694576590476,0.9314818349275811,3.158023898415877,4.998391621823885,1,3254662500.0,0.8519739317189985,-1,0.020151056153124243,0.0743989122813516
2023-04-28,1099.8646240234375,1101.409681900637,1082.2568535921685,1082.3704342762564,15565210.0,0.0182788819569019,65.22676646254726,8.829878042171686,1068.3231993892273,17.371963969714336,17.494189747181053,1.545057877199497,0.11358068408799227,1,3270227710.0,1.4049842083349813,-1,0.0018385672426244467,0.08651089609427234
2023-05-02,1109.2025146484375,1111.3609082117491,1103.3180737047812,1106.9986888116582,12981805.0,0.0084900363381457,67.81749239500974,11.018966925240875,1069.9263097915493,16.952272556757,2.203825836779288,2.15839356331162,3.680615106876985,1,3283209515.0,1.2265733444053506,1,0.0019458967454610613,0.0942011611511493
2023-05-03,1099.682861328125,1110.997299985596,1096.4794053699195,1110.997299985596,7061872.0,-0.0085824303448588,62.68970888277345,11.849090236278698,1071.0932333812189,16.7783884181084,11.3144386574711,0.0,3.2034559582054953,-1,3276147643.0,0.689001571599898,-1,0.010619467934164345,0.06834408576401817
2023-05-04,1112.360595703125,1114.564421653396,1097.1838117593734,1100.1601065895743,8635233.0,0.0115285368362372,66.33984654971505,13.375768618302345,1072.7115613154112,16.82140423781656,12.200489113550702,2.203825950271039,2.9762948302009136,1,3284782876.0,0.8735159910009745,1,0.0019812154069319553,0.05696478334911953
2023-05-05,1109.5205078125,1118.426675443665,1106.9077915916328,1109.1797657715506,8746585.0,-0.0025532079269939,64.81017353113066,14.19289403039852,1074.1550494133364,16.442652781689112,0.34074204094940796,8.90616763116509,2.2719741799178337,1,3276036291.0,0.8694825313546231,1,0.008027041923473992,0.05455085509778548
2023-05-08,1123.220703125,1128.5598368262858,1110.6112034431017,1113.269352129285,9153782.0,0.0123478522623352,68.57449009558296,15.76424269408767,1076.0791926961467,16.62812965541031,9.951350995715075,5.339133701285846,2.6581486861832673,1,3285190073.0,0.8965351997171291,1,0.004753414610709565,0.0621991776052615
2023-05-09,1126.69677734375,1129.9912183396398,1119.290114376559,1124.6292481933926,6464721.0,0.0030947383796247,69.46694491712805,17.093000499965683,1078.0641960156606,16.20477067738678,2.067529150357359,3.2944409958897722,5.339133816833737,1,3291654794.0,0.6760118365422136,1,0.0029239819107822417,0.06372126988610681
2023-05-10,1134.4443359375,1135.9211253467272,1127.446563252221,1131.445324841298,10872255.0,0.0068763475227251,71.41542578863809,18.55729689666532,1080.2751818949484,15.706169057786095,2.9990110962019116,1.4767894092271945,3.9987615890770485,1,3302527049.0,1.1177809131295073,1,0.0013017733549762773,0.06911403720041655
2023-05-11,1127.03759765625,1140.3058651251242,1125.3335267806174,1135.51203899488,10557860.0,-0.0065289569938477,67.0126222115397,18.902207579374135,1082.1090021208818,15.653752578266149,8.474441338629958,4.79382613024427,1.704070875632624,-1,3291969189.0,1.0642312281959736,1,0.011772692851122693,0.06221022693542687
2023-05-12,1128.8778076171875,1130.2637323324757,1116.2228762779578,1122.2663301444138,6955341.0,0.0016327848909072,67.54793143595712,19.103824349555452,1083.9430729246585,15.538545683712703,6.611477472773686,1.3859247152881835,6.043453866456048,1,3298924530.0,0.7170849109802576,1,0.010123378660493683,0.0637389398483872
2023-05-15,1131.1044921875,1138.0567125858795,1123.7886933664054,1131.3999221918086,6833343.0,0.0019724761664086,68.21995946286282,19.22170606571035,1085.792540346731,15.447793793409947,0.29543000430862776,6.6567903940708675,7.315798821094631,-1,3305757873.0,0.7742042210604316,1,0.008134856683160394,0.06558205697047749
2023-05-16,1114.99609375,1135.8073202110538,1113.337455190809,1133.2627523170945,8717229.0,-0.0142413000290956,58.74280370045131,17.810012309099875,1086.9377777350944,15.949370309612446,18.26665856709451,2.544567893959311,1.658638559191104,-1,3297040644.0,1.0377873359960803,1,0.022699426049109624,0.05208247915326262
2023-05-17,1108.4073486328125,1120.0852459817609,1103.7271032383842,1119.1764803056624,8798967.0,-0.005909209148014,55.35543950775144,15.97542343278792,1087.7797216918675,15.978568340595604,10.76913167284988,0.9087656760984828,4.680245394428312,-1,3288241677.0,1.026294345261409,1,0.028778694522061405,0.04394702040761008
2023-05-18,1106.0218505859375,1116.4502407386783,1102.8864225456616,1113.0649351771951,10525531.0,-0.0021521853403601,54.138210868101105,14.165715227575902,1088.4950992955564,15.80608618719711,7.043084591257639,3.3853055614831646,3.135428040275883,-1,3277716146.0,1.2011934090413334,-1,0.03099759242642817,0.04188497930569293
2023-05-19,1109.611572265625,1111.4292240517473,1099.1150328365684,1106.021941356128,8050447.0,0.0032456155163533,55.71626710979762,12.872779585660282,1089.3231962747748,15.556665117767237,3.5896309094969183,1.8176517861222692,6.906908519559693,1,3285766593.0,0.9260894428950659,1,0.02766219605733479,0.043223695364041505
2023-05-22,1115.541259765625,1120.539651102296,1105.2492875108546,1106.4533629289124,7434906.0,0.0053439308386922,58.27055477903015,12.186120982043576,1090.3513556273572,15.537643580172526,9.087896836712616,4.99839133667092,1.204075418057755,1,3293201499.0,0.8725329947213141,1,0.022199631921012288,0.04358443983932016
2023-05-23,1115.3367919921875,1121.4483940779485,1113.9281511842048,1118.1086413363598,6092034.0,-0.0001832901935697,58.14601065205661,11.492956601476862,1091.3311766612721,14.964972102570465,2.771849344172324,3.3397527415886543,1.4086408079826924,-1,3287109465.0,0.7180791917877565,1,0.022387025436807814,0.042390597374628546
2023-05-24,1108.8388671875,1119.630834331706,1105.748992019405,1111.4062712432678,8112254.0,-0.0058259754823303,54.182605394628474,10.30055225505771,1092.01775276034,14.887605688979786,2.567404055767838,8.224563088438117,3.089875168094977,-1,3278997211.0,0.9883601814821995,1,0.028378332387859282,0.03532401583318884
2023-05-25,1108.70263671875,1112.8149786046415,1097.842640709934,1105.9536236071287,11487863.0,-0.0001228586702552,54.099347612324934,9.238079726822889,1092.6720619351797,14.893657989388915,2.7490131116212524,4.11234188589151,8.110982897194845,1,3267509348.0,1.3839479042450349,1,0.028504693106805673,0.031127638026844175
2023-05-26,1138.9427490234375,1140.078676055061,1113.6101699812016,1116.9044905832286,12626260.0,0.0272752235840119,66.43049987982292,10.71269761958456,1094.4865986837387,16.070970942740484,22.038258440208892,1.135927031623396,3.294320602027028,1,3280135608.0,1.4238189013626408,1,0.0011968258306710353,0.04977062761045116
2023-05-29,1145.3497314453125,1149.6210865747194,1139.2608448772517,1145.5314605509366,10010304.0,0.0056253770677836,68.36936471096828,12.25704131714474,1096.4812313410555,15.685782843350582,0.18172910562407196,4.089626023782785,6.088886568060843,-1,3290145912.0,1.0897847000289966,1,0.0037293020744125463,0.04266847473192639
2023-05-30,1145.0543212890625,1153.1198717474913,1142.50963326853,1145.3496310598186,11342504.0,-0.0002579213563679,68.17385107173097,13.303750340465285,1098.38605839784,15.323243960179918,0.2953097707561483,7.77024068767264,2.544688020532476,-1,3278803408.0,1.2005054557489665,1,0.007043814698108707,0.04242149478503259
2023-05-31,1122.3118896484375,1140.4650896335454,1118.2678159183406,1135.9892890678166,27107927.0,-0.0198614434422834,55.108276744861655,12.158000751045847,1099.3243262900203,16.142048346647204,13.677399419379071,4.475800565728832,4.044073730096898,-1,3251695481.0,2.403397445678488,1,0.02745046397815882,0.022389567571038962
2023-06-01,1119.2900390625,1129.1278089205923,1116.904484137778,1126.9694153626442,14592692.0,-0.0026925230088082,53.637324556319264,10.880721672695927,1100.1072954183528,15.862139520659147,7.679376300144213,2.158393557948102,2.3855549247221006,-1,3237102789.0,1.248762859617257,1,0.030224366789975754,0.01916160923805782
2023-06-02,1115.6322021484375,1128.1962696801756,1113.7238061790024,1122.8117036497752,15800644.0,-0.0032679973790584,51.83376488660777,9.464214359788002,1100.7161152901208,15.762876947838725,7.179501501337654,5.384566030400492,1.9083959694351051,-1,3221302145.0,1.2680342838098813,1,0.03360217599210709,0.015945722438134368
2023-06-05,1125.6517333984375,1128.6053121788443,1117.1090229973545,1121.085068396339,10908682.0,0.0089810344580452,56.18027600731195,9.045839734463698,1101.6939826669175,15.563607882307874,4.566665002098489,2.953578780406815,3.9760453989845246,1,3232210827.0,0.8517007231445836,1,0.024401986452883755,0.02470488150410927
2023-06-06,1126.6058349609375,1130.40003073524,1118.7221336360576,1128.4689187387337,7493309.0,0.0008475992477881,56.58206601710226,8.691077520355293,1102.6709180509968,15.286057112084631,1.8630837777961915,1.931111996506388,7.883701324879894,-1,3239704136.0,0.578712376587222,1,0.02353443943193593,0.025530840830414212
2023-06-07,1135.148681640625,1135.9892989888378,1123.5388113588674,1130.0821412207565,10312545.0,0.0075828177119139,60.108998340542264,8.995566945055998,1103.9445558388252,15.083516434790761,5.066540419868488,0.8406173482128452,6.543329861889106,1,3250016681.0,0.7831357232645465,1,0.015831573781940715,0.032864453383122334
2023-06-08,1135.8302001953125,1143.6458744813403,1131.8997070078417,1138.7156307485393,12071109.0,0.0006003782286057,60.38546469994971,9.185979604724707,1105.1949732645699,14.84513436612704,2.885430553226797,4.9302437328010456,3.930493187470802,-1,3262087790.0,0.9126390145867899,1,0.015222056561980593,0.03344475211069966
2023-06-09,1127.7872314453125,1139.8741383055774,1125.9922962095304,1139.1698179304817,5877018.0,-0.0070811365542288,55.4971266589041,8.588875439454114,1106.0809441736187,14.776327775407035,11.382586485169213,0.7043203750956764,1.7949352357820771,-1,3256210772.0,0.4682258542514339,1,0.022462251385586104,0.02655163128332566
2023-06-12,1128.7869873046875,1131.0816777652867,1120.0852643496842,1124.8564945620458,6391969.0,0.0008864755970803,55.97421432953903,8.1029324675319,1106.9713772375821,14.506333892563857,3.930492742641718,2.294690460599213,4.7712302123616155,1,3262602741.0,0.5243685768178137,1,0.02155666632985001,0.027413805211063222
2023-06-13,1145.46337890625,1146.6448585440896,1129.741286337972,1133.7173319025069,11248016.0,0.0147737277175583,63.08346575082998,8.960177247289721,1108.4808674990986,14.745729417338021,11.746047003743115,1.1814796378396295,3.976045564534843,1,3273850757.0,0.9234527781295956,1,0.006684188235290524,0.04157333972718267
2023-06-14,1159.549560546875,1160.9809175855808,1143.7138887627082,1145.5314201372407,13277380.0,0.0122973653283227,67.81162118403603,10.6533814962404,1110.4835613441094,14.925822232019062,14.01814040963427,1.4313570387057553,1.8175313745325639,1,3287128137.0,1.2296903151040102,1,0.001234407814385,0.05321628495796112
2023-06-15,1159.86767578125,1164.4116242878065,1152.120151030348,1159.5268135380984,11813494.0,0.0002743438014196,67.91157401609868,11.883936678688087,1112.420193282821,14.737654448121871,0.34086224315160507,4.5439485065564895,7.406662507750298,1,3298941631.0,1.123017981814695,1,0.003917643884243804,0.05347595796178905
2023-06-16,1171.1595458984375,1173.431520437393,1163.3438717544047,1163.3438717544047,24171579.0,0.0097354813423709,71.31640579425627,13.613393350310616,1114.7236973069628,14.653810891551945,7.815674144032755,2.271974538955419,0.0,1,3323113210.0,2.1284337166221516,1,0.001939935977905135,0.06260197890652006
2023-06-19,1159.5269775390625,1174.1585755296503,1155.369322961202,1174.1585755296503,6798554.0,-0.0099325223451526,63.8053844257523,13.885288214220736,1116.4806886886138,14.949199582758828,14.631597990587807,0.0,4.157654577860512,-1,3316314656.0,0.6211279226207473,1,0.012618592127663449,0.05319784534901048
2023-06-20,1161.9351806640625,1165.070488566,1151.893084884151,1157.5957972211602,6921096.0,0.0020768840843281,64.63576280063371,14.132181724814473,1118.2632177856904,14.82264273269384,4.339383442902317,3.1353079019374945,5.702712337009189,1,3323235752.0,0.6356466349677397,1,0.010519859514540184,0.05516016815800241
2023-06-21,1165.2069091796875,1167.728761153971,1157.800246036839,1161.889751966922,6961603.0,0.0028157582024113,65.78425203203095,14.425558895616405,1120.1041468599649,14.473062188725125,3.317157212765551,2.521851974283436,4.089505930082851,1,3330197355.0,0.6596686318812398,1,0.0076824693360811195,0.057813138541358666
2023-06-22,1152.1202392578125,1169.296404389101,1150.52986917785,1161.4354185434336,7619166.0,-0.0112311983552243,57.71084842460323,13.447068093837515,1121.3596798951746,14.779738833191262,9.31517928562107,7.860985845667528,1.5903700799624403,-1,3322578189.0,0.7537767532854587,1,0.019128503710719242,0.03342539082675852
2023-06-23,1142.691650390625,1151.1660925456156,1141.4420223330224,1149.1212794125972,6628570.0,-0.0081836847803848,52.693291750292936,11.775063161798244,1122.1962277577413,14.486772982591182,6.429629021972232,2.0448131330183514,1.2496280576026493,-1,3315949619.0,0.6509355898547902,1,0.02753754709616409,0.02535053459235486
2023-06-26,1133.9671630859375,1142.9869124040958,1130.8545713330911,1139.1700001634836,12641159.0,-0.0076350319893429,48.49200015672477,9.634928536472671,1122.6578330647294,14.31859927462072,5.202837077546064,3.8169122406122824,3.112591752846356,-1,3303308460.0,1.1696046294776428,1,0.035443188967074976,0.017851801679905403
2023-06-27,1134.376220703125,1140.305974461151,1129.92313620631,1134.4216529822015,9689466.0,0.0003607314484084,48.69853177238927,7.8810165056202095,1123.1173776779997,14.037473487493603,0.04543227907652181,5.88432147894946,4.453084496815109,-1,3312997926.0,0.9096205390006186,1,0.035069806736487165,0.01820596566395013
2023-06-28,1149.3939208984375,1153.1881169201986,1135.0122016455275,1141.896393407388,11354006.0,0.0132387297276066,55.71853715938417,7.6150499271641365,1124.147830353311,14.378503682463602,7.4975274910495955,3.7941960217610813,6.884191761860393,1,3324351932.0,1.0854825882002177,1,0.021545837489600796,0.031033846682913663
2023-06-30,1158.8226318359375,1161.7307784588777,1151.1888070463274,1157.0732487107562,11151555.0,0.0082032023713245,59.46855483293715,8.072038239032736,1125.5076264898846,14.232671816604787,1.749383125181339,2.908146622940194,5.884441664428778,1,3335503487.0,1.0729173820456237,1,0.013234073336500061,0.03891779847748094
2023-07-03,1188.5628662109375,1191.425580555085,1161.1400387375704,1162.3669506539804,12154387.0,0.0256641815217935,68.523317267625,10.710528823954974,1127.9803809887496,15.544834452500691,26.19591555695706,2.8627143441474345,1.2269119164100175,1,3347657874.0,1.3222851301227916,1,0.002408551053991435,0.06011784924879346
2023-07-04,1176.31689453125,1192.7887391966194,1169.2736896643748,1192.7887391966194,8061643.0,-0.0103031753959526,62.34694199254741,11.678778363916535,1129.875930539436,16.114135529625255,16.471844665369417,0.0,7.043204866875158,-1,3339596231.0,0.865144199428282,1,0.014002897299144272,0.04896194313195111
2023-07-05,1174.3856201171875,1185.5183304828597,1170.432411192628,1185.5183304828597,10248062.0,-0.0016417977358321,61.40689864611557,12.150225162891047,1131.621408562093,16.040691512525715,11.13271036567221,0.0,3.953208924559476,-1,3329348169.0,1.0618695129626305,1,0.015670422699483957,0.04623724510700745
2023-07-06,1199.03662109375,1201.6266214253385,1170.546016490242,1170.546016490242,19117987.0,0.0209905507648353,68.03239069430828,14.347589825028308,1134.265142386864,17.114971042709346,28.490604603508018,2.5900003315884987,0.0,1,3348466156.0,1.7593347343296457,1,0.0021600677460759496,0.06584565921935491
2023-07-07,1196.6964111328125,1210.9417123971473,1194.15172307179,1197.332583148068,13375267.0,-0.0019517418565604,66.85891863548821,15.718983112439673,1136.7134274357247,17.091758062898485,0.6361720152553971,13.609129249079388,2.544688061022498,-1,3335090889.0,1.1689408572480167,1,0.011903855590951383,0.0640188656625175
2023-07-10,1242.7947998046875,1252.3144236363512,1215.508392547687,1221.8244401255106,33240016.0,0.038521372875379,75.73697011368367,20.291667170561823,1140.8734812541156,19.843633380087073,20.97035967917691,9.519623831663694,6.3160475778236105,1,3368330905.0,2.3568871712707673,1,0.00765985167717129,0.09873676287854427
2023-07-11,1256.267578125,1258.6758491021378,1243.9535094175255,1250.905728718348,20069348.0,0.0108407102463172,77.62364243971811,24.717761872186202,1145.3987399549346,19.560591659898733,5.361849406652027,2.4082709771378177,6.952219300822435,1,3388400253.0,1.3518195600796454,1,0.001917004799831101,0.10071603692572448
2023-07-12,1257.6536865234375,1273.2167658916628,1254.8818367760516,1256.994798295393,18733835.0,0.0011033544306748,77.81477732161012,28.014388740032928,1149.8008947223268,19.473044335306763,0.6588882280445887,15.563079368225317,2.1129615193412974,1,3407134088.0,1.1894037301639595,1,0.012374693872401959,0.10156257774762802
2023-07-13,1246.4073486328125,1271.85351009776,1243.794632147719,1264.992154591986,14682934.0,-0.0089423169598568,72.41034836552316,29.380820001458005,1153.5893831109734,20.086318164930624,18.584805959173536,6.861355505773872,2.612716485093415,-1,3392451154.0,0.9129188855706649,1,0.02150935429597526,0.09345597372662673
2023-07-14,1245.3621826171875,1254.5409440468316,1238.2735461254954,1249.5879849572364,15124144.0,-0.0008385428862974,71.91049931301552,30.033186578234336,1157.1883164249427,19.813538147531023,4.225802340048858,4.952959089595197,7.088636491692114,-1,3377327010.0,0.9176847359785051,1,0.022366652579683764,0.09269515970709581
2023-07-17,1270.8084716796875,1279.1466167196916,1239.5914489485467,1248.225023984058,22220040.0,0.0204328422828958,76.21535645063315,32.23194485758063,1161.6440087878739,21.223654549217724,22.583447695629502,8.338145040004065,8.633575035511285,1,3399547050.0,1.2706366866484504,1,0.006561291670477413,0.11086276068585128
2023-07-18,1281.600341796875,1289.3250310279557,1269.127138140066,1280.0326878114854,25867313.0,0.0084921295047108,77.77127284234768,34.448193036131215,1166.3481787097955,21.150385859122853,1.5676539853895974,7.724689231080674,10.905549671419294,1,3425414363.0,1.3425085374922072,1,0.006027377630260484,0.11834984795486651
2023-07-19,1291.3243408203125,1297.7540895736324,1270.944719940005,1285.9397747939042,39122156.0,0.0075873879760393,79.09808248343575,36.567701439587154,1171.249204674914,21.554598985873184,5.384566026408265,6.429748753319927,14.995054853899319,1,3464536519.0,1.7658144523767312,1,0.004979189619577244,0.12498889667910439
2023-07-20,1289.7606201171875,1295.2251136644825,1270.1422890108254,1270.1422890108254,38717624.0,-0.0012109434118864,78.28881386544589,37.68681775156597,1175.8967111628463,21.80661510500061,19.61833110636212,5.464493547294978,0.0,1,3425818895.0,1.6055232926151595,1,0.00619763802039377,0.12392802309032726
2023-07-21,1249.834716796875,1287.3235564344566,1242.3763715855305,1284.4190157057792,30249238.0,-0.0309560570369133,61.09992914722278,34.94916653167752,1178.7962407955533,23.633588921190352,34.5842989089042,2.9045407286773752,7.458345211344522,-1,3395569657.0,1.172329999031728,1,0.03834056786289875,0.09594195054677243
2023-07-24,1224.554931640625,1238.1179088392782,1215.6443158350814,1221.4042392370138,23727866.0,-0.0202265026059109,53.14376689177741,30.38938095911044,1180.590699260066,24.387646924090582,3.150692403611174,13.562977198653243,5.759923401932383,1,3371841791.0,0.9547879979219562,1,0.05977613257000828,0.07727852217093277
2023-07-25,1223.767333984375,1233.3179681079685,1220.9119513502328,1227.8041962368873,12026020.0,-0.0006431705396791,52.912593580338495,26.407753350371422,1182.2839006218037,23.531816197922375,4.036862252512265,5.51377187108119,2.855382634142188,-1,3359815771.0,0.5001023615429658,1,0.06045818803511394,0.07668467295374246
2023-07-26,1243.65625,1253.8961800235134,1223.3733833366434,1223.3733833366434,12911012.0,0.0162522037182264,57.89367950642141,24.573881676960355,1184.6906594209486,24.031171947132915,20.28286666335657,10.239930023513352,0.0,1,3372726783.0,0.550228124982274,1,0.04349902923225966,0.08735858349481418
2023-07-27,1232.087158203125,1249.2931304965796,1226.0072859774648,1247.5209111436616,17226898.0,-0.009302483541473,54.29570892528168,21.934152881495038,1186.5493456477006,23.97793427370305,15.433752940536579,1.7722193529180004,6.0798722256602105,-1,3355499885.0,0.7262839983038067,1,0.05329731012396561,0.06565960096100645
2023-07-28,1244.4686279296875,1251.853175548335,1231.0287272255082,1236.690213733138,20827852.0,0.0100491833261371,57.35060832323838,20.603723029827734,1188.820690050916,23.75268527721189,7.77841419654942,7.3845476186475025,5.661486507629888,1,3376327737.0,0.8574801713814832,1,0.042817842449424576,0.06695917222979215
2023-07-31,1255.00390625,1257.2930680054526,1239.594792375287,1244.468666067682,8551174.0,0.0084656841352754,59.812075293140445,20.166984259574292,1191.4161102940175,23.320227445280015,10.53524018231792,2.2891617554525965,4.8738736923951365,1,3384878911.0,0.37304367689808543,1,0.0340637850693004,0.06831071692979056
2023-08-01,1237.25634765625,1259.803857697837,1233.36720054875,1257.8346449464532,9536632.0,-0.0141414369352684,54.14313528413217,18.17922716702992,1193.2137666611638,23.54282956698052,20.57829729020318,1.9692127513837931,3.8891471075000936,-1,3375342279.0,0.4479469251139117,1,0.048896691483526475,0.05400977460346628
2023-08-02,1224.0380859375,1236.665614699006,1212.8381883521488,1235.2871417271826,12748214.0,-0.010683527099125,50.317918371326904,15.360248713346891,1194.42256349553,23.605353119631996,11.249055789682643,1.3784729718233848,11.19989758535121,-1,3362594065.0,0.6834677826855554,1,0.060223619250926154,0.04370131130869841
2023-08-03,1218.8934326171875,1231.201012494138,1210.1058926997707,1218.5981228148664,10168350.0,-0.0042030173565817,48.870720679700845,12.566202096295456,1195.3822054218697,23.426050739255945,0.2953098023210714,12.307579876950513,8.492230115095708,1,3352425715.0,0.6436754079437345,1,0.06469856580252192,0.02029850098730331
2023-08-04,1235.45947265625,1238.6348041373592,1216.776590964359,1230.1672134573323,22885610.0,0.0135910487297419,53.50768391105861,11.55543711914288,1196.9538629604729,23.314062341666247,5.292259198917691,3.175331481109197,13.390622492973307,1,3375311325.0,1.5195316729684771,1,0.05042222614024593,0.02052157963706315
2023-08-07,1242.4996337890625,1244.739517474421,1233.219669239453,1241.096521418228,5982870.0,0.0056984152767682,55.36049821837367,11.193449639157734,1198.7399716204175,22.47161847690209,1.4031123708346058,2.2398836853585635,7.876852178774925,1,3381294195.0,0.4502981651279477,1,0.044470400056432054,0.026071429084051724
2023-08-08,1235.0162353515625,1247.7176805176769,1230.5363488514104,1244.5423492739476,9844072.0,-0.0060228576604719,52.945160113595,10.185314277897078,1200.1625701981095,22.093740847570977,9.526113922385093,3.1753312437292607,4.4798865001521335,-1,3371450123.0,0.7532805187870185,1,0.050799214153011384,0.020170052780480854
2023-08-09,1243.1639404296875,1245.034716513302,1221.453442754676,1233.1456430382627,11486586.0,0.0065972453194558,55.235163178903264,9.92935205775234,1201.848898442485,22.19999319836063,10.018297391424767,1.8707760836146008,11.692200283586772,1,3382936709.0,0.8886539380717942,1,0.04391226882359246,0.02659186504274777
2023-08-10,1248.702392578125,1255.3731247892665,1234.9179033647526,1243.0409059369183,15470598.0,0.004455126124816,56.77510221925317,10.05747069417771,1203.6862903693727,22.07536664308586,5.661486641206693,6.670732211141512,8.12300257216566,1,3398407307.0,1.2133616018665376,1,0.03928213582920521,0.030909286398231588
2023-08-11,1253.969970703125,1259.7300139419374,1236.837916549459,1246.733138146324,22179330.0,0.0042184416049082,58.24629244107665,10.463439154976413,1205.658199402069,22.13370455375676,7.236832556800891,5.760043238812386,9.895221596865213,1,3420586637.0,1.7212835519574348,1,0.03491640142383699,0.034980166214633394
2023-08-14,1268.788330078125,1271.274485095857,1243.065489745762,1249.9577340453427,9575812.0,0.0118171564879587,62.14916312595266,11.844355487169423,1208.13389080113,22.567653896352343,18.830596032782296,2.486155017732017,6.892244299580625,1,3430162449.0,0.7372924239698843,1,0.022829465568716158,0.04625077011446105
2023-08-16,1267.7545166015625,1271.5207081344915,1255.8654425931288,1255.8654425931288,10203112.0,-0.0008148037399577,61.71574027054785,12.708822131216948,1210.4719545580097,22.073911870995943,11.889074008433681,3.7661915329290423,0.0,1,3419959337.0,0.7815808233562925,1,0.023663550458087913,0.04547301795960387
2023-08-17,1249.465576171875,1269.2069834305885,1246.9302626576266,1263.7916479940673,13673744.0,-0.0144262475031161,54.47762155559251,11.782334115709773,1212.001116189926,22.08839822113637,14.326071822192262,5.415335436521218,2.5353135142484007,-1,3406285593.0,1.0400650538870881,1,0.03662328788025197,0.031501214777517016
2023-08-18,1258.7208251953125,1268.960755625946,1234.9671961841154,1246.142454602955,18639978.0,0.0074073661571323,57.212457913910484,11.660492041433145,1213.8332616411178,22.938766879757377,12.578370592357487,10.239930430633422,11.175258418839576,1,3424925571.0,1.331981561008772,1,0.022723649809087622,0.03862249000925072
2023-08-21,1244.986328125,1262.5000997685252,1242.8371963360953,1254.8424457661688,9221746.0,-0.0109114720241332,52.20067917268964,10.336519230719205,1215.0549505228387,22.704776633519696,9.856117641168794,7.657654002356367,2.149131788904697,-1,3415703825.0,0.7302742441413794,1,0.02131298907471008,0.02801672165971544
2023-08-22,1244.68994140625,1253.8544488619668,1234.6115281978846,1243.4548358358238,7713044.0,-0.0002380642357706,52.09462570663293,9.157780119624476,1216.2171070280706,22.45750120713131,1.2351055704261853,9.16450745571683,8.843307637939233,1,3407990781.0,0.6025437999502875,1,0.021556185067204896,0.02778527210351378
2023-08-23,1246.0732421875,1256.2752862282496,1243.4795205761563,1247.061326610869,9517952.0,0.0011113617417741,52.578868528916466,8.240253184711491,1217.387935857852,21.7673772389143,0.9880844233689459,9.213959617380624,2.5937216113436534,-1,3417508733.0,0.7454425295136973,1,0.020422126954847485,0.028864554883297283
2023-08-24,1225.1259765625,1254.8178429548684,1220.778380707161,1254.8178429548684,14140020.0,-0.0168106214914195,45.13810242347347,5.756480086876763,1217.691388434505,22.64395473954238,29.69186639236841,0.0,4.347595855339023,-1,3403368713.0,1.084895350252521,1,0.03786935585364654,0.012260032151855223
2023-08-25,1219.46923828125,1237.5758385308063,1206.7476503203045,1213.3677682361918,22222400.0,-0.0046172707047824,43.353845179410406,3.293653322982209,1217.761108036338,23.22854284461091,6.1014700450582495,18.106600249556323,6.620117915887249,1,3381146313.0,1.6210419390329673,1,0.042683708796627105,0.010432069593551715
2023-08-28,1207.3155517578125,1227.2007490808824,1201.0659665597248,1221.2722430466752,12580826.0,-0.0099663740108502,39.72089206898753,0.35702883289900456,1217.3514783783567,23.43613139293567,13.956691288862658,5.928506034207203,6.249585198087743,-1,3368565487.0,0.9868194210944325,1,0.05318009552945657,0.005176430626598447
2023-08-29,1195.755126953125,1212.107851949824,1189.7277154191993,1211.4162410930337,16876644.0,-0.0095753134198063,36.580843726102984,-2.8700131746102215,1216.5045626361907,23.360703188484884,15.661114139908705,0.6916108567902484,6.027411533925715,-1,3351688843.0,1.2520744017191967,1,0.06336212111791066,0.005040673795214258
2023-08-30,1194.618896484375,1206.9452265993075,1193.1120434864215,1201.5107618049594,12168946.0,-0.0009502200267752,36.277294207014364,-5.456255204500849,1215.6463012184727,22.68016604022782,6.891865320584429,5.4344647943480595,1.5068529979535015,-1,3339519897.0,0.8898335932866953,1,0.06437351014321778,0.004094344296385981
2023-08-31,1189.15966796875,1198.0524282609963,1185.651919829385,1197.0643437840804,21638600.0,-0.0045698494571707,34.78380382497659,-7.855827671279712,1214.6076097184837,21.9459047824695,7.904675815330393,0.9880844769159012,3.5077481393650487,-1,3317881297.0,1.4952029211466578,1,0.06925986676492792,0.0029497705260696995
2023-09-01,1191.9508056640625,1198.3733539411996,1186.5163417372542,1188.937220765019,18112842.0,0.0023471513292072,36.22932099948585,-9.423654629143812,1213.7191075987025,21.225269598289213,3.013584899043508,6.422548277137139,2.4208790277648404,1,3335994139.0,1.2561524822768813,1,0.0667560289336764,0.005284518291145663
2023-09-04,1190.987548828125,1197.3853714174263,1188.3197691016735,1191.950907028467,9347626.0,-0.000808134724487,35.93330818322944,-10.621458008922446,1212.827673921425,20.3567219352509,0.9633582003420997,5.4344643889592135,2.6677797264514993,-1,3326646513.0,0.6477062948789105,1,0.06761880876555539,0.004480004013467692
2023-09-05,1197.36083984375,1202.4741047382813,1191.852196412095,1195.5822395056102,8675876.0,0.0053512658649503,39.45794069179485,-10.930455014523432,1212.221131408575,19.723138647744143,1.7786003381397677,5.113264894531312,3.730043093515178,1,3335322389.0,0.597175975297431,1,0.06193610632899858,0.009778940169692711
2023-09-06,1199.88037109375,1203.560961679848,1194.2236115362405,1196.125722417537,8200370.0,0.0021042372242012,40.84349868215305,-10.846994847805945,1211.73718002368,18.981296611734393,3.754648676213037,3.6805905860981056,1.902110881296494,1,3343522759.0,0.5696119485302418,1,0.0597062330267457,0.011858224875697496
2023-09-07,1201.5106201171875,1204.5983838407617,1191.1357340059783,1196.421961377583,13652572.0,0.001358676300331,41.77207523445005,-10.527944996254064,1211.3361384587195,18.587107556237893,5.088658739604398,3.0877637235741986,5.286227371604809,1,3357175331.0,0.9515532354514254,1,0.05826838884742918,0.013198968050948891
2023-09-08,1209.51416015625,1213.3677136631895,1197.039593881822,1205.463038004146,23109288.0,0.0066612312076623,46.23412876820829,-9.51954154823261,1211.264688329211,18.4257512866043,4.0511221521039715,3.8535535069395337,8.4234441223241,1,3380284619.0,1.6007698340003875,1,0.051265665190915403,0.0197287812850264
2023-09-11,1222.556884765625,1223.668479723262,1211.391482722607,1211.391482722607,13271074.0,0.0107834410203928,52.6076908449252,-7.580551794781286,1211.7075195620116,18.12064902091913,11.165402043018048,1.111594957636953,0.0,1,3393555693.0,0.9149067810256768,1,0.040050343651905684,0.030186705744424364
2023-09-12,1204.8948974609375,1226.7068128830886,1203.462102676104,1226.7068128830886,16255666.0,-0.0144467611485198,44.853632262913244,-7.383945684106493,1211.4403579109892,18.486653391352377,21.81191542215106,0.0,1.4327947848335043,-1,3377300027.0,1.1254825252369856,1,0.0552959522145491,0.015970669036862117
2023-09-13,1210.9222412109375,1216.653058753229,1198.6699696902265,1205.4630504045967,12803338.0,0.0050023813385726,47.68735647653284,-6.664948281906845,1211.4200396090264,18.450684510755963,5.459190806340757,5.730817542291561,6.793080714370262,1,3390103365.0,0.882579481136101,1,0.048132522664184864,0.020868657393130305
2023-09-14,1212.03369140625,1218.209218590467,1207.933117232777,1215.3437498538372,9209636.0,0.00091785430764,48.21578565400394,-5.937014708683819,1211.444104385388,17.866785714108385,3.310058447587153,2.8654687366297367,4.100574173472978,-1,3399313001.0,0.6943421947665669,1,0.04696821930225955,0.021766533194515294
2023-09-15,1214.2816162109375,1219.2960960745,1210.156315775724,1219.2960960745,25468592.0,0.0018546718796894,49.33059947705692,-5.119716457965069,1211.5553793589393,17.24342818444179,5.014479863562428,0.0,4.125300435213603,-1,3424781593.0,1.8192626174551805,1,0.03970947341527688,0.023577476591376784
2023-09-18,1203.709228515625,1210.8975674516837,1201.535490839137,1205.487828880595,7516300.0,-0.0087067016037867,44.480500482810115,-5.264420078162402,1211.2476871690055,16.92219226925312,1.7786003649700888,5.40973857108861,2.1737376764879173,-1,3417265293.0,0.5440179836655205,1,0.04367006289172288,0.01500138759300511
2023-09-20,1176.8826904296875,1199.3370070481767,1163.4694916701224,1197.089090701199,57081884.0,-0.0222865601180271,35.06088254754475,-7.457807205364361,1209.900040238052,18.587731167556658,20.206400271511484,2.2479163469777177,13.413198759565148,-1,3360183409.0,3.059563468088327,1,0.06746007605020966,0.01139722664683589
2023-09-21,1168.31103515625,1180.8103271156433,1165.9396084396587,1173.3255153106452,12226182.0,-0.0072833557185788,32.679527557376076,-9.775062415664252,1208.269098862295,18.32223027530151,5.014480154395187,7.484811804998117,2.371426716591259,-1,3347957227.0,0.6414760104450425,1,0.0740443299733525,0.004144053544337309
2023-09-22,1163.4447021484375,1177.0308632017377,1160.9992172819989,1173.8443150051187,19176786.0,-0.0041652717995269,31.376574882084356,-11.867376539278439,1206.5112793833202,18.158617107047032,10.399612856681188,3.1865481966190146,2.445484866438619,-1,3328780441.0,0.9778150427292656,1,0.06371694008789328,0.002101934764860542
2023-09-25,1156.2811279296875,1166.2854832156668,1153.638074334712,1161.1968240581607,14254884.0,-0.0061572107428239,29.51125558427792,-13.942866442303512,1204.5414695223935,17.764959376611873,4.915696128473201,5.088659157506072,2.6430535949755267,-1,3314525557.0,0.7612172102684664,-1,0.06133423735642551,0.002285822652582676
2023-09-26,1157.2939453125,1161.0980464311394,1153.8851021083722,1155.342502590839,10087782.0,0.0008759265877027,30.143580127749317,-15.329274906246383,1202.688625435731,17.011244015622975,1.9514427216608965,3.804101118639437,1.4574004824669373,1,3324613339.0,0.5480076303345728,-1,0.059978597357860756,0.00315898220378302
2023-09-27,1170.336669921875,1171.769464855697,1155.3178333556975,1157.7880446735417,11722778.0,0.011270018876538,37.872613941634086,-15.200354504243023,1201.419921297933,16.97127169307843,12.548625248333337,1.4327949338219241,2.4702113178441323,1,3336336117.0,0.6529043722541699,1,0.04816574957441649,0.014268198217080329
2023-09-28,1153.14404296875,1177.3026603074284,1148.6482103293206,1177.3026603074284,14518346.0,-0.014690325779737,32.73164158408538,-16.29761668691981,1199.5267495987493,17.805784427723385,24.15861733867837,0.0,4.495832639429409,-1,3321817771.0,0.8009539941290886,-1,0.0637932185167019,0.0038987606681425186
2023-09-29,1158.529052734375,1170.435518964013,1153.1440405649926,1156.9481416896208,12342014.0,0.0046698500490549,35.676851284159355,-16.541993781082056,1197.9189967805385,17.769048282816033,1.5809110447542025,11.906466229638,3.8041011246282324,1,3334159785.0,0.6693227756236284,-1,0.05884855454233068,0.008528782581441113
2023-10-03,1145.263916015625,1153.885049186791,1144.2017734963838,1151.0936382939,8859056.0,-0.0114499819296214,31.964238362652537,-17.603132111268224,1195.8540916525028,17.523207636757117,5.829722278275085,2.791410892891008,1.0621425192412062,-1,3325300729.0,0.5279972921699814,-1,0.07111277647758564,0.0009274216225517711
2023-10-04,1143.2877197265625,1145.683872665596,1133.8763122199225,1140.7434506187417,10286386.0,-0.0017255378969222,31.43934667075321,-18.391548089757634,1193.792665302466,17.114947123108287,2.54426910782081,2.396152939033527,6.867138398819179,1,3315014343.0,0.6031086616439829,-1,0.07296421689588095,0.008231880168266736
2023-10-05,1143.26318359375,1150.8219332922222,1140.743519950406,1145.8074528562056,10953682.0,-2.146103066547056e-05,31.43244515915238,-18.801619922932332,1191.8111170001634,16.612337567301715,2.5442692624556003,5.0144804360165836,2.5196636433440744,-1,3304060661.0,0.8803236534675473,-1,0.0729872443080347,0.008210595345439763
2023-10-06,1145.1898193359375,1148.5493304183171,1142.2502923697696,1144.7205033692,5431026.0,0.0016852075443654,32.682069987480105,-18.754946058687437,1189.9828308172528,15.875673315962134,0.46931596673744025,3.3595110823796404,2.470210999430492,1,3309491687.0,0.46169340270404313,-1,0.07118208018511761,0.009879154464170285
2023-10-09,1135.4324951171875,1142.200849187487,1133.826857954507,1140.2988590719287,7576878.0,-0.0085202680411602,29.727246925172906,-19.28300868325414,1187.8436019662697,15.553336749209876,4.866363954741246,1.901990115558192,1.605637162680523,-1,3301914809.0,0.7145784807483027,-1,0.08038726930787786,0.0014141194387032282
2023-10-10,1140.447021484375,1145.1404226117538,1138.1497733893898,1139.5331157395624,10236032.0,0.0044164020219183,33.07603345664813,-19.076964377674585,1185.9849125356072,15.135807516735337,0.9139057448126096,4.69340112737882,1.3833423501725974,1,3312150841.0,1.0033950248779628,-1,0.07563682466059682,0.00580488475584898
2023-10-11,1158.5537109375,1160.8509589721596,1142.7196339530417,1143.4359710357803,9814118.0,0.0158768352339224,43.53875696246788,-17.25372407501777,1184.909179139603,15.512102514667424,15.117739901719688,2.2972480346595603,0.7163370827386188,1,3321964959.0,0.964624289155933,-1,0.0588260184246781,0.02134286287252413
2023-10-12,1160.7027587890625,1165.6185754357678,1155.144783740477,1157.9609209243824,12554450.0,0.0018549401993832,44.6449028485908,-15.457201797597463,1183.9599077533073,15.15222317042624,2.7418378646800647,4.915816646705252,2.816137183905539,1,3334519409.0,1.2239647729163639,-1,0.050480914981684596,0.02315485220574008
2023-10-13,1160.6534423828125,1164.7045645712087,1150.6984190160554,1156.058825491677,10150316.0,-4.2488402716811535e-05,44.62329787917113,-13.877453723221606,1183.0459287191702,15.070360483621032,4.594616891135502,4.051122188396221,5.36040647562163,1,3324369093.0,1.0335954076311262,-1,0.050525550134323055,0.023113345852169925
2023-10-16,1158.0596923828125,1163.2471357038708,1154.0826283801794,1158.5290083696575,5929036.0,-0.0022347325267696,43.43282040621506,-12.688520574086851,1182.0660763138228,14.648513829340343,0.46931598684500386,4.71812733421325,3.977064002633142,-1,3318440057.0,0.6459279550125732,-1,0.05287845185742368,0.020925375943656475
2023-10-17,1163.5928955078125,1165.791359182136,1156.701030917525,1163.9634271590728,7928180.0,0.0047779947453441,46.69962363901908,-11.171026597424998,1181.3416378508418,14.251500574716811,0.3705316512603076,1.8279320230631129,6.891864590287469,-1,3326368237.0,0.872569989574302,1,0.04065397109805024,0.025581144116830566
2023-10-18,1148.1541748046875,1169.3979912920374,1146.672048073012,1163.5929949263082,8918320.0,-0.0132681462414629,39.79410132535402,-11.086380528239033,1180.040168711777,14.856817906453134,15.438820121620665,5.8049963657292665,1.4821267316754074,-1,3317449917.0,0.9965489890843696,-1,0.04457836183210841,0.012478565304714188
2023-10-19,1139.33544921875,1147.0672825471008,1136.7911799610206,1142.2256445327594,12032556.0,-0.0076807851937111,36.47614064169436,-11.597209944954557,1178.4439052022465,14.607259116254118,2.890195314009361,4.84163801434147,2.544269257729411,-1,3305417361.0,1.3285232238800908,-1,0.03640269239874254,0.004834916062710329
2023-10-20,1135.8525390625,1143.559525479833,1134.4691966955595,1136.2971288231192,8913312.0,-0.0030569663733699,35.22689449349103,-12.143109472566948,1176.7736555497074,14.213192663969782,0.4445897606192375,7.26239665671369,1.3833423669404965,-1,3296504049.0,0.947688349735859,-1,0.036492519776502065,0.0017834014877186099
2023-10-23,1118.1163330078125,1139.3848747937852,1114.188721465012,1131.356688684127,7853962.0,-0.0156148843663513,29.656756804991375,-13.847279562978201,1174.4733683912018,14.997689854312894,13.240355676314493,8.028186109658236,3.927611542800605,-1,3288650087.0,0.8326024086305605,-1,0.052933961835975006,0.003512703845614213
2023-10-25,1115.522705078125,1127.009187707913,1108.1367973597628,1111.6198194416302,11620688.0,-0.0023196404999383,28.936205702421333,-15.231550898141904,1172.1615776730418,15.274454175301276,3.9028856364948297,11.486482629788043,3.483022081867375,1,3277029399.0,1.2140934573869755,-1,0.05538206882573192,0.006621028585738142
2023-10-26,1099.98486328125,1115.5471912369471,1096.9218260289952,1112.0888961356811,15222534.0,-0.0139287544091599,25.015080260143236,-17.382000994694636,1169.3311182851285,15.513804963347754,12.104032854431125,3.4582951012660033,3.063037252254844,-1,3261806865.0,1.5053430684271014,-1,0.07028987362202396,0.0027846176383898753
2023-10-27,1119.40087890625,1123.204979852311,1104.6536704890177,1106.654565590137,11771084.0,0.0176511661870346,36.58015469766075,-17.31988514020236,1167.3730696820353,16.064255792470128,12.746313316112946,3.8041009460609985,2.0008951011193403,1,3273577949.0,1.1731199330021844,-1,0.051725688707474786,0.020081325020236532
2023-10-30,1142.47265625,1148.6481841216216,1121.4511352518443,1123.4520304054054,16813304.0,0.0206108265399014,47.03402474703728,-15.233357601253147,1166.396582880779,17.005902179820236,19.020625844594633,6.175527871621625,2.000895153561032,1,3290391253.0,1.5712931199221973,-1,0.024475739144424708,0.03987038987044014
2023-10-31,1130.3192138671875,1150.1303563093795,1127.8490026208185,1150.1303563093795,12808438.0,-0.0106378409289062,43.01200207122884,-14.394519661374716,1164.9817840959324,17.382720144730293,19.811142442192022,0.0,2.47021124636899,-1,3277582815.0,1.1247076347492497,-1,0.03457322227687239,0.0295468637783561
2023-11-01,1135.0125732421875,1144.942870331504,1124.0448598372486,1130.9367248364767,10309190.0,0.0041522424085338,44.96908092439792,-13.198871300656492,1163.8065209251972,17.63381231255352,4.075848405710758,9.930297089316582,6.891864999228119,1,3287892005.0,0.8867099245378949,-1,0.030295186908482655,0.0335597579367648
2023-11-02,1146.2767333984375,1148.302354744411,1140.2247162104195,1143.1889695269997,10562104.0,0.0099242602432796,49.455487484585674,-11.213129794174847,1163.119078277089,17.323524397529955,3.087763871437801,2.0256213459736045,2.964253316580198,1,3298454109.0,0.8957982640784566,-1,0.020170746923433496,0.04305671216331575
2023-11-03,1146.0296630859375,1153.5638066087804,1144.078220526126,1149.7349795725816,8850156.0,-0.0002155415924455,49.36043198604385,-9.549273769362571,1162.4489051323383,16.763671660753133,3.705316486644051,3.8288270361988452,1.9514425598115395,-1,3289603953.0,0.7714250240567051,-1,0.020390683556283838,0.04285040661574908
2023-11-06,1155.564697265625,1156.0587394619763,1148.9445800808262,1152.2546386732256,10647304.0,0.0083200587967438,53.106389135487056,-7.3762297268208386,1162.1789361963886,16.282629140416393,3.3100585923994004,0.49404219635130175,3.3100585923994004,1,3300251257.0,0.9142552809507749,-1,0.011971025126629174,0.050748237096022886
2023-11-07,1148.0552978515625,1155.614167696399,1145.955618484429,1153.1192304428853,6960204.0,-0.006498467313714,49.97122391308052,-6.1886831541355605,1161.6250680260034,15.809480574098796,5.063932591322782,2.4949372535136263,2.0996793671336036,-1,3293291053.0,0.6022760903936613,-1,0.018590300903114188,0.044539206359011665
2023-11-08,1154.033203125,1156.552866758098,1147.042553778562,1152.1064866637696,7884494.0,0.0052069837442711,52.38124162671584,-4.710872932593702,1161.3273478338072,15.359540031630019,1.9267164612303986,2.5196636330979345,5.063932885207578,1,3301175547.0,0.7050503228094742,-1,0.013313991421937609,0.04948850426604128
2023-11-09,1141.50927734375,1154.0331752710283,1138.3720609954937,1154.0085696526105,14513610.0,-0.0108523097492658,47.246206275282155,-4.49841885629894,1160.550168598903,15.381083038621181,12.499292308860504,0.024605618417808728,3.1372163482562883,-1,3286661937.0,1.306121726832554,-1,0.024431438711723343,0.03906008667621887
2023-11-10,1143.6583251953125,1144.3747829309668,1135.3337858785344,1139.039102652828,7734954.0,0.0018826372191764,48.18487953313785,-4.109268183222184,1159.8877433673897,14.928219753893414,4.619222542484522,0.7164577356543305,3.7053167742935784,1,3294396891.0,0.7223274700538619,-1,0.022506430049664655,0.0408657884410851
2023-11-13,1143.51025390625,1148.4506764659145,1142.0774589944765,1147.6107081381433,3854810.0,-0.0001294716138556,48.12134527500217,-3.769360742380968,1159.2454888787177,14.317148162289456,4.100454231893309,0.8399683277712029,1.4327949117734988,-1,3290542081.0,0.40954041839393934,-1,0.022638832749732232,0.040741591706858774
2023-11-15,1164.185791015625,1166.9030232858888,1149.6362714370953,1156.0588204395372,12220648.0,0.0180807623182626,56.705549547284114,-1.8107652202631925,1159.4392262174201,14.965406820671555,8.126970576087842,2.717232270263821,6.422549002441883,1,3302762729.0,1.3064975434337684,1,0.004477120676645054,0.05777768935656686
2023-11-16,1166.285400390625,1172.9302438744137,1159.492320123304,1161.542667627995,13134910.0,0.0018035002584666,57.475072026224204,-0.08812735142146266,1159.7077036359772,14.856300887131429,4.742732762630112,6.644843483788691,2.05034750469099,1,3315897639.0,1.3630629553437177,1,0.005697442051116414,0.05947392836984656
2023-11-17,1163.7412109375,1172.4857343750468,1162.012063114762,1162.4319266451018,7758634.0,-0.0021814467130196,56.17218715395545,1.0595667188056268,1159.8658803928997,14.543255913785245,1.3092842923981607,8.744523437546832,0.41986353033985324,1,3308139005.0,0.8292707233723776,1,0.00789611371544631,0.057417735386955764
2023-11-20,1160.6781005859375,1165.1490860409533,1154.2801575494675,1160.2828426994563,4490186.0,-0.0026321232957754,54.56833224925292,1.702331711949455,1159.8977321651757,14.280803955049569,0.39525788648120397,4.470985455015807,6.0026851499887925,1,3303648819.0,0.5033854689778628,1,0.010556021762012242,0.054930195137443086
2023-11-21,1175.2769775390625,1179.7728099438689,1166.0384122376151,1168.9038812090423,8214450.0,0.012577886104472,60.37532103779415,3.351105503841609,1160.500839826897,14.624654340969698,6.373096330020189,4.495832404806379,2.8654689714271626,1,3311863269.0,0.9467262285502882,1,0.0038253386144092585,0.06666951961752612
2023-11-22,1179.87158203125,1182.9593458443585,1171.9669066696931,1173.3502489811203,8534814.0,0.0039093801546323,62.02065167477095,4.971211761779614,1161.2604767760872,14.36521040051939,6.52133305012967,3.087763813108495,1.3833423114272136,1,3320398083.0,0.966115928967028,1,0.002617033802774235,0.07030405449671881
2023-11-23,1183.4781494140625,1185.7013394254852,1179.8716170501546,1179.8716170501546,8531542.0,0.0030567456982084,63.308553797768646,6.471577176607525,1162.1317580560078,13.755535185784806,3.606532363907945,2.22319001142273,0.0,1,3328929625.0,0.958723479933229,1,0.0018785222291796656,0.0731372382565079
2023-11-24,1182.6876220703125,1186.9858858764198,1181.2796741129466,1181.5514214570694,6749486.0,-0.0006679695304399,62.80581461753448,7.51026496790746,1162.9378703702941,13.180583512762551,1.1362006132430906,4.298263806107343,0.27174734412278667,1,3322180139.0,0.8309674401670807,1,0.0036343187549246246,0.06598018794235386
2023-11-28,1182.9346923828125,1185.5531403805655,1173.4738317237427,1182.6876712625676,13792174.0,0.0002089058073233,62.904962741930035,8.258173946499483,1163.7220594688242,13.10192102305257,0.24702112024488088,2.6184479977530373,9.213839538824914,1,3335972313.0,1.5801916402729947,1,0.0034246975084033853,0.05197544507475761
2023-11-29,1186.047119140625,1191.605094048659,1184.7379555197092,1189.6536514263266,12531306.0,0.0026311061615269,64.19963592971496,8.998317030674798,1164.5975520049733,12.785383926109288,3.6065322857016326,1.951442622332479,1.3091636209157969,-1,3348503619.0,1.3059136717412747,1,0.004686133306458565,0.05227638792993435
2023-11-30,1174.5606689453125,1186.0471507278282,1170.8306260067593,1183.0828973645985,28439984.0,-0.0096846491256057,56.379142026287305,8.559358268728374,1164.988262473222,12.959036840034978,8.522228419285966,2.9642533632297727,3.730042938553197,-1,3320063635.0,2.5352666576963583,1,0.014511319469475781,0.04300825869933492
2023-12-01,1182.88525390625,1183.9226701483003,1174.6347733568996,1174.8323419889748,14342842.0,0.0070874031295569,60.16630225515144,8.78197161999924,1165.6901052745172,12.702105723103037,8.052911917275196,1.0374162420503126,0.19756863207521747,1,3334406477.0,1.2649635423137038,1,0.007371670340477679,0.040199561090719545
2023-12-04,1195.6810302734375,1210.4035134582498,1185.0097900344597,1210.4035134582498,15590990.0,0.0108174282542892,65.1717190866043,9.877050034246395,1166.8662199803573,13.76040242516709,14.72248318481229,0.0,10.671240238977816,-1,3349997467.0,1.2861966925741435,1,0.01231305240449072,0.05047102267826598
2023-12-05,1204.3514404296875,1205.8830195816831,1196.3973123183705,1204.9689932142376,12693624.0,0.0072514407577974,68.09706945511037,11.314115128707726,1168.3362286254292,13.506230059672701,0.617552784550071,0.9140263674455582,7.954128111317004,-1,3362691091.0,0.9807993453190657,1,0.005025171910288111,0.0573069058036158
2023-12-06,1215.8873291015625,1221.7416569101222,1202.9927791973269,1208.9707381739393,16422442.0,0.0095785069744751,71.5241100807398,13.231326875928744,1170.2009776637087,13.880704892038603,6.916590927623247,5.854327808559674,5.977958976612399,1,3379113533.0,1.1932381734911437,1,0.004814860446720442,0.06625082875281736
2023-12-07,1213.8863525390625,1215.813068778958,1206.4509936678744,1215.343752834959,8142096.0,-0.0016456924211707,70.11712845709161,14.423009437843575,1171.9141296196049,13.563249930727853,1.4574002958966048,0.46931594399893584,7.4353588711881,-1,3370971437.0,0.5932894551088986,1,0.006471202476763073,0.06471163177361804
2023-12-08,1213.244140625,1223.5943006598802,1207.9331869400896,1217.2459307176134,10204894.0,-0.0005290543984773,69.64360852171836,15.141068506736474,1173.5349143649146,13.713097344232335,4.001790092613419,6.3483699422668,5.310953684910373,-1,3360766543.0,0.7346415593688908,1,0.008530978793393023,0.0642165514241266
2023-12-11,1215.022705078125,1219.098553135076,1211.5890153738967,1213.367615499601,7066138.0,0.0014659575872411,70.24295760155933,15.672982394503151,1175.1618865497464,13.269985945442826,1.6550895785239845,4.0758480569509175,1.7786001257043154,1,3367832681.0,0.5075282728164734,1,0.007054679345439945,0.06558636218610142
2023-12-12,1197.5830078125,1217.7892853568703,1195.6561708810905,1215.3438006129377,9197124.0,-0.0143533920746803,58.1246016566971,14.519913637011086,1176.0411462071093,13.903066554752614,17.760792800437684,2.4454847439326386,1.9268369314095253,-1,3358635557.0,0.683133449363685,1,0.02171982457808276,0.04634797626212959
2023-12-13,1202.4739990234375,1204.647857091804,1188.813780320958,1196.570218805253,10031182.0,0.0040840519438158,60.198479639766056,13.841207628600614,1177.0777286704947,14.040995855902155,5.903780218184465,2.1738580683665987,7.756438484295131,1,3368666739.0,0.759182781468702,1,0.017564040181821065,0.043940848308781075
2023-12-14,1217.39404296875,1222.7297228698085,1206.7721356331074,1212.379562868232,16972354.0,0.0124077892390435,65.76796283567231,14.341926282849727,1178.6587606037597,14.4849049980785,5.014480100518085,5.335679901058484,5.607427235124533,1,3385639093.0,1.4065834189749515,1,0.005093057360466628,0.05184343211124338
2023-12-15,1232.9317626953125,1235.1055001292314,1220.308960360837,1224.236571728094,15932152.0,0.0127630982066184,70.41141796806423,15.810262684932013,1180.7871136269578,14.715373009678704,8.695190967218423,2.173737433918859,3.9276113672569863,1,3401571245.0,1.3032115793710284,1,0.0017630638610257319,0.06379234238714453
2023-12-18,1245.48046875,1252.3476075388428,1230.6344755328585,1232.9318442845902,14165188.0,0.010177940445994,73.53386691995428,17.781531144658857,1183.3241079455086,15.21521293798625,12.54862446540983,6.867138788842794,2.2973687517317103,1,3415736433.0,1.1723509858219499,1,0.005513646308508436,0.07322500311230393
2023-12-19,1263.809326171875,1271.6150959828576,1247.5552663727806,1262.2777471951172,16820604.0,0.0147162945399459,77.30165536234232,20.58546479041047,1186.480391013209,15.995171101905632,1.531578976757828,7.805769810982611,14.722480822336593,1,3432557037.0,1.3461418263626792,1,0.006176382504334396,0.07736207662781817
2023-12-20,1248.518798828125,1283.9417239360823,1244.9864450577063,1270.207325538083,17736722.0,-0.0120987612823412,68.53596180895885,21.327929541963158,1188.913269751049,17.635178800224946,21.68852670995807,13.734398397999257,3.5323537704186947,-1,3414820315.0,1.4046835482756446,1,0.028371959750390394,0.06222427158828907
2023-12-21,1266.0079345703125,1271.4176728398502,1244.121839762562,1248.44470925444,13765454.0,0.014007907416855,72.39216888632637,23.061724098346076,1191.9365899400398,18.32522553430088,17.563225315872387,5.409738269537684,4.322869491878009,1,3428585769.0,1.0436928412204998,1,0.014165621617416337,0.07517907744856016
2023-12-22,1267.2430419921875,1275.0735389423144,1258.64663484916,1264.550535970751,16541784.0,0.0009755921650633,72.64712761933461,24.255825563942608,1194.8897841381631,18.189631145647564,2.6925060214364294,7.8304969501268715,5.903901121591161,1,3445127553.0,1.1966967612847874,1,0.013177173904733715,0.07608044612646812
2023-12-26,1273.66552734375,1280.5326657287192,1266.0819312708138,1268.7003790735205,7465664.0,0.0050680770292224,73.99213709580799,25.42729049450395,1197.9790289697546,17.92256709652312,4.96514827022952,6.8671383849691665,2.618447802706669,1,3452593217.0,0.5385385146811513,1,0.008068206583060704,0.08073933001190238
2023-12-27,1278.01318359375,1284.460338165659,1271.2201029702012,1275.6170305456778,9204156.0,0.0034134991932042,74.89218992191954,26.402156787741205,1201.1176232687349,17.588114817875603,2.396153048072165,6.4471545719090955,4.396927575476639,1,3461797373.0,0.6639116195980734,1,0.0050446698474422725,0.08386655080160854
2023-12-28,1287.251708984375,1290.438257127097,1278.0131437475463,1279.4705441490948,12302636.0,0.0072288185358513,76.73467743029343,27.60203802542469,1204.4954305517012,17.219329000852387,7.781164835280151,3.186548142721904,1.4574004015485116,1,3474100009.0,0.8731050246477254,1,0.002475466235920595,0.09044158354194023
2023-12-29,1277.0743408203125,1291.4262906293047,1274.283050680218,1289.9936165179902,10864584.0,-0.0079062766769152,70.58925387609115,27.415692953252346,1207.341662326941,17.213894068583418,12.919275697677676,1.4326741113145545,2.7912901400945884,-1,3463235425.0,0.8059843554857522,1,0.011238147498737965,0.08021425549714839
2024-01-01,1279.69287109375,1287.8940202608817,1271.2447008145452,1274.9006856426909,4030540.0,0.0020504133469281,71.22772483958599,27.16615215836873,1210.1789646315217,17.173567309851492,4.79218545105914,8.201149167131689,3.6559848281456198,1,3467265965.0,0.32795992674600943,1,0.009168934047062566,0.07398891030655265
2024-01-02,1290.2900390625,1291.920402508132,1271.1706293129728,1277.099135940161,7448800.0,0.0082810244615121,73.71466600342734,27.50641533756675,1213.3205753935208,17.429010587373465,13.190903122339023,1.6303634456319287,5.928506627188199,1,3474714765.0,0.6411378444299781,1,0.0012635635370916445,0.07864608395742774
2024-01-03,1276.25927734375,1301.3071935056118,1273.2455715878027,1289.450180352941,9037536.0,-0.0108741145742273,65.62655625521191,26.3402768327353,1215.788759783726,18.188482825261726,13.19090300919106,11.857013152670788,3.013705755947285,-1,3465677229.0,0.8337373695403405,1,0.0196260404186785,0.06851703143329188
2024-01-04,1282.8546142578125,1289.376067708453,1274.184270249419,1278.581197527839,9612778.0,0.0051677092822308,67.43531417639181,25.65258520149382,1218.4187932925138,17.97443387053119,4.273416729973405,6.521453450640593,4.396927278420208,1,3475290007.0,0.9586517460988765,1,0.01438399881226991,0.07330591704755361
2024-01-05,1288.3138427734375,1294.3165279752034,1283.521657474919,1285.9424160498672,8086406.0,0.0042555317297459,68.894381122866,25.256952321266,1221.159775625099,17.509253859592597,2.3714267235702664,6.002685201765871,2.420758574948195,1,3483376413.0,0.8548460189453797,1,0.010085547714214351,0.0772327822219773
2024-01-08,1278.2601318359375,1300.294341541995,1269.1696830048252,1289.4501393970402,7734652.0,-0.0078037746733021,63.272006997475174,23.85714959306756,1223.399005280426,18.481782765133826,11.190007561102675,10.844202144954806,9.090448831112326,-1,3475641761.0,0.9016032964705731,1,0.018030024637138882,0.06997507728455063
2024-01-09,1274.8759765625,1287.8693113555237,1273.245613077726,1284.5098000629723,5403074.0,-0.0026474699391405,61.45400360264398,22.21860060080803,1225.417710036586,18.20620530175268,9.633823500472317,3.3595112925513604,1.6303634847740796,-1,3470238687.0,0.6453345530701989,1,0.020732382936871567,0.06750632832033991
2024-01-10,1309.2613525390625,1313.658280108081,1272.1834593214687,1273.146817539874,11102740.0,0.0269715459454158,70.67421542726115,23.424626675079026,1228.7056960170753,19.86824926495694,36.114534999188436,4.396927569018544,0.9633582184053466,1,3481341427.0,1.2966893553103833,1,0.003358326861547958,0.09199658416901982
2024-01-11,1343.6961669921875,1346.2651626289091,1312.6702888458758,1313.6583733689065,23725852.0,0.0263009477720741,76.68802138932035,26.8495083514656,1233.2151262513935,21.092217895306202,30.037793623281004,2.568995636721638,0.9880845230306932,1,3505067279.0,2.444780497095829,1,0.0019118872999930013,0.10190103590574298
2024-01-12,1354.3919677734375,1356.9609630954171,1329.714583957277,1343.6960023683716,15012164.0,0.0079599845887721,78.18448281376645,30.080069176182178,1237.967159252258,21.53180084122291,10.695965405065863,2.568995321979628,13.981418411094637,1,3520079443.0,1.483495424091153,1,0.001896788657276923,0.09899867291226419
2024-01-15,1377.5133056640625,1379.8105538837538,1349.7234290591657,1358.6161895727328,8610594.0,0.0170713784788871,81.02076497008328,34.112779748916864,1243.43955715076,22.14289541146328,18.897116091329735,2.297248219691255,8.892760513567055,1,3528690037.0,0.8140512302216688,1,0.0016676776988254303,0.1066260699822407
2024-01-16,1358.2454833984375,1379.662260463631,1354.169635353321,1373.412554424991,9069024.0,-0.0139873946671872,72.55518480802297,35.346526942844775,1247.9417503369436,22.38216181852376,15.167071026553458,6.249706038639943,4.075848045116572,-1,3519621013.0,0.844456371359438,1,0.015877152362295175,0.08402284051799608
2024-01-17,1345.3509521484375,1369.7567088979374,1338.879071777444,1343.3007252899447,12197382.0,-0.0094935204332406,67.47411463727613,34.881704992870255,1251.7617190354338,22.988981482950155,2.050226858492806,24.405756749499915,4.421653512500598,1,3507423631.0,1.1032896612432441,1,0.025613838292741775,0.07524364718679473
2024-01-18,1351.6500244140625,1354.663730119792,1335.1490629645289,1335.2972997496222,10279438.0,0.004682103398794,68.62985166479089,34.62250603908956,1255.6789074816545,22.740816173829653,16.352724664440302,3.013705705729535,0.1482367850933315,1,3517703069.0,0.9242326422182738,1,0.020834187075828882,0.0795532739313297
2024-01-19,1351.156005859375,1359.6041759840746,1342.8067406703178,1359.6041759840746,10422704.0,-0.0003654929499237,68.42450251819568,33.98546257476687,1259.423107418036,22.316288969538732,8.448170124699573,0.0,8.349265189057178,-1,3507280365.0,0.9178339272050989,1,0.021207431192339348,0.06846683181589858
2024-01-23,1312.7442626953125,1355.4048574857818,1306.791150318716,1355.4048574857818,20055420.0,-0.0284287994853943,54.715757538029486,30.034871088779482,1261.514133115184,24.194675983647805,42.660594790469304,0.0,5.953112376596437,-1,3487224945.0,1.5932377019878043,1,0.05108861877692877,0.03554563729624846
2024-01-24,1327.8619384765625,1333.4199132911328,1308.1497027138623,1319.314984194113,21919128.0,0.0115160859665159,58.26015618933857,27.803369034287698,1264.1160078352382,24.271499883192284,8.546954282449406,5.557974814570343,11.16528148025077,1,3509144073.0,1.539324644726663,1,0.03912200048959245,0.04420057068513774
2024-01-25,1336.9522705078125,1347.895377764627,1319.290261603849,1326.9479158139593,11808872.0,0.0068458412488869,60.27366422584363,26.463348395406,1266.9723318616136,24.58104390301983,10.004354693853202,10.943107256814528,7.657654210110195,1,3520952945.0,0.8252148359596423,1,0.03205670413324663,0.05069933235330949
2024-01-29,1430.7957763671875,1435.192704047216,1343.9678528779282,1348.241269998228,23893438.0,0.0701921137571579,74.14163193071246,32.597989691099656,1273.3967806657538,29.842428877047237,82.55450636895944,4.3969276800285115,4.273417120299882,1,3544846383.0,1.667742318523744,1,0.0030730644810766624,0.11296237802206369
2024-01-30,1390.852294921875,1442.5784888178382,1387.690473107798,1442.5537625848374,14093978.0,-0.0279169690776761,63.91437364261799,33.846470936349306,1278.0028792640333,31.631399365118167,51.701467662962386,0.024726233000819775,3.1618218140770296,-1,3530752405.0,0.990093444201305,1,0.03719028547087288,0.08748780324217303
2024-01-31,1409.6259765625,1417.160120483495,1385.788439238697,1387.2705659116798,15130226.0,0.0134979693452492,66.2694689096488,35.93652661907208,1283.1645693541693,31.612848070809573,22.355410650820204,7.534143920994893,1.4821266729827585,1,3545882631.0,1.0163408099208429,1,0.023376777104871377,0.09964082380220472
2024-02-01,1409.650634765625,1426.1515960154993,1401.1531330404457,1417.9011153905622,13349362.0,1.7492727528489738e-05,66.27258244629178,37.166468601863926,1288.1248072134422,31.14039199254129,8.250480624937154,8.250480624937154,8.49750172517929,-1,3559231993.0,0.8716530546912101,1,0.02335887576689379,0.09965657326445061
2024-02-02,1440.33056640625,1457.3256902760372,1416.0978932450594,1416.0978932450594,19652588.0,0.0217642094317405,69.98492375594985,40.15395081496331,1294.093660515121,32.321439386674925,24.232673161190633,16.99512386978722,0.0,1,3578884581.0,1.2236586130978089,1,0.011799460669776336,0.11883444494862462
2024-02-05,1421.878173828125,1452.9781061073709,1414.4675408489986,1443.3442832345067,8814432.0,-0.0128112205687374,65.32751927200636,40.564990168681334,1299.1048178999447,32.763519806081874,21.466109406381747,9.63382287286413,7.410632979126376,-1,3570070149.0,0.5538785850569902,1,0.024930065810404006,0.10739913843122192
2024-02-06,1410.786865234375,1424.6693778058625,1402.906796150729,1424.6693778058625,9047984.0,-0.0078004633574821,62.629570595749286,39.53997370421598,1303.4845060307066,31.977738509585567,13.882512571487496,0.0,7.880069083646049,-1,3561022165.0,0.573508665028944,1,0.03298784968056156,0.10038169883728175
2024-02-07,1424.9659423828125,1432.2283386037336,1412.2196294925052,1418.8151411125152,9296568.0,0.0100504743117819,64.64004733158013,39.41739460909184,1308.2484839268675,31.225148142426498,6.150801270297279,7.262396220921119,6.595511620010029,1,3570318733.0,0.6323913020054287,1,0.022709137763049343,0.10721834011405394
2024-02-08,1432.845947265625,1442.0845126481563,1410.515263064875,1432.7224367107362,14694634.0,0.0055299601544409,65.74306549915725,39.50076015645163,1313.13465895976,31.249726816773272,0.12351055488875318,9.238565382531306,22.207173645861303,1,3585013367.0,1.0512530497292207,1,0.017084699898916696,0.1121282355934753
2024-02-09,1443.34423828125,1454.4354611714164,1433.660963243804,1436.6746688077617,12556798.0,0.0073268804896013,67.21057718018665,39.95339443945909,1318.2409169723674,30.55971160884599,6.669569473488309,11.091222890166364,3.0137055639577284,1,3597570165.0,0.8935314370721447,1,0.009686845053288526,0.094608814959585
2024-02-12,1435.04443359375,1443.591388249664,1425.163589047209,1443.3443671360003,6674430.0,-0.0057503986002559,64.84549188942194,39.19062041900111,1322.821447035951,29.693146436960934,8.299933542250301,0.24702111366377721,9.880844546541084,-1,3590895735.0,0.5412680133970206,1,0.015526527374827527,0.08937234295515999
2024-02-13,1447.6424560546875,1461.3768535820277,1436.6747431428453,1438.1568697691962,7715594.0,0.0087788378993871,66.75763454968528,39.151359141520516,1327.7163885660977,29.453094547769275,9.485586285491308,13.734397527340207,1.4821266263509187,1,3598611329.0,0.6598324970340184,1,0.009487423824782714,0.09729702603489443
2024-02-14,1463.7235107421875,1465.9714268487612,1440.1329959711338,1440.1329959711338,7117888.0,0.0111084436769879,69.0702950175698,39.9572487237906,1333.0500012004543,29.194904285616282,23.590514771053677,2.2479161065737117,0.0,1,3605729217.0,0.6534952105061649,1,0.0015357518616571895,0.10721448365880124
2024-02-15,1453.076904296875,1467.0335965408117,1449.0505085860837,1465.674980481667,10006782.0,-0.0072736458540001,65.80616181423447,39.28398849518749,1337.7569385767847,28.394060261981405,12.598076184792035,1.3586160591446514,4.026395710791348,-1,3595722435.0,0.9478121032720376,1,0.00960492332007035,0.10067309826863205
2024-02-16,1443.17138671875,1459.4007219371786,1441.170612214809,1458.8819534815811,9767498.0,-0.0068169258962368,62.83106149224896,37.51864089110177,1341.8908385039206,27.668063794866278,15.71056676283115,0.5187684555974101,2.000774503941102,-1,3585954937.0,1.0207160410969256,1,0.016534564114602995,0.0945003744219966
2024-02-19,1456.4364013671875,1461.8708655513933,1436.2053974591388,1444.628841067812,6729828.0,0.0091915726507003,65.10615438347799,36.766148741438656,1346.3828213613037,27.525021244679724,11.80756029937561,5.434464184205808,8.423443608673097,1,3592684765.0,0.7189372395975883,1,0.007276112546813837,0.10274753563423455
2024-02-20,1453.4970703125,1457.9187244624495,1444.38201464361,1457.449408433713,7117496.0,-0.0020181664313857,64.16887544966869,35.52312536350587,1350.5833801437036,26.525856142833987,3.9523381212129607,0.4693160287365572,9.115055668889909,-1,3585567269.0,0.7763622216814863,1,0.009313074312149353,0.10093306893438894
2024-02-21,1450.2115478515625,1470.7884795851646,1440.18258683898,1456.4365283424868,12720292.0,-0.0022604259258885,63.075799850780065,33.88233174728998,1354.4903671126392,26.81728732878761,6.224980490924281,14.351951242677842,10.028961012582613,-1,3572846977.0,1.337552696473779,1,0.014188917309399533,0.0979593945091389
2024-02-22,1464.093994140625,1467.2558158327358,1440.626990691433,1450.6560710255042,18493728.0,0.0095727042786473,65.73199987105428,33.31811785739046,1358.788548564717,26.803825743967263,13.437923115120839,3.161821692110834,10.029080334071068,1,3591340705.0,1.8699358487505209,1,0.004572442391903305,0.09890330341923909
2024-02-23,1475.82763671875,1479.7059164315408,1465.6750448712426,1471.7517883622584,14438584.0,0.008014268636497,67.83793569135639,33.43239335891644,1363.3783167276204,26.0044040687493,4.075848356491633,3.8782797127907997,6.0767434910158045,1,3605779289.0,1.432653331761626,1,0.0026278676562891115,0.08934633053355029
2024-02-26,1469.6026611328125,1476.7169415654328,1464.8352018923576,1475.753583346703,7513106.0,-0.0042179556955429,65.53685704220705,32.64435026227147,1367.54397729253,24.995642326201143,6.150922213890453,0.9633582187298089,4.767459240454855,-1,3598266183.0,0.739327607707383,1,0.006874821042403677,0.057031893116952455
2024-02-27,1467.9476318359375,1482.0771665679397,1460.4382144226488,1465.3539102526263,10826044.0,-0.0011261746733632,64.90648111441729,31.522897063015307,1371.4813755099185,24.75587874185041,2.5937215833112077,14.129534732002185,4.915695829977494,1,3587440139.0,1.0336976225796073,1,0.009625367026431735,0.05596874903124803
2024-02-28,1438.2803955078125,1473.5056294891751,1432.8953836215212,1465.3292067243185,8647950.0,-0.0202100100062975,54.74189052514163,27.918413201946805,1374.1009449216006,25.888333536550665,27.04881121650601,8.176422764856625,5.385011886291295,-1,3578792189.0,0.8138380905305626,1,0.03045078775801842,0.025813647035255804
2024-02-29,1443.393798828125,1461.352161163495,1437.1935448412644,1447.5437052316252,23628976.0,0.0035552200643791,56.02030500373984,25.184135647437188,1376.8183117414644,25.764782306956384,4.149906403500154,13.808455931869958,6.200253986860616,-1,3602421165.0,1.9709948079427977,1,0.026800286776360874,0.028049866024273475
2024-03-01,1474.345458984375,1482.1266237591103,1445.0734581651325,1446.061542580972,12132926.0,0.0214436698989417,62.859189000479134,25.223975004403655,1380.6429057509904,26.691071065815596,28.283916403403055,7.781164774735316,0.9880844158394666,1,3614554091.0,0.9924770711694573,1,0.005277707966825827,0.0484544937540335
2024-03-04,1489.4384765625,1494.4282305064353,1469.503825173054,1472.7150995331629,10024420.0,0.0102370970698564,65.6631399693412,26.17173687145646,1384.9093987239908,26.564880656355996,16.723377029337144,4.989753943935284,3.211274360108746,1,3624578511.0,0.7984816612043113,1,0.00335009067004313,0.05809684775397972
2024-03-05,1482.32421875,1489.4384990399917,1468.3429205099196,1487.832861835706,7107668.0,-0.0047764697397364,63.239620610160266,26.04851278941578,1388.7295877446186,26.174216218764286,5.508643085705899,1.605637204285813,13.981298240080378,-1,3617470843.0,0.5661960365796294,1,0.008165562974233962,0.048443488122780196
2024-03-06,1485.0909423828125,1491.0194491388315,1460.882873129067,1475.654687549837,7805676.0,0.0018664767112457,63.799202750954905,25.875827854942372,1392.5084643970968,26.45724191812144,9.436254832975465,5.928506756019033,14.771814420769942,1,3625276519.0,0.6471344441880081,1,0.006287351068643113,0.05021623739639922
2024-03-07,1461.3028564453125,1485.1897258668157,1457.968071396935,1485.0662153094684,8315726.0,-0.0160179321404602,55.91765973947042,23.548027072464038,1395.2062836931054,26.511842814675667,23.76335886415586,0.12351055734734473,3.334785048377398,-1,3616960793.0,0.7529559020232653,1,0.022668383843238223,0.024730853866948593
2024-03-11,1449.12451171875,1471.257625711574,1446.0614742974403,1471.257625711574,11277130.0,-0.0083338951079496,52.35197827436477,20.484406058745662,1397.3207240078366,26.4178648574941,22.133113992824065,0.0,3.063037421309673,-1,3605683663.0,1.05119031832532,1,0.031262820013962994,0.01653475769526662
2024-03-12,1457.8446044921875,1470.269718687064,1447.5685016900354,1449.1246865128974,9432678.0,0.0060174903556733,54.58508552988115,18.546312596206462,1399.6942095170268,26.152390010317983,8.71991797929013,12.425114194876414,1.556184822861951,1,3615116341.0,0.8638047273499107,1,0.02509432480081853,0.01711377247875941
2024-03-13,1415.10986328125,1465.4279903850718,1410.7622676768488,1462.142657909758,13522134.0,-0.0293136463785338,43.76089235803548,13.407470127575834,1400.298744958761,28.189056631596916,47.0327946285081,3.2853324753136803,4.347595604401249,-1,3601594207.0,1.208463262848504,1,0.05605103128973169,0.0030722671908457854
2024-03-14,1414.418212890625,1431.2651015924712,1408.5144322207132,1422.5451836499767,18571102.0,-0.0004887609143089,43.61016243584671,9.173345425805792,1400.85244958354,27.80060039875128,8.126970759351707,8.719917942494476,5.903780669911839,-1,3583023105.0,1.5244902668098612,1,0.05656744015781232,0.004173999327855353
2024-03-15,1401.3260498046875,1416.1473166057365,1396.0645483366263,1408.9589780840722,19223818.0,-0.0092562178333247,40.74901717609795,4.707082630659897,1400.871022141232,27.249326675205484,7.632928279384714,7.188338521664264,5.261501468061169,-1,3563799287.0,1.6372780257442432,1,0.06643862840823096,0.0037546590023032123
2024-03-18,1422.32275390625,1424.5459437848976,1399.6462653903534,1403.0798345242215,9169392.0,0.0149834537825719,46.779543321552154,2.829182675263837,1401.712266524174,27.081494655158252,19.242919382028504,2.223189878647645,3.4335691338681045,1,3572968679.0,0.801171910004447,1,0.05069557974950178,0.018461495815565384
2024-03-19,1408.267333984375,1420.4701525728194,1400.3626585436627,1411.7256294896863,8275764.0,-0.0098820186088378,43.58180967568574,0.20442205917424872,1401.9693279932017,26.71568041997461,3.4582955053112983,8.744523083133117,7.9046754407122535,-1,3564692915.0,0.7343109234224962,1,0.06118220201720326,0.008665105944922856
2024-03-20,1426.5467529296875,1427.7818583434794,1407.0568136232032,1410.934972253052,8488806.0,0.012980077364711,48.51129442433654,-0.39615665077622,1402.9331485789462,26.28777786999615,15.61178067663559,1.2351054137918709,3.8781586298487127,1,3573181721.0,0.7440954036082711,1,0.04758447449222407,0.021367827258700154
2024-03-21,1433.685791015625,1440.5283239841642,1427.460931435626,1435.2173701383908,13006936.0,0.0050044192882399,50.336378017738845,-0.2926850046992513,1404.1391345568552,25.40876309745905,1.5315791227658337,5.310953845773383,6.22485957999902,-1,3586188657.0,1.0904221897069641,1,0.042368027828315336,0.026240925950969864
2024-03-22,1437.6875,1442.6031956703118,1430.1039041326171,1432.697625631682,19527608.0,0.0027912036301485,51.376788957251044,0.11094261425341756,1405.4547567310963,24.486657986047312,4.989874368317942,4.915695670311834,2.593721499064941,1,3605716265.0,1.4964215434834438,1,0.039466664700385366,0.028951320550101235
2024-03-26,1424.3978271484375,1435.0939139473653,1421.853557874578,1427.7820647176966,11415906.0,-0.0092437840988132,47.795748260070326,-0.6342340669111763,1406.1976222376586,23.868606853145508,3.384237569259085,7.311849229668724,2.544269273859527,-1,3594300359.0,0.8738837834004561,1,0.049164918692830795,0.01989140833536145
2024-03-27,1475.0618896484375,1482.126717793074,1429.7582404310522,1430.7463249095808,16326644.0,0.0355687586251283,59.410842546074754,2.8307434229675437,1408.8981817439637,26.28719855253772,44.315564738856665,7.064828144636522,0.9880844785286627,1,3610627003.0,1.1871495943629269,1,0.013129171727576466,0.053555272403274685
2024-03-28,1468.145263671875,1488.005737098728,1461.0311038405712,1475.0865810929813,21854364.0,-0.0046890412023395,57.529002642993774,4.961456553112839,1411.221596721529,26.33630103151052,6.941317421106305,12.9191560057468,7.114159831303823,-1,3588772639.0,1.4983074905762594,1,0.01790215688114254,0.04909644646128044
2024-04-01,1467.0831298828125,1476.1734586788064,1464.8352136106084,1474.691331987126,5013880.0,-0.0007234527913171,57.22922142737175,6.489549255345764,1413.4122450807952,25.265011319845335,7.608202104313477,1.482126691680378,2.2479162722040655,-1,3583758759.0,0.3789691487089518,1,0.018639094177169805,0.04840801458323564
2024-04-02,1469.2320556640625,1476.198098955644,1457.424495287533,1466.317254919796,8910166.0,0.0014647607470079,57.70938416634353,7.784242184028699,1415.6012572605312,24.80133934472144,2.9148007442665858,6.9660432915814,8.892759632262823,1,3592668925.0,0.730404541651162,1,0.017149213934748133,0.04979983049332937
2024-04-03,1454.0650634765625,1466.7619246317818,1451.397283687729,1464.4152240453116,7008292.0,-0.0103230746491198,53.17217832802208,7.499990917366858,1417.1096418180227,24.303727389836588,10.350160568749061,2.346700586470206,2.6677797888335135,-1,3585660633.0,0.5848608500594926,1,0.027758845215197885,0.03988852809740247
2024-04-04,1445.4935302734375,1462.1180033355356,1432.7224901750476,1462.1180033355356,14490272.0,-0.0058948759711144,50.74405392131151,6.508047921102161,1418.222735482941,24.66742637345455,16.624473062098104,0.0,12.771040098389904,-1,3571170361.0,1.1496304027469255,1,0.031495069270065915,0.03419522875862399
2024-04-05,1442.7020263671875,1453.274601948929,1438.6509043996564,1443.467815909923,7442298.0,-0.0019311770324713,49.94415418085555,5.4340347443719565,1419.18270767448,23.950017171727275,0.765789542735547,9.806786039006056,4.051121967531117,-1,3563728063.0,0.5954011495022183,1,0.03349092320422553,0.03232647988164071
2024-04-08,1468.2686767578125,1473.2090987059642,1443.5912932499484,1445.5427357963142,8357118.0,0.0177213658283987,56.679556825172604,6.570149981862642,1421.1076476385324,24.418378255087948,22.72594096149828,4.940421948151652,1.9514425463657972,1,3572085181.0,0.6944210813591429,1,0.01344240373260458,0.04917637321026639
2024-04-09,1446.2098388671875,1472.0482715276005,1445.0735176190665,1471.2577557160955,7071414.0,-0.0150237066551979,50.38063941981344,5.625715877717084,1422.0920472945581,24.60097651604838,25.047916848908017,0.7905158115049744,1.1363212481210212,-1,3565013767.0,0.6554259707035534,1,0.02890030001751283,0.034673592436516576
2024-04-10,1461.945068359375,1469.281643980642,1448.8776750369068,1448.8776750369068,9138330.0,0.0108803225294835,54.28353758945461,6.076895888060335,1423.6549108657275,24.491749987291676,13.067393322468206,7.336575621267002,0.0,1,3574152097.0,0.8652674584509082,1,0.017826024591059995,0.04506360837256433
2024-04-12,1449.6680908203125,1468.7627741208264,1445.6415744118667,1458.2891033204971,15551012.0,-0.0083977009839637,50.91831973799699,5.381772093753625,1424.6750355698289,24.39385353883939,8.621012500184634,10.473670800329273,4.0265164084457865,-1,3558601085.0,1.4833494227322823,1,0.026445809576122886,0.03697642434369508
2024-04-15,1447.3707275390625,1464.4646364315845,1429.0911655763507,1443.591352839028,12902062.0,-0.0015847512239508,50.29004447739728,4.5925632513481105,1425.5650627058774,25.178111918581845,3.7793747000343956,17.093908892521995,14.5001872626774,1,3545699023.0,1.3455788695865218,1,0.02807505277432034,0.03544784914205852
2024-04-16,1448.2847900390625,1453.6451964542034,1433.6364862387566,1436.0325186728678,9366184.0,0.0006315330845154,50.55147730276396,3.9948169987360416,1426.4560324052181,24.80886893978649,12.252271366194691,5.360406415140915,2.396032434111248,1,3555065207.0,0.9344024831991429,1,0.027426199137667025,0.036056611283632765
2024-04-18,1446.8765869140625,1468.2933637329888,1441.9608913302363,1446.0614655607194,19005692.0,-0.0009723247352214,50.1142052869526,3.36863701308539,1427.2568384643885,24.917697758569776,0.8151213533431019,21.416776818926337,4.100574230483062,1,3536059515.0,1.7225805657533506,1,0.02842616333462619,0.032642950995871195
2024-04-19,1452.607666015625,1456.4364932961696,1425.8306012864564,1439.4167626045175,15741778.0,0.0039610006502253,51.936380311401514,3.296831231710712,1428.250988564437,25.323997347937166,13.190903411107456,3.8288272805446013,13.586161318061158,1,3551801293.0,1.322103442321479,1,0.02436863849149089,0.035966358084331
2024-04-22,1462.2166748046875,1465.156201770705,1450.3103301575063,1454.9048261235944,10350362.0,0.0066150062497047,54.91022403983838,3.969533030254752,1429.5829762601331,24.57555979545584,7.3118486810931245,2.939526966017411,4.594495966088061,1,3562151655.0,0.9006090427556803,1,0.017636963617232257,0.03772345243488087
2024-04-23,1441.9364013671875,1475.7042382593086,1438.2064787775075,1461.3770126451404,14605554.0,-0.0138695405318154,48.140210290632204,2.8335421648089323,1430.0674243035469,25.498574058766213,19.44061127795294,14.327225614168128,3.7299225896799726,-1,3547546101.0,1.196298885835446,1,0.03194963084908563,0.013927690204344494
2024-04-24,1432.8953857421875,1451.051437133562,1432.2283805059903,1446.0615625184662,10462776.0,-0.006270051589257,45.44992929431162,1.1900091330232954,1430.178324752121,25.021751385109468,13.16617677627869,4.989874615095914,0.6670052361971557,-1,3537083325.0,0.8424463290696246,1,0.038460833850752794,0.007705955352693291
2024-04-25,1442.5784912109375,1450.483166375014,1424.3236561270523,1425.311740522562,15943926.0,0.0067577197645412,48.75315978985228,0.6612209075299234,1430.6646057897217,25.103019875313198,17.266750688375396,7.90467516407648,0.9880843955097589,1,3553027251.0,1.1981817432507051,1,0.03149031138656296,0.014366589729867998
2024-04-26,1435.2421875,1447.5437912682185,1432.722523780831,1446.5062542977878,9413848.0,-0.0050855490745458,46.45780626859096,-0.3458393475898447,1430.844118797968,24.368608990461365,11.264066797787791,1.037536970430665,2.5196637191691025,-1,3543613403.0,0.705986388776618,1,0.03676281958422303,0.007607448741432466
2024-04-29,1447.568359375,1450.4091019997668,1432.7223672737166,1432.7223672737166,7247974.0,0.008588217363141,50.66094069808817,-0.14762111473419282,1431.4999713696163,23.89133225728914,14.8459921012834,2.84074262476679,0.0,1,3550861377.0,0.579651708048093,1,0.027934693005577497,0.0160577585834936
2024-04-30,1449.519775390625,1465.4031834424802,1445.4439273514386,1450.507859763761,11474262.0,0.0013480648447354,51.31256954682596,0.16502887652450227,1432.2066303508325,23.61046967398575,0.9880843731359619,14.895323678719251,4.07584803918644,-1,3562335639.0,0.9282455549993724,1,0.018404939358505453,0.01738239083822272
2024-05-02,1449.0753173828125,1459.7218309784546,1446.6791643138515,1454.460329459568,14512646.0,-0.000306624314727,51.146880369573175,0.37264656276738606,1432.8681474893417,22.85562660188699,5.385012076755402,5.261501518886689,2.3961530689609845,-1,3547822993.0,1.1271186102376305,1,0.018717302853393493,0.017081003974634214
2024-05-03,1416.9130859375,1457.3750954799905,1399.275802819383,1453.4722101911177,17226958.0,-0.0221950032958956,40.864064477023106,-2.0345847848195717,1432.2424588010342,25.373031320367026,36.55912425361771,3.902885288872767,17.63728311811701,-1,3530596035.0,1.3566661367147939,1,0.04149241961648581,0.012447681719621715
2024-05-06,1402.610595703125,1422.841600588335,1401.1037428015688,1418.3952205864964,7394208.0,-0.0100941196579547,37.27515473931387,-5.038345491399696,1431.0804249540574,25.113376067966964,15.784624883371407,4.446380001838634,1.506852901556158,-1,3523201827.0,0.6232867997722783,1,0.052112569789580065,0.0023775614514520964
2024-05-07,1384.775634765625,1403.8209867220144,1375.4135586957902,1399.1028593353728,14517472.0,-0.0127155469894046,33.34267413796606,-8.757034148362663,1429.264550829021,25.34866549355676,14.327224569747841,4.718127386641527,9.362076069834757,-1,3508684355.0,1.182208180051105,1,0.0656630584846139,0.00676071692395086
2024-05-08,1401.6473388671875,1415.8756594095175,1380.8481115524094,1380.8481115524094,9439002.0,0.0121837095324239,39.81158963821454,-10.22485047094824,1428.1815229089489,26.04001423381043,20.799227314778136,14.228320542330039,0.0,1,3518123357.0,0.802410566987488,1,0.05283561516406396,0.018716391380302136
2024-05-09,1377.5133056640625,1406.7853090212204,1373.4374570953444,1396.1634006300155,11009612.0,-0.017218334836372,34.63385213557241,-13.1835485236968,1426.1945339973847,26.562002640386545,18.65009496595303,10.621908391204897,4.075848568718129,-1,3507113745.0,0.9315976113300071,1,0.07128129520891331,0.002958845153770236
2024-05-10,1390.65478515625,1393.1990543318575,1371.535254832905,1380.106935558881,10505096.0,0.0095400018556279,39.26579209338727,-14.303053779052107,1424.800818356556,26.212130987426978,10.547849597368895,2.5442691756074964,8.571680725976194,1,3517618841.0,0.9317895647582862,1,0.061157847375833574,0.013748581263607325
2024-05-13,1385.986083984375,1390.2101693574684,1367.5089520262873,1383.2195197456997,8456620.0,-0.0033571963521848,38.229353719901596,-15.389593274547906,1423.278671910588,25.99310971189382,2.7665642386753007,4.2240853730934305,15.710567719412438,1,3509162221.0,0.7565153642498447,1,0.06473236298088618,0.01333139789179589
2024-05-14,1403.15380859375,1410.0703989131912,1383.3427901196658,1384.2814219881418,7188300.0,0.0123866500593006,44.07504784179046,-14.695985579678336,1422.4894615844373,26.045573932010363,18.8723866056082,6.916590319441184,0.9386318684760226,1,3516350521.0,0.6433970029906508,1,0.05170525798470311,0.025403385109424498
2024-05-15,1399.3994140625,1412.9361236084007,1396.188139403763,1403.574046995701,5046534.0,-0.0026756828141404,43.11413180640016,-14.284580988416565,1421.5839695247537,25.381460380055177,4.17463293320111,9.362076612699639,3.211274658737011,-1,3511303987.0,0.47926915825308747,1,0.05452683732037109,0.022788677568210305
2024-05-16,1408.3660888671875,1410.4904944706304,1381.3667306256436,1401.6471872524828,14711774.0,0.0064075164778416,46.13462940482503,-13.084177908410993,1421.0656212636727,25.648767770407435,6.718901614704691,2.1244056034429377,20.280456626839168,1,3526015761.0,1.394539425994508,1,0.04781295852293929,0.02901031000665706
2024-05-17,1418.5928955078125,1420.0750222861304,1396.4104463053004,1406.093722836626,10916476.0,0.0072614689614196,49.43253767906724,-11.178770089115687,1420.9686516261881,25.50703978543762,12.499172671186443,1.4821267783179337,9.683276531325646,1,3536932237.0,1.1006165906340724,1,0.040259149000638386,0.03601029135510986
2024-05-21,1419.0128173828125,1424.6448506468714,1408.6132041549797,1408.6132041549797,11176128.0,0.0002960129550413,49.56907111674872,-9.525037772412816,1420.891952244095,24.83022597875577,10.399613227832788,5.632033264058919,0.0,1,3548108365.0,1.0854085756046106,1,0.03995130994028379,0.03629556035407596
2024-05-22,1443.24560546875,1451.2737917888355,1419.1610465084934,1419.1610465084934,10281604.0,0.0170772157862757,56.815375634625966,-6.1877312066317245,1421.7685660960422,25.360993723560572,24.084558960256572,8.028186320085524,0.0,1,3558389969.0,1.0413739145699779,1,0.022490027108044697,0.05247662155040086
2024-05-23,1468.3428955078125,1474.4442444107417,1437.6628261266358,1441.1705740518107,14608260.0,0.0173894796173039,62.780248731412385,-1.5004538519021935,1423.5950103866999,26.176738335028098,27.172321456001782,6.101348902929203,3.5077479251749537,1,3572998229.0,1.4059868333139494,1,0.004155261636498816,0.06867193200580902
2024-05-24,1462.6119384765625,1470.7636348065282,1458.5113640783345,1465.9467233388211,7094776.0,-0.0039030100181525,60.71784623302103,1.7318432736910836,1425.125085998067,25.182133505968498,3.33478486225863,4.816911467707087,4.100574398227991,-1,3565903453.0,0.7095800065865505,1,0.00808984640622008,0.06502270626160297
2024-05-27,1448.77880859375,1467.2066075031105,1444.134859977049,1462.587264504762,6629010.0,-0.0094578264534206,55.94082423852024,3.1410361503994864,1426.0526829626037,25.03139165026085,13.80845591101206,4.619342998348429,4.643948616700982,-1,3559274443.0,0.6897352750272862,1,0.01771522033919293,0.05609542056067684
2024-05-28,1438.8485107421875,1460.8828419616084,1435.4396676765143,1450.5079553599196,7820162.0,-0.0068542539362521,52.73342260345337,3.4171488474062244,1426.5544801304304,25.060804695606084,11.659444617732106,10.374886601688786,3.4088430656731816,-1,3551454281.0,0.8190965020653372,1,0.0247390419511177,0.04958100743983245
2024-05-29,1423.607421875,1440.6271526936466,1421.310053120064,1429.264181324664,7383556.0,-0.0105925597819368,48.168571119426986,2.3787212348875073,1426.4389092184529,24.650540044032986,5.656759449663923,11.362971368982699,2.2973687549360875,-1,3544070725.0,0.7717872632391845,1,0.03570986056590356,0.03940585654915086
2024-05-30,1407.8720703125,1423.2368313836507,1403.178669288835,1418.395193572925,13206858.0,-0.0110531536438432,43.93953594606747,0.28278869320070044,1425.7107978888077,24.34898379704242,10.523123260425109,4.841637810725615,4.6934010236650465,-1,3530863867.0,1.2719864749409517,1,0.04728566998524584,0.028669592314061243
2024-05-31,1413.35595703125,1425.0647331073133,1405.3030450073677,1414.245257118902,31069832.0,0.0038951598191252,45.72787981270491,-0.9250853113912854,1425.2262943257663,24.021319818678357,0.8893000876519181,10.819475988411341,8.0529120238823,-1,3561933699.0,2.585131451608166,1,0.043222152972565715,0.03243839938331193
2024-06-03,1492.32861328125,1496.453914146619,1441.6152266357983,1465.3292536675044,21527942.0,0.0558759849966472,63.69099467880412,4.43892997346029,1427.8577578142167,28.241079625584824,26.999359613745582,4.125300865368899,23.71402703170611,1,3583461641.0,1.6458906812488936,1,0.0027643381147121576,0.08364086846831686
2024-06-04,1380.625732421875,1480.199967601411,1343.1032493273078,1480.199967601411,36709098.0,-0.0748513965793156,42.342944146156235,-0.3198511679136118,1426.005521524321,36.882814220467495,99.57423517953589,0.0,37.52248309456718,-1,3546752543.0,2.3481635112676047,1,0.08389542437511988,0.027177881893267152
2024-06-05,1403.8209228515625,1414.0970248192752,1367.6076051704213,1405.0560283617258,17464890.0,0.0168004911722157,46.363265528276244,-2.194267342201101,1425.1355372626442,37.56900032249511,1.2351055101632937,9.040996457549454,36.213317681141234,-1,3564217433.0,1.0680950245942888,1,0.06598633044084587,0.04325172287710293
2024-06-06,1414.5416259765625,1426.4974232883103,1404.4137607114592,1417.9011371144834,17855722.0,0.0076368024941693,48.16239832520213,-2.782608342372896,1424.7200897612292,36.50525033065601,3.35951113792089,8.596286173826911,10.12786526510331,-1,3582073155.0,1.0707318507376082,1,0.057907301323498556,0.05050284511771472
2024-06-07,1452.4345703125,1454.4601915157414,1409.5023527154926,1411.478521453965,18558696.0,0.02678814369268,54.03161212527864,-0.18904965368756166,1425.8069321357889,37.10900664991264,40.95604885853504,2.0256212032413714,1.9761687384723245,1,3600631851.0,1.041302636342716,1,0.030307281810737868,0.0752745240439085
2024-06-10,1453.867431640625,1475.5558362929214,1450.5819785928986,1452.4346368701142,9251760.0,0.0009865238389477,54.242585185608995,1.959397512097894,1426.9073438810765,36.24221029634908,1.4327947705107817,21.688404652296413,1.8526582772155962,1,3609883611.0,0.5115751129525442,1,0.029291860852771797,0.07618588868747456
2024-06-11,1439.3179931640625,1456.1154291491666,1437.3418242246385,1451.4960860069511,11774902.0,-0.0100074038113255,51.65038778794435,2.4596855553993464,1427.394036009821,34.99445276979044,12.178092842888645,4.6193431422154845,1.976168939424042,-1,3598108709.0,0.6371587955138626,1,0.03969652380774739,0.066847454345544
2024-06-12,1445.888671875,1458.4126908916728,1437.835879864395,1440.1331280315808,10081742.0,0.0045651334466354,52.748611825926965,3.3477752237545246,1428.1193158476713,33.96462121675382,5.755543843419218,12.52401901667281,2.2972481671856713,1,3608190451.0,0.5376887714815548,1,0.03497173970250897,0.07108806130585563
2024-06-13,1447.790771484375,1454.7073627830548,1442.7021123343332,1454.4603416652449,9181160.0,0.0013155228658845,53.08085475719811,4.157155129638113,1428.8907454804832,32.396094733322954,6.669570180869869,0.24702111780993619,5.088659150041849,-1,3617371611.0,0.5004018405833526,1,0.033611999482736785,0.07230846073824211
2024-06-14,1459.9442138671875,1462.0438933040557,1439.8613252368543,1452.48412809224,8157998.0,0.0083944742722403,55.24617468884441,5.713415073564647,1430.1085285544718,31.66655711431427,7.460085774947402,2.0996794368682004,12.622802855385771,1,3625529609.0,0.5080841641188235,1,0.025007599559384756,0.0800311158673552
2024-06-18,1463.3778076171875,1469.6768460329972,1453.8180422457062,1469.627393563817,7196766.0,0.0023518664051587,55.8658736985263,7.141501823665521,1431.4132061647745,30.53743187666975,6.249585946629395,0.04945246918032353,9.559765371481262,-1,3632726375.0,0.4921446657764054,1,0.022602574917607296,0.08218968311793813
2024-06-19,1441.2694091796875,1469.7756214798555,1438.650961260282,1469.7756214798555,8725874.0,-0.0151077857832893,50.97176749281477,6.415355649116236,1431.7997239300653,30.579376758305735,28.506212300168045,0.0,2.6184479194055257,-1,3624000501.0,0.7379205207700227,1,0.03828881999121885,0.06811090225543044
2024-06-20,1456.14013671875,1465.181134372769,1432.8213657240578,1441.6153422433538,16113776.0,0.0103177986324751,53.897349686540814,6.959597103521446,1432.7542499217784,30.706547607620415,14.52479447539622,9.040997654019066,8.793976519295938,1,3640114277.0,1.3784428658884251,1,0.027685369293309583,0.07762775336044114
2024-06-21,1436.872314453125,1457.128045050937,1423.4096642387256,1456.0659025463858,31170360.0,-0.013232120851392,49.75463776470722,5.769651200700537,1432.915742648498,30.921678550805495,19.193588093260814,1.0621425045512751,13.462650214399446,-1,3608943917.0,2.3937972292389715,1,0.041466175591371675,0.06525914946138117
2024-06-24,1424.2989501953125,1432.2283517054532,1420.3713387903338,1428.3007403004744,8878386.0,-0.0087505090962782,47.20483071242972,3.7686029747821976,1432.5778292189616,29.89162834451876,4.001790105161945,3.927611404978734,3.927611404978734,-1,3600065531.0,0.7365954825678709,1,0.05065998535027486,0.057007484880102176
2024-06-25,1436.822998046875,1438.576872033328,1423.8296636688654,1425.8058325289194,7045386.0,0.0087931314207914,49.95591806213095,3.1569524500444004,1432.7443064278996,28.809884060229045,11.017165517955618,1.7538739864530726,1.976168860054031,1,3607110917.0,0.5954198705529242,1,0.04150192207446731,0.06522706613616555
2024-06-26,1495.9844970703125,1500.875466568816,1427.905458276952,1428.819484586685,22014882.0,0.0411752172006278,60.44219862540487,7.361198229398269,1435.2243139040727,31.964178648202964,67.1650124836276,4.890969498503409,0.9140263097328898,1,3629125799.0,1.7123365036553506,1,0.003269398518555323,0.10219440645434652
2024-06-27,1512.3126220703125,1519.1797603831344,1488.0551018777237,1495.7127559544515,28383030.0,0.0109146351663245,62.76142745997263,11.873763176420425,1438.2473848125528,31.904212923717804,16.599866115861005,6.867138312821908,7.657654076727795,1,3657508829.0,1.9325587482463287,1,0.004540819280752278,0.11188782681147097
2024-06-28,1546.7474365234375,1562.1615299634889,1512.782033239127,1512.782033239127,28957336.0,0.0227696403181405,67.13726576037531,18.02087175879319,1442.502288801215,33.1859768501077,33.96540328431047,15.414093440051374,0.0,1,3686466165.0,1.73767863206475,1,0.009965488273054466,0.1316596248278598
2024-07-01,1541.5599365234375,1560.5805616644209,1537.138282854078,1543.9066370278445,7724306.0,-0.0033538119265674,65.88130667892112,22.217798747731422,1446.3869024373805,32.48999841869593,2.3467005044069538,16.67392463657643,4.421653669359557,-1,3678741859.0,0.464731439729217,1,0.013364120947844931,0.12873757451409507
2024-07-02,1546.525146484375,1554.7509013864856,1538.4475077589818,1550.798563537394,7749246.0,0.0032208997154759,66.5267730408172,25.648880245946202,1450.3138924000077,31.333812362182204,4.273417053019102,3.952337849091464,8.077638725393172,-1,3686491105.0,0.4646873361555412,1,0.010110655823902475,0.13153481378527485
2024-07-03,1533.927001953125,1556.2329594590622,1524.391963189475,1547.661278880494,9049620.0,-0.008146097436494,63.256814877110635,27.039774388824526,1453.592837872679,31.370039784139696,13.73427692736891,8.571680578568248,9.535038763649936,-1,3677441485.0,0.5416134347030476,1,0.018406695999492347,0.10842719149668262
2024-07-04,1535.5079345703125,1548.822348177101,1532.321386398175,1538.447461634288,6837176.0,0.0010306439714371,63.49927409309823,27.947474972919963,1456.8051946059195,30.30796278376729,2.939527063975447,10.374886542813101,3.1865481721374636,-1,3684278661.0,0.43325440621759387,1,0.017358161943093416,0.08537511979417933
2024-07-05,1569.695556640625,1579.4528899457323,1529.5546284867023,1535.3101717849263,12269710.0,0.022264699061864,68.36133372624953,31.06736437093491,1461.2322676268884,31.707269832000343,34.3853848556987,9.757333305107295,5.755543298223984,1,3696548371.0,0.8832907234471745,1,0.006216067353843694,0.10205367738185418
2024-07-08,1581.824462890625,1589.6303543798022,1563.6684106310508,1570.0662334946016,9500806.0,0.0077269163429101,69.89353551655947,34.12522619991046,1465.9613733235058,31.296889397482552,11.758229396023353,7.8058914891771565,6.3978228635508,1,3706049177.0,0.6809076184360896,1,0.004934739392582585,0.10206766167040551
2024-07-09,1571.3260498046875,1581.429189356112,1561.6675000170792,1578.5637202787966,6960002.0,-0.0066369014591876,66.87465414041483,35.29461517929053,1470.093321420807,30.5011803600585,7.237670474109109,2.8654690773153106,9.658549787608308,-1,3699089175.0,0.49911767351222136,1,0.011648953810311898,0.09606835642616444
2024-07-10,1565.3480224609375,1578.4648673124634,1544.5241914718106,1575.9946562525065,7134578.0,-0.0038044474248314,65.14906983715608,35.33170561515203,1473.8287998929688,30.746858608672376,10.646633791569002,2.4702110599569096,20.823830989126918,-1,3691954597.0,0.5727557184431266,1,0.015512417411617876,0.09261626270347274
2024-07-11,1561.815673828125,1585.1344421846698,1551.786592769845,1568.5840280306456,11940946.0,-0.0022565899609079,64.09662309303008,34.676341756697866,1477.279265537485,30.932643666254698,6.768354202520641,16.55041415402411,10.029081058280099,-1,3680013651.0,1.1043779604857495,1,0.017809195424131792,0.0905640386429858
2024-07-12,1577.6990966796875,1586.023756297877,1555.7389442164904,1565.619788574804,12924784.0,0.0101698446991704,66.70146993175148,35.03476173317085,1481.2172981312967,30.886369981621268,12.079308104883467,8.324659618189571,9.880844358313652,1,3692938435.0,1.4034769499192181,1,0.007562441865641127,0.09971974898157353
2024-07-15,1578.1932373046875,1586.7154660951303,1566.607970695329,1585.332123675554,5329688.0,0.0003132033389889,66.78221364676719,34.95573718643959,1485.0202761380965,30.11645036863413,7.13888637086643,1.3833424195763655,11.585266609358541,-1,3698268123.0,0.5941909296941122,1,0.007246968751841506,0.10000163147567999
2024-07-16,1557.4681396484375,1580.9351457176842,1550.4280378276635,1574.5125966882065,9386838.0,-0.0131321673204259,60.18989817120367,32.8421832449244,1487.8613688247767,30.144354477304603,17.044457039768986,6.42254902947775,7.040101820773998,-1,3688881285.0,1.0277468181999134,1,0.020650319523470018,0.08802542881490351
2024-07-18,1567.7689208984375,1574.9078068261192,1539.2625884242743,1557.2210712967385,12298374.0,0.0066137990163479,62.18777044470594,31.633709763738125,1490.9949983178615,30.53727332905748,10.547849601699,7.138885927681713,17.958482872464174,1,3701179659.0,1.3002745464502665,1,0.013944295737688548,0.09401741554082789
2024-07-19,1536.6195068359375,1571.0294984478237,1534.297532576701,1567.1018870092746,13140390.0,-0.019868625820602,53.45197271012573,27.84154839584312,1492.7841947303352,30.97975136777642,30.482380173337106,3.927611438549093,2.3219742592364128,-1,3688039269.0,1.3024973624715614,1,0.0344983564949137,0.07565188879124086
2024-07-22,1482.793701171875,1519.1798633102128,1481.4103587992008,1518.9328421942273,19674376.0,-0.0350287142813223,42.374766469698244,20.259402731033333,1492.3924106692193,32.71042255841644,36.139141022352305,0.24702111598548981,1.3833423726741785,-1,3668364893.0,1.816809855523991,1,0.07205092193438135,0.042097806547335526
2024-07-23,1470.1707763671875,1487.8080584659276,1445.5674511277782,1483.1146576505776,18052044.0,-0.0085129339264871,40.26724245150852,13.081141866992994,1491.520974029924,33.39115004268308,12.943881283390056,4.69340081535006,24.603325239409287,-1,3650312849.0,1.5449958841861857,1,0.08125557923808072,0.031520904539288755
2024-07-24,1477.8778076171875,1491.5134207568017,1458.8078508242754,1467.3053526491226,11913362.0,0.0052422693838631,42.158777895261224,7.9228813824377085,1490.9859478960914,33.34218003481474,10.572454968064903,13.635613139614179,8.497501824847177,1,3662226211.0,0.9781456406638741,1,0.07561690566474881,0.033813586673181684
2024-07-25,1474.6171875,1482.595920809754,1459.474721651074,1463.3530011800513,12519876.0,-0.0022062853237133,41.5591710764291,3.5311135133101743,1490.3440357236957,32.61210997223368,11.264186319948749,7.978733309754034,3.8782795289771457,1,3649706335.0,0.9844165164774479,1,0.07799527080976883,0.019699849302225625
2024-07-26,1491.044189453125,1494.4037007697482,1472.59166375446,1474.6172851615388,9859940.0,0.0111398416432231,45.74571259204576,1.3604452415841024,1490.371492732693,31.840676189594724,16.426904291586197,3.359511316623184,2.0256214070789156,1,3659566275.0,0.7881667347617027,1,0.06611887536534777,0.030499926593071956
2024-07-29,1501.9871826171875,1509.2990318372968,1493.761427629427,1493.934270042657,7538550.0,0.0073391474521462,48.39769499968439,0.517220890879571,1490.8270099830654,30.87025948920737,8.05291257453041,7.311849220109252,0.1728424132300006,1,3667104825.0,0.6297162729550879,1,0.05835147781347767,0.03756339078147049
2024-07-30,1495.119873046875,1506.8286485865085,1492.0073831905756,1498.9486999408243,8228208.0,-0.0045721492498665,46.85001389685151,-0.6971387899636738,1490.9953575541954,29.72390276825919,3.8288268939493264,7.8799486456841805,3.112489856299362,-1,3658876617.0,0.6710771228365833,1,0.06321264470943466,0.03314277524658601
2024-07-31,1487.4869384765625,1492.4519658681731,1483.262853735488,1486.0788700242824,10057346.0,-0.0051052325020317,45.12281410867582,-2.249510656176426,1490.8577724923275,28.44769680705403,1.4080684522800766,4.965027391610647,2.8160162887943443,1,3648819271.0,0.8157969520174913,1,0.06866844559176549,0.028181415422522574
2024-08-01,1497.2445068359375,1499.9122867676688,1486.3755772216791,1493.983779705346,10764222.0,0.0065597674218023,47.77350147563388,-2.6617394496845463,1491.1082326626652,27.382626288406577,3.2607271305914765,2.6677799317312747,7.608202483666901,1,3659583493.0,0.8841372538432031,1,0.061703914839600714,0.03451477395456684
2024-08-02,1481.4595947265625,1491.3404387261814,1475.481756476256,1487.0670219426547,10268248.0,-0.010542641524017,44.065415508220596,-4.213572781532093,1490.7298547043868,26.981206579211936,5.607427216092219,4.273416783526727,5.977838250306604,-1,3649315245.0,0.863776804656866,1,0.07301634147720719,0.024227554856404307
2024-08-05,1430.0792236328125,1466.2184833782828,1416.1719837774867,1462.3649300475706,17046704.0,-0.0346822628687577,34.64034374287506,-9.480097755198813,1488.351398583933,29.717378319916495,32.285706414758124,3.8535533307122023,13.90723985532577,-1,3632268541.0,1.4664020611018638,1,0.11156803630898426,0.009724803790937805
2024-08-06,1438.700439453125,1459.8948030686215,1434.0316438440889,1437.8111393077952,10236186.0,0.0060284882668333,37.07245559898582,-12.810524916932991,1486.4043021474306,29.72439268533739,0.8893001453297984,21.194363615496513,3.7794954637063256,1,3642504727.0,0.9440133350250749,1,0.10288106028400767,0.01565889260741571
2024-08-07,1447.3707275390625,1454.954323788822,1444.0853950542364,1451.4960282823629,8174568.0,0.0060264721189862,39.51029421252059,-14.582198146001247,1484.8735737314162,28.76221351750593,4.125300743300386,3.4582955064590806,3.2853324848260854,-1,3650679295.0,0.7808069104499817,1,0.09627439321851773,0.021555461339626797
2024-08-08,1431.85791015625,1447.5437511456266,1428.6960880928923,1440.157843842289,12387192.0,-0.0107179294756006,36.765872308729634,-17.041572026709446,1482.7945281010175,28.054031341450816,8.299933686038912,7.385907303337717,3.161822063357704,-1,3638292103.0,1.184683827735506,1,0.10815148265792772,0.010954946204858804
2024-08-09,1456.73291015625,1458.9066476361847,1438.6509170052725,1442.603254689353,6249776.0,0.0173725338412145,43.53840135776499,-16.789895471404407,1481.7725038678893,27.982224637056813,14.12965546689702,2.1737374799347435,3.952337684080476,1,3644541879.0,0.6190900535903557,1,0.08922881815372613,0.02784376332543533
2024-08-12,1443.2208251953125,1455.4483700557605,1440.3800824499558,1452.484116756258,8184584.0,-0.0092756090472948,40.97141105975924,-17.47926226431514,1480.2606733317098,27.151553427716628,9.26329156094539,2.964253299502616,2.8407427453566925,-1,3636357295.0,0.8055928089396782,1,0.09942667012194653,0.018741997721772912
2024-08-13,1446.1851806640625,1452.5582774619256,1440.627205334839,1443.344437718015,6265064.0,0.0020539860685206,41.78237000178752,-17.583697779609338,1478.924379501606,26.064376191957347,2.8407429460476123,6.373096797863127,2.717232383175997,1,3642622359.0,0.6288085309125239,1,0.0931761484319366,0.020753356684787935
2024-08-14,1444.4312744140625,1454.4603560192809,1436.3783617708266,1446.1110904012166,6267466.0,-0.0012127812353841,41.41978893266719,-17.605049205784553,1477.5717087138592,25.494206053135702,1.679815987154143,8.349265618064237,8.052912643235913,-1,3636354893.0,0.6539235993986479,1,0.09033073066420891,0.019564302668563602
2024-08-16,1460.58642578125,1462.7602840003062,1440.676620060605,1451.1502913945535,9416902.0,0.0111844375383944,46.06270227820889,-16.132420166165502,1476.9056191870902,25.250595902176094,9.436134386696494,2.1738582190562283,10.47367133394846,1,3645771795.0,0.9965324711373489,1,0.07561556832044296,0.03040863670905782
2024-08-19,1475.65625,1485.47150978375,1467.823866090739,1469.8067419652286,13797742.0,0.0103176532061013,50.04047347109664,-13.592654511792489,1476.8566243170083,25.224487909342088,5.849508034771361,9.81525978374998,1.9828758744895367,1,3659569537.0,1.4075567809515057,1,0.02949441193381778,0.04031038137947999
2024-08-20,1483.1416015625,1491.0484162933285,1477.2674041310693,1484.4057091952604,8411808.0,0.0050725577603185,51.93654324766107,-10.850785518203566,1477.1030940129099,24.522179222483974,1.2641076327604424,6.642707098068058,5.87419743143073,-1,3667981345.0,0.9410098218967378,1,0.017636502305133722,0.045153893407386264
2024-08-21,1485.8433837890625,1494.964564922092,1477.2426107826689,1480.464784262564,7769996.0,0.0018216616833592,52.635280333335736,-8.363415097538336,1477.44585047472,24.0364488594082,5.378599526498419,9.121181133029495,3.2221734798952184,1,3675751341.0,0.8938725614091341,1,0.015786083717935193,0.04689013712461815
2024-08-22,1485.2979736328125,1493.6012664349316,1477.8869991875908,1490.1312336221058,10445782.0,-0.0003670710938989,52.469450421070796,-6.362819537144787,1477.7537768730765,23.4420073156891,4.83325998929331,3.4700328128258207,7.410974445221655,-1,3665305559.0,1.1711002132016402,1,0.016159086345335354,0.046540149574333646
2024-08-23,1487.1322021484375,1498.3849993365056,1485.5955458508122,1490.8749048344312,9249654.0,0.0012349229233368,53.00567443019872,-4.576570375622623,1478.121558256424,22.702365771975103,3.742702685993663,7.51009450207448,1.5366562976253135,-1,3674555213.0,1.0748066199502213,1,0.014905755962270985,0.04771614673425511
2024-08-26,1499.649169921875,1509.9601498448217,1490.1313888488291,1494.0723308917522,8816114.0,0.0084168493933185,56.603640736072464,-2.126428214433872,1478.9657783217358,22.711335909432893,5.5768390301227555,10.310979922946672,3.9409420429230977,1,3683371327.0,0.9947647795356243,1,0.0068755947255876035,0.05566447661137775
2024-08-27,1487.6031494140625,1500.516654009415,1486.6117113802566,1497.5671500638723,6251156.0,-0.0080325590474203,52.44239524552448,-1.143504473790017,1479.3044987567291,22.082307817984724,9.964000649809805,2.9495039455428014,0.9914380338059345,-1,3677120171.0,0.7210790829717877,1,0.015028874091564778,0.04801762194756787
2024-08-28,1485.4716796875,1494.568051187052,1480.2170096090344,1492.1142662167426,9610286.0,-0.0014328214668017,51.71789248503388,-0.5304079090367395,1479.5463489893084,21.530074515129932,6.642586529242635,2.4537849703094707,5.254670078465551,-1,3667509885.0,1.0673718619340384,1,0.016485316073123205,0.0466516439576902
2024-08-29,1507.90283203125,1523.8401488737277,1481.2083164719252,1490.2303777286736,38335358.0,0.015100356775882,58.25413411014767,1.7453626111009726,1480.6583679321297,23.037342935606546,17.672454302576398,15.937316842477685,9.02206125674843,1,3705845243.0,3.139545589355137,1,0.010569193520917399,0.06083339476867713
2024-08-30,1496.6995849609375,1526.5418444404818,1490.4534771750382,1520.865886117465,41620730.0,-0.0074296876644371,54.300277282694864,2.6147772111712584,1481.2874352665926,23.969558959166335,24.166301156527425,5.675958323016857,6.246107785899312,-1,3664224513.0,2.6972393623672084,1,0.01993871033265713,0.053803449932507644
2024-09-02,1503.2679443359375,1513.7276641806195,1493.725353098191,1497.9389648135596,11240852.0,0.0043885623013462,56.17821808048555,3.7901161532645347,1482.14941601441,23.686184110827924,5.328979522377949,10.459719844682013,4.213611715368643,1,3675465365.0,0.7407395985242634,1,0.015482203417053128,0.05793774881358563
2024-09-03,1496.203857421875,1509.9600595401412,1494.5927706873033,1508.2250430567562,10923800.0,-0.0046991535611989,53.625945215555944,4.104256640070162,1482.7005705794086,23.091977306685777,12.021185634881249,1.7350164833849249,1.6110867345716997,-1,3664541565.0,0.7081249845070514,1,0.020276640023427352,0.04511936591669137
2024-09-04,1501.5823974609375,1504.50709100704,1486.661207884716,1487.850885016148,11983304.0,0.0035947909186186,55.291438535528656,4.732663273702656,1483.4410343786844,22.717256293517064,13.731512444789587,2.9246935461023895,1.1896771314318357,1,3676524869.0,0.756153970471785,1,0.016622096144539803,0.04853966688161133
2024-09-05,1480.192138671875,1512.7113538076746,1474.3179410781215,1506.0439573959177,16264168.0,-0.0142451448719909,47.920460404730264,3.464725738262132,1483.3136267039076,23.836981753233925,25.851818724042687,6.667396411756954,5.874197593753479,-1,3660260701.0,0.9899343391321032,1,0.03131330356219481,0.03479011219799365
2024-09-06,1452.2830810546875,1484.182646260627,1449.110527949692,1479.721175380084,19394228.0,-0.0188550235391935,40.36023511086064,0.20547975968543142,1482.096742560801,24.63949150735544,27.438094325396605,4.461470880542947,3.172553104995586,-1,3640866473.0,1.1117993834395639,1,0.05113243027789427,0.010951528315203171
2024-09-09,1449.928466796875,1457.3395627288749,1443.1371406451965,1453.943839140462,9010298.0,-0.0016213190723826,39.789879575245315,-2.5382346630099164,1480.835241550451,23.89398654852136,4.015372343586932,3.3957235884129204,6.791326151678504,-1,3631856175.0,0.5159527189923531,1,0.05283941890792588,0.009345361054937265
2024-09-10,1449.011474609375,1459.446383962114,1445.0952218200862,1447.995226435091,10768260.0,-0.0006324396054694,39.55544117148324,-4.732093092751029,1479.5872506900166,23.21235623377182,1.016248174284101,10.434909352738941,2.9000046150047183,1,3621087915.0,0.6010707687699297,1,0.053505697635698464,0.008718435333270257
2024-09-11,1439.072265625,1456.1745712275017,1435.1561339115874,1450.5234230036904,9760202.0,-0.00685930315842,37.010093106074514,-7.189872429988554,1477.9984277462906,23.05564773963914,11.451157378690368,5.651148223811333,3.9161317134125966,-1,3611327713.0,0.5443467193749958,1,0.06078192242659411,0.002721289129779588
2024-09-12,1467.1298828125,1473.2767495080643,1433.495302957586,1444.5250498204912,22349376.0,0.0194970175283826,47.31633977717751,-6.795332677197166,1477.5722102979066,24.250347654699077,22.604832992008824,6.146866695564313,11.029746862905085,1,3633677089.0,1.368480921355412,1,0.04049536603677417,0.022925427563670196
2024-09-13,1460.016357421875,1470.451266381587,1456.918113729867,1463.7590600068495,8711328.0,-0.0048485996188615,45.29295264655089,-6.976241361559687,1476.8837454792388,23.484833725914857,3.742702584974495,6.692206374737452,3.0982436920080545,-1,3624965761.0,0.6680168313965383,1,0.04556489157154291,0.01816490228309517
2024-09-16,1458.7523193359375,1468.2206009201684,1452.2088525514882,1464.8993077290231,5481774.0,-0.0008657698110791,44.92531587975789,-7.139312555746528,1476.1727091598937,22.951041914683806,6.146988393085621,3.321293191145287,6.543466784449265,-1,3619483987.0,0.4397847940473179,1,0.04647089448015675,0.017314122516596284
2024-09-17,1459.6942138671875,1464.824832895271,1454.0677548146175,1461.3796100548857,5935328.0,0.0006456850273792,45.28172393420892,-7.110578314446002,1475.526493658219,22.08004449796735,1.6853961876981884,3.445222840385213,5.626459052569999,-1,3625419315.0,0.4960232333635856,1,0.04579563989377882,0.01794821864792646
2024-09-18,1450.9197998046875,1469.3110219373734,1448.0447266088618,1457.413766699014,8574714.0,-0.0060111316323258,42.52114017124663,-7.7069867592736045,1474.561525271806,22.021919557291945,6.493966894326604,11.897255238359321,2.8750731958257347,-1,3616844601.0,0.7376118622472548,1,0.05212007214042705,0.01200927635658909
2024-09-19,1457.0916748046875,1463.858190669141,1443.0876132109174,1453.6959512825115,16955902.0,0.004253767162617,45.05838892056721,-7.594086119075882,1473.8764330966249,21.93253797878707,3.395723522176013,6.766515864453595,10.608338071594062,1,3633800503.0,1.4499484827487543,1,0.04766355531137296,0.01619415734446793
2024-09-20,1473.2025146484375,1482.1997658201983,1458.7770437683578,1461.3795684407844,30897320.0,0.0110568470895351,51.1235246521717,-6.133893708375581,1473.8500049221861,22.15936319569591,11.822946207653104,8.997251171760809,2.6025246724266253,1,3664697823.0,2.4054996141446368,1,0.03620637981654076,0.026952989352130634
2024-09-23,1480.5887451171875,1488.64417898616,1476.2015834923338,1478.2340798324108,8832314.0,0.0050137237720591,53.64979680051607,-4.330751426606412,1474.114269243559,21.679527562983516,2.354665284776729,8.055433868972386,2.032496340076932,1,3673530137.0,0.6885907669217308,1,0.0310370448747786,0.03180724040683829
2024-09-24,1476.6229248046875,1487.6526722077606,1475.1357678514642,1475.7554165819738,17137444.0,-0.0026785427929117,52.09292149460703,-3.185041556398346,1474.212647893015,21.02505447679158,0.8675082227136954,11.029747403073088,0.6196487305096525,1,3656392693.0,1.2728751546153785,1,0.03380613885728277,0.029206929624775998
2024-09-25,1481.15869140625,1483.6869066134093,1467.5264194610884,1471.1948125268714,7069002.0,0.0030717162285438,53.74616139692964,-1.889281313160609,1474.485041756279,20.677585382186532,9.963878879378626,2.528215207159292,3.6683930657829933,1,3663461695.0,0.5357557073503525,1,0.030640304308746185,0.03217979864359508
2024-09-26,1485.12451171875,1491.122760061236,1475.309372285805,1477.8870868947113,18818998.0,0.0026775120961108,55.20183314068092,-0.5361925356874053,1474.9022758724545,20.330142695989707,7.237424824038726,5.998248342486022,2.5777146089062626,1,3682280693.0,1.4654928456312173,1,0.02788812143016822,0.034764229095790015
2024-09-27,1513.10791015625,1520.345334807694,1479.225468721031,1486.1655345930462,20597478.0,0.0188424594818077,63.847622351178565,2.7623241030528334,1476.4005360404467,21.815122938180657,26.94237556320377,7.2374246514439164,6.940065872015339,1,3702878171.0,1.4680996275174771,1,0.0047831516859207675,0.05261528716114026
2024-09-30,1463.9324951171875,1511.9181178232873,1461.7761901136828,1506.3908994638518,27008814.0,-0.0324996087251863,46.76664040598875,1.3923274026187755,1475.9115932591426,23.9234513027797,42.45840434666434,5.527218359435437,2.1563050035047127,-1,3675869357.0,1.6689898220766366,1,0.03853513729537821,0.020791390491789664
2024-10-01,1452.2830810546875,1475.2100841908111,1450.3002051077794,1467.9726595996829,16431642.0,-0.0079576169675552,43.7787015088366,-0.6261968024521138,1474.9849849373993,23.99391042994056,15.689578544995356,7.237424591128274,1.9828759469080524,-1,3659437715.0,0.9535338937966185,1,0.04686569350073111,0.012936718978683696
2024-10-03,1394.928466796875,1436.9902726871703,1390.070396353704,1424.275007622252,37757294.0,-0.0394927235647198,32.70107851663097,-6.775822353459034,1471.8455136377709,26.723822877872205,29.346540825376906,12.715265064918412,4.858070443171073,-1,3621680421.0,1.8737533882827073,-1,0.08990917527033429,0.003482666358029447
2024-10-04,1374.653564453125,1405.2145916660445,1369.9442340651565,1391.9046094477658,37072876.0,-0.0145347254904809,29.827786165847982,-13.134058828495881,1468.0340646501377,27.334289643801906,17.25104499464078,13.30998221827872,4.709330387968521,-1,3584607545.0,1.6727887247824103,-1,0.10598435425621518,0.0034258307036376993
2024-10-07,1358.98876953125,1384.5431070803495,1349.7188488374588,1381.568793209071,22181340.0,-0.0113954492440477,27.795683157655958,-19.215520518335552,1463.7577785670442,27.869287400879674,22.58002367782092,2.974313871278582,9.269920693791164,-1,3562426205.0,1.0418313608761811,-1,0.11873281729333196,0.00682119006545477
2024-10-08,1385.3857421875,1389.004514771482,1353.411869524131,1361.2194430814652,17020808.0,0.0194239814545009,35.74037370330922,-21.655476781177867,1460.6843653756896,28.420955818484778,24.166299106034785,3.618772583982036,7.807573557334308,1,3579447013.0,0.7698389569736355,-1,0.09741661727158753,0.025745099190730633
2024-10-09,1362.8306884765625,1388.979866453412,1360.74869282372,1385.5594536683957,14310610.0,-0.0162807029292242,32.454415460529646,-25.119600909562905,1456.8469662816062,28.40739994785672,22.72876519183319,3.4204127850161967,2.081995652842579,-1,3565136403.0,0.6556413896545629,-1,0.11557902802086797,0.00962103344896108
2024-10-10,1359.31103515625,1374.132983939481,1357.699948504806,1368.209166456891,22358646.0,-0.0025826049780599,31.960606832633232,-27.82816508231599,1453.0220278061022,27.552088196915175,8.898131300640898,5.923817482590039,1.6110866514441113,-1,3542777757.0,0.9573038628702308,-1,0.11846758798138747,0.007056653018114108
2024-10-11,1360.35205078125,1371.4314188021033,1357.1050671377104,1358.2700551936466,7980122.0,0.000765840634024,32.28876834084065,-29.55008545176861,1449.3879110600294,26.607392730306437,2.0819955876033873,11.07936802085328,1.1649880559361918,1,3550757879.0,0.358303486764952,-1,0.11761167554719368,0.007816507453114447
2024-10-14,1360.7734375,1368.2587216327886,1356.5350159311083,1367.6390728953818,12221432.0,0.0003097629900348,32.430832346297024,-30.52880035680414,1445.9128336655183,25.54427222826171,6.865635395381787,0.6196487374068056,4.238421568891681,-1,3562979311.0,0.57017951141472,-1,0.11726558801798621,0.008123754004818427
2024-10-15,1332.5174560546875,1359.9554295521657,1329.2208521541709,1346.8933067731043,33762794.0,-0.0207646480057871,28.163775299194185,-33.20173163294726,1441.4659561121523,25.973437450945095,14.375850718416814,13.062122779061383,3.2966039005166294,-1,3529216517.0,1.5270540927352778,-1,0.14095716187398136,0.0024739667653414475
2024-10-16,1342.4814453125,1352.3215164873243,1326.1723376036346,1328.527003000744,20034438.0,0.0074775675264426,31.58235727195921,-34.12269310072156,1437.5842105905974,25.985990410426854,13.954442311756111,9.840071174824288,2.354665397109329,1,3549250955.0,0.8916068492280119,-1,0.13248889965387278,0.012148479046627747
2024-10-17,1344.811279296875,1356.7332239102464,1340.4737382347969,1354.0067695283683,15543660.0,0.00173546829456,32.39252257236899,-34.26952580634156,1433.9460564222163,25.291240072214183,9.195490231493295,2.7264543818780567,4.337541062078117,-1,3564794615.0,0.767638467323532,-1,0.130526906052272,0.013859893934698166
2024-10-18,1347.66162109375,1356.70849216764,1329.840427555484,1340.5976258716714,12082452.0,0.0021195106263276,33.431087476532696,-33.76665207559404,1430.562353076002,25.40387039649575,7.063995222078574,9.046871073890088,10.757198316187441,1,3576877067.0,0.6807157030234917,-1,0.12813581021458145,0.015945607676113038
2024-10-21,1357.4769287109375,1362.2358797577067,1346.1002013000875,1355.4197431686716,14067408.0,0.0072832137263221,37.018986509218,-32.2048700313228,1427.6962580028624,24.741856686575996,2.05718554226587,4.758951046769198,9.31954186858411,1,3590944475.0,0.8305119358053615,-1,0.11997876549652785,0.02306086419975464
2024-10-22,1331.84814453125,1364.2186177698431,1328.749900940748,1357.4767913068545,15831960.0,-0.0188797198962523,32.14688411103943,-32.658705970728306,1423.937508454956,25.508060982470226,25.628646775604466,6.7418264629886835,3.0982435905020793,-1,3575112515.0,0.9412942788605141,-1,0.1415305423898656,0.004261602158565207
2024-10-23,1327.064453125,1345.8521531156357,1323.5696102860716,1326.048205061888,17214742.0,-0.003591769396453,31.31834963185483,-33.023701465966724,1420.1385651086835,25.27766682869122,1.016248063112016,18.7876999906357,2.4785947758164184,1,3557897773.0,1.006135478631402,-1,0.14564543660826113,0.002633514017121552
2024-10-24,1328.3287353515625,1332.1952468902052,1311.796457612685,1323.8424540123256,22155934.0,0.0009526908987618,31.81850368185657,-32.8324736966872,1416.5381796280121,24.929175575036158,4.486281339236939,3.866511538642726,12.045996399640671,1,3580053707.0,1.2964651698117549,-1,0.14455502944857343,0.012445923436642428
2024-10-25,1316.4808349609375,1332.8395608533488,1310.6809472586556,1331.996862815434,18597496.0,-0.0089194038157197,29.64016347726252,-33.25362378101454,1412.6143621900878,24.731278290725946,15.516027854496542,0.8426980379147153,5.7998877022819215,-1,3561456211.0,1.0245859019285501,-1,0.15485565336984602,0.004405599799296748
2024-10-28,1322.9251708984375,1341.4155124030335,1310.7800563182918,1325.552505604476,10824350.0,0.0048951232455207,32.35295395604821,-32.690547917242384,1409.09713900218,25.153005276012784,2.627334706038482,15.863006798557535,12.145114580145673,-1,3572280561.0,0.6009680447129753,-1,0.1428598919139917,0.009255416639677744
2024-10-29,1328.52685546875,1331.6994085045892,1308.995576227512,1316.728719636798,12008361.0,0.0042343170222607,34.709451071657,-31.42999172870941,1405.9375200400846,24.978064347517392,11.798135831952095,3.1725530358392007,7.733143409285958,1,3584288922.0,0.7582912516336666,-1,0.1104104355273317,0.014701456098414169
2024-10-30,1332.3935546875,1338.4413022928309,1314.0023313459362,1323.569732267355,11984423.0,0.0029105164135998,36.35750602764183,-29.7757452988335,1403.0534429674342,24.939557676044338,8.823822420145007,6.047747605330869,9.567400921418766,1,3596273345.0,0.7973095822943804,-1,0.07850286999039294,0.017560861336856155
2024-10-31,1320.64501953125,1331.501217083263,1314.7955112005386,1328.526903121052,9331650.0,-0.008817616322833,33.583689160434986,-29.077563632063857,1399.821740087584,24.415163805395558,7.881883589802101,2.9743139622109993,5.849508330711387,-1,3586941695.0,0.6475870412667489,-1,0.06403656613554765,0.008821025431855192
2024-11-01,1327.1884765625,1330.4601492824747,1321.5868277686543,1321.636448077728,2127335.0,0.0049547432765637,36.48994860494845,-27.677201780881433,1396.9733768120907,23.372304230097644,5.552028484772109,3.271672719974731,0.04962030907358894,1,3589069030.0,0.15858632572412534,-1,0.0465766839455157,0.013707849831629633
2024-11-04,1291.0009765625,1328.52687951389,1274.0969107675833,1326.3952636738204,19796890.0,-0.0272662855646003,28.946200084483564,-29.151394612224294,1392.817596410146,25.590708838398292,35.39428711132041,2.1316158400695713,16.904065794916733,-1,3569272140.0,1.4153460670479974,-1,0.07591283042243112,0.013093766853629
2024-11-05,1294.1240234375,1298.337634786513,1275.1379622128013,1281.9292880644173,16267479.0,0.0024190894752966,30.285693149050857,-29.72504742609999,1388.9472602151404,25.419920533777823,12.194735373082722,4.213611349013036,6.791325851615966,1,3585539619.0,1.159406625364393,-1,0.07329733572517438,0.015475419903511239
2024-11-06,1314.0023193359375,1316.9271340293028,1289.0676296160968,1298.7837703539942,21625209.0,0.0153604256921497,38.26345086146719,-28.250010528536677,1386.00824292576,25.594176525165548,15.218548981943286,2.924814693365306,9.716140737897376,1,3607164828.0,1.494288242907933,-1,0.04576146002081024,0.030369359308681728
2024-11-07,1294.4710693359375,1312.66393271805,1291.4471349781516,1312.66393271805,9611974.0,-0.0148639387561131,34.13069600534361,-28.330465830690173,1382.4185498438062,25.377105656067005,18.19286338211259,0.0,3.023934357785947,-1,3597552854.0,0.7272148178938939,-1,0.05945312436039715,0.015739369578036348
2024-11-08,1272.7584228515625,1290.505185727704,1264.0833410989228,1286.5394340693545,19814406.0,-0.0167733733095429,30.2226835486956,-29.802709267533373,1378.1181527068554,25.73500726899184,13.781011217791956,3.965751658349518,8.675081752639699,-1,3577738448.0,1.4854260047244037,-1,0.0750341125751591,0.006815968841285322
2024-11-11,1261.802978515625,1274.9891511168566,1256.151830843746,1267.9994654475693,9056552.0,-0.0086076384483021,28.45244303529546,-31.4904829127413,1373.5567733268074,25.24231534071461,6.196486931944264,6.9896856692873826,5.651147671879016,-1,3568681896.0,0.6880609009831689,-1,0.0811661099220887,0.004478629206064311
2024-11-12,1263.33984375,1278.2610337323058,1256.6476373969983,1264.6287615317467,10671091.0,0.0012179914460044,29.08000758895598,-32.33134785353536,1369.2345407943837,24.98310684032839,1.2889177817467043,13.6322722005591,6.692206353001666,-1,3579352987.0,0.8190448980220276,-1,0.07985086081066074,0.005689690657517519
2024-11-13,1241.3299560546875,1264.5295076822267,1238.8017408266169,1259.374078659472,14633633.0,-0.0174219849110276,25.614855997040053,-34.37747128023898,1364.2186747261605,25.036296841419922,18.044122604784434,5.155429022754788,2.5282152280706214,-1,3564719354.0,1.1008010540754134,-1,0.09899758006785886,0.0020366987969145886
2024-11-14,1256.746826171875,1261.7040163358736,1240.38809863068,1242.866693712679,12612633.0,0.0124196391475051,31.74959416549659,-34.35895758776428,1360.0040924299142,24.77055547454662,13.88013245919592,4.957190163998575,2.478595081999174,1,3577331987.0,0.9259207218189668,-1,0.08551586473890972,0.014278997942584753
2024-11-18,1249.9554443359375,1262.0014401044657,1233.24973843027,1256.7467703539512,13620611.0,-0.0054039379248916,30.554157015074054,-34.494660139401276,1355.688459171327,25.054923060235833,6.791326018013706,5.254669750514495,16.7057059056674,-1,3563711376.0,0.9221154236600602,-1,0.09141379714907368,0.013365041115159607
2024-11-19,1231.0189208984375,1270.5276979121372,1224.5745744010292,1249.9553610165642,14183746.0,-0.0151497587560494,27.450552056001385,-35.718484120576704,1350.7994576704295,26.547651663869566,18.93644011812671,20.572336895573017,6.444346497408333,-1,3549527630.0,0.9981711549915496,-1,0.10820280225603048,0.005234969493974178
2024-11-21,1212.5286865234375,1233.299264427905,1206.827917964558,1231.0190296194417,19433843.0,-0.0150202682193586,24.801442486003396,-37.74527677254537,1345.3770744881947,26.54220129240366,18.490343096004153,2.2802348084633195,5.7007685588794175,-1,3530093787.0,1.3378320439012918,-1,0.10995489679874154,0.004701553556827313
2024-11-22,1254.5655517578125,1257.985964127004,1211.983221035894,1218.8737871048172,20471957.0,0.034668759346967,39.17337444059821,-35.549705962399,1341.8158383026896,27.932239992311256,35.69176465299529,3.420412369191581,6.890566068923135,1,3550565744.0,1.4205741199357609,-1,0.0692271205147732,0.03805112752089173
2024-11-25,1275.9805908203125,1293.2811339485756,1271.4694999174592,1278.9549045518283,28923341.0,0.017069685224893,44.945932206859744,-31.716082343054723,1339.2340638916162,28.702478720772103,2.974313731515849,14.326229396747294,4.5110909028533115,-1,3579489085.0,1.7698580421452061,-1,0.05128206655608585,0.05419570905173173
2024-11-26,1284.606201171875,1286.737817131633,1273.2046638791437,1283.8626226527838,9247557.0,0.0067599855465021,47.12263924721736,-27.663011361471717,1337.0917947653518,27.61895547303761,0.7435785190912156,2.131615959757937,10.657958773640075,1,3588736642.0,0.6049889881234083,-1,0.044223133267871924,0.06054640179719209
2024-11-27,1282.1275634765625,1292.6864023015985,1274.9892583407009,1282.4250432843671,9572746.0,-0.0019294922389845,46.553043749300336,-24.370006489926254,1334.936334714811,26.910254650741898,0.2974798078046206,10.26135901723137,7.1383051358616285,-1,3579163896.0,0.6241555534189811,-1,0.04392210293301115,0.05873022907941009
2024-11-28,1259.91943359375,1285.4984608667178,1258.184417128475,1278.905374093644,15027412.0,-0.0173213106990648,41.690558703810964,-23.283884755123154,1331.9944954551615,26.939096728420537,18.985940499894014,6.593086773073765,1.7350164652750664,-1,3564136484.0,0.9527453361503356,-1,0.06232292843924778,0.042138817938346694
2024-11-29,1281.1361083984375,1288.3736540571424,1264.3312830599236,1269.040613461441,13202307.0,0.0168397075550852,47.34864731901053,-20.47509298696741,1330.0000489039176,27.047319852347098,12.095494936996602,7.237545658704903,4.7093304015172635,1,3577338791.0,0.8446981417386518,-1,0.03931284767844658,0.05800179227386926
2024-12-02,1297.941162109375,1300.1222774340952,1266.1160245478172,1276.9722229086012,11024152.0,0.0131173054921898,51.373509892352864,-16.700564177574506,1328.7428376570729,27.544386497627873,20.968939200773775,2.1811153247201673,10.856198360783992,1,3588362943.0,0.712579528699779,-1,0.025054284525695178,0.07019828541129122
2024-12-03,1311.9698486328125,1315.4398813546288,1295.8093621182986,1305.7237413234882,16869482.0,0.0108084148441971,54.50038836163762,-12.433894941250855,1328.0850733816117,26.979110264678038,6.246107309324316,3.470032721816324,9.914379205189562,1,3605232425.0,1.0679824766739798,-1,0.012619978194111212,0.08014050839493111
2024-12-04,1297.74267578125,1317.0262168141671,1292.884726573221,1314.6467414933138,19608540.0,-0.0108441309580311,50.923983102153535,-10.084297277688847,1326.8951754364994,26.776423120125752,16.90406571206381,2.3794753208533166,4.857949208028913,-1,3585623885.0,1.20017012714249,-1,0.01485929483000804,0.07005607468519182
2024-12-05,1310.7305908203125,1318.5628538088615,1294.966703202915,1303.096445986659,16858723.0,0.0100080819421644,53.89818641224478,-7.092450646110365,1326.2612701574333,26.549260797684383,7.634144833653409,7.832262988549019,8.129742783744177,1,3602482608.0,1.0483875135250524,-1,0.005975494158297813,0.07927080788640752
2024-12-06,1300.3204345703125,1312.5646685095264,1298.783657405313,1312.5646685095264,9037514.0,-0.0079422547416742,51.2188123922687,-5.498025428821165,1325.2439824873502,25.637242962436453,12.244233939213927,0.0,1.536777164999421,-1,3593445094.0,0.6050349244697328,-1,0.014029172159074142,0.07189959806841671
2024-12-09,1284.0609130859375,1303.7409326166044,1282.0284168341586,1291.8436769577456,14650002.0,-0.0125042420714921,47.266528838693084,-5.483232166976677,1323.628960157883,25.35690530672283,7.782763871808129,11.89725565885874,2.0324962517788663,-1,3578795092.0,1.0843946489831655,-1,0.026869395658190968,0.060147454325798405
2024-12-10,1273.8489990234375,1283.812998621138,1269.238788448007,1278.2113501165884,16043729.0,-0.0079528268156361,44.921968344367734,-6.223780651520656,1321.6768048192775,24.604420973237666,4.362351093150892,5.60164850454953,4.6102105754305285,-1,3562751363.0,1.1306792653507967,-1,0.0351013776512779,0.052613049984934906
2024-12-11,1267.2559814453125,1278.9549980546296,1265.1244866020038,1273.9978081396894,11724373.0,-0.0051756664904391,43.42434441956662,-7.258994904600286,1319.5426548830435,23.83485600747968,6.7418266943768685,4.9571899149402725,2.131494843308701,-1,3551026990.0,0.8139312409930828,-1,0.040486589224880395,0.047684180911764865
2024-12-12,1252.0870361328125,1267.25596445406,1249.8066803924569,1259.1262215126185,20906813.0,-0.0119699141567276,40.111023016806854,-9.197394929467691,1316.8973365006816,23.378744939292243,7.039185379805986,8.129742941441464,2.280355740355617,-1,3530120177.0,1.3944788694741896,-1,0.05309201018594185,0.03614694255444208
2024-12-13,1261.951904296875,1264.281759521455,1228.986588963027,1249.2119494931856,28630222.0,0.0078787399592692,43.14902993338215,-9.824329740085886,1314.74261366916,24.229918197801926,12.739954803689443,2.3298552245798874,20.22536053015847,1,3558750399.0,1.7314549339884144,-1,0.04485983128138991,0.043681527120505034
2024-12-16,1257.44091796875,1270.0321327010022,1255.7059013940218,1264.0835044447913,9486781.0,-0.0035746103419356,42.097402109739555,-10.563410569564894,1312.4954883475752,23.522511991314673,6.642586476041288,5.948628256210895,1.7350165747282063,-1,3549263618.0,0.5791113587138423,-1,0.04860819698697806,0.04025079769628569
2024-12-17,1234.6376953125,1253.078416496042,1232.1591005022085,1250.2528426173371,17462791.0,-0.0181346275044762,37.16624221605154,-12.841142251056226,1309.442241561886,23.648176668116587,15.615147304837137,2.8255738787049722,2.478594810291497,-1,3531800827.0,1.0621522645943644,-1,0.06797553550729647,0.022524646261430536
2024-12-18,1242.5196533203125,1249.162239402372,1230.027558928225,1230.027558928225,12670179.0,0.0063840250769418,39.79151282504577,-13.850591878369869,1306.8178263367263,23.325784082833046,12.492094392087438,6.642586082059552,0.0,1,3544471006.0,0.8046033099134421,-1,0.06120080296946871,0.028725288377030884
2024-12-19,1219.914794921875,1234.2411461229626,1218.4772582835096,1228.3916379278016,14244653.0,-0.0181927572236236,35.2435857864068,-16.286866280518325,1303.4098643204575,23.376970579545176,8.47684300592664,5.849508195160979,1.4375366383653727,-1,3530226353.0,0.9198581760468301,-1,0.08086471227140422,0.006501744153770078
2024-12-20,1194.980224609375,1228.8873545167637,1191.2127119418244,1213.5200660980383,20312896.0,-0.0204395998936113,31.03053168557689,-19.999105494816604,1299.1577215866896,24.39823286493047,18.539841488663342,15.367288418725366,3.7675126675505908,-1,3509913457.0,1.2226929383731011,-1,0.10341813751761811,0.003152782439376473
2024-12-23,1211.834716796875,1216.6926661807136,1202.8125341694108,1204.5971709809228,10052824.0,0.014104410968817,36.55175166903131,-21.335127092260564,1295.7332900263048,24.206390629673905,7.237545815952217,4.857949383838559,1.784636811511973,1,3519966281.0,0.6223300063259872,-1,0.08807152950205176,0.017017176162074918
2024-12-24,1212.28076171875,1222.9883400626134,1210.5457452942906,1211.834663048231,6734917.0,0.0003680740580316,36.69618109798174,-22.103150377489783,1292.460641857381,23.366119496720255,0.4460986705189498,10.70757834386336,1.2889177539404955,1,3526701198.0,0.44242751796699925,-1,0.08767118595483332,0.017378853514969327
2024-12-26,1206.1339111328125,1217.1883476811242,1203.8535553911518,1213.767935093776,10016178.0,-0.0050704843135699,35.496995527892835,-22.943337324311415,1289.0752798681824,22.6495961248097,7.634023960963532,3.42041258734821,2.280355741660742,-1,3516685020.0,0.6654460660964084,-1,0.09321431197507304,0.012371096652919706
2024-12-27,1210.595458984375,1217.3867853075249,1206.5800865394056,1207.86900439277,7000397.0,0.0036990485139185,37.103599720419325,-22.984233966006286,1285.9976398335232,21.835544556945603,2.726454591605034,6.79132632314986,1.28891785336441,1,3523685417.0,0.5124297500484548,-1,0.08918536247861478,0.016010919997016742
2024-12-30,1200.333984375,1212.7269598518426,1197.756269680847,1205.9852538075309,8818766.0,-0.0084763861727878,34.947569555249856,-23.57292607331283,1282.6382807959342,21.34519781509203,5.651269432530853,6.741706044311741,2.5777146941529736,-1,3514866651.0,0.7550288662583313,-1,0.09849664424474487,0.007598945420115662
2024-12-31,1205.043212890625,1208.6619856280877,1195.8229125326573,1197.6570485426987,6405475.0,0.0039232651719653,36.763630377913735,-23.38984979632869,1279.5953369565102,20.73761747797334,7.386164347926297,3.6187727374626775,1.8341360100414477,1,3521272126.0,0.5632718120221096,-1,0.09420379261414923,0.01147718256146546
