Date,Close,High,Low,Open,Volume,RSI,MACD,MACD_Signal,OBV,EMA_200,SMA_20,SMA_50,BB_High,BB_Low
2020-01-01,303.13848876953125,304.49805736441243,301.0538003277505,303.3650835353448,17379320,28.62247692641141,-5.029196124251371,-2.1813798857822078,17379320,199.9199015925674,293.3858383178711,282.8355822753906,306.9663088152225,279.80536782051973
2020-01-02,307.534423828125,308.0329489395735,302.1414846696056,303.18381512373156,20324236,28.62247692641141,-5.029196124251371,-2.1813798857822078,37703556,199.9199015925674,293.3858383178711,282.8355822753906,306.9663088152225,279.80536782051973
2020-01-03,302.4587097167969,306.31082080242334,300.91785421834857,306.31082080242334,21853208,28.62247692641141,-5.029196124251371,-2.1813798857822078,15850348,199.9199015925674,293.3858383178711,282.8355822753906,306.9663088152225,279.80536782051973
2020-01-06,289.1349182128906,300.6459432623662,287.9566365069415,300.6459432623662,35645325,28.62247692641141,-5.029196124251371,-2.1813798857822078,-19794977,199.9199015925674,293.3858383178711,282.8355822753906,306.9663088152225,279.80536782051973
2020-01-07,288.5910949707031,296.38596062944805,285.87195771722196,294.0747050281869,50966826,28.62247692641141,-5.029196124251371,-2.1813798857822078,-70761803,199.9199015925674,293.3858383178711,282.8355822753906,306.9663088152225,279.80536782051973
2020-01-08,289.8599853515625,291.4008406743793,281.8838614299595,282.88088383528265,44527485,28.62247692641141,-5.029196124251371,-2.1813798857822078,-26234318,199.9199015925674,293.3858383178711,282.8355822753906,306.9663088152225,279.80536782051973
2020-01-09,299.2864074707031,300.37404585831734,294.5732248095517,296.29533966864665,40348407,28.62247692641141,-5.029196124251371,-2.1813798857822078,14114089,199.9199015925674,293.3858383178711,282.8355822753906,306.9663088152225,279.80536782051973
2020-01-10,301.1444396972656,306.31081135220614,297.3829721676829,300.01146588350616,42377838,28.62247692641141,-5.029196124251371,-2.1813798857822078,56491927,199.9199015925674,293.3858383178711,282.8355822753906,306.9663088152225,279.80536782051973
2020-01-13,299.78485107421875,304.0448433932872,298.2439957263451,302.73058279301307,23615129,28.62247692641141,-5.029196124251371,-2.1813798857822078,32876798,199.9199015925674,293.3858383178711,282.8355822753906,306.9663088152225,279.80536782051973
2020-01-14,297.2923278808594,300.64594142420054,295.93275930823347,298.92379910381305,26296117,28.62247692641141,-5.029196124251371,-2.1813798857822078,6580681,199.9199015925674,293.3858383178711,282.8355822753906,306.9663088152225,279.80536782051973
2020-01-15,293.8934020996094,298.3799893870697,292.17128746520297,298.19870251587196,32625740,28.62247692641141,-5.029196124251371,-2.1813798857822078,-26045059,199.9199015925674,293.3858383178711,282.8355822753906,306.9663088152225,279.80536782051973
2020-01-16,293.0323486328125,296.29531888779803,292.17130509390313,293.6668250597939,26653623,28.62247692641141,-5.029196124251371,-2.1813798857822078,-52698682,199.9199015925674,293.3858383178711,282.8355822753906,306.9663088152225,279.80536782051973
2020-01-17,288.228515625,293.21360001474056,281.0681272154709,283.69662072523585,58396326,28.62247692641141,-5.029196124251371,-2.1813798857822078,-111095008,199.9199015925674,293.3858383178711,282.8355822753906,306.9663088152225,279.80536782051973
2020-01-20,284.6030578613281,291.35559370599475,284.05922483013063,290.9477120174724,30682902,28.62247692641141,-5.029196124251371,-2.1813798857822078,-141777910,199.9199015925674,293.3858383178711,282.8355822753906,306.9663088152225,279.80536782051973
2020-01-21,284.33111572265625,287.2768476006926,282.79026029148616,284.4217314982013,30591772,28.367073149691237,-5.029196124251371,-2.1813798857822078,-172369682,199.9199015925674,293.3858383178711,282.8355822753906,306.9663088152225,279.80536782051973
2020-01-22,286.5517272949219,287.3221550092219,284.331115248402,287.3221550092219,24994911,33.57908871685807,-5.029196124251371,-2.1813798857822078,-147374771,199.9199015925674,293.3858383178711,282.8355822753906,306.9663088152225,279.80536782051973
2020-01-23,292.94171142578125,294.3918957348207,284.73896466775193,286.415771393133,33293610,45.80001302525648,-5.029196124251371,-2.1813798857822078,-114081161,199.9199015925674,293.3858383178711,282.8355822753906,306.9663088152225,279.80536782051973
2020-01-24,293.71209716796875,296.6578288505935,291.0836036601865,293.21359979356725,22706879,47.064571162427285,-5.029196124251371,-2.1813798857822078,-91374282,199.9199015925674,293.3858383178711,282.8355822753906,306.9663088152225,279.80536782051973
2020-01-27,286.5970764160156,291.8540640205103,286.23450265529647,290.8570414995215,23309355,38.20003531357458,-5.029196124251371,-2.1813798857822078,-114683637,199.9199015925674,293.3858383178711,282.8355822753906,306.9663088152225,279.80536782051973
2020-01-28,285.6000671386719,290.04131930848393,281.9292150948765,288.1832531708622,26488426,37.14428407718335,-5.029196124251371,-2.1813798857822078,-141172063,199.9199015925674,293.3858383178711,282.8355822753906,306.9663088152225,279.80536782051973
2020-01-29,286.82366943359375,289.7694014282234,286.00790613745477,288.09259460687383,23914114,39.35935390197923,-5.029196124251371,-2.1813798857822078,-117257949,199.9199015925674,292.5700973510742,282.8355822753906,305.66043804780514,279.47975665434325
2020-01-30,281.6119689941406,287.09555093115443,277.03473840509923,287.09555093115443,35802330,33.882382968082055,-5.029196124251371,-2.1813798857822078,-153060279,199.9199015925674,291.273974609375,282.8355822753906,303.26843937214556,279.2795098466044
2020-01-31,288.63641357421875,291.58214542586757,279.708574584046,284.33111317565505,92656638,44.99277621244002,-5.029196124251371,-2.1813798857822078,-60403641,199.9199015925674,290.5828598022461,282.8355822753906,301.4607415812052,279.704978023287
2020-02-03,270.19158935546875,278.12240572062973,267.6990470692753,274.63284098786045,56060158,30.49982570127372,-5.029196124251371,-2.1813798857822078,-116463799,199.9199015925674,289.635693359375,282.8355822753906,303.68849699539345,275.5828897233566
2020-02-04,277.57861328125,278.756895106082,269.2852496328646,274.5422376120334,51141567,38.977619198718536,-5.029196124251371,-2.1813798857822078,-65322232,199.9199015925674,289.08506927490237,282.8355822753906,304.089233408443,274.0809051413617
2020-02-05,281.8838806152344,284.285779532108,276.0830603083057,278.16772103000886,35014841,43.317346260981715,-5.029196124251371,-2.1813798857822078,-30307391,199.9199015925674,288.68626403808594,282.8355822753906,304.00749386848247,273.3650342076894
2020-02-06,291.8087158203125,293.2135921372996,281.0681196643288,282.06514204758923,57757656,51.82321950403111,-4.041325151479384,-2.1813798857822078,27450265,199.9199015925674,288.31237945556643,282.8355822753906,302.9294331142113,273.69532579692157
2020-02-07,290.539794921875,294.573192779515,288.5910854863554,291.4008660880433,37126803,50.77414275768011,-3.3225216387672276,-2.1813798857822078,-9676538,199.9199015925674,287.7821472167969,282.8355822753906,301.22065884101227,274.3436355925815
2020-02-10,288.6817321777344,292.57915109270243,286.8689740478899,289.86001389793574,24816396,49.20345808375122,-2.8697145284681937,-2.1813798857822078,-34492934,199.9199015925674,287.2269912719727,282.8355822753906,299.5033780703948,274.9506044735506
2020-02-11,293.9840393066406,295.29827228325433,290.9929719582071,290.9929719582071,30188757,53.61335610465448,-2.0592717562303733,-2.1813798857822078,-4304177,199.9199015925674,287.0615768432617,282.8355822753906,298.87130014696754,275.2518535395559
2020-02-12,290.2225646972656,299.0144243353265,289.361493589498,299.0144243353265,38930849,50.27866166308564,-1.700902638487264,-2.1813798857822078,-43235026,199.9199015925674,286.8780349731445,282.8355822753906,298.36709131445144,275.3889786318376
2020-02-13,296.7938232421875,299.96614983440907,291.85404648438816,291.85404648438816,62516057,55.48749208575153,-0.8765426464897814,-2.1813798857822078,19281031,199.9199015925674,287.0661087036133,282.8355822753906,299.06387452797986,275.0683428792467
2020-02-14,289.4974670410156,300.82720532268104,288.7270393057636,297.3829759492523,48205947,49.3104756485767,-0.8027329748303487,-2.1813798857822078,-28924916,199.9199015925674,287.1295562744141,282.8355822753906,299.1646028095202,275.09450973930797
2020-02-17,284.7843017578125,291.0836194082406,282.47301863933757,290.9023601988752,36950692,45.76625794435125,-1.111735927320467,-2.1813798857822078,-65875608,199.9199015925674,287.1386184692383,282.8355822753906,299.1663124091393,275.11092452933724
2020-02-18,287.8206481933594,289.31619571232187,280.433664675075,285.8719388225962,38588583,48.3422245790012,-1.0989472322498273,-1.9648933550757317,-27287025,199.9199015925674,287.31309509277344,282.8355822753906,299.2738756575107,275.3523145280362
2020-02-19,290.3584899902344,293.6667674869244,287.54870983094685,292.12591227233435,39846727,50.46020890044276,-0.8739550659081488,-1.7467056972422152,12559702,199.9199015925674,287.50343322753906,282.8355822753906,299.5306651254941,275.476201329584
2020-02-20,296.9751281738281,298.3800324772656,288.90835912945033,289.4521921610875,40150409,55.57440966714652,-0.15989656121229245,-1.4293438700362309,52710111,199.9199015925674,287.7051040649414,282.8355822753906,300.2158694172038,275.194338712679
2020-02-24,292.7151184082031,300.28336117010906,291.71809594444824,295.2529686245857,45273936,51.86220054594342,0.0615433293822889,-1.131166430152527,7436175,199.9199015925674,287.65525512695314,282.8355822753906,300.07751601412133,275.23299423978494
2020-02-25,296.20465087890625,297.42826808059834,292.03532954053674,295.38891529794233,39050709,54.54087525699302,0.5127020352958311,-0.8023927370628554,46486884,199.9199015925674,288.13563385009763,282.8355822753906,301.08878002336826,275.182487676827
2020-02-26,297.4736328125,299.8301963530423,293.84811639874863,294.4372572838842,43915281,55.51041360471966,0.9615605256824438,-0.4496020845137956,90402165,199.9199015925674,288.72931213378905,282.8355822753906,302.2396047058526,275.2190195617255
2020-02-27,291.8087158203125,299.1050553487137,288.2285078814877,297.2922974375093,47010040,50.34804158127849,0.8503701181962242,-0.18960764397179164,43392125,199.9199015925674,288.978564453125,282.8355822753906,302.522926715732,275.43420219051796
2020-02-28,274.6328125,285.1921213759054,272.91069808572826,282.7902227722772,59705346,38.620573210549765,-0.616593230807382,-0.2750047613389097,-16313221,199.9199015925674,288.62960662841795,282.8355822753906,303.2333539877736,274.02585926906227
2020-03-02,260.4933166503906,282.7902453755621,257.45694149647136,281.8838663839738,66711413,32.01041298449732,-2.8868337773652684,-0.7973705645441815,-83024634,199.9199015925674,287.2224517822266,282.8355822753906,306.292828059843,268.1520755046102
2020-03-03,262.7139587402344,266.8379721269502,258.58991769302656,265.56904705876775,61949382,33.923221336512185,-4.455468639696676,-1.5289901795746803,-21075252,199.9199015925674,286.8485702514648,282.8355822753906,307.4699982575885,266.22714224534116
2020-03-04,258.5899353027344,265.56906514374714,249.34488546740536,264.48139920524073,73675736,32.11613236121191,-5.962663422694902,-2.4157248281987247,-94750988,199.9199015925674,285.8991363525391,282.8355822753906,309.6512154928,262.1470572122781
2020-03-05,261.4903259277344,270.4634719612674,244.72231542630252,263.66562986609233,149245973,34.74877068853455,-6.844193263531736,-3.3014185152653273,54494985,199.9199015925674,284.87945861816405,282.8355822753906,310.87822478698286,258.88069244934525
2020-03-06,245.17555236816406,248.71042540994972,230.1749751411418,242.90960456439174,106043172,28.138308202346963,-8.75831745966832,-4.392798304145926,-51548187,199.9199015925674,282.5478004455566,282.8355822753906,313.5295117635652,251.56608912754803
2020-03-09,229.72177124023438,238.15109931012452,227.63709662484803,235.70386477061837,101286241,23.56528428108389,-11.390957789243657,-5.792430201165473,-152834428,199.9199015925674,279.5068992614746,282.8355822753906,317.8242790430492,241.18951947989993
2020-03-11,222.1535186767578,234.29899285146607,220.3407605115627,229.31390789717955,90845604,21.704875688187826,-13.927491496518826,-7.419442460236144,-243680032,199.9199015925674,276.1804885864258,282.8355822753906,321.6228488079188,230.7381283649328
2020-03-12,192.69619750976562,210.1893026505019,189.0706811978622,210.1893026505019,99767083,16.308221671499894,-18.105958152331823,-9.556745598655281,-343447115,199.9199015925674,271.11609649658203,282.8355822753906,328.5003096671596,213.73188332600444
2020-03-13,219.34373474121094,225.50711517767454,167.36288959172185,181.27581383571152,155701316,32.627424318308485,-19.047620418026355,-11.454920562529496,-187745799,199.9199015925674,267.5721549987793,281.15968719482424,328.4472229558005,206.69708704175807
2020-03-16,202.4397735595703,209.73611410773495,199.94723108329745,206.5637873197513,75583409,28.79207288305342,-20.916787239906228,-13.347293898004843,-263329208,199.9199015925674,262.8544525146484,279.05779418945315,328.3862102757509,197.32269475354593
2020-03-17,195.0074462890625,208.3765372226536,192.19767954354052,205.929316563571,65403057,27.27400129534935,-22.73575843828675,-15.224986806061224,-328732265,199.9199015925674,258.1299514770508,276.9087689208984,328.72599131773353,187.53391163636803
2020-03-18,195.05274963378906,202.25845960741802,181.36643562135285,200.30975037343973,101356399,27.29916350939409,-23.89816741876865,-16.95962292860271,-227375866,199.9199015925674,253.64337387084962,275.0271255493164,328.18825382526774,179.0984939164315
2020-03-19,184.5841064453125,199.17681614061493,179.59902117216853,183.94964381296197,93533467,25.1350330704185,-25.371648356759522,-18.64202801423407,-320909333,199.9199015925674,248.48154678344727,272.9469857788086,327.0345897502528,169.92850381664175
2020-03-20,190.2036590576172,195.50596847747818,181.27581941912624,186.3062261740565,77391650,28.415597166406243,-25.788665996007154,-20.07135561058869,-243517683,199.9199015925674,243.47380523681642,270.9538592529297,323.4662887764677,163.48132169716513
2020-03-23,164.5984344482422,180.82261326415568,163.3748172474389,172.21201263252922,61750037,23.38691336161675,-27.86408330618258,-21.629901149707468,-305267720,199.9199015925674,236.8549705505371,268.26009979248045,319.8932029777097,153.81673812336453
2020-03-24,166.04864501953125,173.97946198527268,157.3020924122696,173.07308290347368,67491360,24.205048379227634,-29.056896785035605,-23.115300276773098,-237776360,199.9199015925674,230.52164688110352,265.5581838989258,314.8634515400412,146.1798422221659
2020-03-25,172.12136840820312,176.9705016421479,159.93057349390978,161.3354637249799,71567553,27.687403781585004,-29.175870758430506,-24.32741437310458,-166208807,199.9199015925674,224.31748275756837,263.00491424560545,306.6511970278886,141.98376848724814
2020-03-26,174.70457458496094,182.18220229093203,167.77077988061413,173.61692241196016,107260359,29.17800416274251,-28.730527700597662,-25.208037038603198,-58948448,199.9199015925674,218.1790298461914,260.5531591796875,295.96104423424094,140.39701545814188
2020-03-27,177.60498046875,192.06172423291258,176.74392309663637,183.0885767462592,114740377,30.900300286784542,-27.822827368824136,-25.730995104647388,55791929,199.9199015925674,212.46884307861328,258.22739074707033,284.33400428922573,140.60368186800082
2020-03-30,169.40223693847656,176.74391269000623,168.81309609494184,172.2120174928266,60081554,28.769434817103885,-27.448946793709155,-26.074585442459743,-4289625,199.9199015925674,207.20731430053712,255.7547885131836,275.4124559655064,139.0021726355678
2020-03-31,178.4207305908203,179.91625056721455,170.44459177947365,174.02478644284733,59543412,34.146344866831726,-26.123787911666142,-26.084425936301024,55253787,199.9199015925674,203.1036849975586,253.5586328125,267.7754417911007,138.43192820401646
2020-04-01,169.08502197265625,176.290732970705,167.906726389836,175.83754342579317,52954239,31.495902269547898,-25.532579926196377,-25.974056734280097,2299548,199.9199015925674,198.4222381591797,251.24827209472656,258.5516759448917,138.29280037346766
2020-04-03,159.06951904296875,170.58052990566992,158.6163295300258,169.99138907094266,64448494,28.903870387374795,-25.577370713439336,-25.89471953011195,-62148946,199.9199015925674,193.44621734619142,248.74304016113283,249.14364188590255,137.74879280648028
2020-04-07,168.94903564453125,169.76478502132113,160.97291171755637,167.1362776919923,72130500,34.61971859296351,-24.5328736159872,-25.622350347287,9981554,199.9199015925674,188.81915283203125,246.390986328125,235.83602678189612,141.80227888216638
2020-04-08,165.86737060546875,176.2000865209237,163.55610119983493,165.77672716593523,80435759,33.70934538882908,-23.68078935624493,-25.234038149078586,-70454205,199.9199015925674,184.85374374389647,243.84949951171876,225.07608413841228,144.63140334938066
2020-04-09,170.17266845703125,172.21202134133654,166.41120089141134,170.39926322195407,62416005,36.23224245729372,-22.399892864228292,-24.66720909210853,-8038200,199.9199015925674,181.87628860473632,241.3787109375,216.84562555044843,146.9069516590242
2020-04-13,166.320556640625,171.0337249619394,165.9580105506188,169.31161028903983,51847146,34.95055633028538,-21.44836301835329,-24.023439877357482,-59885346,199.9199015925674,179.0846405029297,238.97318054199218,209.34396033762536,148.825320668234
2020-04-15,165.27822875976562,173.9794595237814,163.2841837438221,169.4928858984025,72190004,34.59395997394189,-20.541585300333423,-23.327068961952673,-132075350,199.9199015925674,177.7137420654297,236.56674377441405,207.86631228703658,147.56117184382282
2020-04-16,170.8524627685547,172.12138799441834,163.37483508770282,164.96099853515625,61165773,38.22397397993646,-19.152386537077348,-22.49213247697761,-70909577,199.9199015925674,175.28917846679687,234.24731964111328,198.70856422036638,151.86979271322735
2020-04-17,175.15774536132812,179.46304570009298,168.85841394750037,177.6502876627183,89851063,40.94988900319656,-17.502280785962284,-21.494162138774545,18941486,199.9199015925674,173.92507705688476,232.11823516845703,193.76435704891807,154.08579706485145
2020-04-20,174.47796630859375,178.87391021262323,172.25734041253372,175.83753487723214,81958510,40.644924379349895,-16.064234087318596,-20.408176528483356,-63017024,199.9199015925674,172.89860305786132,229.83506622314454,190.2349900498549,155.56221606586774
2020-04-21,167.45352172851562,170.58052654007602,165.86735846451074,170.3992535045247,53042420,37.53425779828438,-15.314845682093221,-19.389510359205328,-116059444,199.9199015925674,171.51864166259764,227.78030487060548,185.68556370521475,157.35171961998054
2020-04-22,171.03372192382812,171.7588279212071,164.37184428413505,168.13331176455893,61503413,40.052504045765446,-14.267589842679797,-18.365126255900222,-54556031,199.9199015925674,170.84112243652345,225.64940704345702,183.67745004171204,158.00479483133486
2020-04-23,169.22096252441406,172.12137266104008,167.8160722586314,170.1726632741537,50955312,39.19099446442473,-13.42910422437268,-17.377921849594713,-105511343,199.9199015925674,169.79198760986327,223.39614868164062,179.06085968780258,160.52311553192396
2020-04-24,162.921630859375,166.77374174200278,162.2418465859701,166.77374174200278,65137305,36.27133019869924,-13.121643610951423,-16.526666201866057,-170648648,199.9199015925674,169.70814743041993,220.81840698242186,179.19127109204777,160.22502376879208
2020-04-27,163.96395874023438,166.3205497179275,163.60141266531832,166.3205497179275,42996571,37.106257442792796,-12.64807260297789,-15.750947482088424,-127652077,199.9199015925674,169.6039131164551,218.28689025878907,179.2893105980005,159.91851563490968
2020-04-28,167.04566955566406,167.99737036907706,164.23588883611092,164.96099487634214,49590230,39.6247737173521,-11.887069125950376,-14.978171810860815,-78061847,199.9199015925674,169.35012817382812,215.85416900634766,179.0243569793291,159.67589936832715
2020-04-29,172.30264282226562,173.84348426133644,166.32053625852578,167.680104674808,57470466,43.7618800734328,-10.736016464550886,-14.12974074159883,-20591381,199.9199015925674,169.23003158569335,213.42054107666016,178.6927193378686,159.7673438335181
2020-04-30,172.66522216796875,177.55966387842625,171.94011610672564,175.38435952494464,63063889,44.04666426172739,-9.682923104372122,-13.24037721415349,42472508,199.9199015925674,168.9830436706543,211.06939422607422,177.79386658812427,160.17222075318432
2020-05-04,162.10589599609375,166.3205529781555,161.33546828398735,165.36885222503773,58118177,38.00995497077015,-9.58984266661102,-12.510270304644997,-15645669,199.9199015925674,168.61822662353515,208.37563568115235,177.91995345245914,159.31649979461116
2020-05-05,154.44699096679688,164.28120959756376,152.99679272504952,164.05461482570504,91050439,34.33433164975246,-10.01859722435907,-12.011935688587814,-106696108,199.9199015925674,167.41953964233397,205.67462615966798,177.50525663649722,157.33382264817072
2020-05-06,155.0814666748047,157.07549789188764,150.95743908000415,155.126774564769,73156432,34.895992770356486,-10.189730542476042,-11.64749465936546,-33539676,199.9199015925674,166.7193618774414,203.0805694580078,178.10582464286796,155.33289911201484
2020-05-07,154.76422119140625,156.39570623063,152.99678482818328,154.85486462757015,42942399,34.73600712389708,-10.232994399591206,-11.36459460741061,-76482075,199.9199015925674,166.50409698486328,200.41944091796876,178.60150319853943,154.40669077118713
2020-05-08,151.04806518554688,157.52868377851152,150.54956776552777,156.3050665124264,55932236,32.83689453142898,-10.44672075649251,-11.18101983722699,-132414311,199.9199015925674,165.60904846191406,197.633232421875,179.38311933625414,151.83497758757397
2020-05-11,149.9604034423828,153.08740824006338,149.5525356566412,152.22635095233193,54591827,32.28060979042807,-10.581884271963986,-11.06119272417439,-187006138,199.9199015925674,164.81370010375977,194.6929379272461,180.18111317595765,149.4462870315619
2020-05-12,151.274658203125,152.72487021800595,145.79107600430203,148.8274375294793,70752542,33.74126791727721,-10.462349503775982,-10.94142408009471,-116253596,199.9199015925674,163.86879959106446,191.86412872314452,180.1015892272036,147.63600995492533
2020-05-13,157.80059814453125,161.83398215117188,154.53762803227886,161.83398215117188,81720683,40.59329686348158,-9.72888005184953,-10.698915274445675,-34532913,199.9199015925674,163.44280166625975,189.09604766845703,179.8421904864726,147.04341284604692
2020-05-14,152.2263641357422,155.67060741519924,151.81849631467756,154.94550138316924,48136531,37.06721172702038,-9.488022310421968,-10.456736681640933,-82669444,199.9199015925674,162.7902084350586,186.19110229492188,179.8701492319984,145.71026763811878
2020-05-15,150.8214569091797,152.49826355615994,149.28061540749943,152.22634709580564,35495540,36.21341385075105,-9.303262863725365,-10.22604191805782,-118164984,199.9199015925674,161.78865814208984,183.37135711669922,179.20595354923142,144.37136273494826
2020-05-18,140.76068115234375,150.82148116126433,140.48876464826526,150.82148116126433,77349435,30.750911349065532,-9.855057228098417,-10.15184498006594,-195514419,199.9199015925674,160.0688049316406,180.6939144897461,178.62195193366705,141.51565792961418
2020-05-19,138.49473571777344,143.07195315271184,138.13217576268286,142.75471492078862,71522334,29.665543018978454,-10.35582558552909,-10.192641101158571,-267036753,199.9199015925674,158.2696434020996,178.25394287109376,177.83580401201004,138.70348279218916
2020-05-20,139.03854370117188,140.71535051150767,136.999190795208,138.67599760554378,66168767,30.301348611496337,-10.586769666486788,-10.271466814224215,-200867986,199.9199015925674,156.84889450073243,175.7804345703125,177.63010828069213,136.06768072077273
2020-05-21,137.72430419921875,141.53109372835922,137.31643636221222,139.26514593360326,61147471,29.604830514303032,-10.751901431877428,-10.367553737754857,-262015457,199.9199015925674,155.18342361450195,173.3631219482422,176.48299633585978,133.8838508931441
2020-05-22,136.727294921875,141.0325957147251,135.45835586372846,137.76962537120278,87064198,29.059120061465066,-10.838282883502899,-10.461699566904466,-349079655,199.9199015925674,153.558740234375,170.867861328125,175.28035737730588,131.8371230914441
2020-05-26,137.22576904296875,138.85725393738718,136.1381170567716,138.13214800317394,48275988,29.756284567820302,-10.74268314638715,-10.517896282801003,-300803667,199.9199015925674,152.2739471435547,168.7088656616211,174.6580111976068,129.88988308950258
2020-05-27,143.751708984375,145.74573993582283,136.6819503108369,137.72428058561212,88195120,38.30453226913408,-10.02477152629666,-10.419271331500134,-212608547,199.9199015925674,151.26333465576172,166.9894644165039,173.26686636310885,129.2598029484146
2020-05-28,143.38916015625,147.19594932619094,142.02959160768205,144.52213394672327,76968678,38.027661340500806,-9.37698402076228,-10.210813869352563,-289577225,199.9199015925674,150.08050918579102,165.41417724609374,171.0839186484902,129.07709972309183
2020-05-29,146.1989288330078,146.74274791018718,140.67001165175625,141.4857610128933,58363280,41.55359197159329,-8.538456889553657,-9.876342473392782,-231213945,199.9199015925674,148.77532348632812,164.48423187255858,167.17580877213038,130.37483820052586
2020-06-01,154.12977600097656,155.35337954562186,148.05703851019578,148.64617942092335,92740893,50.17125528333731,-7.151526663503205,-9.331379311414867,-138473052,199.9199015925674,147.84855117797852,163.17995269775392,162.90613437215166,132.7909679838054
2020-06-02,154.31103515625,155.2627359364789,151.5465762537744,153.99379695275806,70419104,50.35143398799188,-5.9689421188720075,-8.658891872906295,-68053948,199.9199015925674,147.45880813598632,162.2173779296875,161.38078991573576,133.53682635623687
2020-06-03,158.5257110595703,163.0576069026712,155.8972170026712,156.3504065869813,113168889,54.47368931132269,-4.638180171458828,-7.854749532616802,45114941,199.9199015925674,147.662744140625,161.48774322509766,162.09824015941018,133.2272481218398
2020-06-04,157.75526428222656,161.01822031305497,155.44399511648624,158.52567811730955,83494674,53.59762325860238,-3.6041637997812472,-7.004632386049692,-38379733,199.9199015925674,147.7964340209961,160.7417935180664,162.5502930797578,133.04257496223437
2020-06-05,170.21800231933594,172.03076056803974,159.52272588593397,160.0212371703771,201321234,63.7526638665015,-1.7587853882441493,-5.955462986488583,162941501,199.9199015925674,148.5691230773926,160.45447143554688,166.0655083325047,131.0727378222805
2020-06-08,169.31161499023438,179.00986838477797,168.40523590980513,178.55667884456335,151741826,62.67831873577575,-0.3652373554497501,-4.837417860280817,11199675,199.9199015925674,149.48230056762696,160.0366305541992,169.17009089148928,129.79451024376465
2020-06-09,167.18161010742188,173.11839554802384,166.18460146785864,170.12734196884114,96654191,60.1145630583478,0.5608211109933166,-3.7577700660259903,-85454516,199.9199015925674,150.3433609008789,160.0882940673828,171.49166540529941,129.1950563964584
2020-06-10,170.12734985351562,171.3056454187416,166.59247698808488,167.27226129530212,67333317,62.404848412100094,1.5149621557753505,-2.7032236216657224,-18121199,199.9199015925674,151.28599548339844,160.1698681640625,174.1290321560832,128.44295881071366
2020-06-11,160.56504821777344,172.57457100741954,159.8399560192001,170.39926675120515,91726802,51.97210959154991,1.4824393434995216,-1.8660910286326735,-109848001,199.9199015925674,151.42421798706056,159.93874176025392,174.45593648461352,128.3924994895076
2020-06-12,162.3778076171875,163.1482353718758,153.9031714668523,154.08444451788273,92758901,53.557223892599495,1.5846721994360848,-1.175938383018922,-17089100,199.9199015925674,151.93179016113282,159.69220642089843,175.4540578318152,128.40952249045046
2020-06-15,157.43804931640625,161.1995309371927,155.8972075888451,161.1995309371927,63613412,48.82803622159949,1.2526554306695346,-0.6902196202812307,-80702512,199.9199015925674,152.26261978149415,159.28886779785157,175.8989581910559,128.6262813719324
2020-06-16,156.7129364013672,162.19653256647658,153.54060964158043,161.33547521201245,63925976,48.15583082402765,0.9204092917675837,-0.3680938378714679,-144628488,199.9199015925674,153.06023254394532,159.03508178710936,176.16074972633106,129.95971536155957
2020-06-17,156.7582550048828,159.70398693755428,153.40465526296774,154.9908186113293,73866905,48.20382471833971,0.6532286522613902,-0.16382933984489625,-70761583,199.9199015925674,153.9734085083008,158.60183227539062,176.12296081059054,131.82385620601104
2020-06-18,162.83099365234375,163.73737271821875,155.08146370331013,156.25974542475007,58261857,54.307900801129854,0.920889882049579,0.053114504533998796,-12499726,199.9199015925674,155.16303100585938,158.47675170898438,176.51773039499693,133.80833161672183
2020-06-19,167.22694396972656,167.63481179872517,162.69504846919196,163.420154515327,76895151,58.152447796722214,1.4707756015660323,0.3366467239404055,64395425,199.9199015925674,156.63816299438477,158.63990020751953,177.02455279588648,136.25177319288306
2020-06-22,170.12734985351562,173.79818787853807,167.0003448063658,167.68012911358304,80023958,60.513180944483324,2.1162081805029516,0.6925590152529147,144419383,199.9199015925674,158.30816574096679,158.6634664916992,177.32269574799932,139.29363573393425
2020-06-23,174.43264770507812,175.0218023934899,170.26331231828377,171.8494756766858,65487085,63.779512302596814,2.941215207082422,1.1422902536188162,209906468,199.9199015925674,160.16850967407225,158.8347720336914,177.7984593849027,142.5385599632418
2020-06-24,167.3175811767578,176.6532744957671,166.68310476612868,176.5626448872822,74668987,55.59481165094256,2.9864864569059364,1.5111294942762403,135237481,199.9199015925674,161.3468032836914,158.77767028808594,177.52027536539322,145.17333120198958
2020-06-25,167.90673828125,169.31162873602267,163.51079385217867,165.14227909545505,73620385,56.09721269920838,3.0349196386712265,1.8158875231552378,208857866,199.9199015925674,162.57268218994142,158.80939392089843,176.7035435544289,148.44182082545393
2020-06-26,167.3175811767578,170.94309744208087,166.5924751576438,170.39926447018362,49176958,55.421933800453296,2.9912815973748934,2.050966337999169,159680908,199.9199015925674,163.6286148071289,158.8501809692383,175.71596859588198,151.54126101837585
2020-06-29,162.46844482421875,165.95800970121698,161.7886605362513,165.86736626405596,50966428,50.078603000820884,2.536177877668109,2.1480086459329573,108714480,199.9199015925674,164.04554824829103,158.68250061035155,175.3429992343251,152.74809726225695
2020-06-30,161.74331665039062,165.77670010683062,160.65566470475719,164.14522910350288,43613239,49.312959638931446,2.0928678397843044,2.1369804847032268,65101241,199.9199015925674,164.41716232299805,158.41421203613282,174.86646448811953,153.96786015787657
2020-07-01,167.4988555908203,168.04267473690834,161.87930809976163,162.64972201428142,54012853,55.17144032243478,2.1808261262653446,2.1457496130156506,119114094,199.9199015925674,164.86581954956054,158.27462982177735,175.03146117179693,154.70017792732415
2020-07-02,168.08799743652344,170.39926685405067,166.77375053800705,168.26927048627618,52127276,55.73541938411841,2.2718836646041325,2.170976423333347,171241370,199.9199015925674,165.3824562072754,158.2873193359375,175.09003585786033,155.67487655669046
2020-07-03,167.40821838378906,169.35694176299964,166.22992277802763,169.1756548773074,38048810,54.87752212776097,2.263107239841105,2.1894025866348987,133192560,199.9199015925674,165.24196701049806,158.21480926513672,174.74472424477443,155.73920977622168
2020-07-06,170.444580078125,172.0760651050716,168.72245161569663,169.13033324511815,43773740,57.9881377440359,2.472657614975617,2.2460535923030425,176966300,199.9199015925674,165.2986152648926,158.23928161621095,174.9106175830978,155.68661294668738
2020-07-07,170.943115234375,171.48693443262766,166.8190872872789,169.49290304520437,55124494,58.49406787878825,2.648426011206624,2.3265280760837586,232090794,199.9199015925674,165.48669052124023,158.39971130371094,175.38174188152536,155.5916391609551
2020-07-08,173.9341583251953,178.96456551755034,170.76183120950728,171.2150207974627,143063102,61.49045912356448,2.9945565281914526,2.4601337665052974,375153896,199.9199015925674,165.67703094482422,158.59911529541014,176.0564298757549,155.29763201389355
2020-07-09,180.46009826660156,182.18221315738288,174.523311937463,174.74990672994733,89539723,67.07534900261322,3.752203207443415,2.7185476546929213,464693619,199.9199015925674,166.67178344726562,158.8674038696289,178.59885913289196,154.7447077616393
2020-07-10,177.28775024414062,183.54176024636234,176.56264422773523,179.46305446310984,111406477,62.342193342863304,4.049976083043447,2.9848333403630267,353287142,199.9199015925674,167.4172805786133,158.9671060180664,180.02220719640368,154.8123539608229
2020-07-13,174.6592559814453,181.09455335115328,173.66224723433075,180.1881742190957,61949761,58.64934154963025,4.027439892451866,3.193354650780795,291337381,199.9199015925674,168.27834091186523,159.00698669433595,180.38167539786554,156.17500642586492
2020-07-14,168.63182067871094,174.29668959542224,167.3175738560832,174.29668959542224,62239932,51.16485885744884,3.483065532169661,3.2512968270585683,229097449,199.9199015925674,168.87428512573243,159.13750518798827,179.7528595243686,157.99571072709625
2020-07-15,166.59246826171875,172.1666937568148,165.86736227261977,170.35393569919052,58527305,48.89145787615332,2.8541849655541114,3.171874454757677,170570144,199.9199015925674,169.36599578857422,159.3804147338867,178.8030485014272,159.92894307572124
2020-07-16,168.8131103515625,169.44757296670002,164.6437608859483,167.6801364565856,46546803,51.42256103607996,2.5060911844547604,3.0387178006970936,217116947,199.9199015925674,169.66510162353515,159.65504760742186,178.6216630496808,160.7085401973895
2020-07-17,170.58055114746094,171.7588467938908,167.68014066949763,169.31162588530452,47035238,53.40065604472298,2.345801121050272,2.9001344647677296,264152185,199.9199015925674,169.83278198242186,159.97137420654298,178.72582492544765,160.93973903939607
2020-07-20,172.89181518554688,175.1577629599315,171.0790569660392,172.21203085323148,45672856,55.92800171327523,2.3778593009532756,2.795679432004839,309825041,199.9199015925674,169.97100524902345,160.40824920654296,178.96344501152444,160.97856548652246
2020-07-21,176.20008850097656,177.83157361918413,173.57159468793185,174.43265205218808,59281860,59.328275828445534,2.639785839704132,2.7645007135446975,369106901,199.9199015925674,170.05937728881835,160.93304290771485,179.25784343070077,160.86091114693593
2020-07-22,174.0247802734375,178.33008082707724,172.3026655840804,177.3783800439075,62276152,56.25490015766984,2.6413870488966325,2.7398779806150846,306830749,199.9199015925674,170.39473724365234,161.3880453491211,179.6577448085956,161.1317296787091
2020-07-23,179.6896514892578,180.46007923455144,173.2543545292965,174.38732837223006,70801412,61.80403558422774,3.06443883913974,2.804790152320016,377632161,199.9199015925674,170.98388290405273,161.82582641601562,181.00665682701293,160.96110898109254
2020-07-24,173.97946166992188,177.92221620069995,172.80116609966944,177.3783832205074,65265493,54.32355829520194,2.905453574236276,2.824922836703268,312366668,199.9199015925674,171.31697692871094,162.26088836669922,181.27280614335254,161.36114771406935
2020-07-27,169.62884521484375,175.11244160642897,169.0397043243646,174.93116855014677,50697767,49.416004809349765,2.400724164300158,2.740083102222646,261668901,199.9199015925674,171.67499694824218,162.6370361328125,180.81373185354485,162.5362620429395
2020-07-28,171.71353149414062,172.66523239148196,168.35993132135317,170.39928445983523,51488617,51.66908397669797,2.144221974643955,2.6209108767069083,313157518,199.9199015925674,172.1735076904297,163.25609313964844,180.09784148599834,164.24917389486103
2020-07-29,173.2996826171875,176.9705207692313,169.49289313109477,170.03672612778558,73763368,53.37088596478262,2.0453537164994486,2.5057994446654166,386920886,199.9199015925674,172.46354904174805,163.9521920776367,180.10172616095318,164.82537192254293
2020-07-30,169.08502197265625,175.38435388088132,168.6318324277444,174.47797479105765,48472816,48.48550275286993,1.6083717110789166,2.326313897948117,338448070,199.9199015925674,172.51340026855468,164.55312164306642,180.04902285639787,164.97777768071148
2020-07-31,173.52627563476562,176.6079728676896,169.22097491706452,170.39927051111644,145892485,53.333143437482484,1.6019659110905877,2.181444300576611,484340555,199.9199015925674,172.8193031311035,165.26916107177735,179.98895503529928,165.64965122690774
2020-08-03,174.25137329101562,176.3813696019642,172.25734213643958,174.02477852730817,72454278,54.09269689040519,1.6365336482240593,2.072462170106101,556794833,199.9199015925674,173.00964279174804,166.01964263916017,180.1188828885934,165.90040269490268
2020-08-04,173.66224670410156,175.65627802249043,172.66522412978318,175.24841018035943,43866676,53.33316854736643,1.5979708239654258,1.977563900877966,512928157,199.9199015925674,173.14559936523438,166.74837219238282,180.1953106457979,166.09588808467086
2020-08-05,173.52627563476562,178.42073106461638,173.11840780650658,174.7045712288175,68888892,53.14768207038518,1.538700596306171,1.889791239963607,444039265,199.9199015925674,173.12520523071288,167.34386352539062,180.16803018197945,166.0823802794463
2020-08-06,173.0730743408203,176.29072268806567,172.438611781,174.2966915728104,59740172,52.492381636361415,1.4385759489501027,1.7995481817609063,384299093,199.9199015925674,172.75585403442383,167.93754180908203,178.94423948021927,166.5674685886284
2020-08-07,172.80117797851562,174.11543879928584,171.80416921995496,173.52628405853585,44822338,52.07751991945651,1.3220469462057736,1.7040479346498798,339476755,199.9199015925674,172.5315254211426,168.46958679199219,178.3614152416828,166.70163560060237
2020-08-10,175.65626525878906,177.19710690057073,173.75286369348723,173.8888288511499,48784530,56.00912891300431,1.443439482696192,1.6519262442591423,388261285,199.9199015925674,172.58137588500978,168.90011657714842,178.4995704904442,166.66318127957535
2020-08-11,176.78924560546875,178.37540902494572,175.61095001352206,176.74392388457704,43890305,57.49922924332402,1.6124783411324586,1.6440366636338055,432151590,199.9199015925674,172.98924713134767,169.3496807861328,178.8867913511723,167.09170291152304
2020-08-12,184.26686096191406,185.12791828089215,176.38136610718607,177.6502912267068,157818228,65.74608798363388,2.3230453003515663,1.7798383909773576,589969818,199.9199015925674,173.87296676635742,169.86450378417967,180.8665599066874,166.87937362602744
2020-08-13,182.9979248046875,187.89237997662775,181.9555944284786,186.26089491931432,70443118,63.49449865263311,2.7520581783615228,1.9742823484541907,519526700,199.9199015925674,174.58220748901368,170.3693569946289,182.22621153495476,166.9382034430726
2020-08-14,178.1034698486328,184.90131220926764,176.38135531603692,183.99493322784969,56169088,55.58695820530013,2.666376041523222,2.1127010870679968,463357612,199.9199015925674,174.95835342407227,170.52706634521485,182.51759027856994,167.3991165695746
2020-08-17,175.0218048095703,180.05219760860393,173.57159275834172,179.87092455976216,54787889,51.25846537859012,2.323029281151804,2.1547667258847585,408569723,199.9199015925674,175.06485290527343,170.64127014160155,182.56441172041835,167.5652940901285
2020-08-18,176.8345489501953,177.423689769823,173.75285204301883,175.6562534806939,46294169,53.5497930899392,2.1721585110969386,2.158245082927195,454863892,199.9199015925674,175.09657592773436,170.83432891845703,182.62040273780477,167.57274911766396
2020-08-19,178.60198974609375,181.54772157905566,177.55964556859018,178.01283508135356,59296062,55.73475528325242,2.1701934013410664,2.1606347466099693,514159954,199.9199015925674,175.3254364013672,171.0038217163086,182.9822175413139,167.6686552614205
2020-08-20,176.517333984375,177.96754611146773,175.15776530156853,175.83754964297177,37504602,52.59241272443198,1.9776249109811204,2.1240327794841996,476655352,199.9199015925674,175.16682052612305,171.32286743164062,182.58305344752776,167.75058760471833
2020-08-21,179.8256072998047,182.63538803240215,179.14582297710342,180.36944029006466,68041871,56.75895090406368,2.0681229689273266,2.112850817372825,544697223,199.9199015925674,175.4591278076172,171.67182342529296,183.121870866543,167.7963847486914
2020-08-24,182.59005737304688,183.8136746261075,180.00688537138643,181.27581051287785,53850253,59.928213801566585,2.3359835846261205,2.157477370823484,598547476,199.9199015925674,176.10718841552733,172.17486358642577,183.87952997081945,168.33484686023522
2020-08-25,188.48153686523438,188.93472642914705,183.72304644415124,184.9013420763738,105394375,65.69825098642697,2.9892005668480977,2.323822010028407,703941851,199.9199015925674,176.94558868408203,172.81023559570312,186.1304506260632,167.76072674210084
2020-08-26,190.2036590576172,190.65684860616503,186.8500453341654,188.98004174443912,66749637,67.18565165055401,3.6042925589574395,2.5799161198142135,770691488,199.9199015925674,177.79078750610353,173.47914367675781,188.4679127977945,167.11366221441256
2020-08-27,195.46063232421875,196.23106003196244,190.79278585093806,190.79278585093806,80997993,71.27973464915617,4.464487371091565,2.956830370069684,851689481,199.9199015925674,179.10956802368165,174.13173645019532,191.53256640389873,166.68656964346457
2020-08-28,203.79934692382812,204.75103391816384,196.50299237568646,196.68426543031006,95974037,76.32544875197904,5.7527484327484615,3.5160139826054397,947663518,199.9199015925674,180.62322158813475,174.86318450927735,196.7740328974699,164.4724102787996
2020-08-31,192.15237426757812,209.87208890594445,190.65685424523622,209.87208890594445,119986476,60.37159896044071,5.7674081588158685,3.966292817847526,827677042,199.9199015925674,181.51827163696288,175.3036849975586,198.13478239424893,164.90176087967683
2020-09-01,197.6812744140625,198.40636658281144,191.42725073175336,193.14937920814862,75048313,64.19738959001151,6.154220113615963,4.403878277001214,902725355,199.9199015925674,182.71922302246094,175.76865753173828,200.33297898281882,165.10546706210306
2020-09-02,196.0044403076172,198.49698232308978,192.42424636053278,197.8171981370518,47608088,62.23499935208025,6.253379806308516,4.773778582862675,855117267,199.9199015925674,183.8431312561035,176.34239471435546,201.83171273126771,165.8545497809393
2020-09-03,193.19468688964844,197.81722552684164,192.42427300361393,197.13744124668068,38594129,58.98152920097163,6.035665562895701,5.02615597886928,816523138,199.9199015925674,184.8492118835449,176.84815368652343,202.5645093389855,167.13391442810433
2020-09-04,187.25790405273438,192.42426150724486,186.6234276982936,190.33958707325058,54435758,52.711298884265204,5.322719697870923,5.085468722669608,762087380,199.9199015925674,185.57204818725586,177.24696014404296,202.42052378728346,168.72357258722826
2020-09-07,188.43621826171875,190.02238176166674,186.17027040465024,188.07367213668707,35687359,53.76195729656857,4.797482678435756,5.027871513822838,797774739,199.9199015925674,186.21104583740234,177.76631561279297,202.46570676537465,169.95638490943003
2020-09-08,184.9466552734375,188.98003944028625,183.90431102633792,188.4362064565606,34146789,50.204486858676496,4.052930328776796,4.83288327681363,763627950,199.9199015925674,186.6189163208008,178.2303823852539,202.30694492021362,170.93088772138796
2020-09-09,176.6079559326172,182.54472739407282,174.47795972337622,182.27282475480473,72715826,42.89934223594755,2.7582089640637264,4.417948414263649,690912124,199.9199015925674,186.23597106933593,178.41256439208985,202.4983536060376,169.97358853263427
2020-09-10,179.5989990234375,182.59005258450708,176.9251836545444,179.19113122652948,67789617,45.938037378268994,1.9509952757179292,3.924557786554505,758701741,199.9199015925674,186.06602478027344,178.64278442382812,202.52999907782873,169.60205048271814
2020-09-11,183.72303771972656,184.76538196537686,178.55667970250556,179.96157004997067,48487971,49.89711063256902,1.6253124782766974,3.464708724898944,807189712,199.9199015925674,186.3470031738281,178.96908081054687,202.44557813266476,170.24842821499146
2020-09-14,179.91624450683594,186.89536054533383,178.87391411358027,186.62344405962676,63605531,46.51116351055296,1.0479500020078092,2.981356980320717,743584181,199.9199015925674,186.59172515869142,179.1585140991211,202.13339392734179,171.05005639004105
2020-09-15,181.4117889404297,182.18221678230515,178.64734348131518,181.18519414343677,51761038,48.00395717812872,0.7029607232575188,2.5256777289080774,795345219,199.9199015925674,186.82058715820312,179.3678875732422,201.9089869138924,171.73218740251386
2020-09-16,179.6443328857422,181.32113973446985,177.87689642615595,181.1398666825054,52404964,46.35735286464417,0.28366538399649244,2.0772752599257602,742940255,199.9199015925674,186.87270431518556,179.48209106445313,201.85401262879464,171.89139600157648
2020-09-17,177.1517791748047,179.46304847423428,176.7439113761398,178.55666944153612,41223296,44.06196211944937,-0.2469112078525484,1.6124379663700987,701716959,199.9199015925674,186.90442657470703,179.41592468261717,201.8003358037453,172.00851734566876
2020-09-18,174.56863403320312,178.7379699256307,171.9401261366469,177.650317685443,55286316,41.754521791462146,-0.8658541762056018,1.1167795378549588,646430643,199.9199015925674,186.64157791137694,179.36154235839842,202.1987040322435,171.08445179051037
2020-09-21,168.4052276611328,175.38434347254392,167.00033738923108,174.976475672378,57611375,36.80231811399625,-1.8325814639840416,0.5269073374871587,588819268,199.9199015925674,185.93233642578124,179.23646179199218,203.34618176667027,168.51849108489222
2020-09-22,168.7677764892578,170.67117802799532,164.19055951676754,168.72245477066943,51210889,37.27359459923771,-2.5401834898975437,-0.08651082798978182,640030157,199.9199015925674,184.94664840698243,179.23918090820314,203.84057401977097,166.0527227941939
2020-09-23,166.59246826171875,171.26031472800264,164.0546042149955,170.53520873890366,44320497,35.560123201254314,-3.2391534429964395,-0.7170393509911134,595709660,199.9199015925674,183.7660888671875,179.23918090820314,204.09472618793194,163.43745154644307
2020-09-24,159.83993530273438,164.77969787408233,159.0695076537945,164.1452353674382,46114798,30.823317645405652,-4.288529642944496,-1.4313374093817899,549594862,199.9199015925674,181.98505401611328,179.05971740722657,204.0690946405026,159.90101339172395
2020-09-25,165.1422576904297,165.64076892657266,159.6586617533502,162.24184753957047,46550127,37.826735982387945,-4.638841066188007,-2.072838140743033,596144989,199.9199015925674,180.05219955444335,178.95095153808595,200.89265126309556,159.21174784579114
2020-09-28,169.719482421875,170.53521806029516,166.18460954839142,166.77375041722297,41921548,43.17497450364606,-4.495302560908101,-2.5573310247760466,638066537,199.9199015925674,178.9305549621582,178.8875048828125,199.45766494154185,158.40344498277454
2020-09-29,167.7254638671875,171.2603370073089,166.093978637036,170.85246915733308,35688726,41.500153325859294,-4.490682106023854,-2.9440012410256085,602377811,199.9199015925674,177.43276443481446,178.71801239013672,196.59474908012254,158.27077978950638
2020-09-30,168.0426788330078,169.31161786530487,165.32354154554653,167.72545444761911,37641083,41.886363370116555,-4.410581329498996,-3.237317258720286,640018894,199.9199015925674,176.034676361084,178.59837036132814,193.58507143003771,158.48428129213028
2020-10-01,172.4839324951172,173.29966809153234,169.4022354892508,169.49287892451758,43588724,47.14740507845941,-3.9432732343383066,-3.3785084538438905,683607618,199.9199015925674,174.99913864135743,178.4542559814453,190.7266742948761,159.27160298783878
2020-10-05,171.0790557861328,175.6562730248709,169.53821407622775,174.02478787251655,41694686,45.73689029709004,-3.6442810085406734,-3.4316629647832473,641912932,199.9199015925674,174.19019622802733,178.39624786376953,188.94674631456496,159.4336461414897
2020-10-06,173.66224670410156,174.11543626874666,170.67119281139432,173.20905713945646,31098726,48.77170859617691,-3.1624310603023957,-3.377816583887077,673011658,199.9199015925674,173.45149765014648,178.4769158935547,186.6817276361943,160.22126766409866
2020-10-07,172.8464813232422,175.06710722011243,171.39628314764678,174.52328809060666,34578053,47.86136252412385,-2.8139494952235395,-3.2650431661543697,638433605,199.9199015925674,172.84648895263672,178.49957489013673,184.97992715381335,160.7130507514601
2020-10-08,173.57159423828125,177.4690270577229,172.71053687625567,173.4356429080525,43351606,48.77659629876679,-2.4510110621788783,-3.1022367453592716,681785211,199.9199015925674,172.6946708679199,178.50501312255858,184.71147395464564,160.67786778119418
2020-10-09,179.7349853515625,180.1881749193525,172.71054705081755,174.0247940313589,64907230,55.867894930581514,-1.6470593114442238,-2.8112012585762622,746692441,199.9199015925674,172.70147018432618,178.71801239013672,184.7340354823925,160.66890488625987
2020-10-12,180.09751892089844,186.6687671958374,178.78327203196005,181.0038979933038,69122798,56.25154321654445,-0.9694926201643739,-2.4428595308938847,815815239,199.9199015925674,172.52019424438475,178.84943725585939,183.97866277128202,161.0617257174875
2020-10-13,177.37835693359375,181.2757891667274,176.83453786424064,180.05217205775395,34948525,52.56081356148996,-0.6445003838735488,-2.083187701489818,780866714,199.9199015925674,172.39329986572267,178.91197692871094,183.5741821786072,161.21241755283813
2020-10-14,181.3211212158203,182.09153506554733,174.97646823332397,175.88284723082344,40548275,56.969457557392126,-0.06800959635842219,-1.680152080463539,821414989,199.9199015925674,172.38876647949218,179.06515441894533,183.55508265188948,161.22245030709487
2020-10-15,174.7952117919922,183.54176441601447,174.0247840388878,182.18219579071067,49184123,48.873533134293936,-0.13615335395127204,-1.3713523351610857,772230866,199.9199015925674,172.14631042480468,179.09053314208984,182.8738928244618,161.41872802514757
2020-10-16,177.60498046875,178.33008650904208,173.66223971320423,175.8375440038331,36893126,52.03414222381811,0.0361503583763465,-1.0898517964535992,809123992,199.9199015925674,172.16897048950196,179.18117126464844,182.94057401337864,161.39736696562528
2020-10-19,184.90133666992188,185.44516966281478,177.69562558045237,177.83157691355183,60220779,59.10421239476726,0.7527796834173728,-0.7213255004794048,869344771,199.9199015925674,172.68560562133788,179.42317443847656,184.77819623392668,160.5930150087491
2020-10-20,184.04025268554688,185.2185481129865,181.9102565732427,182.18217303038193,39316753,58.01735245213883,1.23697225917266,-0.3296659485489919,830028018,199.76189513578115,173.46735687255858,179.59085418701173,186.34786472522643,160.58684901989074
2020-10-21,184.6747283935547,187.89237673406836,180.23347665385737,185.53578571081275,54515523,58.6211450540716,1.6528423136462607,0.06683570389005866,884543541,199.61177407366947,174.26270446777343,179.74856384277345,187.8303496385423,160.69505929700458
2020-10-22,184.26686096191406,185.4451564758956,182.27282984684726,182.9979220121468,33721637,58.04323758716833,1.9272941872636977,0.4389274005647865,850821904,199.45908837106495,175.14642410278321,179.74856384277345,188.90168777336393,161.3911604322025
2020-10-23,183.81369018554688,186.35155451360137,182.68071627393755,184.90134237464224,32707020,57.36654679406256,2.0842067421282593,0.7679832688774811,818114884,199.30341276722896,176.34511184692383,179.7648791503906,188.65878107295336,164.0314426208943
2020-10-26,178.2847442626953,184.90131364445284,177.2877356735443,183.72301819341453,45470123,49.746368221871734,1.7423367699897767,0.9628539690999404,772644761,199.09427178708435,177.00223617553712,179.76850463867189,188.2071836009547,165.79728875011955
2020-10-27,176.42665100097656,179.05515816347437,174.25134712809432,178.7832417218029,37794381,47.46452686946744,1.3064102721374695,1.0315652297074462,734850380,198.86872332155096,177.33759460449218,179.7966015625,188.0408438734864,166.63434533549795
2020-10-28,172.61990356445312,176.74393139641919,171.35097830703958,176.74393139641919,46458319,43.10241399689719,0.6463123911671005,0.9545146619993771,688392061,198.6075410354107,177.58231658935546,179.71230865478515,187.59694088597135,167.56769229273957
2020-10-29,171.03372192382812,172.84648000215222,168.4958578481251,171.6228765974314,44822673,41.395300784202554,-0.004756705040932729,0.7626603885913152,643569388,198.3331746760915,177.73186874389648,179.56094329833985,187.2491749346663,168.21456255312665
2020-10-30,171.53224182128906,174.02478430482168,168.72246112593524,171.62288526188007,41519686,42.17051955826642,-0.47503139879628975,0.5151220311137943,685089074,198.0664987272875,177.68428421020508,179.46124145507812,187.3149107629862,168.05365765742397
2020-11-02,177.6956024169922,178.78325443074988,172.25732851795797,174.20603779968027,52600119,50.83033868388552,-0.34640267659645474,0.3428170895717445,737689193,197.8638032416129,178.01511154174804,179.41864135742188,187.15761656058592,168.87260652291016
2020-11-03,185.58111572265625,186.53281651805264,179.1005108644401,179.4630569625687,69890201,59.24019704249795,0.3873662176198991,0.35172691518137544,807579394,197.7415874454044,178.61105499267578,179.47846252441406,188.0886180247427,169.13349196060886
2020-11-04,187.62046813964844,189.43322628592523,179.5083782011092,184.44814138366405,117577856,61.093557866467734,1.1205253307674639,0.5054865982985932,925157250,197.64087979062077,179.3497543334961,179.46124114990235,189.21024809875914,169.48926056823305
2020-11-05,198.17977905273438,200.30977540932147,194.64490619525694,195.77788003806984,138023646,68.96287961854694,2.524506414411121,0.9092905615210989,1063180896,197.64624197233337,180.58016357421874,179.62076354980468,193.0465282834837,168.1137988649538
2020-11-06,198.6782684326172,201.08018101304768,196.7295591696555,198.496995403777,73147085,69.27878655832686,3.6354878246136195,1.454530014139603,1136327981,197.6565108923362,181.52732772827147,179.68511627197265,196.26459965943374,166.7900557971092
2020-11-09,198.9501953125,201.80528369946467,196.72956947483343,201.66933237827448,60359458,69.46138956760817,4.486176967473881,2.060859404806459,1196687439,197.6693833741289,182.46996154785157,179.5881332397461,199.0209537304412,165.91896936526194
2020-11-10,210.0080108642578,212.99906432076887,202.122516355453,202.21315978726236,135294550,75.76874560947091,5.983651730624558,2.8454178699700785,1331981989,197.792155786966,184.10144424438477,179.9452459716797,204.3442786208443,163.85860986792522
2020-11-11,212.2739715576172,216.94183198115758,206.4278294287577,210.9597246961289,107094861,76.82503955534928,7.269457577798363,3.730225811535736,1439076850,197.93625345632572,185.64908676147462,180.23709991455078,209.2580633162575,162.04011020669174
2020-11-12,205.56678771972656,211.50357373730427,204.52444343085153,211.36760857079997,58859905,67.45207965092726,7.658966495748956,4.51597394837838,1380216945,198.0121791703894,187.18766555786132,180.42834686279298,211.75790196363005,162.6174291520926
2020-11-13,207.96868896484375,209.05634115663713,199.49405238313264,203.93530459555896,70676525,68.9146904757018,8.068460288674032,5.226471216437511,1450893470,198.11124891958795,188.70585098266602,180.72382690429689,214.44456861124846,162.9671333540836
2020-11-14,208.14996337890625,211.09569557555668,206.4278485498868,210.27995988396808,7753219,69.02781153884945,8.311801130535713,5.843537199257151,1458646689,198.21113662565082,189.86828231811523,181.1416680908203,216.88302707481637,162.8535375614141
2020-11-17,217.71224975585938,218.98118875147085,209.373565081436,210.14399282270892,80501583,74.33373393154508,9.170534878525757,6.508936735110872,1539148272,198.40517755231957,191.55188217163087,181.7271887207031,220.9920336498059,162.11173069345583
2020-11-18,228.40753173828125,229.3139108324808,215.62758097796893,216.98714961926822,104514060,78.72402779919513,10.592009342032782,7.325551256495254,1643662332,198.70370843974206,193.7385223388672,182.59640625,227.05226830584743,160.42477637188696
2020-11-19,217.30438232421875,228.22625289843015,216.62459802080616,224.78200966175703,82284278,66.0860076482929,10.69927218107145,8.000295441410493,1561378054,198.88878977192593,195.39039840698243,183.41033477783202,229.91601744121192,160.86477937275293
2020-11-20,220.0235137939453,222.42541273786705,212.0473754094131,218.89053998450171,84411129,67.46356719061662,10.878291762734364,8.575894705675267,1645789183,199.09908553333906,197.20088958740234,184.2188250732422,232.88647346274158,161.5153057120631
2020-11-23,216.3526611328125,223.10518181061136,215.80884203950913,220.70328303046844,57538324,63.70169627474436,10.601748581522486,8.98106548084471,1588250859,199.27076290248806,199.1042854309082,184.87141754150392,234.6115127720003,163.59705808981607
2020-11-24,221.0205535888672,222.0628840430928,217.077798891105,217.98417800964825,47636611,66.27683972306767,10.636633537676857,9.31217909221114,1635887470,199.48717873021323,201.33398056030273,185.69350372314454,236.46354892227674,166.20441219832873
2020-11-25,220.25010681152344,226.5041166580236,218.98118168709476,222.47073269439687,74767232,65.45148416606462,10.481289717238468,9.546001217216606,1561120238,199.69377502952975,203.71549072265626,186.4702700805664,237.15296272056216,170.27801872475035
2020-11-26,222.47073364257812,223.1958396440192,217.66692194205854,221.15648679447995,64248318,66.73723056523468,10.417280719460734,9.720257117665433,1625368556,199.92041143363969,206.28734130859374,187.3267980957031,237.0824561305625,175.492226486625
2020-11-27,221.38308715820312,223.19584529255894,219.38905597646112,222.47073927276722,54355703,65.45239275074104,10.161651947867512,9.80853608370585,1571012853,200.13397039607318,208.77988357543944,188.2114242553711,235.7517383423423,181.8080288085366
2020-12-01,224.8273468017578,225.64308248970352,221.38310332885197,222.06288767888938,37003272,67.58089427833426,10.12032644940578,9.870894156845836,1608016125,200.3796756339407,211.13647079467773,189.2165985107422,234.87514481939783,187.39779676995764
2020-12-02,223.83030700683594,227.36519365329045,221.24713497352946,225.0992459941197,56723083,66.30733587884681,9.893081628515688,9.875331651179806,1551293042,200.6130152495914,213.0489303588867,190.32510009765625,234.2740593125064,191.823801405267
2020-12-03,232.30496215820312,234.7521968966134,224.7820263720468,225.96032201827248,79266442,71.26425289796238,10.27834001022353,9.955933322988551,1630559484,200.92835800490096,215.28315505981445,191.59584381103517,234.65779500498647,195.90851511464243
2020-12-04,238.83090209960938,239.60132989654605,229.8124324713853,232.93943772144067,79252024,74.3889594681105,10.983636344377771,10.161473927266396,1709811508,201.30549774713688,217.3157112121582,193.04061248779297,237.5949054495399,197.03651697477648
2020-12-07,244.3597869873047,246.03659369036802,238.3776799804126,239.10277212528158,76053084,76.70055323831038,11.852099943723573,10.499599130557831,1785864592,201.73389863509877,219.59978713989258,194.73100952148437,241.21420963453895,197.98536464524622
2020-12-08,246.44447326660156,248.07597225288637,240.41705774680153,245.58342971262738,65617502,77.52428470697907,12.563753236787676,10.9124299518038,1851482094,202.17877997471572,221.97450103759766,196.35705383300783,244.4126939575719,199.53630811762343
2020-12-09,245.0395965576172,249.1636104209801,243.997266119014,246.62575999129447,48495641,75.5849291161307,12.866069746172059,11.303157910677452,1802986453,202.60525576161027,223.72608032226563,197.86345611572267,247.57897805834517,199.8731825861861
2020-12-10,244.314453125,245.6287137646907,240.68893705467244,243.81595572952693,38676657,74.54828962031695,12.898459333017485,11.622218195145459,1764309796,203.02027265079823,225.32810440063477,199.3952359008789,250.17243706864133,200.4837717326282
2020-12-11,246.94300842285156,250.38723809993724,244.7676763525908,244.7676763525908,50255223,75.84170127949822,12.98653012330314,11.895080580776996,1814565019,203.45731479778385,227.39691543579102,200.97324249267578,252.20537844959225,202.58845242198979
2020-12-14,248.52915954589844,250.296582189351,246.8523526837807,248.34787266223898,31946501,76.61400440240118,13.034067383361986,12.122877941293996,1846511520,203.9057908649293,229.42493896484376,202.4941470336914,254.18037212272102,204.6695058069665
2020-12-15,245.3114776611328,248.39316081500132,243.04553009792173,248.39316081500132,34890948,71.61257697107708,12.666094119001002,12.231521176835399,1811620572,204.31778774847362,231.28301467895508,203.9787954711914,254.92562863151835,207.64040072639182
2020-12-16,244.1785125732422,248.03062356785134,243.36277695354136,247.26019583683075,24844177,69.88270632165325,12.143074043114382,12.213831750091197,1786776395,204.7144118760833,232.60632781982423,205.38912078857422,256.0241459270579,209.1885097125906
2020-12-17,242.6376953125,246.6710656975439,241.73131621556948,244.72235617124227,25904699,67.49481779811524,11.4720036717695,12.065466134426858,1760871696,205.09175797992825,233.31783599853514,206.78494506835938,257.0448020582263,209.590869938844
2020-12-18,246.03663635253906,246.48982593678727,240.19047965153865,242.63771447067768,29816205,69.93531425326036,11.08664179802065,11.869701267145617,1790687901,205.49916970502886,234.75444869995118,208.23424591064452,257.9013908512454,211.60750654865691
2020-12-21,230.85475158691406,243.81597534726026,227.54647343865054,243.3174779116775,55160758,51.3794316808043,9.447286083175925,11.38521823035168,1735527143,205.75146405211228,235.2960105895996,209.25664123535157,257.5277269585122,213.06429422068703
2020-12-22,233.34730529785156,234.48027914827713,225.0086066945215,230.945392436801,51189571,53.55813576487404,8.254065393692258,10.758987663019795,1786716714,206.02604953714453,236.14574279785157,210.32163696289064,256.64819206956633,215.64329352613677
2020-12-23,238.377685546875,239.19342114402426,231.67048623849115,232.89410346446155,29056404,57.67975062722806,7.626426350358599,10.132475400487555,1815773118,206.34795636311202,237.01359939575195,211.54162353515625,256.3159248983081,217.7112738931958
2020-12-24,241.86724853515625,243.68000658651886,239.87320361446027,240.19044180554727,28585509,60.311118302913385,7.326145214614115,9.571209363312867,1844358627,206.70138215586869,238.0944564819336,212.75254608154296,255.88252571142067,220.30638725244654
2020-12-28,249.4355010986328,250.16059320314127,242.9095615160937,243.5893457367544,36870242,65.34404339421117,7.611128629397996,9.179193216529894,1881228869,207.12659726972706,239.44269485473632,214.2453518676758,256.3556524790203,222.52973723045233
2020-12-29,251.88275146484375,253.69550970159756,248.98235488233496,250.43253934334157,45032526,66.80969360536713,7.942891976411943,8.931932968506304,1926261395,207.57193213734018,240.96767807006836,215.73090728759766,256.5390285585343,225.39632758160243
2020-12-30,250.9763641357422,252.60786309174324,246.98830167745288,251.97338666543817,30971894,65.70141920585547,8.039998834840276,8.753546141773098,1895289501,208.00381703284668,242.27512893676757,217.05240783691406,256.54264258215795,228.0076152913772
2020-12-31,249.20895385742188,251.2936148005863,247.07895736127804,249.25426174990528,29467966,63.48975245437361,7.883465794770331,8.579530072372545,1865821535,208.41381839428524,243.54406127929687,218.35578186035156,255.3209234616616,231.76719909693213
2021-01-01,253.24227905273438,253.78611196762034,248.7103841961697,249.1635736818262,24531791,66.27940855439078,7.992732621751628,8.462170582248362,1890353326,208.85987272919522,244.59092712402344,219.72713287353517,255.8983753887931,233.28347885925376
2021-01-04,254.73782348632812,257.3210093367652,251.74678365560752,255.46294332987725,31450608,67.27779620506095,8.106557952445314,8.391048056287753,1921803934,209.31636975165426,245.3862731933594,221.13655212402344,257.188154750192,233.5843916365268
2021-01-05,255.37228393554688,256.0067603014469,251.0669836739893,252.01867056234732,27393072,67.71451437101248,8.15396714534873,8.343631874099948,1949197006,209.77463755447909,245.9368980407715,222.56772399902343,258.4989442400787,233.3748518414643
2021-01-06,258.36334228515625,262.07950199628453,255.0550642188508,256.50527625983915,40765708,69.76330706239125,8.336791342659609,8.34226376781188,1989962714,210.25810725329183,246.53284149169923,224.16929595947266,260.2155381234491,232.85014485994938
2021-01-07,260.7652587890625,264.4813906949815,260.1307824019338,261.94354046745246,30546600,71.33634763816494,8.576629379694424,8.38913689018839,2020509314,210.76066597504078,247.3191246032715,225.85606811523436,262.3127768244266,232.3254723821164
2021-01-08,259.2243957519531,264.11883685293355,258.4993036112494,262.940555209167,32543357,68.86136543755661,8.543879458403069,8.420085403831326,1987965957,211.24289214197523,248.06462173461915,227.58815795898437,263.8484118093704,232.28083165986786
2021-01-11,256.0520935058594,261.2184653947773,253.42359967099554,261.03717851216817,29703173,63.94269892768095,8.167793392649912,8.369627001595044,1958262784,211.68875484211338,248.52007598876952,229.288525390625,264.6695841109498,232.37056786658923
2021-01-12,265.1158447265625,266.3394618497063,251.8827064320445,253.7861077724359,44307145,70.43952521212252,8.503093086458932,8.396320218567821,2002569929,212.22036767678452,249.34941024780272,231.16019744873046,267.0451533187507,231.65366717685478
2021-01-13,278.07708740234375,279.1647533497221,266.9286359139389,268.2882045179148,78042133,76.86031937590047,9.702836215728269,8.657623417999911,2080612062,212.87565842032242,250.9876907348633,233.1678271484375,272.5329542059856,229.44242726374097
2021-01-14,278.4849548339844,280.2977128800965,275.3579361402438,277.98645743550054,40123498,77.02940498907554,10.564768705107383,9.039052475421405,2120735560,213.52848724035888,252.7030128479004,235.02590393066407,277.08284023396294,228.32318546183785
2021-01-15,275.4032897949219,281.7932512633978,273.0920065378709,278.077091492439,35307601,72.70651943705889,10.873844883640402,9.406010957065204,2085427959,214.14415691751873,254.34129257202147,236.78156036376953,280.1567633760364,228.52582176800655
2021-01-18,266.8833312988281,279.75389764473476,264.8439783678452,275.08605091258386,54969750,62.29719759920809,10.31242531575262,9.587293828802688,2030458209,214.66892482181038,255.38362731933594,238.15563140869142,281.4558303338742,229.3114243047977
2021-01-19,270.6448059082031,274.1796788806815,268.65076081578195,269.7837346954542,35803901,64.70005733612308,10.055106816123981,9.680856426266946,2066262110,215.22589876296854,257.3731300354004,239.59496215820312,281.66664462772167,233.07961544307912
2021-01-20,274.2249755859375,276.17371270788016,269.0586315016661,270.826054085564,33759304,66.86465153064748,10.024513472289755,9.749587835471509,2100021414,215.81295425374438,259.41701354980466,241.10045776367187,282.1065243597243,236.727502739885
2021-01-21,267.2458801269531,276.5815736865538,264.20950464439545,275.5392432655102,29995203,59.23879054001765,9.329567898799382,9.665583848137084,2070026211,216.32472466044297,260.8604232788086,242.24521514892578,281.60187308406364,240.11897347355352
2021-01-22,257.13970947265625,270.1009169041989,255.96140028584094,267.8349696147341,44440810,50.29381685804493,7.8725847574165755,9.306984029992982,2025585401,216.73084391230577,261.6240463256836,243.14252990722656,280.5580333403067,242.69005931106048
2021-01-25,254.6471710205078,261.03713140209226,251.112271071046,257.8648051524141,34034630,48.35449600318995,6.4425227073593305,8.734091765466253,1991550771,217.10812079895456,261.88462982177737,244.1241375732422,280.27613547222893,243.49312417132577
2021-01-27,249.84341430664062,258.1821137891831,247.16961233401364,253.96745615331548,39211107,44.771391420148284,4.865478996295337,7.960369211632071,1952339664,217.4338451124639,261.7826629638672,244.96163208007812,280.4158739381775,243.1494519895569
2021-01-28,255.91612243652344,256.82250145867476,244.26914646978045,246.4444505908451,48717297,49.83234667188411,4.058888942474596,7.180073157800576,2001056961,217.8167533445441,262.02965087890624,245.91695526123047,280.208775714049,243.8505260437635
2021-01-29,255.68954467773438,263.43907476807465,252.97040743052804,258.86187146614174,42300984,49.64953533041364,3.362615444421351,6.416581615124732,1958755977,218.19359703940174,262.3536804199219,246.67650115966796,279.82439689358114,244.88296394626263
2021-02-01,281.6119689941406,284.51236522493195,256.27866464335887,258.40866084534906,103414068,65.32328154875862,4.846667316549713,6.102598755409728,2062170045,218.82462561606582,263.7721649169922,247.74058990478517,282.6069824052519,244.9373474287325
2021-02-02,301.91485595703125,305.81227466415584,285.50939022471874,285.50939022471874,121434166,72.53469793473943,7.573756862219341,6.396830376771651,2183604211,219.65139407716998,266.13101654052736,249.4327993774414,290.77128311430147,241.4907499667532
2021-02-03,304.498046875,308.07822745522657,295.2982775714913,302.5040019403347,66420168,73.2956341280037,9.83012137308367,7.083488576034055,2250024379,220.49563937864093,268.5873046875,251.1222900390625,297.8151179629915,239.35949141200857
2021-02-04,321.855224609375,324.4837184727254,300.10212616427606,303.09316613627914,145203439,77.755260497823,12.870522317692974,8.24089532436584,2395227818,221.5041924655139,271.76189880371095,253.23234130859376,308.6474143182869,234.876383289135
2021-02-05,356.297607421875,370.1198878309798,349.0918829640788,350.7686897261344,214955688,83.60589213856802,17.853470720105463,10.163410403513765,2610183506,222.84542047502995,276.53851623535155,255.9378823852539,328.2526240437213,224.82440842698182
2021-02-08,359.8777770996094,369.62135151784616,357.7931164278115,360.7388482286738,79389205,84.07476635136659,21.8396293490502,12.498654192621053,2689572711,224.20892651109543,281.57118530273436,258.7304357910156,344.0385259000894,219.10384470537934
2021-02-09,357.83843994140625,365.7239487861223,352.58145248525796,359.6058901633061,63869990,82.62515706059607,24.551121272508567,14.909147608598557,2625702721,225.53857341089952,286.6605026245117,261.4377899169922,356.17063177771877,217.15037347130465
2021-02-10,355.5271911621094,360.6482273892608,351.6750801042662,357.1586624282923,54163507,80.92223216616635,26.21135155182685,17.16958839724422,2571539214,226.8319924930011,291.1810699462891,264.1206719970703,366.0516625744472,216.31047731813095
2021-02-11,353.623779296875,359.78717340653003,351.9016646414175,355.11929919081194,36392708,79.46960220907943,27.061557786523792,19.147982275100134,2535146506,228.09360231194515,294.9584045410156,266.6966006469727,374.29318967613455,215.6236194058967
2021-02-12,356.3428955078125,361.9624563276939,349.4544096300361,354.39418620527823,53589755,80.02134055252,27.63618951672845,20.8456237234258,2588736261,229.36971468205329,298.851301574707,269.3468524169922,382.11429323592665,215.58830991348736
2021-02-15,368.8509826660156,371.11693039670627,358.6542178779079,360.2856891798072,56608937,82.3686444453711,28.769253357665946,22.43034965027383,2645345198,230.75758799532653,303.52368621826173,272.07777282714846,391.36120830671223,215.68616412981123
2021-02-16,364.6816101074219,376.82708363909694,362.8235164901756,373.42816225930954,80365431,79.0352383105653,28.996527178710153,23.743585155961096,2564979767,232.09016532977526,308.4136001586914,274.5947869873047,398.40993598644525,218.41726433093754
2021-02-17,373.2015686035156,376.01134915120844,362.6875662388711,365.27075202724177,74161370,80.74965464420056,29.523800768348167,24.899628278438513,2639141137,233.4942588946881,313.541438293457,277.1716226196289,405.9987872382045,221.08408934870954
2021-02-18,376.3285827636719,387.65832059181116,374.96901422429517,385.25639404385146,67154539,81.35238990311231,29.849901710118615,25.889682964774536,2706295676,234.91549594811084,318.64661865234376,279.7693048095703,413.1103585850932,224.18287871959433
2021-02-19,362.14373779296875,376.14730515761215,358.019724186161,376.14730515761215,66155518,70.55981794124438,28.633669496348546,26.43848027108934,2640140158,236.18144860328357,323.39151153564455,282.1113876342773,416.57592449565504,230.2070985756341
2021-02-22,353.03466796875,363.4580278702664,349.54510281744757,363.0954817536171,52535049,64.63023068621649,26.62782194121951,26.476348605115373,2587605109,237.344167203935,328.1862594604492,284.28579193115235,417.0077629232759,239.36475599762252
2021-02-23,358.56353759765625,362.2796970262885,352.5814306711375,355.30056766860133,45462768,66.47194544642579,25.193887423225306,26.21985636873736,2633067877,238.55033009342478,333.38207778930666,286.51820251464846,416.35333585293085,250.41081972568247
2021-02-24,368.2165222167969,372.0686335261418,358.2010438766984,359.832515249399,39632090,69.46175900882662,24.55336328417866,25.886557751825624,2672699967,239.84054096032403,339.3007331848145,288.9119497680664,414.07408259700674,264.5273837726222
2021-02-25,369.12286376953125,376.056657888352,368.4883873777989,372.5217851670408,46988836,69.73465449347816,23.84401847535247,25.478049896530997,2719688803,241.12693223205744,344.96107025146483,291.3881774902344,410.15439316170614,279.7677473412235
2021-02-26,353.623779296875,363.45799747896564,350.76869083381473,362.0984289098423,64450414,59.88016448056295,21.780143086284056,24.738468534481612,2655238389,242.2463038446427,349.8577819824219,293.577082824707,400.6060396758982,299.1095242889456
2021-03-01,357.9743957519531,360.46693799246793,354.39418765138055,358.11034706933737,29677890,61.5238057784996,20.26199766293155,23.843174360171602,2684916279,243.39782714720303,353.6759033203125,295.8838168334961,393.66028955357257,313.69151708705243
2021-03-02,357.29461669921875,362.14372227287305,353.9863111853155,358.01970884280473,30534337,61.10258561523933,18.787434142845484,22.83202631670638,2654381942,244.53112853578034,356.44489135742185,298.1089764404297,388.6141278408523,324.2756548739914
2021-03-03,367.12884521484375,370.6184102992803,358.9261253832874,359.379314935539,46268223,64.85169059735236,18.20254438171287,21.90612992970768,2700650165,245.7510063136815,359.57643127441406,300.83445831298826,381.4572002414621,337.69566230736604
2021-03-04,358.60882568359375,365.7239059662117,357.521187540955,361.373298074676,43603653,59.50092909952871,16.85720133694548,20.89634421115524,2657046512,246.87396969049655,361.414111328125,303.3396887207031,374.8628712833278,347.96535137292216
2021-03-05,347.7323303222656,358.019738465982,342.7019374662452,358.019738465982,72179228,53.439315482704394,14.743412126757505,19.6657577942757,2584867284,247.8775354679271,360.98584747314453,305.52678161621094,375.55766988726486,346.4140250590242
2021-03-08,353.1252746582031,356.5695038986241,349.9076125141722,352.08294430864095,39147858,55.84146901712865,13.349499762362939,18.40250618789315,2624015142,248.92477665389998,360.6482223510742,307.7519421386719,375.61465821876516,345.68178648338323
2021-03-09,351.3125305175781,357.9290866164198,346.46339699612867,356.6148535707426,28054083,54.81771043911858,11.96066575895702,17.114138102105926,2595961059,249.9435602744341,360.3219268798828,309.78948272705077,375.7951418207957,344.8487119389699
2021-03-10,351.4031982421875,356.2069965461691,349.59043999004416,354.48488173873204,22677399,54.862284395636316,10.743476819688226,15.840005845622386,2618638458,250.95310891092916,360.11572723388673,311.77989166259766,375.9448508171293,344.28660365064417
2021-03-12,345.42108154296875,356.3882742168456,342.1581112414152,355.02870556290617,35336355,51.2685124452834,9.190200087050584,14.510044693908027,2583302103,251.89308873811362,359.7055923461914,313.66878601074217,376.5770402894503,342.8341444029325
2021-03-15,347.95892333984375,349.8623249402705,334.77111878776964,346.68999815972404,42722585,52.68454740105977,8.070962675338137,13.22222829019405,2626024688,252.84896768937463,359.286393737793,315.64378540039064,376.8726993860106,341.7000880895754
2021-03-16,343.1097717285156,351.5391133280401,340.88915969492854,349.4997605046783,38196452,49.71211202918683,6.715263575510619,11.920835347257364,2587828236,253.74708514250042,357.999333190918,317.4411352539062,376.3485128619625,339.65015351987347
2021-03-17,333.6834411621094,344.1068002195137,331.7800396282238,342.7925671955283,33143064,44.46079781662554,4.824620946980758,10.501592467202045,2554685172,254.54247176956122,356.44942474365234,319.0200476074219,377.3397451311959,335.5591043561088
2021-03-18,332.73175048828125,339.89213935867195,327.2934762585425,336.7198127246577,39405038,43.95594906920916,3.2124484526764263,9.043763664296922,2515280134,255.32047454288184,354.4259338378906,320.5672369384766,376.2526645538701,332.59920312191116
2021-03-19,336.402587890625,337.98875127063246,323.8039242900932,329.8766751520337,60309145,46.48031104779814,2.205571579517539,7.676125247341045,2575589279,256.1272617403718,352.4296340942383,322.1280218505859,373.1537340002804,331.70553418819617
2021-03-22,332.64111328125,337.89810073757366,329.4687865878321,337.17300855756133,28461974,44.27940474048672,1.0915125610011387,6.359202710073064,2547127305,256.88859359649996,350.95450286865236,323.5655389404297,372.8686220032216,329.0403837340831
2021-03-23,337.8075256347656,342.56601624784713,332.68646122752796,334.1820089771797,41032380,47.926639745807485,0.6183708674467425,5.2110363415478,2588159685,257.69375709936827,350.1931457519531,325.13720153808595,372.8120127332242,327.57427877068204
2021-03-24,326.1604919433594,334.4991622304421,325.0728260682871,334.00066483965446,42318999,41.35482729790891,-0.6884792537971407,4.031133222478812,2545840686,258.37501814259207,348.57299346923827,326.53936950683595,373.1212025225747,324.0247844159018
2021-03-25,321.9458312988281,327.0668671077367,312.88204131474504,326.29643942699124,57495003,39.25705722865059,-2.040731004149791,2.8167603771530914,2488345683,259.0075635471317,346.2594589233398,327.67596923828125,371.6726898880299,320.84622795864976
2021-03-26,323.75860595703125,328.109214309087,321.35667935924687,326.2964562189816,40718848,40.65152076004514,-2.9323225052913813,1.6669438006641968,2529064531,259.6518525263347,343.99124603271486,328.589599609375,368.93044749960245,319.05204456582726
2021-03-30,327.02154541015625,330.1938720389263,322.9428397445948,326.3870966806981,39405124,43.18001698510213,-3.3371546081553447,0.6661241189002884,2568469655,260.3221977291588,342.66113433837893,329.5603314208984,368.23307188239767,317.0891967943602
2021-03-31,330.1938781738281,333.4115404105168,324.43839331166174,326.56836195930134,38651025,45.60637628285048,-3.363236922890792,-0.1397480894579276,2607120680,261.0174383305983,341.27210845947263,330.65614318847656,366.37975108908887,316.1644658298564
2021-04-01,335.94940185546875,337.0823757101415,329.10625083744304,333.27560015473773,31883453,49.795181856456736,-2.8862142043003587,-0.6890413124264139,2639004133,261.7630300074627,340.20484771728513,332.0374645996094,364.29135064961594,316.11834478495433
2021-04-05,320.4502868652344,334.63514045338087,316.3715813336761,333.094285077262,51743981,40.70458702610222,-3.715983763551037,-1.2944298026513386,2587260152,262.34698281201764,337.8709197998047,333.03357421875,360.03934220770213,315.7024973919073
2021-04-06,317.7311706542969,323.5773266966268,316.5981968213255,322.39904497453415,44147709,39.347439657685406,-4.540650281060948,-1.9436738983332607,2543112443,262.8980692582095,335.82703704833983,333.9036981201172,357.50280407716366,314.151270019516
2021-04-07,324.9822082519531,329.1968931047109,315.0573739166869,318.3656520284423,48023602,44.64746830014943,-4.556580874954477,-2.466255293657504,2591136045,263.51582188501294,334.68953094482424,335.0584246826172,356.1333658743012,313.2456960153473
2021-04-08,322.3083801269531,329.2874818781842,321.1300708226339,327.20282122818486,33370259,43.150099122360146,-4.730432092392846,-2.9190906534045724,2557765786,264.10082246453476,333.14868621826173,336.36179809570314,353.4716903382005,312.82568209832294
2021-04-09,319.9517822265625,330.3751405710539,318.32031111509957,321.22070727553273,46473100,41.81890500056923,-5.000722968851335,-3.3354171164939252,2511292686,264.65655340744047,331.5806488037109,337.6678903198242,350.8688871414282,312.2924104659936
2021-04-12,298.062744140625,311.79438066392925,292.3525397589146,311.79438066392925,75501713,31.957162154330987,-6.901635121435277,-4.048660717482196,2435790973,264.98895331523335,328.9136260986328,338.6322769165039,351.0425074776712,306.78474471959436
2021-04-13,309.0752868652344,310.20826079069343,299.55830589137815,300.91787460192904,49773360,39.66599745181398,-7.433809210283641,-4.725690416042486,2485564333,265.4276233008055,327.0963363647461,339.6954602050781,349.4724385015912,304.72023422790096
2021-04-15,310.61614990234375,315.0120667099398,304.63404190064483,310.07231687300805,52992349,40.67869133345677,-7.643121097899268,-5.309176552413843,2538556682,265.87726038141784,325.2291976928711,340.7939923095703,346.53682359691976,303.9215717888224
2021-04-16,308.0782470703125,313.1539755049519,306.9452732081383,310.88802778060347,37766793,39.50260968592629,-7.922464585077591,-5.8318341589465925,2500789889,266.29717069673023,323.4776214599609,341.32331787109376,344.3733358615017,302.58190705842014
2021-04-19,300.14739990234375,300.96313546911597,291.21956123260605,296.5218839073633,53304377,35.99992260131434,-8.683699118800803,-6.402207150917435,2447485512,266.63398889778114,321.80081939697266,341.28796875,344.459422975833,299.14221581811233
2021-04-20,298.65191650390625,308.07825370819756,296.1140660621531,303.7276450479078,41296147,35.363166092527806,-9.300446228358965,-6.981854966405741,2406189365,266.9525752421207,320.0968276977539,341.1710461425781,344.2851566070823,295.9084987884255
2021-04-22,305.13250732421875,306.03888639107254,293.0323412496223,295.47957579432506,49105833,40.29176784427171,-9.160694454131999,-7.417622863950993,2455295198,267.33247506383316,318.53332366943357,340.836591796875,342.34314705799386,294.7235002808733
2021-04-23,304.9512634277344,308.07825476918185,300.6006270919663,300.6006270919663,44223940,40.19944754390609,-8.961265147501251,-7.7263513206610455,2411071258,267.7067913659615,317.1488311767578,339.8096649169922,340.7354574399796,293.56220491353605
2021-04-26,312.06634521484375,314.9214618023735,307.4891413524987,307.4891413524987,49234985,45.48064920530069,-8.135309563590852,-7.808142969247007,2460306243,268.14817996147275,315.86177215576174,338.8534362792969,337.53001749671034,294.19352681481314
2021-04-27,319.99713134765625,321.71927377227814,310.34419942985795,311.79441152719977,46003023,50.70629579514603,-6.76282798083173,-7.599079971563952,2506309266,268.66408992551436,315.55360412597656,338.0966101074219,336.7983799377784,294.3088283141747
2021-04-28,329.3781433105469,330.1938789285813,322.7162517190275,323.5773228861433,56696255,56.07004268002083,-4.862109798088113,-7.051685936868784,2563005521,269.2682098596938,315.9252197265625,337.5736291503906,337.85327412640834,293.99716532671664
2021-04-29,325.7526550292969,335.3149714834763,322.21778194094685,330.82838370870775,63692926,53.640785747389806,-3.606747212413268,-6.362698191977682,2499312595,269.8302441399884,316.0249221801758,337.0162066650391,338.1120930357725,293.9377513245791
2021-04-30,320.40496826171875,328.5623790519747,317.6405234469952,320.3596603770805,53832840,50.18683224139368,-3.008694590139669,-5.69189747161008,2445479755,270.33347522577674,315.69409332275393,336.29744812011717,337.3055981689132,294.08258847659465
2021-05-03,317.7764892578125,319.49860385999483,309.43779122762413,316.87011023977,43691860,48.53266752502232,-2.715526962286617,-5.096623369745387,2401787895,270.8055450171403,315.07322387695314,335.2759582519531,335.67258669868215,294.4738610552241
2021-05-04,318.5922546386719,328.9249708786379,317.41397286921335,321.7645814985164,57749307,49.09346742512815,-2.3898157481190765,-4.555261845420126,2459537202,271.2810346651157,314.20536651611326,334.35417114257814,332.55297663755493,295.8577563946716
2021-05-05,322.12713623046875,323.98523003727064,315.4199362222106,323.1241588023508,40872501,51.556693803785194,-1.8254096755867408,-4.009291411453449,2500409703,271.78696602397497,314.289208984375,333.3326824951172,332.765078652095,295.81333931665506
2021-05-06,322.2630615234375,325.7073185242703,317.7311662543103,324.48370126950726,36294427,51.653567380391415,-1.3515657529318332,-3.4777462797491263,2536704130,272.28921573043726,314.515803527832,332.2513720703125,333.2641214381294,295.76748561753465
2021-05-07,324.7102966308594,328.1092180889633,319.9518065895139,324.0305123392386,38357618,53.45814412229399,-0.7696970214514067,-2.9361364280895828,2575061748,272.81081852546635,314.50220794677733,331.5027032470703,333.22051709749906,295.7838987960556
2021-05-10,327.83734130859375,332.6411396176199,325.208819711829,326.7496752919672,41739324,55.73190520245231,-0.05559462766370871,-2.360028068004408,2616801072,273.35834611534824,314.7786560058594,330.9987567138672,334.10344047758605,295.4538715341327
2021-05-11,330.5111083984375,332.0972717040139,321.5379615161324,323.4413630149227,41892770,57.63761054093393,0.71781282338452,-1.7444598897266226,2658693842,273.92703031717,315.30662231445314,330.4377081298828,335.7145145589876,294.89873006991866
2021-05-12,333.27557373046875,338.5325609351442,328.018558865301,328.8342944438896,53436590,59.57529917434519,1.5361057779189196,-1.0883467561975144,2712130432,274.5175630874516,317.0672637939453,329.73888916015625,337.29568459960285,296.83884298828775
2021-05-14,326.704345703125,337.6262023942307,325.8885824145827,335.36025472715534,51722170,53.33074719841092,1.6355124862370758,-0.5435749077105965,2660408262,275.03683455626424,317.94871673583987,328.8905187988281,338.24358065838686,297.6538528132929
2021-05-17,347.2338562011719,349.13725793897476,329.6047707555756,330.28455511475545,106555796,65.49807315166575,3.3324386651198665,0.23162780685549617,2766964058,275.7552128810892,319.77960205078125,328.7627203369141,343.42793199004086,296.13127211152164
2021-05-18,346.46337890625,355.79907170793757,344.46933400662135,353.48781628106605,70917710,64.81509565335564,4.562500147383275,1.097802274961052,2696046348,276.4587767221356,321.6988586425781,328.5325,347.38017039322983,296.0175468919264
2021-05-19,348.412109375,353.03464816939385,345.5117129439741,346.236805136607,48189573,65.78683053777252,5.629683509656559,2.0041785219001538,2744235921,277.17473028087056,324.1120941162109,328.35484985351565,350.3048684939207,297.91931973850114
2021-05-20,348.5480651855469,351.4937972043004,346.2368095888765,350.76870500234344,42898608,65.85767651141863,6.412485370858349,2.885839891691793,2787134529,277.884912717733,326.60690155029295,327.98323425292966,352.1205132248339,301.09328987575196
2021-05-21,363.6392517089844,366.5396477997869,342.6112486633347,353.48779623994847,192810772,72.63211617678387,8.156570251209644,3.9399859635953636,2979945301,278.7381897226211,329.53223876953126,328.0838427734375,357.79463533235037,301.26984220671216
2021-05-24,373.4734802246094,379.95411262533776,367.355421575903,377.9600676311915,142964052,75.97718998741463,10.214563013401346,5.19490137355656,3122909353,279.68082942910854,332.958349609375,328.5986657714844,364.85085324108076,301.0658459776692
2021-05-25,373.74542236328125,376.60051095757547,370.25585734336846,376.2379648545769,56048127,76.06431267954054,11.732238618620443,6.502368822569336,3178957480,280.616795527956,336.04230346679685,329.0110687255859,371.03531124780653,301.0492956857872
2021-05-26,374.83306884765625,379.5462512709201,372.3405263019965,375.05966362453444,52357719,76.43245668167954,12.874363799598427,7.776767817975155,3231315199,281.55427088437096,338.7841003417969,329.4814794921875,376.7827316230256,300.7854690605682
2021-05-27,385.39239501953125,388.92726789153824,373.4281801260522,374.9690356228089,73392997,79.69727673680038,14.464814233738196,9.114377101127763,3304708196,282.587486049895,341.5848129272461,330.16126342773435,384.3550389766857,298.8145868778065
2021-05-28,382.53729248046875,393.05129569321736,380.7245342596671,390.19620702755384,65137568,76.60709434103133,15.318294978352867,10.355160676572785,3239570628,283.5820114870151,344.4240447998047,330.90358764648437,390.0566752015891,298.79141439802027
2021-05-31,384.62200927734375,386.1175293872371,378.8664959715143,381.58563350241036,38291043,77.29923005381883,15.978711203903003,11.47987078203883,3277861671,284.5873845993567,347.63489685058596,331.63684936523435,395.0573676413076,300.2124260598643
2021-06-01,392.05426025390625,394.5921382759125,385.7549422399594,386.1627962299375,59299647,79.61490603646216,16.906923866451223,12.565281398921309,3337161318,285.65670674517315,351.3487854003906,332.61573913574216,400.4408410865338,302.25672971424746
2021-06-02,396.3142395019531,396.9487159009735,388.9725636669023,390.46808356688643,38657806,80.8224478457594,17.781311916822403,13.608487502501529,3375819124,286.75777672285255,355.23488464355466,333.86835510253906,405.6273762785569,304.84239300855245
2021-06-03,402.1685791015625,404.27251429706257,396.5428897096169,399.74450473610744,38909199,82.36820445260535,18.730750591961566,14.632940120393537,3414728323,287.90614291567556,359.23695678710936,335.2570916748047,411.166395658655,307.3075179155637
2021-06-04,396.6343994140625,404.22679015914537,394.94211147713594,400.20190798204277,36898769,76.12197392811191,18.819683931122313,15.470288882539293,3377829554,288.9880161146645,362.9555236816406,336.46172790527345,414.4108987102092,311.500148653072
2021-06-07,395.3994445800781,400.1103866882579,394.07305008315626,398.0064794681751,20201197,74.75956439619122,18.576376800618505,16.091506466155135,3357628357,290.0468362984,366.48998107910154,337.71689453125,416.646418205082,316.3335439531211
2021-06-08,390.780029296875,395.6281784678205,387.8528269834818,395.39949165945757,31113823,69.7320785300694,17.805554589733276,16.434316090870766,3326514534,291.04915662674307,369.6371154785156,338.7763446044922,417.54584476347117,321.7283861935601
2021-06-09,385.5202331542969,395.4452183161297,382.54730464211076,391.0544427567875,27784834,64.41992182060207,16.57913687365192,16.463280247426997,3298729700,291.98916733846005,372.38757171630857,339.96353942871093,417.21247665819976,327.5626667744174
2021-06-10,395.3994445800781,396.35991789449275,386.389179820239,388.6760476315755,27397712,69.17046521986501,16.217417501870955,16.41410769831579,3326127412,293.01812532096375,375.49376525878904,341.43261169433595,417.57271404564665,333.41481647193143
2021-06-11,392.9753723144531,398.37237479392996,388.9962167189867,397.77779474308255,26831924,66.8132095294512,15.555831972854605,16.242452553223554,3299295488,294.01272479353577,378.8073165893555,342.8169470214844,415.02553391516824,342.5890992635427
2021-06-14,393.6614685058594,395.582443235397,381.17517463766893,390.597059760629,30106015,67.15439256068296,14.91495261384739,15.976952565348322,3329401503,295.0042545817181,381.12869720458986,344.1497454833984,414.8178129554008,347.4395814537789
2021-06-15,392.8839416503906,395.90259639194994,391.5118207831599,392.60952864329266,16413658,66.32225234734057,14.18084325163801,15.617730702606261,3312987845,295.9781818162322,383.44972534179686,345.4035467529297,413.46152517899054,353.4379255046032
2021-06-16,389.6365661621094,395.85683571878405,388.76754518886935,391.5117866843202,19701175,62.820959447691244,13.18503139612227,15.131190841309465,3293286670,296.9101060385793,385.51094818115234,346.4772900390625,410.92437109963555,360.09752526266914
2021-06-17,384.42254638671875,389.6366170757428,381.08372438081153,385.1086068502287,23048331,57.56610300622672,11.83864695292499,14.47268206363257,3270238339,297.78087658930707,387.30467224121094,347.75673522949216,406.2772382311612,368.33210625126065
2021-06-18,377.6991271972656,387.76134676758494,368.3229680521954,387.76134676758494,45748727,51.575111977532835,10.112532858920304,13.600652222690119,3224489612,298.57608306301813,388.007666015625,348.9560943603516,404.268795514537,371.746536516713
2021-06-21,383.96514892578125,385.1085829607002,366.35626478802953,371.70754165462415,33128978,56.154841922913896,9.144775312229399,12.709476840597976,3257618590,299.42572550941384,388.5322494506836,350.1357531738281,403.5103487634075,373.5541501379597
2021-06-22,382.95892333984375,389.17922127096506,381.72400899267575,386.93807938477613,28442965,55.251190313886724,8.202078038738819,11.807997080226146,3229175625,300.2569016072291,388.99292449951173,351.34876403808596,402.63025982370084,375.3555891753226
2021-06-23,383.14190673828125,388.5389101483387,379.6201241002014,385.2000881340052,27564829,55.39177234125198,7.384623545267004,10.923322373234319,3256740454,301.0816280264436,389.40836639404296,352.6125665283203,401.73853777264185,377.07819501544407
2021-06-24,381.632568359375,386.7094044902972,380.80927349198566,384.51401664762466,19214547,53.88793971250362,6.539609429896075,10.04657978456667,3237525907,301.8831299203036,389.22037506103516,354.2839630126953,401.89944304963296,376.54130707243735
2021-06-25,392.2435607910156,394.2560156567706,383.3247762140933,385.10854429582463,29886797,61.75005082915289,6.649496804936916,9.36716318864072,3267412704,302.78223868518626,389.7056884765625,355.94732849121095,402.06335251351464,377.34802443961036
2021-06-28,390.36834716796875,396.2227233583746,388.35589226695373,393.98160958519685,29370660,59.80928693845082,6.510223470097003,8.795775244931978,3238042044,303.65374225217914,389.9930053710938,357.54237243652346,402.12975621004546,377.8562545321421
2021-06-29,385.56597900390625,392.3808574148079,384.6969579204669,391.0544626907946,22275961,55.038486486197556,5.943820707831662,8.225384337511915,3215766083,304.4687893840371,389.66859130859376,359.0921270751953,401.9139864081311,377.4231962090564
2021-06-30,383.4620666503906,388.6761093385087,382.6387717749082,386.938095109136,18337773,53.04229672585693,5.2644885472825536,7.633205179466044,3197428310,305.2547921429063,389.02598266601564,360.75842041015625,401.15731315192295,376.8946521801083
2021-07-01,384.55975341796875,387.57843621103075,381.58682473872585,384.46827310620233,16161469,53.980110021375026,4.759818835465069,7.05852791066585,3213589779,306.04389623519546,388.1455413818359,362.4765771484375,398.7997585968378,377.49132416683403
2021-07-02,388.21875,389.1334973034476,383.2791201445572,384.46828047269025,16423811,57.05870749649331,4.602065155138064,6.567235359560293,3230013590,306.8615564716612,387.7247589111328,364.13830200195315,397.644085636064,377.80543218620164
2021-07-05,395.7653503417969,397.45763815878803,388.081479836285,390.1396609314686,16483761,62.61381551316537,5.028031784368295,6.259394644521893,3246497351,307.7461713360407,387.74305419921876,365.9545837402344,397.7201161862578,377.7659922121797
2021-07-06,393.1126403808594,399.28718447061107,391.69479327474636,394.8964087286917,20195278,59.69069236081972,5.0928546248086946,6.026086640579254,3226302073,308.5955889384767,387.859684753418,367.5755096435547,398.0287163077099,377.6906531991261
2021-07-07,395.9483337402344,397.00028744406666,391.1001567984235,392.7467185189113,14473774,61.746589066666246,5.31181267804061,5.883231848071526,3240775847,309.46477047879273,388.38108978271487,369.09453369140624,399.07278710649564,377.6893924589341
2021-07-08,388.26446533203125,398.2809305547424,386.1148038004786,395.90258222017076,21433043,53.74719499746844,4.809869368915031,5.668559352240227,3219342804,310.2488470444966,388.0243408203125,370.27226013183594,398.22015230419174,377.82852933643323
2021-07-09,387.6241455078125,391.054447680448,385.1543167771667,388.76757956535766,16844494,53.12948948759886,4.310715971298691,5.396990676051921,3202498310,311.01875051179326,387.7567794799805,371.50968994140624,397.69648290703896,377.817076052922
2021-07-12,391.0086975097656,393.56997847527344,388.4016624352391,390.1396765129672,12886781,56.00750538005956,4.140509155985342,5.145694372038606,3215385091,311.8146703824199,387.62414093017577,372.9217645263672,397.31275568948587,377.93552617086567
2021-07-13,392.5180358886719,394.98783662184604,391.78622136649943,393.34130279972993,12831125,57.267649996043644,4.080374010043045,4.932630299639494,3228216216,312.61768894467116,387.60584564208983,374.4165954589844,397.2559678140492,377.95572347013047
2021-07-14,394.3017272949219,395.44516117283996,390.0481588522399,392.4265069014827,12767351,58.77067368385436,4.129048363891172,4.77191391248983,3240983567,313.4304654456687,387.83910369873047,375.9307849121094,397.89143784088134,377.7867695565796
2021-07-15,394.8963928222656,396.0398268669029,393.02114423953844,395.8111400579754,11030732,59.2848391803037,4.16756656508295,4.6510444430084545,3252014299,314.2410716882219,388.3627960205078,377.3861700439453,398.73482090937495,377.99077113164066
2021-07-16,393.3412780761719,395.62814597196353,391.00868398881147,395.1707723928052,8713863,57.27332343866086,4.026196269290267,4.526074808264817,3243300436,315.0281384184502,389.1449035644531,378.807734375,398.49083431614673,379.7989728127595
2021-07-19,391.4203186035156,392.8381935032809,383.1418676668262,387.3039562318398,14426686,54.799891663347566,3.7163145551747903,4.364122757646812,3228873750,315.78825961432153,389.51766204833984,380.1419348144531,398.59841956976084,380.43690452691885
2021-07-20,385.01715087890625,390.59711525138647,383.1876561938881,390.59711525138647,14623321,47.444661579191546,2.9203845668799318,4.075375119493436,3214250429,316.4771043035214,389.62057342529295,381.28553100585935,398.4447053160113,380.79644153457457
2021-07-22,386.0690612792969,390.3226582758298,385.0171075370059,389.2706766176685,11799761,48.66367885515617,2.347425040276903,3.7297851036501295,3226050190,317.16956158686247,389.7669311523438,382.39669006347657,398.2467686852259,381.28709361946164
2021-07-23,392.3350830078125,393.2955843528593,383.73646459295605,386.84659960481434,17704661,55.312929970656185,2.3716274289420767,3.4581535687085188,3243754851,317.9174772228918,390.30205688476565,383.57788024902345,397.9732833556176,382.6308304139137
2021-07-26,387.2125244140625,391.3288873011682,386.29777710581675,391.3288873011682,14037519,49.65110275225145,1.9549251683784519,3.1575078886425056,3229717332,318.6069801800179,390.05050506591795,384.78804382324216,397.78030176381014,382.32070836802575
2021-07-27,393.2955627441406,396.31421728358856,387.85280583552577,387.9900123298882,24119619,55.47901511814192,2.0914273077336247,2.9442917724607294,3253836951,319.35015015578034,390.1968658447266,385.70927795410154,398.0549792459879,382.33875244346524
2021-07-28,389.22491455078125,393.7986503269361,385.1542785436563,393.3412767493207,17636515,51.20747843068796,1.8498154264734126,2.725396503263266,3236200436,320.0454214432928,390.3798126220703,386.5645086669922,397.9637419077892,382.7958833363514
2021-07-29,403.9066162109375,405.78186472611054,389.22493477303783,389.6823083744162,35263606,62.44002445973956,2.8106277268493045,2.7424427479804736,3271464042,320.8798611922246,391.4020401000977,387.6743988037109,400.3664156245874,382.437664575608
2021-07-30,394.98785400390625,406.5136750135399,393.9816543549279,403.8609135541163,35196813,54.26714994052224,2.8199027408068673,2.7579347465457524,3236267229,321.6172541555249,391.9234451293945,388.60319458007814,400.43701139672504,383.409878862064
2021-08-02,397.8235778808594,399.4701396987546,394.98785579104344,397.6863713750025,16926025,56.22889823403005,3.0212454371880426,2.8105968846742106,3253193254,322.3755260333889,392.4036865234375,389.2868811035156,401.10860717205054,383.69876587482446
2021-08-03,408.43463134765625,409.7152718650125,396.63439786165935,397.8693121846302,40922962,62.68002538723925,3.9910282201691416,3.046683151773197,3294116216,323.2318355390035,393.03715057373046,389.98610412597657,404.1415919533088,381.9327091941521
2021-08-04,417.9937438964844,427.5985894893642,403.86088850061356,410.4013253925912,129761158,67.3486882426858,5.467898031583161,3.5309261277351904,3423877374,324.17474009977445,394.28120574951174,390.87107055664063,409.82736590384604,378.73504559517744
2021-08-05,404.1810607910156,423.07058511627656,401.0251717465032,421.6984642996832,58595639,56.37435982275583,5.460811077336416,3.9169031176554356,3365281735,324.97082289272214,394.6928421020508,391.4580303955078,410.8189352562637,378.5667489478379
2021-08-06,398.5096130371094,408.8919993647804,397.00028573672193,405.8733447640056,38236066,52.585444238325,4.940603972388999,4.121643288602149,3327045669,325.7025521478902,395.20509948730466,391.7203747558594,411.131492437312,379.27870653729735
2021-08-09,396.4514465332031,404.1353177330876,394.256058749789,400.5678090955559,22196404,51.23955322208325,4.312546901564247,4.159824011194569,3304849265,326.4065212462515,395.6464645385742,391.99865783691405,411.19275938680227,380.10016969034615
2021-08-10,390.0939636230469,399.19568172390404,385.74891432261467,397.3661872816168,27794251,47.219301178171406,3.2641839284376033,3.980695994643176,3277055014,327.0402271405479,395.6007278442383,392.1080969238281,411.206598304033,379.9948573844436
2021-08-11,391.55755615234375,395.9940859768348,387.07530013088865,393.15836386828283,23827946,48.22640884683834,2.5223720694539793,3.689031209605337,3300882960,327.68219061330217,395.5527038574219,392.09816284179686,411.20207499884793,379.9033327159958
2021-08-12,390.7342529296875,393.75293537765754,388.7675520729627,393.3412879797034,16847144,47.6753236670751,1.8467588508422637,3.320576737852723,3284035816,328.3095743179428,395.3743301391602,391.98656311035154,411.15742406225536,379.591236216065
2021-08-13,394.4389953613281,395.39946873441653,388.76755167640727,391.1458999286601,20908992,50.42079105197767,1.5919215789458576,2.97484570607135,3304944808,328.9675785074292,395.3514602661133,391.83197143554685,411.13858309056803,379.56433744165855
2021-08-16,388.63037109375,397.00030276942437,387.8528303553823,393.34131380380757,17608693,46.317304937046416,0.9107551527934561,2.5620275954157714,3287336115,329.56123813515376,395.1159149169922,391.6718908691406,411.1545483398768,379.07728149410764
2021-08-17,385.56597900390625,389.5451352600746,379.84880849673084,388.63038797892654,22957877,44.270333251186294,0.12224584704210884,2.074071245741039,3264378238,330.11849923832546,394.82319793701174,391.4752215576172,411.3278578219826,378.3185380520409
2021-08-18,383.91943359375,388.1730027408294,382.36435209591116,386.1605476160816,17668574,43.16643560657312,-0.628273565932659,1.5336022834062997,3246709664,330.65383191847894,394.76831207275393,391.3380096435547,411.4097799069237,378.12684423858417
2021-08-20,372.0277099609375,381.7697623865227,370.60983500356787,379.6201008108056,25541790,36.15455092149455,-2.157755064573962,0.7953308138102475,3221167874,331.06551229701086,394.0662445068359,391.0681591796875,413.12558500474785,375.006904008924
2021-08-23,374.5889892578125,377.7906045506143,367.0423246390654,376.0525904034102,26559937,38.472761145670056,-3.1271584023390915,0.010832970580379686,3247727811,331.4985817195064,393.17893981933594,390.6519500732422,414.0447619253899,372.313117713282
2021-08-24,381.9985046386719,383.0504585236815,373.3998850036435,374.5890454100241,19012313,44.72543469527505,-3.2599528570740404,-0.6433241949505043,3266740124,332.00106851472196,392.9182388305664,390.4324127197266,414.2018352312562,371.6346424298766
2021-08-25,380.7635192871094,385.38298144784864,378.97975109347084,383.2790740691864,16410980,43.92420157934715,-3.425360986611281,-1.1997315532826596,3250329144,332.4862670298701,392.29163665771483,390.17445373535156,414.2219791398612,370.36129417556845
2021-08-26,375.7324523925781,380.3519150779214,375.04639191955454,379.162754757696,15897679,40.723587446041066,-3.9172574673041254,-1.7432367360869527,3234431465,332.91657733198656,391.6170135498047,389.8314239501953,414.6838689020725,368.5501581975369
2021-08-27,377.2875061035156,379.02552025699,372.7594961495837,375.36653133773024,15090541,42.12728418614121,-4.133955468486647,-2.2213804825668917,3249522006,333.35807911080775,390.2860580444336,389.5844427490234,413.43458144508014,367.1375346437871
2021-08-30,386.6636657714844,387.2124917774755,378.2479800785992,379.07124700345594,20308691,49.84009022299125,-3.5086667441222517,-2.4788377348779638,3269830697,333.8884829581777,389.8698486328125,389.62926513671874,412.9645272978191,366.7751699678059
2021-08-31,389.7280578613281,390.5970789222341,383.00468785192083,387.7156306445066,26262421,52.08754515285557,-2.734330434457547,-2.5299362747938807,3296093118,334.44410061890557,389.46507263183594,389.86984375,412.2699069292031,366.6602383344688
2021-09-01,393.24981689453125,395.67389139874035,388.9047676812977,391.0544291910187,18776721,54.60489325335485,-1.8155581842429456,-2.387060656683694,3314869839,335.0292321241357,388.70583190917966,390.055537109375,409.8872083442186,367.5244554741407
2021-09-02,393.1126403808594,396.5429426529436,391.28314583574775,394.6219677974022,14372717,54.48481202677245,-1.0859751097040657,-2.1268435472877685,3300497122,335.6071764848991,387.46177673339844,390.2586114501953,404.0384968259638,370.88505664083306
2021-09-03,394.6219482421875,397.27470961796934,391.6947738645858,394.48474174127756,14233624,55.64068767516205,-0.3815880269285117,-1.7777924432159173,3314730746,336.19438814417566,386.983821105957,390.48821228027344,402.0907930734707,371.87684913844333
2021-09-06,394.3017272949219,396.86303593097807,393.38698019258743,395.1707482084861,10694099,55.31969792795173,0.14908608517271205,-1.3924167375381917,3304036647,336.7725706232876,386.77342681884767,390.74159545898436,401.3400020262568,372.20685161143854
2021-09-07,392.5180358886719,394.89638423296043,388.85904702541853,394.3017762099861,14928735,53.46933005299356,0.4208686410477753,-1.0297596618209983,3289107912,337.32725186970936,386.5767562866211,390.7470849609375,400.715274229986,372.4382383432562
2021-09-08,394.57623291015625,398.28094811606775,390.9172439005169,392.426571283819,22817464,55.32620655549794,0.7931941251019907,-0.6651689044364005,3311925376,337.8968934721019,386.8008697509766,390.83124267578125,401.2929695993714,372.30876990258173
2021-09-09,395.4451904296875,396.817311184705,393.341283105008,393.56996989751093,9662128,56.122335658799834,1.1451814247070615,-0.3030988386077081,3321587504,338.46951334232665,386.99525146484376,391.02882690429686,401.8374030577965,372.153099871891
2021-09-13,395.9483337402344,396.81732683650046,392.24359080603887,393.4327789234805,9567921,56.60456381805787,1.4480412377778862,0.047129176669410744,3331155425,339.0414419034999,387.2559555053711,391.27855224609374,402.5285815918162,371.983329418926
2021-09-14,396.0855407714844,399.51584279895104,395.39948036599105,397.91503518613325,9981562,56.74417590015908,1.679767962901451,0.37365693391581883,3341136987,339.60904487731074,387.3382827758789,391.5090679931641,402.78169882733414,371.89486672442365
2021-09-15,406.01055908203125,407.062512801603,394.66769913994705,396.0855461642564,22181568,65.41254165201337,2.6339169379803593,0.825708934728727,3363318555,340.26975646143734,388.207292175293,391.8649041748047,405.6679700555957,370.7466142949903
2021-09-16,424.16827392578125,426.36366155076513,405.00430954655894,406.92528418687044,42637448,75.20305354828376,4.799932083335818,1.6205535644501454,3405956003,341.10456758048554,390.13740692138674,392.4329626464844,413.5300774603667,366.74473638240676
2021-09-17,415.38671875,431.66920812179234,411.9564166703356,428.10169954211534,41529478,65.54050944062087,5.741729495636491,2.444788750687415,3364426525,341.84369346276924,391.71077117919924,392.87844421386717,417.3444998525173,366.0770425058812
2021-09-20,400.1562194824219,414.83790255192383,398.5096575849526,411.0874330206504,18376916,52.85590528337619,5.1992035438073,2.995671709311392,3346049609,342.42391760226826,393.11719665527346,392.9626019287109,417.3237340954445,368.91065921510244
2021-09-21,401.39105224609375,403.7236743094292,395.7653626606565,402.62596652481625,17279588,53.63932685664521,4.813402593535386,3.359217886156191,3363329197,343.0106552604158,394.4572998046875,393.2251336669922,417.3440949589464,371.57050465042863
2021-09-22,401.43682861328125,405.05006343256156,398.9212737236087,401.4825548085636,14321143,53.67006288867786,4.459934976960824,3.579361304317118,3377650340,343.5920102191508,395.429216003418,393.5013873291016,417.7613757091841,373.0970562976519
2021-09-23,411.4532775878906,412.6881918856447,404.3639868190037,404.68415392077236,20516770,59.9300571148385,4.931209155944316,3.849730874642558,3398167110,344.26724671038204,396.96370391845704,393.91027893066405,419.27164695173303,374.65576088518105
2021-09-24,403.1748352050781,413.37426107405764,402.4887747934983,412.64247446805365,10731274,53.49642117029898,4.583856380667726,3.996555975847592,3387435836,344.85339186953325,398.33582305908203,394.1234149169922,418.5268086896181,378.14483742854594
2021-09-27,408.526123046875,412.1393578960577,404.5469669689246,406.97104157222344,11746892,56.73006649284513,4.686359573962875,4.134516695470649,3399182728,345.4869513837357,399.89775390625,394.40790283203125,418.0658441273773,381.72966368512266
2021-09-28,406.97100830078125,416.94174682040625,402.1228594905383,410.90443786149785,19241170,55.52181191833733,4.589207798947825,4.225454916166084,3379941558,346.09873304460183,400.91312103271486,394.6493951416016,418.26055855158796,383.56568351384175
2021-09-29,420.78375244140625,422.88766003726454,401.6655397071341,404.1810947489034,38635938,63.04958741713529,5.5626643989836,4.492896812729588,3418577496,346.84186756596307,402.4659057617188,395.19824462890625,421.0464412141521,383.88537030928546
2021-09-30,414.3805236816406,425.2660108839221,412.9169224298335,420.7380285336128,26530369,58.1373584639831,5.751153009070379,4.744548051997746,3392047127,347.5138939949748,403.5224411010742,395.65744873046873,422.2887831857712,384.7560990163772
2021-10-01,413.14556884765625,416.71307735787383,405.96479771752786,410.26412074001394,14777309,57.21155910670915,5.734774149771283,4.942593271552453,3377269818,348.1669454860463,404.5240875244141,396.22001708984374,423.0985468793672,385.949628169461
2021-10-04,423.6651611328125,424.8085951356085,413.0998421133248,415.11226920872434,16246765,62.66543435426774,6.495757913526347,5.253226199947232,3393516583,348.9181715123823,405.9762481689453,396.97193908691406,425.7307698154496,386.221726522441
2021-10-05,425.0830383300781,429.0164401544858,419.5945550871636,422.61320970441886,16487568,63.343626304104895,7.131051545725711,5.628791269102928,3410004151,349.67603088370265,407.51531372070315,397.62689819335935,428.16770420985694,386.86292323154936
2021-10-06,418.2224426269531,430.84594317135833,414.9750732272012,425.35745981885697,19056690,57.86622488413465,7.000239189555998,5.903080853193543,3390947461,350.3580847318942,408.8005340576172,398.24709655761717,428.74693526353917,388.8541328516952
2021-10-07,418.86279296875,424.4427572135685,418.13100627783433,422.70474288573917,9984651,58.22928957250235,6.869058149286502,6.096276312412135,3400932112,351.0397236198231,410.0148620605469,398.75844116210936,429.29553148162796,390.7341926394658
2021-10-08,418.9542236328125,424.442706911845,415.52392158341723,422.5217321810097,16521128,58.28456210417152,6.695294730262219,6.216079995982152,3417453240,351.71548978910664,411.1903137207031,399.35302734375,429.6224822768248,392.7581451645814
2021-10-11,429.2451477050781,434.45921820423183,419.5488212573886,420.7837356299114,20686981,64.05058664433811,7.303784060378291,6.433620808861381,3438140221,352.48692917135514,412.8551544189453,399.8597979736328,431.49355227860207,394.2167565592885
2021-10-12,441.82293701171875,443.1035776227813,428.19320809908646,429.93122235094785,33763609,69.58425107160024,8.700643120567236,6.887025271202552,3471903830,353.3758446722543,415.142024230957,400.79649963378904,436.07174658740297,394.21230187451107
2021-10-13,440.6337585449219,444.70436703068015,437.24918257620556,444.70436703068015,17638983,68.51049527107283,9.601032499482926,7.429826716858628,3454264847,354.2440826212361,416.87318420410156,401.6527032470703,440.09719313927445,393.6491752689287
2021-10-14,448.7749938964844,451.7936485708089,440.908162183073,440.908162183073,23431826,71.72706796869515,10.846495573692664,8.113160488225436,3477696673,355.18468870357685,418.10352020263673,402.4595104980469,445.0516390583965,391.15540134687694
2021-10-18,455.4984130859375,458.2883810858803,449.78124266320947,451.8851502124249,20084248,74.08167797714191,12.23502007630691,8.937532405841731,3497780921,356.18283521484415,420.1091049194336,403.20960388183596,451.54651941813654,388.67169042073067
2021-10-19,446.5796203613281,461.2155764185171,442.05161028978694,457.6937939090819,20645100,66.20505833600583,12.471994325949765,9.644424789863338,3477135821,357.08230571381415,422.4302749633789,404.05757507324216,454.48138756452016,390.37916236223765
2021-10-20,457.2821350097656,464.2342195457429,441.91439270149596,447.12843516657637,34080545,70.2876050764977,13.369288774679774,10.389397586826625,3511216366,358.07931894063955,425.2248291015625,405.2330255126953,459.14291187278,391.30674633034494
2021-10-21,460.0721130371094,463.31945441403883,449.82693328352144,461.8558533184021,20808243,71.2622183907062,14.142503028433737,11.140018675148047,3532024609,359.09417261324126,428.1565933227539,406.50543884277346,463.45175190252746,392.86143474298035
2021-10-22,460.0721130371094,465.33190941002294,457.3735976446583,461.5814403261629,24080485,71.26221839070618,14.5871295460081,11.829440849320058,3556105094,360.0989282393494,430.58753509521483,407.9050018310547,467.60145458487114,393.57361560555853
2021-10-25,463.3194580078125,471.5064566355026,455.4069002903594,463.3194580078125,35619415,72.48072712451147,15.02829602272783,12.469211884001613,3591724509,361.12599818729433,433.5947662353516,409.3402398681641,470.9824782798701,396.20705419083305
2021-10-26,468.8536376953125,474.02198139386024,464.32565608005837,464.32565608005837,21107457,74.46762749507198,15.644149664485724,13.104199440098437,3612831966,362.1979149983194,436.61114196777345,410.9026275634766,475.13901695136224,398.08326698418466
2021-10-27,474.89105224609375,481.9345613326672,469.03664757410104,469.9056686189385,29463032,76.46405354476478,16.429992286273034,13.769358009333358,3642294998,363.3192397470535,440.00714416503905,412.51166870117186,479.44860240988004,400.56568592019806
2021-10-28,458.6085510253906,476.1716819222038,455.1782487507156,475.3026608462709,28140401,62.31282081732502,15.559555584468796,14.127397524360447,3614154597,364.2673920980817,441.8983840942383,413.9112322998047,481.09808031965775,402.6986878688188
2021-10-29,459.3403015136719,468.94517504243936,446.7625274967812,458.7457214160472,31355893,62.64738889964758,14.758645893123628,14.253647198113084,3645510490,365.2133911967443,444.14637298583983,415.38671875,481.90613909017287,406.3866068815068
2021-11-01,471.73516845703125,472.87860252065997,458.2883727024087,465.14897708418124,20679604,67.85323867822775,14.951727162985833,14.393263191087634,3666190094,366.2733093784387,447.0758529663086,417.1430334472656,483.8384818181401,410.3132241144771
2021-11-02,477.2236633300781,480.24231816361515,468.39632981589745,470.91188481580207,26797820,69.85659867953473,15.370440259867564,14.588698604843621,3692987914,367.377292999848,449.7537780761719,419.24695251464846,487.103098606039,412.4044575463048
2021-11-03,482.6664123535156,496.06742616576594,471.27779784070805,479.32756253370434,80775924,71.73756523936653,15.957509528412459,14.862460789557389,3773763838,368.52444841630245,452.63294677734376,421.4085009765625,490.80011216193134,414.4657813927562
2021-11-04,485.22772216796875,490.213106178052,483.0323062894061,486.1881956779355,9796046,72.60393927344438,16.439933133941963,15.177955258434306,3783559884,369.6856750207967,455.9832107543945,423.47308532714845,493.23240881297045,418.7340126958186
2021-11-08,478.6415100097656,488.8866906211392,472.4212397273489,488.8866906211392,36802110,66.9228867196091,16.10515483922734,15.363395174592913,3746757774,370.7698126823785,458.97214660644534,425.4306451416016,493.3067126821853,424.63758053070535
2021-11-09,484.03851318359375,486.64552042460116,477.68100884628535,481.3857239162526,25451967,69.05936961526541,16.089859792115533,15.508688098097437,3772209741,371.8968644286592,462.2263610839844,427.59676635742187,492.91643268698544,431.5362894809833
2021-11-10,479.6934509277344,483.4438920909196,477.04066173209947,480.7453767019264,15805538,65.39703604068492,15.547901614656212,15.516530801409193,3756404203,372.9694672793963,464.7487762451172,429.64488525390624,492.31502264084224,437.18252984939215
2021-11-11,466.1551818847656,478.27555445162017,463.86831386915736,478.27555445162017,23086898,55.51787733790316,13.866130564903813,15.186450754108119,3733317305,373.8966883202458,465.9653884887695,431.2347155761719,491.44585421052835,440.4849227670107
2021-11-12,467.7559814453125,469.2653087264636,459.8434238306619,468.35056153596366,19836221,56.357397321510554,12.518184202378961,14.652797443762289,3753153526,374.8306116349231,467.3214996337891,432.79527404785154,489.9974986890003,444.64550057857787
2021-11-15,463.36517333984375,471.9180929806941,462.40469996620203,468.71647784739696,13328183,53.38143152617425,10.969179605635475,13.916073876136926,3739825343,375.7115525474099,468.051008605957,434.1975811767578,489.1793811965307,446.9226360153833
2021-11-16,452.8913879394531,464.14276841718083,451.4277866952607,464.14276841718083,19553216,47.00516469487966,8.79505147532791,12.891869395975124,3720272127,376.4795111085248,467.9206573486328,435.3931561279297,489.3866642296896,446.454650467576
2021-11-17,455.68133544921875,462.3132529890859,449.1408982172135,451.7479334539905,20488483,48.760883435119474,7.214006143526092,11.756296745485319,3740760610,377.2675889626611,468.37574310302733,436.6143438720703,488.3465534875601,448.4049327184946
2021-11-18,460.8496398925781,463.04505556100526,450.33004682553235,456.5503446929596,22471070,51.93749792738341,6.305370911601472,10.66611157870855,3763231680,378.0992511609687,468.55411834716796,437.94530212402344,488.1862556303463,448.9219810639896
2021-11-22,444.9330139160156,462.86206387045587,436.7917697591753,462.86206387045587,28800269,43.07974419712265,4.251918775506226,9.383273018068085,3734431411,378.76426372569557,467.79716339111326,438.9936016845703,489.71362576935957,445.88070101286695
2021-11-23,451.0161437988281,453.1658055308073,439.0787027345806,443.88112604574,20000371,46.81316936866824,3.079897761803977,8.122597966815263,3754431782,379.48318790552776,467.34436492919923,440.1223999023438,490.2331495300816,444.45558032831684
2021-11-24,451.1075744628906,457.3735983433686,447.35710537330124,453.5316489509367,13963769,46.86957641440506,2.13384274407872,6.924846922267955,3768395551,380.1958683687851,466.7337707519531,441.2356475830078,490.6480312944127,442.8195102094935
2021-11-25,448.7292785644531,453.21156268428973,444.84160252458787,448.2261787138783,12894211,45.51730315017083,1.1785926414946175,5.7755960661132875,3755501340,380.87779284834403,465.72755279541013,442.2912664794922,490.8626983013108,440.5924072895095
2021-11-26,430.3885803222656,446.3051768594048,427.27844526124056,444.7958494828941,26305817,36.718999697075276,-1.0463295794679084,4.4112109369970485,3729195523,381.37043749982587,463.50242919921874,442.9773272705078,492.5703752942644,434.43448310417307
2021-11-29,425.44891357421875,437.02045967044035,415.56962740671617,429.93116911587015,22407465,34.76965235289654,-3.1716257657703295,2.894643596443573,3706788058,381.80902930156117,461.84444732666014,443.36609436035155,495.29252464350924,428.39637000981105
2021-11-30,421.2868347167969,436.5631249543611,418.95424039622293,428.10171289395703,23026652,33.171701299245285,-5.132617663713063,1.2891913444122458,3683761406,382.2018432857924,459.94177398681643,443.3084655761719,497.78385442266335,422.0996935509695
2021-12-01,434.7793273925781,436.56309557594625,424.44269533208814,424.85434273313274,17156956,42.411554102842935,-5.5341917558997125,-0.07548527565014584,3700918362,382.72500233163106,458.09398193359374,443.6963177490234,497.0449591090236,419.1430047581639
2021-12-02,436.33441162109375,437.3863653112203,430.8002022626874,434.04754363565826,12962679,43.383174386374286,-5.661695316951807,-1.192727283910478,3713881041,383.2584292897352,456.04951934814454,444.41988159179687,495.0619039437876,417.03713475250146
2021-12-03,432.8126220703125,440.4507665965415,429.9769002328308,435.19097031838965,16653993,41.668569821835895,-5.978011001975744,-2.1497840275235314,3697227048,383.7515058348156,453.55682983398435,445.0483129882812,491.81138548622766,415.30227418174104
2021-12-06,425.63189697265625,436.33445128369937,424.2597760566698,432.8126686828265,14353300,38.34122213282115,-6.730532574933136,-3.0659337370054525,3682873748,384.1682261446449,450.57703857421876,445.53221435546874,487.76904974811526,413.38502740032226
2021-12-07,436.05999755859375,438.8042391343788,429.19939361913106,429.19939361913106,13644942,45.18660699805367,-6.411542506150511,-3.7350554908344646,3696518690,384.68456217861456,448.44796295166014,446.0243487548828,483.7996224277228,413.0963034755975
2021-12-08,449.64398193359375,450.4215226487684,439.30734958040273,439.9019296864058,20397660,52.573041884272584,-5.004932815438735,-3.989030955755319,3716916350,385.3309245642363,446.72823638916014,446.95373168945315,478.11069373448424,415.34577904383605
2021-12-09,446.9912109375,451.42774041328664,444.65861675824704,450.3300326137153,12560970,51.12416434349485,-4.057468974080223,-4.0027185594203,3704355380,385.94445975202996,445.09312438964844,447.7230334472656,472.60379543262854,417.58245334666833
2021-12-10,452.5254821777344,453.66891625649777,443.1035686192017,446.85403798071974,13261408,53.97398365465052,-2.8274347091329446,-3.7676617893628292,3717616788,386.6069574876091,444.41163940429686,448.6341229248047,470.43672863308774,418.386550175506
2021-12-13,446.21368408203125,457.78525878227936,444.8873173585926,455.31543011455665,14047645,50.36698155700171,-2.335016432730299,-3.4811327180363234,3703569143,387.20005924476754,443.3345245361328,449.14272155761716,467.08999497029106,419.5790541019745
2021-12-14,446.8997802734375,448.5463421556833,440.72523602572784,444.567185835096,11642447,50.75225129504851,-1.867877443838438,-3.1584816631967465,3715211590,387.7940863196797,442.5112548828125,449.7931066894531,464.5091664940271,420.51334327159793
2021-12-15,443.4694519042969,449.14089597295117,442.2802916556454,448.22614873064373,8639835,48.7161357854017,-1.75424343419553,-2.8776340173965034,3706571755,388.34807005684013,442.0401580810547,450.39958435058594,463.5263066963833,420.5540094657261
2021-12-16,440.1306457519531,448.7292645531708,437.47788423781503,446.716837297836,11107781,46.75019374925641,-1.9115660720218557,-2.684420428321574,3695463974,388.86331956624423,441.2626235961914,450.72889404296876,461.82349046236305,420.7017567300198
2021-12-17,427.9187316894531,440.359299271,426.7295714883093,439.1243849600465,12648603,40.338218867414604,-2.9872101029738474,-2.7449783632520286,3682815371,389.2519306321468,439.61607818603517,450.7856079101563,458.8718941360895,420.3602622359808
2021-12-20,410.9044494628906,424.4426967266162,405.2330057109719,419.8689607705104,22336114,33.453784963882526,-5.153173551531211,-3.226617400907865,3660479257,389.46737858071145,437.9146499633789,450.639248046875,460.6835888844343,415.1457110423235
2021-12-21,407.977294921875,419.1829493227561,406.60517397482835,418.08524139876994,16617447,32.42838444585607,-7.024933042401869,-3.986280529206666,3643861810,389.65155685276284,435.76270751953126,450.4215380859375,461.1560210429052,410.3693939961573
2021-12-22,416.987548828125,418.31391562078755,410.7215244422132,411.6362717126858,13102553,38.660878647055426,-7.692588365606468,-4.727542096486626,3656964363,389.92355677291573,434.056706237793,450.38220458984375,459.6806586784062,408.43275379717977
2021-12-23,422.4302673339844,425.3574696895943,418.72555215142324,421.69848070301714,14471377,42.13297873186645,-7.693838343540335,-5.320801345897369,3671435740,390.24700662924477,432.7417556762695,450.2459069824219,457.9141313953467,407.5693799571923
2021-12-24,417.9937438964844,424.07680718880107,413.6486946997054,423.1620599894792,13221159,40.13850873315075,-7.961049303106336,-5.848850937339162,3658214581,390.52309356722725,432.1220138549805,449.7693231201172,458.09325685727373,406.15077085268723
2021-12-27,418.9999694824219,421.2411114261733,412.13936506180016,415.02084125115795,8856482,40.8227314962125,-7.999409702713081,-6.278962690413946,3667071063,390.8064455663834,431.7995666503906,449.3366473388672,458.249918831729,405.3492144690522
2021-12-28,421.8814697265625,423.43652340104677,419.9147406811489,421.8814697265625,8832210,42.83769734407595,-7.708439515377108,-6.56485805540658,3675903273,391.11564978688267,431.8292984008789,448.79877685546876,458.23361277155425,405.4249840302035
2021-12-29,415.6611633300781,422.7504548333301,412.9169214578515,421.69850103215094,11757303,39.695510767676595,-7.888832733390359,-6.829652991003337,3664145970,391.3598837524866,430.8733901977539,448.00203186035156,458.15110930213297,403.59567109337485
2021-12-30,413.1913146972656,416.11848894021495,410.26411253844765,414.15178807532254,28879190,38.488314221762174,-8.13729018563771,-7.091180429930211,3635266780,391.57711192109144,429.7162353515625,447.33426574707033,457.9170250211605,401.5154456819645
2021-12-31,421.1954040527344,422.0643972353255,414.47200583688556,415.523959645218,10005842,44.39048744886773,-7.6007150764421,-7.19308735923259,3645272622,391.87182129553565,429.13537445068357,446.6125311279297,457.53499296055855,400.7357559408086
2022-01-03,430.6629638671875,431.7606716563902,420.87518572958294,422.61319979926327,13124509,50.44715491173689,-6.33845669997703,-7.022161227381479,3658397131,392.25780281366156,429.38692779541014,446.02434814453125,457.7470591449426,401.02679644587766
2022-01-04,442.2802429199219,443.37795065608043,430.89162984177966,432.2180243633156,23296671,56.681729154910435,-4.3505401934118595,-6.4878370205875555,3681693802,392.75553853611194,429.69794006347655,445.6685107421875,458.47730208917676,400.91857803777634
2022-01-05,450.4215393066406,452.7998877344807,438.30113827132374,440.81669320318196,24694169,60.43826362735607,-2.094028800513911,-5.609075376572827,3706387971,393.329329588555,429.73681793212893,445.4105523681641,458.6257471008086,400.84788876344925
2022-01-06,449.78125,452.2510509133829,444.0183253703631,446.1222608697689,18190843,59.997589619077715,-0.35332040261346265,-4.557924381780954,3688197128,393.8910402394152,429.8763198852539,445.0291046142578,459.12192504434114,400.6307147261667
2022-01-07,449.36956787109375,459.1573742053209,447.72303405592913,451.3820229037345,22746330,59.69620393334075,0.9816681769412412,-3.4500058700365153,3665450798,394.44306538997915,429.71852416992186,444.5186749267578,458.50404580958275,400.933002530261
2022-01-10,460.71240234375,461.90159040331747,450.5129770753696,451.29051774588135,15832274,64.9242567260117,2.9212537949018156,-2.1757539370488495,3681283072,395.1024617775789,430.44346008300784,444.560751953125,461.4951937624768,399.3917264035389
2022-01-11,462.81634521484375,464.50860515903355,456.6875279646444,460.11782987724814,16107950,65.81016359007907,4.57541741356323,-0.8255196669264337,3697391022,395.77623176202934,431.2392883300781,444.6302728271484,464.6625652133394,397.81601144681684
2022-01-12,466.749755859375,469.72268424064487,465.14894826946045,466.4295887582183,14489616,67.46462640607575,6.1330493894166125,0.5661941443421755,3711880638,396.48243598190345,432.403303527832,444.5305645751953,468.9269806799502,395.8796263757138
2022-01-13,467.7559814453125,469.12807431519354,463.776825583464,466.5210671549638,10450974,67.89265728665634,7.363792729041222,1.925713861281985,3722331612,397.1916254890021,433.7845703125,444.3412109375,473.33665501872173,394.2324856062783
2022-01-14,465.01177978515625,466.8412743231792,462.08457735797106,465.60635992683945,8724574,65.36695079084029,8.025221791708589,3.145615447367306,3713607038,397.86645289493396,435.6392227172852,443.9881182861328,477.3375988508631,393.94084658370724
2022-01-17,470.1800537109375,474.6623372560519,464.2799231935481,464.6915705936892,17422211,67.79676860212419,8.864263885693106,4.289345135032466,3731029249,398.5859912115111,438.6030029296875,443.6871649169922,481.2629443167168,395.94306154265814
2022-01-18,463.5938720703125,473.3359521308501,461.9473382685742,470.1800631090042,12592506,61.842319154261695,8.8952223881588,5.210520585657733,3718436743,399.2328357971708,441.3838317871094,443.38621215820314,482.93212263634297,399.8355409378758
2022-01-19,471.82659912109375,473.51891495637545,457.6480173850423,461.94734043264435,16079457,65.87671200768733,9.474849328464586,6.0633863342191034,3734516200,399.95516180039397,444.1257843017578,443.1419738769531,486.1079704081222,402.1435981953934
2022-01-20,467.8017272949219,474.8910462350493,464.691592299712,472.0095701312035,17724642,62.4029932227584,9.499925112331823,6.750694089841648,3716791558,400.63025200431963,446.3943572998047,442.90413940429687,488.3453909045071,404.4433236951023
2022-01-21,459.84344482421875,464.23422037272604,455.5441216662415,462.2217652954026,16947941,56.10351221393528,8.776461382800449,7.1558475484334085,3699843617,401.2194380025276,448.4868423461914,442.77790466308596,488.70166384941774,408.27202084296505
2022-01-24,452.0223388671875,463.5938857626072,446.39664897657883,459.56900352713996,20233933,50.68801725516618,7.48572252824431,7.2218225443955895,3679609684,401.7249395036685,450.13796081542966,442.4632318115234,488.01845596282305,412.2574656680363
2022-01-25,470.7746887207031,473.38169601825234,447.31139971579785,448.2261469544805,21791739,60.52646054025586,7.885066462097598,7.3544713279359915,3701401423,402.4120016849326,452.5826217651367,442.6114221191406,489.14100649383903,416.0242370364344
2022-01-27,483.8556213378906,485.5936078016476,460.3008771051329,460.62101634452966,35409230,65.671579678097,9.151577656520715,7.713892593652936,3736810653,403.22238596008646,455.99234466552736,443.2307067871094,490.8200912880575,421.1645980429972
2022-01-28,478.8244323730469,490.67041976372684,476.94921178187474,488.47500415393523,24715250,62.30764681848688,9.638218616135077,8.098757798149364,3712095403,403.9746451283746,459.2740005493164,443.6935687255859,489.4032236722695,429.14477742636325
2022-01-31,492.408447265625,494.78682368111714,482.11754041561625,483.90130876929965,28674232,67.19380890666062,10.993277893689537,8.6776618172574,3740769635,404.85458345809855,462.83465270996095,444.3247448730469,490.88174739667596,434.78755802324594
2022-02-01,486.919921875,497.5767490544578,475.6685425164396,497.5767490544578,32245356,63.60603432195525,11.491823417379635,9.240494137281848,3708524279,405.67115398961,465.6475006103516,445.16448303222654,491.4158453898258,439.8791558308774
2022-02-02,493.780517578125,497.8511537035552,486.05089272542926,490.8990974544457,21661864,66.04649248487112,12.298744799239273,9.852144269673333,3730186143,406.5478640750679,468.2225143432617,446.0197705078125,494.42504078867853,442.0199878978449
2022-02-03,494.05499267578125,498.26286374016564,491.35653281557944,491.35653281557944,22717677,66.14430614477331,12.812686974592054,10.444252810657078,3752903820,407.4185817725874,470.40418701171876,446.8787188720703,497.5633853522945,443.244988671143
2022-02-04,485.0904541015625,499.8179182828877,482.34621235952267,495.9302424816646,25332894,60.05874293767181,12.35421481004937,10.826245210535536,3727570926,408.19143622362196,472.1696472167969,447.6059423828125,498.3083319114952,446.03096252209855
2022-02-07,487.7889404296875,502.19620871242086,480.4709628892515,486.554054052434,52289545,61.21550340090472,12.069488065599444,11.074893781548319,3779860471,408.9834511908465,474.0906158447266,448.75394958496094,498.8553911546476,449.3258405348056
2022-02-08,486.0509338378906,491.8138862361809,474.7538275195913,489.84715729622576,26567546,60.01001966057383,11.570223132390197,11.173959651716695,3753292925,409.7502918142002,475.35754241943357,449.9659899902344,499.8460745594385,450.86901027942866
2022-02-09,489.61846923828125,490.7619033093655,482.7578648117757,489.34405622756935,14856155,61.6782161541387,11.331796471560665,11.20552701568549,3768149080,410.54500004727566,476.6976486206055,451.3326226806641,501.22769446507954,452.16760277613145
2022-02-10,494.4665832519531,497.5767460360815,488.8409215226681,491.3106942745925,18659370,63.88314775884172,11.402601812781313,11.244941975104656,3786808450,411.38004067617794,478.0834899902344,452.52636779785155,503.33018912960176,452.83679085086703
2022-02-11,484.4501037597656,491.85958971603907,482.1632357174107,490.5331950851254,14607095,56.6330136025394,10.529096501679646,11.101772880419654,3772201355,412.10710598049224,478.918196105957,453.488681640625,503.84577416448934,453.9906180474247
2022-02-14,458.65423583984375,471.6436291984334,457.0991823651546,471.0948032167013,26153332,43.074793938794144,7.666946506473096,10.414807605630342,3746048023,412.5702615014808,478.6003189086914,454.0055139160156,504.3768178635513,452.8238199538315
2022-02-15,480.0592956542969,481.9345161552179,454.7208162168285,459.2030716920032,23842951,53.106915358595515,7.044674825837717,9.740781049671817,3769890974,413.2417941796183,479.0942810058594,455.09406188964846,504.58344445986233,453.60511755185644
2022-02-16,472.64990234375,482.9865348203373,470.18007366979805,481.6144139827795,19773807,49.83308035227922,5.8857961244890475,8.969784064635263,3750117167,413.8329196339878,479.5470825195313,455.82585998535154,504.22765797019775,454.8665070688648
2022-02-17,469.2195739746094,475.6685303836558,467.57301231222186,475.6685303836558,16408356,48.34709733558089,4.637123697979689,8.103251991304148,3733708811,414.38403062245175,479.416731262207,456.21737182617187,504.285851723994,454.54761080042
2022-02-18,471.3692321777344,476.49185011832066,466.61256337439534,466.61256337439534,15111223,49.36605531871597,3.777457081471084,7.238093009337536,3748820034,414.9510475533501,479.59510650634763,456.7049322509766,504.1779596056706,455.0122534070247
2022-02-21,468.21337890625,473.3816952128393,461.6271876325928,467.9389379855899,16866932,47.872972118418616,2.809132182703877,6.352300844010804,3731953102,415.4810209996477,480.0136032104492,457.01869018554686,503.4976238485134,456.52958257238504
2022-02-22,455.9100036621094,462.2217538249075,453.2572423375559,458.1968716860123,27108772,42.4788531920576,1.036994340174715,5.289239543243586,3704844330,415.8832994341001,480.20798645019534,457.2126165771484,502.8098140816928,457.60615881869785
2022-02-23,456.1844787597656,462.2675425760223,454.8580840401576,460.11788088928967,13899433,42.6341444340458,-0.34135489436044963,4.163120655722779,3718743763,416.2843061935594,479.4784759521484,457.398310546875,504.1024933570452,454.8544585472516
2022-02-24,432.3552551269531,446.3509039273894,428.1016862632802,439.0786525777233,32356037,34.041612114766465,-3.318274785068354,2.666841567564553,3686387726,416.4442161331952,476.90345764160156,457.1760266113281,508.8425725917766,444.9643426914265
2022-02-25,441.77716064453125,449.96413113557287,438.43831111317127,439.0786453039202,21792287,39.254642426486136,-4.861199332966407,1.1612333874583607,3708180013,416.6962852328105,475.0510940551758,457.2089569091797,510.4405752570349,439.6616128533167
2022-02-28,442.005859375,443.92680616738363,432.7669070473986,436.2429352502415,18069367,39.379883469864915,-5.99640129560737,-0.27029354915478554,3726249380,416.9481217914393,472.53096466064454,457.49069946289063,509.7486101530066,435.3133191682825
2022-03-02,433.81884765625,438.8956833101287,427.1869306388376,437.2491495618081,22003848,36.48028322816181,-7.470564437114035,-1.7103477267466356,3704245532,417.11598971049216,469.875910949707,457.9489874267578,510.0663709845507,429.68545091486334
2022-03-03,427.5528259277344,442.18878079331955,424.99154499260436,439.07864596755644,20358590,34.39298393821302,-9.040254507097814,-3.1763290828168715,3683886942,417.2198388270817,466.5645263671875,458.340498046875,509.1717401688728,423.9573125655022
2022-03-04,422.5674743652344,430.7544449425451,418.6340447100843,421.05811917340276,20684268,32.785675458080306,-10.56473768364242,-4.654010802981981,3663202674,417.2730491309439,462.99015045166016,458.4520965576172,507.71456195813215,418.26573894518816
2022-03-07,402.76318359375,415.2495052870526,396.49718756599424,409.34937464261577,33720472,27.32299423988654,-13.218566926994981,-6.366922027784581,3629482202,417.1286723594295,458.87378692626953,458.0587548828125,509.47287795570173,408.27469589683733
2022-03-08,402.76318359375,404.4097453139011,388.7675625097468,400.65927618651557,42510207,27.322994239886526,-15.147138933302642,-8.122965408888193,3671992409,416.9857321727063,454.6224990844727,457.7541436767578,508.9404239398292,400.30457422911616
2022-03-09,413.1913146972656,415.569635045953,401.1623668798871,404.3182558349919,32331325,34.03499331305417,-15.653637722769702,-9.629099871664495,3704323734,416.9479767749408,450.9795181274414,457.6379705810547,506.1439181089002,395.8151181459826
2022-03-10,428.7420349121094,436.0142585909613,422.293050235539,429.83971483102124,34553299,42.55492941130963,-14.63156493130748,-10.629592883593093,3738877033,417.0653305872509,447.9356964111328,457.77518188476563,500.9107758930264,394.9606169292392
2022-03-11,430.2513732910156,434.32198179141335,422.6132281939466,426.63811049833384,22091309,43.32012490213458,-13.543651107983464,-11.212404528471168,3760968342,417.19653499226354,444.7249359130859,458.0669860839844,493.6600509636748,395.78982086249704
2022-03-14,443.78961181640625,444.56715254291663,430.4342967123957,430.8459441310982,27750689,49.78174580759577,-11.456979926909469,-11.261319608158828,3788719031,417.461142721857,442.691911315918,458.6789520263672,488.1085371605071,397.27528547132886
2022-03-15,444.4299621582031,448.68353133693876,439.67326523660074,447.3114104460001,27204899,50.07168018291773,-9.640477636102332,-10.93715121374753,3815923930,417.7294891839102,441.98069763183594,459.1436431884766,486.81697319966554,397.14442206400633
2022-03-16,450.7416687011719,452.15951565047516,447.67726009385024,450.97035549401875,16211288,52.95482854256672,-7.603931129778914,-10.270507196953808,3832135218,418.0579685820919,440.5148162841797,459.54521728515624,482.07262387357304,398.95700869478634
2022-03-17,459.11163330078125,460.5752344651753,455.8185376598621,456.458871892994,22947673,56.538942690303536,-5.254002290613414,-9.26720621568573,3855082891,418.46646275839726,439.83790283203126,459.88184509277346,479.68578977436283,399.9900158896997
2022-03-21,448.7749938964844,459.20310667199715,447.31139275419645,459.20310667199715,19064060,51.33730312304183,-4.177590505392175,-8.24928307362702,3836018831,418.7680401826568,438.815673828125,459.84891418457033,476.59122259628816,401.04012505996184
2022-03-22,451.6107177734375,453.53166462015184,436.56311470170846,448.7749957825625,26157969,52.62499252633502,-3.060428478292181,-7.211512154560052,3862176800,419.09483299450545,437.82774810791017,459.88550354003905,473.0964862975511,402.5590099182692
2022-03-23,448.82073974609375,459.5690201040249,447.4943729620845,456.0015113556305,15800195,51.189768680612005,-2.372844755784911,-6.243778674805024,3846376605,419.39061316118796,436.85811614990234,459.87452697753906,469.7159159877233,404.0003163120814
2022-03-24,445.5733947753906,452.6169319096292,442.28029906474364,443.65241995119067,18174877,49.49767380285608,-2.066146056260834,-5.408252151096187,3828201728,419.6511383513791,436.3412857055664,459.5717468261719,468.29692508421067,404.38564632692214
2022-03-25,448.8664855957031,451.2448061069364,445.11601629710134,449.82695903940345,11541196,51.25726352230809,-1.5396125247426085,-4.634524225825472,3839742924,419.9418383239594,435.97538604736326,459.2927496337891,467.17238946433906,404.77838263038745
2022-03-28,455.0867614746094,456.09298904295355,440.86245275969105,449.0951780929001,16738684,54.48324554173885,-0.6133364681161879,-3.8302866742836152,3856481608,420.29153905182665,437.1119613647461,459.05948974609373,469.3379395959575,404.8859831335347
2022-03-29,452.7998962402344,458.6542731539036,449.7812414316479,457.37363256589333,14301429,53.09202202614302,-0.06306001546028028,-3.0768413425189487,3842180179,420.6150052925073,437.66309814453126,458.7603680419922,470.5594217875445,404.766774501518
2022-03-30,452.1595458984375,457.7395096003556,450.3300514332755,456.7332820613425,16461225,52.68633262134014,0.3177048135195264,-2.397932111311254,3825718954,420.92888131843694,438.1707824707031,458.5033233642578,471.62813771885567,404.71342722255054
2022-03-31,451.4734802246094,455.1324691123894,450.2385938076794,452.15954064106813,10240982,52.225882159895946,0.5576753828875667,-1.8068106124714898,3815477972,421.2328076757123,439.0535140991211,458.12919189453123,472.9339250451287,405.1731031531135
2022-04-01,464.87451171875,466.2923586316163,449.1408496088742,449.1408496088742,18527226,59.6448159621518,1.8083593910943705,-1.0837766117583179,3834005198,421.66705348708587,440.9195983886719,458.1548046875,476.14522516093814,405.69397161640563
2022-04-04,468.7165222167969,471.0033903856303,462.8621173718863,465.880772188398,16257176,61.49116661474223,3.074117108011194,-0.25219786780441555,3850262374,422.1352074047944,443.22705078125,458.09260314941406,479.3756488031641,407.0784527593359
2022-04-05,465.97222900390625,472.3754874696574,464.41717547702837,470.54599302683414,13602384,59.40060780825532,3.8118569762708603,0.5606131010106397,3836659990,422.5713966744374,446.3875030517578,458.05601318359373,478.6794683319301,414.0955377715855
2022-04-06,470.13433837890625,471.27777238808164,462.8620869142029,463.77683412154323,13738275,61.5364384461394,4.6784384530980105,1.3841781714281138,3850398265,423.0446597759744,449.7560607910156,458.2618310546875,476.76621600458435,422.7459055774469
2022-04-07,471.0491027832031,475.57711279119303,466.5668189709018,466.5668189709018,19620958,62.009483955940276,5.377041175705983,2.182750772283688,3870019223,423.5223159253001,452.6489501953125,458.6423663330078,475.4383302727792,429.85957011784586
2022-04-08,472.1010437011719,475.21120675178236,468.67074143876727,475.21120675178236,13572638,62.579425939609244,5.947018183448165,2.9356042545165835,3883591861,424.00568635093066,454.8169006347656,458.6688934326172,476.3093289890494,433.3244722804818
2022-04-11,471.0033874511719,477.4980706774985,469.44830593970516,469.72271895190704,12370288,61.5419303465235,6.238246757223919,3.5961327550580506,3871221573,424.47332516784854,456.85450134277346,458.41184875488284,476.27162405287544,437.4373786326715
2022-04-12,469.12811279296875,472.64992326429416,461.35278895185803,469.036660399113,14460680,59.720301516545625,6.245731601468151,4.126052524340071,3856760893,424.91765141287465,458.1214263916016,458.2179223632813,477.26807878727124,438.9747739959319
2022-04-13,473.5646667480469,476.4918691407067,469.9514039117203,470.4545037373942,15440525,62.54495190340962,6.5343325031875565,4.607708520109568,3872201418,425.40170131670726,459.5781616210937,457.8410467529297,478.76965671177726,440.3866665304102
2022-04-18,466.0636901855469,471.0947996968727,461.03258067422104,468.3505581452404,14492183,55.4632082382483,6.08761049239007,4.903688914565668,3857709235,425.8062982208748,460.3442626953125,457.4239221191406,479.28526412394234,441.4032612666827
2022-04-19,468.1676330566406,476.5375927567471,462.0388432092619,469.4940277402288,20362934,56.93607141508129,5.836076034987684,5.0901663386500715,3878072169,426.22780404013616,460.7970626831055,456.91166442871094,480.02929015474336,441.5648352114676
2022-04-20,465.8807373046875,469.90564731315845,463.7768299132433,468.35056590844295,11881305,54.81413131913412,5.390066459545153,5.150146362829088,3866190864,426.62236059003226,461.6523498535156,456.3481793212891,480.1784188076927,443.1262808993385
2022-04-21,472.28399658203125,473.83907808185285,468.5335551692924,469.6312630416218,10035638,59.379069420785896,5.490004809063009,5.218118052075872,3876226502,427.0767052267686,462.68601379394534,456.09205017089846,481.1625095058926,444.20951808199806
2022-04-22,457.9224548339844,469.7226881547967,456.45885372783556,469.1738621663764,16760456,47.731786872524125,4.360089874407322,5.046512416542162,3859466046,427.38362810843245,463.14109954833987,455.4947204589844,480.65228498870323,445.6299141079765
2022-04-25,452.5711975097656,456.6418338987888,448.2718743104798,452.79988432002824,14057444,44.24894618261172,2.9982603256721063,4.636861998368151,3845408602,427.63425068954024,463.4909896850586,454.8251257324219,479.8241350869343,447.1578442831829
2022-04-26,462.40472412109375,464.60011188686263,455.955767324922,456.45886713437346,12137213,51.28355074257872,2.6815725134564445,4.24580410138581,3857545815,427.9802255495557,464.16790161132815,454.2808508300781,479.0809687102949,449.2548345123614
2022-04-27,454.8580627441406,459.9348987336095,449.91843325679,457.373617641167,12367342,46.440553266653495,1.8008831773657903,3.756819916581806,3845178473,428.24766671567096,464.1564666748047,453.4886804199219,479.09769306279725,449.2152402868121
2022-04-28,464.2342224121094,466.52109050280944,454.1720028130292,456.5960774059972,12154792,52.44885763411478,1.8383172815501894,3.373119389575483,3857333265,428.6057418967301,464.7281829833984,453.08436279296876,478.73317061677614,450.7231953500207
2022-04-29,453.9890441894531,468.80796064849517,451.88513670313483,464.78307837439434,12894773,46.33265038046716,1.0294173365078336,2.904378978961953,3844438492,428.85831206879703,464.81965789794924,452.9910589599609,478.5155660731499,451.1237497227486
2022-05-02,449.1408996582031,452.7998886574553,440.2678401686684,450.65022703722053,18590895,43.733671092259115,-0.0028140056792267387,2.3229403820337176,3825847597,429.0601288607314,464.7030288696289,452.37269104003906,478.88273590866714,450.52332183059065
2022-05-04,438.75848388671875,454.12625342075836,436.79178301235004,450.0556172608926,14645323,38.72405909580093,-1.639737095936482,1.5304048864396778,3811202274,429.1566299057662,463.39722747802733,451.69486267089843,481.5317697721206,445.2626851839341
2022-05-05,439.07867431640625,451.88513565063477,437.8437599617173,443.65241050720215,14130385,38.95629195876767,-2.8779979774342905,0.6487243136648843,3825332659,429.25535671582236,461.9153350830078,451.09204467773435,482.7167059562442,441.1139642097714
2022-05-06,442.6919250488281,444.6586259742756,430.8459374700862,430.8459374700862,16710020,41.644068322766,-3.5271111683014738,-0.18644278272838732,3842042679,429.3890539131657,460.7513198852539,450.51849853515625,483.06484774829863,438.4377920222092
2022-05-09,435.32818603515625,442.4632309305549,433.4072113357847,436.42589383933114,13544947,37.97438995705596,-4.5829014110310595,-1.0657345083889218,3828497732,429.44814975517556,459.0110122680664,449.86079467773436,483.45355270531763,434.56847183081516
2022-05-10,434.68792724609375,441.411297554781,433.13284567289395,436.3344612164106,10884328,37.66362019348879,-5.408935477128637,-1.934374702136865,3817613404,429.50028684463746,457.1929534912109,449.43635314941406,483.14590709016284,431.239999892259
2022-05-11,435.92279052734375,438.1639324546815,424.12255659347113,434.7336302694935,14771351,38.70549964394758,-5.895965261725053,-2.726692814054503,3832384755,429.5641923539181,455.38404083251953,449.03111938476565,481.96412503559316,428.8039566294459
2022-05-12,423.2077941894531,432.6754334647198,417.4448978910489,432.6754334647198,18947096,32.65363183769206,-7.224652518642529,-3.626284754972108,3813437659,429.5009446109881,452.99426116943357,448.8481701660156,482.01022334094273,423.9782989979244
2022-05-13,406.7423400878906,436.3344178232267,402.26008435589927,429.4280875753913,61403008,26.808089877133142,-9.49679810388892,-4.8003874247554705,3752034651,429.27449083463887,449.8749725341797,448.1474737548828,484.2085424255114,415.54140264284797
2022-05-16,416.21002197265625,422.1558794294085,401.436858644054,407.06254896226824,27940958,34.11198217854471,-10.413486852475103,-5.923007310299397,3779975609,429.1444961195943,447.00724029541016,447.6315570068359,482.5082814855288,411.5061991052915
2022-05-17,427.4613952636719,429.61105696734813,417.2619686155286,419.2286696957922,16880698,41.57381277847941,-10.115472625417794,-6.761500373323077,3796856307,429.1277488473961,445.0771255493164,447.50440795898436,480.4211619482343,409.7330891503985
2022-05-18,418.9542236328125,428.6505496756105,418.1309567241316,428.0102154600422,15644497,38.063750180198,-10.445344428043427,-7.498269184267148,3781211810,429.0265197407833,442.616455078125,447.33243591308593,478.04000947086706,407.19290068538294
2022-05-19,409.3493957519531,411.6362638846456,406.5594277964166,410.76724282787416,14201420,34.52006090359566,-11.350952828823893,-8.268805913178497,3767010390,428.8307274622875,439.7898880004883,447.0680743408203,476.34073425302824,403.23904174794836
2022-05-20,422.9791259765625,424.44272717067,415.43246110768746,416.0727953538191,13596860,42.675818001774154,-10.843847565605301,-8.783814243663858,3780607250,428.7725025718823,437.3246444702148,447.4723931884766,471.3393704662563,403.30991847417334
2022-05-23,421.60699462890625,431.2118405873068,420.32635408429354,423.61944971034774,13499415,42.107219527084936,-10.432424033089205,-9.113536201548929,3767107835,428.70120398538506,435.5088714599609,447.84926940917967,468.8010387525411,402.2167041673807
2022-05-24,422.6589660644531,427.0040156085421,420.9667059431366,422.9791331929813,17175179,42.737145870849076,-9.907277686167276,-9.272284498472597,3784283014,428.64108221502755,434.0132598876953,448.03862243652344,466.78856166854086,401.23795810684976
2022-05-25,421.8692626953125,431.48465442641674,419.9647489283932,428.2795143988733,12728644,42.36448650869431,-9.445931071317546,-9.307013813041587,3771554370,428.5737009262742,431.9864868164062,447.9011669921875,462.4178761339175,401.55509749889495
2022-05-26,435.6188049316406,436.7336436826211,420.3828359935606,424.4240910264561,17055257,50.463638627161764,-7.880001652553631,-9.021611380943996,3788609627,428.6438014636411,431.02452392578124,448.008515625,459.66688617606724,402.38216167549524
2022-05-27,435.6653137207031,441.2858910982905,434.3182191335806,437.9414028849238,10977001,50.488983067869384,-6.559623182855489,-8.529213741326295,3799586628,428.71366725724374,429.59607849121096,447.8460296630859,454.00824064682496,405.18391633559696
2022-05-30,440.9142761230469,443.05101746267394,437.66269595746616,439.42783380561843,9365470,53.38755200701203,-5.03166443879843,-7.829703880820722,3808952098,428.83506635043585,428.9423400878906,447.7757159423828,451.3222670298541,406.5624131459271
2022-05-31,434.8755798339844,442.5864577596815,431.9956034738535,440.3568087023797,15441579,49.777067357828386,-4.2589242214846195,-7.115547948953503,3793510519,428.89517096221243,428.2290740966797,447.45839416503907,448.8269002311188,407.6312479622406
2022-06-01,435.0613708496094,438.4987665893312,431.71691141277614,434.78267534704867,9424008,49.889352350653134,-3.5901452896192723,-6.410467417086657,3802934527,428.95652618497263,428.0442184448242,446.9773889160156,448.32465524227007,407.7637816473783
2022-06-02,436.50140380859375,438.82396099779396,433.0640078279661,433.7607749847262,9370989,50.80737220969869,-2.9103854312916155,-5.71045101992765,3812305516,429.0315995941629,427.9153549194336,446.73191711425784,447.94489927375037,407.8858105651168
2022-06-03,431.5311279296875,441.7503796137059,430.6021050493222,439.66007813288394,11306291,47.568217548806885,-2.74113250207256,-5.116587316356632,3800999225,429.05647052287463,427.35731506347656,446.3303253173828,446.3015060214655,408.4131241054876
2022-06-06,430.78790283203125,432.55304056011636,424.09892703436145,431.25241425266034,10661432,47.08481341490052,-2.636577565294317,-4.620585366144169,3790337793,429.07369870505534,427.1303009033203,445.96966857910155,445.79371589134496,408.4668859152956
2022-06-07,430.5091857910156,432.8782110846822,427.8150251789779,429.069211704857,7672515,46.89236097528629,-2.5468486743348535,-4.205838027782306,3782665278,429.08798215864704,426.9213638305664,445.66838439941404,445.3335410414017,408.5091866197311
2022-06-08,437.84844970703125,441.79679674597133,430.3233874434492,433.4820594042959,17168871,52.40861863254018,-1.8620559980966505,-3.7370816218451752,3799834149,429.17515098997427,427.0176467895508,445.4480236816406,445.63608637629585,408.3992072028057
2022-06-09,433.8072509765625,437.47687439087713,429.6266479604756,435.66529676149,12635601,49.36791086062315,-1.6266923356898815,-3.3150037646141164,3787198548,429.2212415371045,427.54761962890626,445.0224334716797,446.3050063722621,408.79023288555044
2022-06-10,429.0692443847656,431.2059857756537,426.0499198728635,429.20859215347053,8621104,45.998270074778254,-1.8017134412901328,-3.01234569994932,3778577444,429.2197291276285,428.66396484375,444.5478204345703,444.8115896817431,412.51634000575694
2022-06-13,414.2048645019531,421.82283525019136,410.72102863648564,421.77639544593,13426836,37.37848607766297,-3.1040683899900614,-3.0306902379574687,3765150608,429.0703274895621,428.56370697021487,443.7887268066406,445.0409203048563,412.08649363557345
2022-06-14,416.295166015625,417.3635366773815,411.88230725275895,413.41518936323826,11351101,39.106598302666654,-3.9223102559436143,-3.2090142415546983,3776501709,428.9432114549956,428.0053955078125,443.0851605224609,445.32913972580127,410.6816512898238
2022-06-15,419.3144836425781,423.1234831307332,416.7596707159718,417.0848343951183,9920926,41.61299123299709,-4.277827003974323,-3.4227767940386236,3786422635,428.8474032180561,428.0234085083008,442.1739599609375,445.310179843783,410.73663717281863
2022-06-16,410.25653076171875,425.26024538178035,408.9094361752225,422.84478009816445,10780703,36.72881053384929,-5.230187341172666,-3.7842589034654326,3775641932,428.6624194125204,428.0687652587891,441.00476013183595,445.16300033244886,410.9745301851293
2022-06-17,409.6990966796875,415.78418530109855,406.2152608235677,408.77007378472223,14326050,36.445310841876456,-5.961203004026515,-4.2196477235776495,3761315882,428.4737296340843,427.40476379394534,439.8792974853516,446.1865991704162,408.6229284174745
2022-06-20,403.8462829589844,411.97523367594033,400.13019120266165,410.16362760412096,12368534,33.51979193872029,-6.932893258865249,-4.76229683063517,3748947348,428.22868041343656,426.51672821044923,438.5535363769531,447.821199330631,405.2122570902675
2022-06-21,418.7570495605469,422.6589568704408,406.54040475559736,408.30554249996754,13801891,45.51840429757203,-6.425718849182715,-5.094981234344679,3762749239,428.13443533032324,426.3216323852539,437.5076953125,447.8342867305819,404.80897803992593
2022-06-22,415.8770751953125,419.1751233400902,413.0900066314862,416.8990060056877,11066447,43.871404579178815,-6.184873960770005,-5.312959779629745,3751682792,428.01247154788535,426.0220230102539,436.38321594238283,447.937503148248,404.1065428722598
2022-06-23,419.3609619140625,424.0525449114699,414.3442435592123,417.13131246207695,12229833,46.39806596010294,-5.647778039739933,-5.379923431651783,3763912625,427.92638687491205,425.209130859375,435.3503674316406,446.8447357138523,403.57352600489776
2022-06-24,422.0086669921875,427.67571254945517,421.0332042538962,423.44864119662316,10833364,48.302739990367336,-4.951401308601078,-5.294219007041643,3774745989,427.86750409000933,424.5262985229492,434.407978515625,445.6548715748033,403.39772547109516
2022-06-27,428.4653625488281,431.85629038223016,425.5389178027619,427.30408395166796,9509175,52.715259090385715,-3.834316744830346,-5.0022385545993835,3784255164,427.8734529303956,423.90385284423826,433.5059924316406,443.75975694935227,404.04794873912425
2022-06-28,431.2988586425781,432.69239291929085,425.49246582294194,426.32858071866406,13261290,54.5486815639553,-2.6893782472768066,-4.5396664931348685,3797516454,427.9075365693228,423.72501678466796,432.8106958007813,443.24399375608385,404.20603981325206
2022-06-29,426.514404296875,429.85889229141424,425.4924734719425,427.3505192076278,11800876,50.95590247420483,-2.1433643494516446,-4.060406064398224,3785715578,427.89367455666167,423.29766845703125,431.9776312255859,442.1686384236132,404.4266984904493
2022-06-30,432.8317565917969,435.9904287315172,426.0499008697052,426.4215043535202,16926328,55.15581068225931,-1.187201547293398,-3.485765160977259,3802641906,427.94280970128995,423.1141860961914,431.3166516113281,441.53403642778085,404.694335764602
2022-07-01,433.7143249511719,435.5259025050999,427.86146396152674,430.4627449629893,9405495,55.72623424236221,-0.35413747081133806,-2.8594396229440746,3812047401,428.0002377137266,423.2233459472656,430.5452581787109,441.8659538530574,404.5807380414738
2022-07-04,439.84588623046875,440.49618522424714,433.71432965875215,433.71432965875215,9186358,59.57360221328174,0.7917112093485343,-2.1292094564855533,3821233759,428.118104863147,423.6762451171875,430.1837268066406,443.438421713337,403.91406852103796
2022-07-05,438.63818359375,445.9310194784432,437.5698128632224,441.4252524654903,12003244,58.49536981290971,1.584092600740064,-1.38654904504043,3809230515,428.2227822634515,424.0826950073242,429.90506652832033,444.7059082077328,403.4594818069156
2022-07-06,445.884521484375,446.85998412157636,440.2639163155887,441.42519486060314,12059857,62.84111663741779,2.764907339108163,-0.5562577682107116,3821290372,428.3985209621672,424.48449859619143,429.5746624755859,446.4352586119628,402.53373858042005
2022-07-07,452.201904296875,453.59543867067123,447.4174419504805,449.6470912782486,11497832,66.1670325205236,4.1624889415150506,0.3874915737344408,3832788204,428.6353705475872,425.404231262207,429.52153930664065,450.1977869960738,400.61067552834027
2022-07-08,453.8741455078125,455.12833214576847,450.7154731855187,454.29221717097454,9057231,67.00880186436645,5.343422670295922,1.378677793046737,3841845435,428.8865026367436,426.64447631835935,429.3143377685547,454.35707839618374,398.93187424053497
2022-07-11,453.5489807128906,456.4289289555805,450.5760961604987,450.5760961604987,7704792,66.66149183637782,6.181822871081522,2.3393068086536943,3834140643,429.1319004285461,428.61168212890624,429.30553649902345,458.0451732917659,399.1781909660466
2022-07-12,450.5296325683594,456.4753730076686,448.8109346632436,450.57607236923,7364457,63.37668852462256,6.527381320326015,3.1769217109881587,3826776186,429.34481318615616,430.32340545654296,429.33331115722655,460.6606830452152,399.9861278678707
2022-07-13,451.96966552734375,457.4973634247652,450.1580594328193,453.130944215749,8208853,64.28071474072331,6.838606309250508,3.909258630640629,3834985039,429.5699360950237,431.95616455078124,429.59753479003905,463.2476912882582,400.6646378133043
2022-07-14,445.3271484375,454.19930610372376,442.958122948317,452.0625646992339,9385630,57.259447560857176,6.474623312673941,4.422331567047292,3825599409,429.72672427753594,433.70969543457034,429.7225042724609,463.8500667664654,403.5693241026753
2022-07-15,445.0948791503906,450.01868920290036,441.0071840415013,448.2999911595239,6945602,57.024893436039015,6.09713796410324,4.757292846458482,3818653807,429.8796412414449,435.47948455810547,429.7705633544922,463.8790634456944,407.07990567051655
2022-07-18,455.49993896484375,456.61477784036623,447.8819678205412,450.1580570267316,9934786,64.1162758784331,6.561937542711007,5.118221785708987,3828588593,430.1345695770012,438.0621673583984,430.17399841308594,463.75043139964885,412.373903317148
2022-07-19,462.6069641113281,463.1643551697625,453.3631749213971,453.3631749213971,11724183,68.00034696028673,7.418259018630806,5.578229232293351,3840312776,430.45767798032784,440.2546630859375,430.7323791503906,466.4579196446676,414.05140652720746
2022-07-20,472.50103759765625,474.3590833386211,464.8830387190893,465.4404581116844,19280117,72.46817654119815,8.793898412991496,6.22136306843298,3859592893,430.8760198670675,443.0858612060547,431.46394409179686,470.3559968613495,415.81572555075985
2022-07-21,475.7061767578125,476.9603917266901,470.7823666026297,473.6158751794091,13814893,73.74693293954388,10.027143815503223,6.982519217847029,3873407786,431.3220910799107,445.9031219482422,432.51391174316404,474.40146039729063,417.40478349919374
2022-07-22,477.2390441894531,483.27769264870454,474.916487089741,477.0067884794819,14699129,74.36028306696926,11.00137230129991,7.786289834537605,3888106915,431.7789761854783,448.66464080810545,433.9238458251953,478.0559721443183,419.2733094718926
2022-07-25,481.04803466796875,482.16287346167064,473.0119924472466,476.9603680284706,10229778,75.86895403210475,11.943136055679759,8.617659078766035,3898336693,432.2692155733638,451.2937744140625,435.2206060791016,482.34752869242016,420.24002013570487
2022-07-26,477.7035827636719,483.8351111742268,476.6816235598744,480.95516288809955,8862656,71.87015447270211,12.278087152293551,9.34974469347154,3889474037,432.7212988289888,453.6140106201172,436.22544982910154,485.2737316334795,421.9542896067549
2022-07-27,490.7098693847656,492.33565933474154,475.8919439286603,478.7254522151504,15101546,76.95670312479038,13.438130537906716,10.167421862358575,3904575583,433.2982995310363,456.8237838745117,437.66056274414063,489.83090692678377,423.81666082223967
2022-07-28,494.65826416015625,499.34981855668167,491.9640750160222,495.35503134884004,12160734,78.24290376046075,14.508827012559038,11.035702892398668,3916736317,433.9088464427689,459.9151092529297,439.3667401123047,494.87810550435074,424.9521130015087
2022-07-29,490.8492126464844,498.885283185348,489.3627987297617,497.07367724099106,11921058,73.95436930734324,14.878493052719477,11.804260924462831,3904815259,434.4754172507661,462.7718536376953,440.7241418457031,498.0401777246787,427.5035295507119
2022-08-01,495.86590576171875,497.0271842295448,489.0376110521217,491.4994873820828,8295631,75.83312300165755,15.398754010154903,12.523159541601245,3913110890,435.0862678827159,465.57285461425784,442.2093200683594,501.99256794245065,429.153141286065
2022-08-02,503.623291015625,506.2246004960406,493.4040391236026,494.14730280546866,16845027,78.42475436448561,16.24970425050674,13.268468483382344,3929955917,435.76822831189907,468.8221099853516,443.8286065673828,506.6194209811316,431.02479898957154
2022-08-03,502.4620361328125,507.61815882985996,496.7021392476007,503.4375555855905,24262125,77.09197354148381,16.6385856247972,13.942491911665316,3905693792,436.43184829021664,471.65098571777344,445.4404620361328,510.6090259645193,432.6929454710276
2022-08-04,495.4015197753906,505.38851712669947,486.99387288071557,505.06338175462685,18072293,69.37251880318364,16.19041917870851,14.392077365073956,3887621499,437.0186111905666,473.8109664916992,446.6361163330078,513.0057499720708,434.6161830113276
2022-08-05,493.3575744628906,504.36652928647766,491.45308895594076,497.53817729899976,21110734,67.27245621732914,15.491735651246358,14.612009022308436,3866510765,437.57919788979376,475.78513793945314,447.7899615478516,514.7410136310594,436.8292622478469
2022-08-08,483.4635314941406,486.8079911951748,477.37838624175544,486.8079911951748,32566317,58.103201434166934,13.978521646169213,14.485311547080592,3833944448,438.03575842317036,477.28086547851564,448.6409466552734,514.9838316123717,439.57789934465967
2022-08-10,478.1680908203125,486.34348087745,476.9603724089837,484.53187490892833,16904151,53.87101390269331,12.211227410134825,14.03049471969144,3817040297,438.4350851136892,478.6627883911133,449.506796875,514.3125647279148,443.0130120543117
2022-08-11,487.5047607421875,488.6660393528168,480.49064927459784,483.0919020217961,13862195,59.47574139085297,11.43224146501376,13.510844068755905,3830902492,438.92334059257973,480.43954315185545,450.55566467285155,514.0759914826776,446.80309482103326
2022-08-12,493.0324401855469,494.05434264419563,487.8763746840825,488.3873259134069,12154012,62.389323520991766,11.132597372836301,13.035194729571984,3843056504,439.46173959350483,482.82480773925784,451.6862854003906,512.7211765209225,452.92843895759313
2022-08-16,488.6195983886719,495.9588451685862,487.73701530607804,495.44789392173413,10721167,58.75741375575917,10.418944708583751,12.511944725374338,3832335337,439.95087251683987,485.00104370117185,452.8280548095703,509.431665305042,460.57042209730173
2022-08-17,490.6634521484375,492.89307301767894,487.1331198751237,491.31372279588953,12054183,59.92115418736179,9.904123180861973,11.990380416471867,3844389520,440.45547529924386,486.75921936035155,454.02556579589844,507.17588125962703,466.34255746107607
2022-08-18,494.5652770996094,496.8413943563711,488.85182076049057,489.4556515735559,9013662,62.11869911794958,9.699162171704927,11.532136767518478,3853403182,440.9938812873072,488.3571350097656,455.3066876220703,505.7395216750566,470.9747483444746
2022-08-19,483.4170227050781,495.7730721102587,481.6983530946415,494.24016170944896,11087222,53.151410936555976,8.538728982953103,10.933455210605404,3842315960,441.4160020974343,488.9029342651367,456.21805908203123,504.8889767948298,472.91689173544364
2022-08-22,475.0093994140625,482.9990304092793,473.80168097962803,482.16288711456264,9676954,47.57369128062238,6.861556632562781,10.119075494996881,3832639006,441.75026475730124,488.8680953979492,457.04210205078124,504.9716316917161,472.76455910418235
2022-08-23,484.8570861816406,486.80801163866346,472.1759006018143,472.1759006018143,8597965,53.70211396114932,6.254908788131445,9.346242153623795,3841236971,442.17918835356335,489.2489974975586,458.15785888671877,504.5759087360116,473.9220862591056
2022-08-24,482.4415588378906,485.8789547532378,475.93839883163315,482.16286332109064,11930650,52.0935231766623,5.515642241133946,8.580122171125826,3829306321,442.5798089553974,489.3186737060547,459.5225927734375,504.50787628452673,474.1294711275827
2022-08-25,483.4635314941406,490.8027782555925,481.6983653333934,484.9035056236676,15473450,52.73854335164569,4.9551133664505755,7.855120410190776,3844779771,442.9866121647382,489.60667114257814,460.8659600830078,504.10682891483935,475.1065133703169
2022-08-26,486.6221618652344,491.91760349846345,485.13574797309,486.6221618652344,12855886,54.76571717373481,4.711454552738019,7.226387238700225,3857635657,443.42079673887247,489.40228576660155,462.2121136474609,503.94964056896384,474.85493096423926
2022-08-29,478.30743408203125,480.3048560679867,472.6404168754124,475.0094140125052,9421339,48.8283994864083,3.8035788549842096,6.541825561957022,3848214318,443.7679274587049,488.5847442626953,463.5731317138672,503.68594025205977,473.4835482733309
2022-08-30,493.54345703125,494.70473575367646,481.1874627652449,481.41971850973016,14835308,57.8466427035168,4.2643438415252035,6.0863292178706585,3863049626,444.2632063599243,488.7194564819336,465.2500189208984,503.94659455292765,473.49231841093956
2022-09-01,495.4479064941406,502.50851463100315,485.18221468066645,485.18221468066645,16670228,58.82348630057076,4.728667433814621,5.814796861059451,3879719854,444.77250685877226,488.6985565185547,467.08205139160157,503.88750141446127,473.50961162264815
2022-09-02,498.6065673828125,499.6749096222966,493.54338158639774,498.88526289297994,10017930,60.46010174663635,5.290538724490318,5.709945233745625,3889737784,445.3081691525438,488.4477203369141,468.67904174804687,502.7842669150286,474.11117375879957
2022-09-05,500.6504821777344,502.41559173178143,498.23498852574266,498.88531592062736,7819994,61.525744807650824,5.833507568637515,5.734657700724003,3897557778,445.85883893388905,488.35714263916014,470.3745098876953,502.357321937028,474.35696334129227
2022-09-06,499.6285095214844,504.1807444604695,496.19111341480766,499.81432544404555,8657868,60.64563485391289,6.110906906218531,5.809907541822909,3888899910,446.3938605317756,488.56849212646483,471.97986083984375,503.1050129750384,474.0319712778913
2022-09-07,495.0298156738281,499.30335491557975,493.8220972783756,496.46984649081065,8445359,56.714194200973324,5.891755232359628,5.826277079930254,3880454551,446.8778003839353,488.65210418701173,473.4402838134766,503.31652210747717,473.9876862665463
2022-09-08,505.99237060546875,507.5252244456997,497.4917879618707,497.9562994352245,12240707,62.890139822976465,6.527418499725172,5.9665053638892385,3892695258,447.4660050627566,489.77854614257814,474.9908239746094,506.04883740007557,473.5082548850807
2022-09-09,514.0747680664062,517.4657241283614,509.10451853203244,510.63742890591453,18587927,66.66633261347346,7.595808395545305,6.292365970220452,3911283185,448.128778823987,491.5738800048828,476.64634216308593,510.09225542746134,473.0555045823043
2022-09-12,515.5148315429688,518.952170921536,512.1238752658808,515.5148315429688,9677415,67.30470806185212,8.46118094572222,6.726128965320806,3920960600,448.79928681124056,492.97438354492186,478.4263507080078,514.1027264383885,471.84604065145527
2022-09-13,518.394775390625,520.2528211805555,514.4464280870226,520.2528211805555,16707275,68.5998342540741,9.272494778343685,7.235402127925381,3937667875,449.49177923491607,494.2425003051758,480.1376110839844,518.10068513044,470.38431547991166
2022-09-14,531.1688232421875,534.0487714434327,510.2658087726655,510.96257592164955,21632641,73.5958931602949,10.821482427065291,7.952618187753363,3959300516,450.30448614046105,496.3699615478516,482.0867010498047,524.9618463709493,467.77807672475393
2022-09-15,531.5404663085938,537.4397389468393,527.5921190475323,531.9120414407419,12749947,73.7268685285742,11.941401742021299,8.750374898606951,3972050463,451.11280435108927,498.4138122558594,483.9205926513672,530.6886725342671,466.13895197745165
2022-09-16,521.9249877929688,533.2590770784519,520.5314536194188,528.7068427636351,14739280,64.77424980261382,11.91570033520452,9.383439985926465,3957311183,451.817403191307,499.7817977905273,485.5863287353516,533.571942785127,465.9916527959276
2022-09-19,531.6333618164062,533.6307837600242,519.8347594839756,520.903158514852,11194003,68.8827707168103,12.534229635605755,10.013597915862324,3968505186,452.61159183434285,502.19261474609374,487.3013055419922,537.7997628857938,466.58546660639365
2022-09-20,533.3056030273438,536.928815145089,532.1907641678022,536.928815145089,8484017,69.54174337949567,13.009390299349775,10.612756392559815,3976989203,453.41451731885036,505.1074249267578,488.9233795166016,540.8803573461955,469.3344925073201
2022-09-21,529.2643432617188,536.3248944309445,525.2695562395763,534.1881531589202,9392526,65.90916640535298,12.91103231614386,11.072411577276624,3967596677,454.1692419550978,507.3277877807617,490.4311834716797,543.309432349929,471.3461432115944
2022-09-22,527.0346069335938,533.2590708432804,522.1107975852327,526.5236557498765,11869435,63.925073900857186,12.508966242543579,11.359722510330016,3955727242,454.8942704623465,509.55744018554685,491.90089599609377,544.6088340600038,474.50604631108996
2022-09-23,511.51995849609375,527.6849787662827,510.49805604238094,524.7120943058618,12563239,52.159289697523604,10.813769115876141,11.250531831439242,3943164003,455.45771014427436,510.9602615356445,493.1207025146484,543.9044638032046,478.0160592680844
2022-09-26,504.73809814453125,510.0335396785257,495.16917422341385,507.0606552468925,16158750,48.00032349189963,8.821386277868157,10.764702720725024,3927005253,455.94806226367996,511.8660583496094,494.1760711669922,543.0319537468691,480.7001629523497
2022-09-27,498.4207763671875,511.7987285538855,495.3550121961274,505.89939922928977,11066799,44.445255060305044,6.655928057556821,9.942947788091384,3915938454,456.3706763343617,512.8717254638672,495.2379437255859,540.7677187156768,484.97573221205755
2022-09-28,487.59765625,501.48656022664454,483.4170531154082,495.0763361087725,12233485,39.10198885692825,4.020110148448282,8.758380260162765,3903704969,456.6813925524278,512.5744354248047,496.08799926757814,541.399289922972,483.7495809266375
2022-09-29,484.71771240234375,497.67759358102506,482.6738506213195,491.45312862643,17310168,37.799761851804654,1.6794583155906366,7.34259587124834,3886394801,456.9603609091434,512.0379257202148,496.67235473632815,542.4723909045331,481.60346053589655
2022-09-30,492.9394836425781,498.79237274765114,479.51514930962094,486.80795573628114,17466950,43.5768769831981,0.48234295213870837,5.970545287426415,3903861751,457.3183621303716,511.75457153320315,497.2790051269531,542.7836761492781,480.72546691712824
2022-10-03,482.859619140625,493.9150135732144,481.69834059531325,490.1524257239612,9351162,38.816812524544794,-1.2651564860736357,4.523404932726405,3894510589,457.57250399117015,510.86502838134766,497.4861767578125,544.0608666727705,477.6691900899248
2022-10-04,494.8905029296875,497.7704511963268,490.3382681050698,495.16919845499825,8745887,46.34962284151124,-1.6601336184677962,3.2866972224875646,3903256476,457.9438273636928,510.6281280517578,497.86986328125,544.2067583732761,477.04949773023947
2022-10-06,499.1640319824219,503.3446353603367,496.6556586150605,496.6556586150605,9507322,48.76277308372631,-1.6097614345874263,2.3074054910725663,3912763798,458.3539786534314,510.8348388671875,498.30836303710936,544.0760350964724,477.5936426379026
2022-10-07,492.56793212890625,497.5846215553129,489.17697600581823,497.4917419504565,11065307,45.370648361668785,-2.078135792402122,1.4302972343776286,3901698491,458.6944160014461,510.1636169433594,498.5387609863281,544.2989512445432,476.02828264217555
2022-10-10,493.07891845703125,496.0053633580189,485.13578377256994,488.3873640167519,9649292,45.68586059314956,-2.380650858048682,0.6681076158923664,3911347783,459.036550354238,509.11382446289065,498.8462677001953,543.9868907848771,474.2407581409041
2022-10-11,489.9666442871094,495.81947654929985,488.20147829710766,493.0788479661083,10825440,44.01984605790911,-2.838806745166721,-0.03327525631945116,3900522343,459.3443124829233,507.83641510009767,498.8314031982422,543.5398040062785,472.1330261939169
2022-10-12,495.912353515625,497.02719220323314,488.66598710074885,492.3820782574085,8522604,47.92666152997087,-2.691108122882838,-0.5648418296321286,3909044947,459.7081735877263,506.71229400634763,498.8564849853516,542.4308919768935,470.9936960358018
2022-10-13,484.4389953613281,495.912405324953,483.27771675355,495.16919835658643,12972765,41.85621874387935,-3.4599755721725955,-1.143868578140222,3896072182,459.9542514163194,504.3758026123047,498.72828063964846,539.4981185225217,469.25348670208774
2022-10-14,489.7808837890625,496.8878749459658,488.66604496943324,492.5679524866068,8545479,45.32833635288497,-3.596801128552727,-1.634455088222723,3904617661,460.2510338279885,502.28782348632814,498.6065802001953,535.6218449646907,468.9538020079656
2022-10-17,505.0633239746094,506.0387866822973,486.99381716787735,489.03767889540234,13485349,53.82387988777623,-2.443899414293469,-1.7963439534368721,3918103010,460.6969272622833,501.44474029541016,498.635380859375,533.5808705391653,469.308610051655
2022-10-18,522.5289306640625,523.5043933483238,507.94326009440294,508.26839542147115,20440781,61.23729918291314,-0.11951036476881427,-1.4609772357032607,3938543791,461.31217107722637,500.989518737793,499.03671875,531.6251189964829,470.35391847910313
2022-10-19,514.1212768554688,523.4579453205156,512.4025505311012,523.039873690099,9540583,56.53215942048587,1.0322580780737098,-0.9623301729478666,3929003208,461.83763481631337,500.0303024291992,499.4111138916016,527.6071472993781,472.45345755902036
2022-10-20,515.9793090820312,517.2799070388827,506.596144356835,512.8206087382911,11225588,57.312740250697644,2.0710962313875143,-0.3556448920807905,3940228796,462.3763579433355,499.36605072021484,499.86354858398437,524.6378885169657,474.09421292346394
2022-10-21,521.04248046875,525.6411552498403,517.6980206478074,517.6980206478074,11767639,59.449707547943675,3.265298242965457,0.3685437349284591,3951996435,462.9601004560262,499.06644439697266,500.61512756347656,523.1324048093816,475.0004839845637
2022-10-24,530.0075073242188,531.865552923953,525.7340251260505,526.7559275246837,3692065,62.983259074168366,4.878874061099964,1.2706098001627602,3955688500,463.62723883282416,499.9908218383789,501.6519158935547,527.1239091725743,472.8577345041836
2022-10-25,537.4862060546875,544.5932541668578,527.6850254611185,531.8656286557928,19899324,65.67071484244849,6.684063286728815,2.3533004974759715,3975587824,464.36215392955916,501.6282272338867,502.6515447998047,533.2850350895194,469.97141937825404
2022-10-27,538.508056640625,543.4783056434958,536.6035146515724,542.5028431021813,13613533,66.03357478781399,8.103728814669694,3.503386160914716,3989201357,465.09992410578866,503.6325912475586,503.56105712890627,539.0733925705084,468.1917899246088
2022-10-28,530.2398071289062,541.2952020481209,526.7559713396231,538.7868289392258,10043644,60.46447011192838,8.464076730900274,4.495524274911828,3979157713,465.7480821458197,505.7646987915039,504.3934613037109,542.206869794521,469.32252778848675
2022-10-31,533.0733642578125,536.4643207503551,528.056674284823,534.1417633453428,9894639,61.65790703602919,8.875982627336725,5.371615945396808,3989052352,466.4179854504166,508.18248138427737,505.2416595458984,545.1311843580831,471.23377841047164
2022-11-01,535.9533081054688,544.1751376967455,533.8165101750305,535.4423001724173,12069579,62.884236152368935,9.327289233447914,6.162750603007029,4001121931,467.1098792081783,510.3331726074219,506.0694201660156,548.4708013724916,472.19554384235215
2022-11-02,533.1198120117188,537.8578632104039,529.4502166195515,535.0243544746663,10241440,60.823024827575644,9.348549259436027,6.7999103342928295,3990880491,467.76669445995486,512.8461822509765,507.06347595214845,550.0228525832908,475.66951191866224
2022-11-03,543.385498046875,546.2190064529988,527.684988900138,528.6140117679199,17557998,65.26519904658998,10.077584926368672,7.455445252707999,4008438489,468.5191203662924,515.2709320068359,508.4309979248047,553.7499633013207,476.79190071235104
2022-11-04,551.7930908203125,554.5801591567704,539.2048435079216,544.4073483880893,25759031,68.42312675308045,11.20461360544914,8.205278923256227,4034197520,469.3477170872279,517.9023849487305,509.7697180175781,558.7413962274134,477.06337367004767
2022-11-07,570.5594482421875,578.5025828570365,564.5672390755263,569.4910492043815,44265903,74.08629943089747,13.45695673974501,9.255614486553984,4078463423,470.35479898926735,521.8019607543945,511.5320758056641,566.8928072685834,476.7111142402056
2022-11-09,571.8600463867188,576.9232326353217,567.2149317922315,576.9232326353217,18939854,74.42858864066045,15.17200882811892,10.438893354866972,4097403277,471.36480145093356,525.7410171508789,513.3000061035157,573.7751668139966,477.7068674877611
2022-11-10,562.755615234375,571.4419565687384,559.4575953177317,569.5839107900034,11618405,67.68839521616158,15.61653081308964,11.474420846511505,4085784872,472.2741627821121,529.3804656982422,514.8226751708985,577.0496605146069,481.7112708818776
2022-11-11,558.6214599609375,575.5761279324214,556.0202071744174,573.4393865971748,15525267,64.81796736530109,15.457046696161797,12.270946016441565,4070259605,473.1333398684686,532.5159210205078,516.4289556884765,579.2065202521451,485.8253217888705
2022-11-14,550.4925537109375,561.0834383305436,549.6564670534292,561.0834383305436,12957268,59.47709521970003,14.507486314566904,12.718254076066634,4057302337,473.90308328978676,535.8185989379883,517.5679376220703,577.5167408547761,494.1204570212005
2022-11-15,558.203369140625,559.3646477289204,550.5854269638519,552.1182806785682,10286417,62.623190538983025,14.213309054835918,13.017265071820493,4067588754,474.741892104223,539.2397232055664,518.823046875,576.2294517592334,502.24999465189944
2022-11-16,557.1814575195312,560.6652932272399,553.6976218118226,557.36727343122,11555749,61.93688362985185,13.739333248465528,13.161678707149502,4056033005,475.5621862874599,541.8456298828125,519.9945446777343,576.0779674190037,507.61329234662134
2022-11-17,556.5311279296875,559.9685238213378,553.8369956817869,556.5775677316582,8167131,61.47515408290865,13.159532940028726,13.161249553725348,4047865874,476.36784739832785,543.5457397460938,521.1121575927734,577.1433175730479,509.94816191913964
2022-11-18,559.9221801757812,562.755689019252,554.7661138043729,558.3428297161709,12933675,63.02309549186476,12.825818542052502,13.09416335139078,4060799549,477.1992337941234,545.8357849121094,522.3180310058593,577.2729884349696,514.3985813892491
2022-11-21,555.6485595703125,559.3646510750879,553.0937466607794,559.3646510750879,7412419,59.76398330269074,12.077282614517571,12.890787204016139,4053387130,477.97982410035416,547.8192474365235,523.5304058837891,576.3418270971159,519.296667775931
2022-11-22,556.5775756835938,558.0640462892758,553.8370035945674,555.6950493243781,8048595,60.245266162912955,11.42729953942262,12.598089671097435,4061435725,478.76189128028693,549.5960021972656,524.5421099853515,575.5354072302065,523.6565971643248
2022-11-23,564.5206909179688,566.3322398994152,558.3426670127318,558.8536181793718,12435924,64.18938093692734,11.421466726755057,12.362765082228961,4073871649,479.61521266971664,551.3216613769531,525.5510284423829,576.3965208072449,526.2468019466613
2022-11-24,566.10009765625,567.911703703776,562.8020776073517,566.4717295081228,8960032,64.93433682638138,11.41273025462192,12.172758116707554,4082831681,480.4757587889857,552.7523559570312,526.5627337646484,577.771498598225,527.7332133158375
2022-11-25,564.2885131835938,570.1413459163525,563.2201142032641,567.2149011984452,9994513,63.30757601851626,11.131311975164863,11.964468888399015,4072837168,481.30971654415595,554.0413787841796,527.4806085205078,578.6451945698027,529.4375629985566
2022-11-28,565.4032592773438,567.5400571020017,559.596866716974,562.6161908483663,7934274,63.90678309782302,10.872900624377394,11.746155235594692,4080771442,482.1464682131429,555.7995513916015,528.165297241211,578.282846758582,533.3162560246211
2022-11-29,565.3568115234375,568.3761356123507,564.0097171277736,564.0097171277736,6942919,63.859987736496464,10.542828655507265,11.505489919577208,4073828523,482.97443182817074,557.4137237548828,528.8416241455078,577.6633827347983,537.1640647749672
2022-11-30,559.6898803710938,568.0046470072868,555.9273488125881,565.3104578057068,15606230,58.25520849576048,9.712016181641388,11.146795171990044,4058222293,483.7377696246177,558.600552368164,529.5969219970704,576.3019853608016,540.8991193755264
2022-12-01,564.938720703125,566.5180707442009,558.8536329331158,564.70646501188,14209313,61.6155620628717,9.369127390351196,10.791261615662275,4072431606,484.5457392870905,560.1914978027344,530.2630291748047,573.6598737343626,546.7231218711062
2022-12-02,564.4278564453125,566.3323420662039,561.3620921893583,564.3814166405217,7533838,61.10003557768773,8.952958939112023,10.423601080352224,4064897768,485.3405862239883,561.2436157226563,530.885474243164,572.3823033974633,550.1049280478493
2022-12-05,573.4857788085938,574.1361061270183,564.4278062604734,565.3103892852598,11585602,66.45861123226501,9.247442318954427,10.188369328072666,4076483370,486.21765281686993,562.3282501220704,531.7699029541016,573.7945600434837,550.861940200657
2022-12-06,565.728515625,575.8083915750034,564.6601165911579,571.1168371932469,12996244,58.96702174638581,8.753965940151602,9.901488650488453,4063487126,487.00880568063246,562.086703491211,532.5437811279297,573.0413701093213,551.1320368731007
2022-12-07,563.96337890625,569.3981972670116,561.5943816888696,567.4936548285287,7613892,57.38193723465825,8.126770224891288,9.546544965369021,4055873234,487.77452282715603,561.6918701171875,533.5926495361329,571.7408443430983,551.6428958912767
2022-12-08,568.2368774414062,570.2342426474543,564.0562744063031,566.471711256473,10020015,60.17324692900479,7.883670670441688,9.213970106383556,4065893249,488.57514327107896,561.965933227539,534.8626251220703,572.4073198250721,551.524546630006
2022-12-09,572.74267578125,574.1362102722019,565.8678829446616,570.7917501751427,11202267,62.93007038526204,7.962802560356863,8.963736597178219,4077095516,489.41263115675235,562.6719940185546,536.3490631103516,573.9865422836996,551.3574457534097
2022-12-12,569.5374755859375,574.7864776344798,567.6329899879643,571.1632656554611,9285187,59.761082335238335,7.678370805418126,8.706663438826201,4067810329,490.2098932903761,563.6242401123047,537.9878594970703,573.8296860183442,553.4187942062653
2022-12-13,572.9749145507812,573.5788021601909,569.0265669434187,569.9555899098569,7455415,61.97275940306553,7.6422342674859465,8.49377760455815,4075265744,491.0334258402309,564.3628173828125,539.7530035400391,575.020162018115,553.70547274751
2022-12-14,581.1038208007812,582.2650994194879,573.6716376410591,574.6006605360243,14010673,66.64210354060879,8.175290934148848,8.43008027047629,4089276417,491.9296486756593,565.558935546875,541.5162902832031,577.9522423379178,553.1656287558321
2022-12-15,572.2316284179688,584.8663163337957,570.6987180540169,581.1502249817225,10622271,58.23699126209821,7.792008976533339,8.3024660116877,4078654146,492.72867334971215,566.343960571289,543.30373046875,578.3328596040144,554.3550615385636
2022-12-16,560.52587890625,571.9064081089458,559.364600416179,568.5619487387619,9435071,49.38669609444552,6.469127037563226,7.935798216862806,4069219075,493.40327240997624,566.3741455078125,544.6164379882813,578.3010989183822,554.4471920972428
2022-12-19,561.5478515625,566.2394054350925,560.2007571408708,561.1297799553664,8322012,50.09969159335503,5.440483712799505,7.436735316050146,4077541087,494.0813279239317,566.6691101074218,545.8641143798828,577.7846481108916,555.5535721039521
2022-12-20,561.5478515625,563.4523369916055,556.9956170902503,560.2007571408708,6753785,50.09969159335503,4.572566763622376,6.8639016055645925,4084294872,494.75263661685284,566.9176239013672,547.2437127685547,577.3188638800804,556.516383922654
2022-12-21,551.2822265625,565.9143376361941,547.7518940838596,562.8950131289239,9217253,43.03686959786507,3.0215555725163767,6.09543239895495,4075077619,495.3151200988991,566.2557006835938,548.4077789306641,578.672515740336,553.8388856268515
2022-12-22,551.2822265625,556.4847322630342,545.847408427578,554.6266864124063,8740149,43.03686959786507,1.7719421826468533,5.230734355693331,4083817768,495.87200673037773,565.5148071289062,549.6340905761718,579.5439819480615,551.4856323097509
2022-12-23,533.2592163085938,548.7739121655022,530.9366587462741,548.1235847074396,13047046,33.43843426900402,-0.6650257320371793,4.051582338147228,4070770722,496.2440187659819,563.9633422851563,550.3810278320312,583.8372810474217,544.0894035228908
2022-12-26,554.7196044921875,558.9931442668269,530.1934315849046,533.2591961104321,13201587,48.24109474275571,-0.854812639357192,3.070303342646344,4083972309,496.8258653901232,563.4291595458984,551.7866400146485,583.6901245431227,543.1681945486741
2022-12-27,559.178955078125,560.2937372931399,551.189323417787,557.7854206062935,9638618,50.694828562939605,-0.6380329600104915,2.3286360821149774,4093610927,497.4462941432377,563.1202667236328,553.1746014404297,583.4425383164058,542.7979951308597
2022-12-28,558.3892211914062,563.9169189700275,556.0666638645115,558.2499017736284,7988631,50.240582810103184,-0.5239190146195369,1.7581250627680747,4085622296,498.05269142729907,563.0552337646484,554.2411193847656,583.4292577610875,542.6812097682093
2022-12-29,568.376220703125,574.1361742448994,554.7660687173757,557.413761402815,20130392,55.65232402501894,0.36814080694500717,1.4801282116034613,4105752688,498.7524280370088,563.2271087646484,555.1580651855469,583.7194430761753,542.7347744531215
2022-12-30,570.141357421875,576.5051415202785,567.9581196143295,571.5813315569454,13052895,56.55174310738154,1.2036613648580214,1.4248348422543735,4118805583,499.46276564282846,563.5127838134765,556.278466796875,584.2222582757017,542.8033093512513
2023-01-02,568.7478637695312,575.2510244474183,567.8188408155474,571.3026768929869,6726084,55.59317269355227,1.7333926631514487,1.4865464064337885,4112079499,500.1521696042882,563.2758880615235,557.333837890625,583.6289453430995,542.9228307799474
2023-01-03,568.93359375,572.835444204816,566.70391631606,570.884518977408,6818062,55.700951686790326,2.143486611388539,1.6179344474247386,4118897561,500.83656188434503,563.4361419677734,558.29166015625,583.9140096738531,542.9582742616938
2023-01-04,562.24462890625,571.302601512438,561.1297901679545,568.4225967132537,7011191,50.90871665341177,1.906765453823482,1.6757006487044874,4111886370,501.4475874268516,563.3502044677734,558.9364025878906,583.832925714946,542.8674832206009
2023-01-05,562.1517944335938,568.1904439316046,559.2254060063962,563.9169608142379,8241475,50.84333670352461,1.6921650396351424,1.6789935268906186,4103644895,502.0516093871177,563.0459503173828,559.4297143554687,583.4097149523665,542.6821856823991
2023-01-06,558.0176391601562,564.3349836708002,554.6266828234792,564.2885438654469,7972036,47.89354332921139,1.1749567156563216,1.5781861646437592,4095672859,502.60848530525743,562.3096984863281,559.8199060058594,582.2788278801835,542.3405690924727
2023-01-09,564.5671997070312,565.7749180766002,557.5065919949155,562.0588266606619,8878905,52.58672697375978,1.2788187651027556,1.5183126847355586,4104551764,503.2249899261706,562.0611846923828,560.5064538574219,581.7865542026703,542.3358151820952
2023-01-10,552.907958984375,565.774902476049,548.6808597528583,565.2639512610573,10622660,44.843556101263914,0.4155368514360589,1.2977575180756589,4093929104,503.7193478272473,561.0578369140625,560.9031457519532,580.5000020082147,541.6156718199103
2023-01-11,554.3479614257812,556.9492141378572,550.2137982871492,554.1157057067913,7419630,45.90303723498548,-0.150687095301123,1.0080685954003026,4101348734,504.22311512673525,559.7200439453125,561.2710388183593,577.0253961594585,542.4146917311664
2023-01-12,552.6757202148438,555.4627887853612,548.2163651395716,555.4627887853612,8183715,44.8262019207995,-0.7259907730153827,0.6612567217171657,4093165019,504.7052306002488,558.7422485351562,561.6621569824218,575.303269939641,542.1812271306715
2023-01-13,557.506591796875,560.1079011495518,551.5144397532472,555.462786881279,7877610,48.579035774950064,-0.7830852003158952,0.3723883373105535,4101042629,505.2306172788222,558.5912841796875,561.9445788574219,575.1395581400783,542.0430102192967
2023-01-16,560.2008056640625,563.0807539572319,557.9711280349228,560.2008056640625,5483191,50.5972570356657,-0.6039702100741806,0.17711662783360665,4106525820,505.7775843274316,558.5239318847656,562.1127331542968,575.0344460949752,542.013417674556
2023-01-17,550.8641357421875,562.987873155165,544.4538550992968,560.200804476179,13461999,44.13276609742878,-1.2015606791787832,-0.0986188335688713,4093063821,506.2262067295685,557.98974609375,561.7188269042969,574.7635750839935,541.2159171035065
2023-01-18,549.4705810546875,554.7660226892714,545.8938090272761,553.6047441160317,11538075,43.24467665764328,-1.7672320966632924,-0.4323414861877556,4081525746,506.65649901141046,557.8991638183594,561.2710375976562,574.8356802647722,540.9626473719466
2023-01-19,547.9840698242188,549.7492358058721,545.8473287485155,549.0524687135959,7475688,42.267592590150926,-2.3088646490128895,-0.8076461187527824,4074050058,507.0677186214882,557.7342559814454,560.9756066894531,574.9865560314051,540.4819559314856
2023-01-20,550.1673583984375,554.2550250301911,548.8667036910736,551.6537723185195,6750607,44.2596267463632,-2.532743319160886,-1.152665558834403,4080800665,507.4965707585723,558.5796630859375,560.8065246582031,572.2335665107224,544.9257596611525
2023-01-23,557.831787109375,559.0395054856419,550.8641156658481,556.0201811934469,6604469,50.691693334691884,-2.0678762453939044,-1.3357076961463035,4087405134,507.9974186824609,558.7352722167968,560.9533093261718,572.2801633257262,545.1903811078674
2023-01-24,552.1646728515625,561.687156454172,550.9569545645247,560.6652540658442,7609623,46.425827649558755,-2.1321760999559274,-1.4950013769082284,4079795511,508.4368938483226,558.3845581054687,560.8325354003906,572.2253405222475,544.54377568869
2023-01-25,528.3353271484375,553.5582645072653,527.1276087360154,553.5582645072653,25686294,33.6158300129308,-4.059171642099045,-2.007835429946392,4054109217,508.6348882095178,556.8818634033203,560.2556127929688,575.9377324286384,537.8259943780022
2023-01-27,501.62591552734375,528.1959472210457,494.4724280088681,527.684995977524,40163464,25.216986821543884,-7.653332932445437,-3.136934930446201,4013945753,508.56514718780466,553.5443481445312,559.1575085449218,583.5908124471224,523.49788384194
2023-01-30,500.0001220703125,515.0038074618653,487.92282470969167,497.95626040713466,40797825,24.810637728158156,-10.511746721369605,-4.611897288630882,3973147928,508.47992305728235,550.0372863769531,557.9590673828125,587.0764112843725,512.9981614695338
2023-01-31,514.2141723632812,517.4657524956598,499.67494137585163,506.3174777560764,21911943,34.715597124238386,-11.497568364861195,-5.989031503876944,3995059871,508.53698026430726,547.3106018066406,557.1303796386719,586.4104674992241,508.21073611405717
2023-02-01,489.92022705078125,524.8979635888558,463.90761295897005,521.5535036702219,38218810,27.940753224847285,-14.076887872697966,-7.606602777641149,3956841061,508.3517389387996,543.3599334716797,555.7972326660156,588.4330811631122,498.28678578024716
2023-02-02,490.6169738769531,494.84407346083447,466.8340101694445,483.2777269428903,39287056,28.372487131317072,-15.881720926918774,-9.261626407496674,3996128117,508.17527361480114,539.7785507202149,554.3191583251953,589.4305501381097,490.1265513023201
2023-02-03,505.57427978515625,507.2000698803014,482.30226719240557,497.95628057015045,32317232,37.08676698848399,-15.921600245361446,-10.593621175069629,4028445349,508.14939307918286,536.949674987793,553.1086419677735,587.6170700041623,486.2822799714236
2023-02-06,506.6890869140625,519.1379591275065,498.46720063982644,519.1379591275065,25338586,37.69518808672269,-15.682471504566365,-11.611391240968977,4053783935,508.13486266957966,534.3832473754883,551.9566534423828,585.7175198474733,483.04897490350317
2023-02-07,508.26837158203125,512.2632151446792,502.64779475723776,509.1045148167841,16195947,38.60106350776589,-15.190419480520632,-12.327196888879309,4069979882,508.1361911164698,531.5683059692383,550.8139556884765,582.1419661256526,480.99464581282393
2023-02-08,510.7303161621094,515.1431747374072,506.7819690157902,510.9625718765987,15502847,40.06403849281285,-14.43540400252391,-12.74883831160823,4085482729,508.16200330597866,529.459423828125,549.72142578125,579.8148979273248,479.1039497289252
2023-02-09,511.70587158203125,512.8207105542841,504.2736873710996,512.8207105542841,15061047,40.66733149794426,-13.601539546065169,-12.919378558499618,4100543776,508.1972656768847,527.3273193359375,548.7617456054687,576.8918243391524,477.7628143327226
2023-02-10,513.7960815429688,517.6979888967993,507.710993148678,507.710993148678,13824475,42.01407852818353,-12.626483242314066,-12.860799495262508,4114368251,508.2529752874925,525.3833374023437,547.7388928222656,573.8563658511583,476.9103089535291
2023-02-13,499.3498229980469,517.3728904535258,495.4479153661014,514.6787012854288,18488732,35.94191437098908,-12.87106678293219,-12.862852952796445,4095879519,508.16438670749807,522.4754989624023,546.4373321533203,569.856723823068,475.0942741017365
2023-02-14,502.4620361328125,505.94587216970376,493.0789270880096,501.6259495057949,18559909,38.02016401698968,-12.667745525851956,-12.823831467407548,4114439428,508.1076469007848,519.5885604858398,545.0168572998047,564.3893506570695,474.7877703146101
2023-02-15,503.76263427734375,505.9923117714112,498.69944846589567,501.6723328903008,12796579,38.91210759618548,-12.260335053352435,-12.711132184596526,4127236007,508.0644129443327,517.2334854125977,543.7775396728516,560.1215368035432,474.3454340216522
2023-02-16,501.7652282714844,508.0361326298083,500.27881436406693,508.0361326298083,12767016,38.00749198515911,-11.960757127464376,-12.561057173170097,4114468991,508.00173448987647,514.8482177734375,542.5335766601562,555.5499901424628,474.14644540441213
2023-02-17,493.3111572265625,501.34722794923516,490.29183281792535,500.27882893880206,14192008,34.36590010135987,-12.264138982531904,-12.50167353504246,4100276983,507.8555595917341,512.1145721435547,541.0350622558594,550.843308986299,473.38583530081036
2023-02-20,487.8763732910156,496.0517630460272,485.0893047356897,494.2401571444544,12570032,32.22814273552157,-12.79561306916662,-12.560461441867293,4087706951,507.65676171809514,509.0000228881836,539.3377362060547,544.9027879286243,473.09725784774287
2023-02-21,486.2970275878906,491.4066533197849,485.3215649251401,489.68792700631445,10223218,31.612721918027546,-13.192178884652037,-12.686804930424243,4077483733,507.44422705013295,505.42328491210935,537.6729272460938,534.8173877064003,476.0291821178184
2023-02-22,479.700927734375,484.8570499338609,476.12421242954093,483.7886509710897,14763050,29.112327428041027,-13.878724980430718,-12.925188940425539,4062720683,507.168174320623,501.80009765625,535.8074475097657,524.3140888166762,479.28610649582373
2023-02-23,484.0209045410156,486.80797308923644,475.05583971454416,480.2583733415285,15535085,32.857918164026714,-13.913841578241147,-13.122919467988662,4078255768,506.9378532282886,499.5843765258789,533.8657891845703,519.8239016731397,479.34485137861805
2023-02-24,484.0673828125,490.05959200799634,480.86224238671736,486.9938277019231,12253035,32.898998297380544,-13.779084616655268,-13.254152497721984,4090508803,506.7102863584798,498.7064498901367,532.1025042724609,520.0108438021194,477.40205597815395
2023-02-27,490.24542236328125,492.19634787828124,482.16291135259667,484.11383686759666,11048799,38.302668342745946,-13.02364413139992,-13.208050824457573,4101557602,506.54645686599025,498.21871490478514,530.6968951416015,519.8267860383517,476.6106437712186
2023-02-28,485.69317626953125,490.94217850316005,484.06738614268016,489.8273396469931,15768010,36.00203903183967,-12.646499346938924,-13.095740528953844,4085789592,506.3389615366723,496.7926651000977,529.1798016357421,517.7445422878536,475.8407879123417
2023-03-01,498.6065673828125,499.2568947085724,485.97182279236836,486.11119889897907,13510198,45.92446176576347,-11.176767824755416,-12.71194598811416,4099299790,506.26202229136027,497.2269821166992,527.9209759521484,517.9498824918176,476.5040817415809
2023-03-02,495.86590576171875,501.57941850464294,494.7046272938927,497.9097672057026,10376913,44.352753378223994,-10.11652647287832,-12.192862085066992,4088922877,506.15857834579174,497.4894287109375,526.8126495361328,518.0027207695196,476.9761366523554
2023-03-03,521.36767578125,524.2476241616192,503.29816858644995,503.53042431722355,27656538,58.5633453946835,-7.136235765742754,-11.181536821202146,4116579415,506.3099126486322,498.2790985107422,526.2143585205079,521.0664197829215,475.491777238563
2023-03-06,521.8321533203125,527.5921064096759,519.3237802504061,524.80503782157,16162268,58.76986549058855,-4.682873205574651,-9.881804098076648,4132741683,506.46436280456936,499.0362518310547,525.9858172607422,523.8106858981207,474.2618177639887
2023-03-08,524.712158203125,525.3624856178885,516.9548391426886,520.252859320986,12637578,60.09783257114506,-2.4776129959242326,-8.400965877646165,4145379261,506.6459329080376,499.8584411621094,525.3856683349609,526.800464633727,472.9164176904918
2023-03-09,519.2308959960938,525.5946798673979,518.3947527459267,524.6656570130145,8993423,56.376144531767636,-1.1588618054949507,-6.952545063215922,4136385838,506.77115642135163,500.2834701538086,524.5867071533203,528.1504559654438,472.4164843421733
2023-03-10,508.5006408691406,515.5612486426553,506.31745982451406,513.8425223260048,11522371,49.8658778418577,-0.9684205489840565,-5.755720160369549,4124863467,506.7883652218272,500.1232086181641,523.588935546875,527.7615206364865,472.4848965998417
2023-03-13,492.38214111328125,513.8890441091696,490.9421669468635,508.1755305452167,14373729,42.01669344144939,-2.0939845530513708,-5.0233730389059135,4110489738,506.6450197083093,499.05251159667966,522.0690539550782,526.1428430305019,471.9621801628574
2023-03-14,488.1086120605469,494.9833469032127,483.09186615388154,490.19891340448197,14750800,40.2095325690288,-3.2928819216634793,-4.677274815457427,4095738938,506.4605778411674,498.4904510498047,520.4283990478516,525.9960598879751,470.98484221163426
2023-03-15,480.8157653808594,494.24015692362525,478.957719678139,492.1962953100218,11282329,37.26402708498072,-4.776428804036527,-4.697105613173247,4084456609,506.20540557788075,497.408137512207,518.6697570800782,525.8896598076999,468.92661521671414
2023-03-16,487.27252197265625,491.77826045743336,477.79647683963054,481.60550483684807,20040008,41.35973299570753,-5.369250721034064,-4.8315346347454105,4104496617,506.0170186763363,496.58363189697263,517.0365356445312,525.235823591081,467.9314402028642
2023-03-17,492.1962890625,493.8685188331115,483.18475617807985,491.12794681882934,18787379,44.34370138359324,-5.379745153440126,-4.941176738484354,4123283996,505.87949897868623,496.1051849365234,515.6355688476563,524.7148408263074,467.4955290467395
2023-03-20,482.34869384765625,489.2234291835881,478.4467863850695,489.2234291835881,14275315,39.96363553866994,-6.112222801057101,-5.175385950998903,4109008681,505.6453616141984,495.55706176757815,514.0395068359375,524.773453491152,466.3406700440042
2023-03-21,484.81060791015625,486.2970786646676,479.7939179592165,484.949984035069,29485180,41.518855931045344,-6.420054334220765,-5.424319627643276,4138493861,505.43805063206867,495.40377349853514,512.5753662109375,524.8112932031745,465.99625379389573
2023-03-22,484.5318908691406,489.5950771058183,483.18479629930033,485.13577844622523,11619538,41.3881399211844,-6.610303711518611,-5.661516444418343,4126874323,505.2300291418903,495.31551666259764,510.9746600341797,524.842183597212,465.78884972798323
2023-03-23,476.3564758300781,484.020914495311,475.19519724443677,482.53450058691243,22097792,37.6443287773545,-7.336198255691272,-5.996452806672929,4104776531,504.9427301039619,495.14829406738284,509.4436303710938,525.06213994284,465.2344481919257
2023-03-24,469.4817199707031,478.4003453249582,467.7165821618938,477.9822736866617,14416984,34.79412387356501,-8.369729226310085,-6.47110809060036,4090359547,504.5898842319892,494.4213348388672,507.7463055419922,526.0396071164391,462.80306256129523
2023-03-27,473.9410400390625,477.6571600946743,465.95143720498004,471.01462349240376,15674218,38.06961447245622,-8.728364947395164,-6.922559461959321,4106033765,504.28492060817894,493.91501770019534,506.1716119384766,526.4901208334709,461.33991456691973
2023-03-28,472.03656005859375,475.42748810904595,468.08821257551915,475.1487925684998,15833599,37.209926433711324,-9.061803132471937,-7.350408196061844,4090200166,503.9640413987304,493.00457458496095,504.46221130371094,526.9289303378262,459.08021883209574
2023-03-29,479.8403015136719,481.2338357871869,470.36425711315877,472.87263014609675,24203789,42.89990201879633,-8.597254778124466,-7.599777512474368,4114403955,503.7240041859438,492.711930847168,502.8550012207031,526.9827297852084,458.4411319091275
2023-03-31,486.5757751464844,487.6441742313719,482.4880514425495,483.6958266526176,17356345,47.33583112777523,-7.598015238874325,-7.59942505775436,4131760300,503.5533750412726,492.1103912353516,501.56923400878907,526.3685492945992,457.85223317610394
2023-04-03,489.36279296875,490.98858297861295,485.04281397560624,487.50474724319236,14210949,49.09796609153677,-6.50622198168702,-7.380784442540892,4145971249,503.4121752196555,491.7852355957031,500.3670782470703,526.018079039212,457.5523921521942
2023-04-05,485.8789367675781,490.15241907513473,482.20928527356034,489.5950280621676,13574801,46.981758070234605,-5.854597879064727,-7.07554712984566,4132396448,503.2377151355553,490.0107986450195,499.1249755859375,521.4948546728426,458.52674261719636
2023-04-06,490.1989440917969,495.8195211611808,484.62480682568594,486.80798790702346,25125879,49.86728433041584,-4.932731141698525,-6.646983932216234,4157522327,503.10797612019456,488.42913818359375,497.9256072998047,516.3348103985722,460.52346596861526
2023-04-10,488.9447326660156,492.75376051347615,487.17962320768146,491.6853615153094,17335453,49.032914920032184,-4.254308470984483,-6.168448839969884,4140186874,502.96704832463064,486.6407669067383,496.5478662109375,509.0616302634605,464.2199035500161
2023-04-11,494.3330993652344,497.67761607710594,489.7344810288869,493.1718206534169,26414406,52.694940100915936,-3.2444573715303022,-5.583650546281968,4166601280,502.8811383847362,485.3958770751953,495.39123474121095,502.59783056334084,468.19392358704977
2023-04-12,490.7098693847656,496.09819044978934,488.6660078213281,495.35498352755394,21292441,50.088812321847605,-2.7053222080463115,-5.007984878634836,4145308839,502.76003123050765,484.50633850097654,494.6387255859375,498.34916224350314,470.66351475844994
2023-04-13,495.12274169921875,496.3304600695866,489.7344204831548,491.73178559870985,28597560,53.12926795401357,-1.9000689784310225,-4.386401698594074,4173906399,502.68403829984805,484.64336853027345,494.508662109375,498.844939227449,470.4417978330979
2023-04-17,505.388427734375,506.31745057947495,490.52406221277573,490.52406221277573,32476990,59.335245753546516,-0.42860424041873557,-3.5948422069590067,4206383389,502.7109476474553,485.50735931396486,494.6164282226562,502.31118636916807,468.70353225876164
2023-04-18,507.10711669921875,509.56905001405534,502.1368669691831,506.6426052589142,22283456,60.28339049811464,0.8662405200675494,-2.7026256615536957,4228666845,502.7546906230948,486.8219268798828,494.474287109375,505.91024648254734,467.7336072772183
2023-04-19,501.9510803222656,508.6400567933102,500.0465946465739,505.3884765215721,21156372,56.06043666158901,1.4595406012606418,-1.8701924089908284,4207510473,502.74669450069854,487.5558547973633,494.7149041748047,507.75355253968894,467.3581570550376
2023-04-20,506.1316833496094,506.73557093822814,498.56018045565,502.7872234668011,25588577,58.5932184798043,2.2412393040773964,-1.0479060663771835,4233099050,502.78037598178224,488.25262451171875,495.0251983642578,509.94849041279895,466.55675861063855
2023-04-21,504.5987854003906,507.6181096733121,501.39364521621684,506.31745499760086,22599418,57.289229208511394,2.7058576615707466,-0.2971533207875975,4210499632,502.79846960783806,489.3651290893555,495.0056884765625,511.9975847042256,466.7326734744854
2023-04-24,515.236083984375,516.1186670908221,504.9239523489952,505.2026478818052,23335611,63.37970585756619,3.8875983396787888,0.5397970113056798,4233835243,502.92222696481855,490.8864028930664,495.17662841796874,516.0396030874217,465.7332026987111
2023-04-25,521.9249877929688,527.5920607872357,515.6076442134857,515.6076442134857,38142390,66.60455492544253,5.302748196549544,1.4923872483544527,4271977633,503.1113091621136,492.7560577392578,495.4497607421875,521.0986728082139,464.41344267030166
2023-04-26,526.1520385742188,526.7559260736897,516.9547469026996,522.1108120871492,23143882,68.49282548264155,6.6882542926414885,2.53156065721186,4295121515,503.34057015128883,495.24583587646487,495.75819519042966,526.031821293268,464.4598504596618
2023-04-27,524.6657104492188,527.1276439453,521.2747540041349,524.8979661864694,17845169,67.05706032374914,7.578977858894177,3.5410440975483235,4277276346,503.55276060201453,498.0050354003906,496.01739196777345,528.9513120799284,467.0587587208529
2023-04-28,537.2539672851562,539.2513893335699,525.3624847187829,527.499226189582,16183423,72.34460220735892,9.194659513282204,4.6717671806951,4293459769,503.88809599189653,501.1706817626953,496.4865496826172,534.4853531407956,467.85601038459504
2023-05-02,534.466796875,539.6228619911891,532.4694319090614,538.833215305152,13667511,69.67793185751324,10.13338613840807,5.764090972237694,4279792258,504.1923616723255,504.2921936035156,497.18888916015624,537.8012794036653,470.78310780336597
2023-05-03,530.0075073242188,534.188109923621,528.613973124418,530.1468834254196,9699527,65.5168789908291,10.397648730812989,6.690802523952753,4270092731,504.44922879323985,506.800553894043,497.7397985839844,540.1227358809656,473.4783719071204
2023-05-04,538.833251953125,539.57645889107,528.149489198882,529.7288393814246,12533761,69.4104765474839,11.19024835359778,7.5906916898817585,4282626492,504.79135837692036,509.413427734375,498.4412109375,544.1477016933763,474.67915377537366
2023-05-05,535.5816650390625,546.4976833637962,534.2345705860378,539.0190608734192,18163461,66.43425499716088,11.42432091558544,8.357417535022496,4264463031,505.0977295874889,511.7243713378906,499.11753967285154,546.9615347301167,476.4872079456645
2023-05-08,542.177734375,545.8938259243915,536.3713413290757,536.6500935577258,12990869,69.30916021704883,12.003701577381776,9.086674343494352,4277453900,505.4666848590064,514.5393112182617,500.0948712158203,550.0617872614426,479.01683517508064
2023-05-09,532.7946166992188,544.8254742233607,531.4939619981551,543.4783797193426,18959065,61.269818836626555,11.572327163599994,9.58380490751548,4258494835,505.73860457880954,516.6690948486328,500.99323608398436,551.1924627645819,482.14572693268366
2023-05-10,531.5869140625,534.188166838668,523.2721477771822,534.188166838668,18561315,60.300320673310765,11.0061364334789,9.868271212708166,4239933520,505.9958016881,518.8012039184571,501.89903381347654,551.4272608400408,486.1751469968733
2023-05-11,532.7481689453125,538.8332573209989,531.4010744613989,531.5868903735,16016715,60.94032258132268,10.52974936852604,10.000566843871741,4255950235,506.261994397127,520.721957397461,502.9599786376953,551.848607605098,489.595307189824
2023-05-12,537.1146240234375,539.5300609348624,530.9830387279558,533.9094836079651,11319335,63.333887770914735,10.384835698586812,10.077420614814756,4267269570,506.5689857366923,523.0421951293945,504.02185302734375,551.6941262870595,494.3902639717295
2023-05-15,540.5984497070312,542.5493751212783,533.8630336631455,537.6720048826024,11410243,65.16792464272197,10.430865661871735,10.148109624226151,4278679813,506.907587368238,525.3159805297852,505.15247436523435,551.8866033652866,498.74535769428365
2023-05-16,544.6860961914062,548.495123972205,540.6913091994442,542.5493549355248,22178229,67.2385786201423,10.674138820898406,10.253315463560602,4300858042,507.2834929286676,527.2808639526368,506.24128784179686,553.4757820565561,501.0859458487174
2023-05-17,544.6860961914062,548.5880035777866,538.3687520293435,544.4074006716053,23739774,67.2385786201423,10.743094842119945,10.35127133927247,4324597816,507.65565813526206,529.1598129272461,507.42114624023435,554.6793024143509,503.6403234401413
2023-05-18,533.4449462890625,551.7467082714093,530.8436935790718,548.4021918988014,45656620,56.52207627875354,9.777961876882841,10.236609446794544,4278941196,507.91226796763823,530.734506225586,508.1179138183594,553.0265486474674,508.4424638037045
2023-05-19,534.3275146484375,544.6396455981572,529.450144687857,537.9042299383079,42293962,57.10018859236088,8.980778119375032,9.985443181310643,4321235158,508.1751062430691,532.1442977905274,508.88714599609375,551.3928631792687,512.8957324017861
2023-05-22,536.1856079101562,539.1119961242575,532.7482117209831,536.5107432551475,21484049,58.355649950203684,8.402082864491831,9.668771117946882,4342719207,508.45381770244313,533.7236389160156,509.1835046386719,548.2854170660765,519.1618607659547
2023-05-23,540.3197021484375,542.2706842826218,535.8604035179653,537.8113856521496,16120548,61.08443222549893,8.182724209566004,9.371561736270706,4358839755,508.7708911795177,534.9778198242187,509.5532556152344,547.0648863191433,522.8907533292942
2023-05-24,541.3416748046875,543.7106719449978,537.2075114091327,538.647485615748,17616658,61.751652237393316,7.999136481452297,9.097076685307025,4376456413,509.0949785787732,535.9486541748047,509.88584594726564,546.7352914794935,525.1620168701158
2023-05-25,539.9945068359375,541.5274171494668,536.046159904234,540.6912739415322,16479436,60.28435708870595,7.656675301161499,8.80899640847792,4359976977,509.40243657138177,536.6407775878906,510.3011181640625,546.5662223826155,526.7153327931658
2023-05-26,544.4073486328125,546.033138496477,539.3441631453613,539.9944904314373,9788076,63.35588476477173,7.653131268477409,8.577823380477819,4369765053,509.75074415408255,537.6278594970703,511.0192523193359,546.4596549065802,528.7960640875604
2023-05-29,552.7686157226562,554.0692704408735,546.3118953412509,548.1235013048188,18432231,68.35046099805626,8.230135098829578,8.508285724148172,4388197284,510.178782677153,538.4035919189453,512.2269818115234,549.4223989203111,527.3847849175794
2023-05-30,550.7247314453125,553.2331044686529,549.5170130868315,552.7685930459252,15031640,65.98293411339931,8.425368013889056,8.491702182096349,4373165644,510.58222495345314,539.2164886474609,513.4793041992187,551.3009136718658,527.132063623056
2023-05-31,549.1620483398438,553.8500865520962,546.9364426475817,552.9030104609316,28797643,64.15326919414923,8.357654203725701,8.46489258642222,4344368001,510.96610379311875,540.1742156982422,514.8462298583985,552.223536337675,528.1248950588093
2023-06-01,551.90869140625,555.3655428828113,550.2513079485735,551.0089573968075,17820226,65.94094406428715,8.428463580505081,8.457606785238792,4362188227,511.3734927245927,540.8279876708984,516.1389532470703,553.8915401731148,527.7644351686821
2023-06-02,556.1231079101562,557.7331488713374,552.1453766545729,553.7554176157541,11323908,68.5339368178499,8.724082914982887,8.51090201118761,4373512135,511.8187625274342,541.8550598144532,517.4174896240235,556.267563261846,527.4425563670603
2023-06-05,556.1231079101562,558.5854826943589,554.9866050078555,557.3542953022576,12920507,68.5339368178499,8.85627375635454,8.579976360220996,4386432642,512.2596017849737,542.5523284912109,518.8929779052735,558.2516958895686,526.8529610928532
2023-06-06,554.3709716796875,557.7331380766161,552.1453659680009,556.8807464651535,11199940,66.10722930143032,8.719144331564394,8.607809954489676,4375232702,512.6786203908913,543.6311462402343,520.284185180664,559.4649146876501,527.7973777928186
2023-06-07,558.0172119140625,559.3430836813641,554.9865570381913,556.8807091099941,11113781,68.59904918204282,8.803211446718137,8.64689025293537,4386346483,513.1297506548035,544.9526611328125,521.7538916015625,560.9558385724732,528.9494836931518
2023-06-08,557.3543090820312,562.5158856124281,555.3180722565269,558.7275810477244,15971917,67.62560729471636,8.71587336006155,8.660686874360605,4370374566,513.5697960122884,546.1829681396484,523.3738482666016,562.026494114043,530.3394421652539
2023-06-09,548.072998046875,557.9225556560352,546.2261879311128,556.8807949778836,18870272,55.70654038979098,7.807730407767622,8.49009558104201,4351504294,513.9131114554186,546.7308868408203,524.945673828125,562.0306883198258,531.4310853618148
2023-06-12,548.0256958007812,550.7248399943379,547.12596180128,549.3042256177404,8786066,55.65270418076497,7.0034720134583495,8.192770867525278,4342718228,514.2525401553725,547.1022491455078,526.4273669433594,562.1470567036055,532.0574415874102
2023-06-13,545.8946533203125,550.630033526752,543.8584167095698,548.7832236852537,12612098,53.16012313423999,6.123545700233308,7.778925834066884,4330106130,514.5673870525361,547.1626770019532,527.9045288085938,562.1778602133808,532.1474937905256
2023-06-14,546.0367431640625,547.9308954655977,544.8055557290528,546.462938992896,8948696,53.31027817495414,5.375695548344993,7.298279776922506,4339054826,514.8805149740439,547.2302093505859,529.2284576416016,562.2123433541088,532.248075347063
2023-06-15,536.5186157226562,546.1788035949786,535.3347705864633,545.5158387577229,17934877,43.29739589734683,3.969230755404624,6.63246997261893,4321119949,515.0958194591047,547.3838928222656,530.227314453125,561.8514709518818,532.9163146926494
2023-06-16,541.0172119140625,544.284635958382,537.039480808149,538.6495217087493,12660226,48.24516338580146,3.180928625145839,5.942161703124312,4333780175,515.3537437621392,547.7183776855469,531.2604028320312,561.2415585020289,534.195196869065
2023-06-19,538.7442016601562,542.4378214713288,535.9503734853528,541.0172073600987,17903691,46.05829232835796,2.3457403418663034,5.22287743087271,4315876484,515.5864846367464,547.8463073730469,532.3177081298828,560.9732707196856,534.7193440264082
2023-06-20,537.3710327148438,539.3125272688809,532.7776786865753,538.7442468937137,14549152,44.73893539871407,1.555117920960015,4.489325528890172,4301327332,515.8032463091653,547.6988739013672,533.2611499023437,561.2209498803448,534.1767979223895
2023-06-21,536.3765258789062,539.3598387145792,535.7136188531458,537.3710020274224,14946871,43.76122017787501,0.8386283801072523,3.7591860991335877,4286380461,516.0079555586154,547.4506164550781,534.2097857666016,561.598278050553,533.3029548596033
2023-06-22,533.156494140625,538.8862928995716,531.3570264553653,536.3765181498571,14979063,40.662662361089104,0.01085052846394774,3.00951898499966,4271401398,516.1785877833121,547.1087158203125,534.9862536621093,562.2558085070771,531.9616231335478
2023-06-23,525.2484130859375,532.3514842571589,524.4907637219954,532.256799763519,12215712,34.24890513431802,-1.2686610978807948,2.153882968423569,4259185686,516.2688348012487,546.1507690429687,535.6770245361328,564.0359265468854,528.265611539052
2023-06-26,527.5687255859375,528.9419974805809,525.1536931118749,526.5743072501397,8360264,37.37035735278278,-2.071573641622308,1.3087916464143938,4267545950,516.3812715254744,544.8907745361328,536.3259442138672,564.2254015866737,525.5561474855919
2023-06-27,536.1397705078125,537.8918960196315,526.2428712590395,528.7052460586985,10694768,47.31930553384294,-1.9932984198272834,0.6483736331660584,4278240718,516.5778735053982,544.1615264892578,536.9409710693359,563.6604904613545,524.6625625171611
2023-06-28,539.6439819335938,543.6217133483505,538.4601367390198,541.9643300759469,18028934,50.76304016405032,-1.6297177942009284,0.19275534769266106,4296269652,516.8073870220967,543.6856231689453,537.5917083740235,563.1377248063219,524.2335215315687
2023-06-30,542.5325317382812,543.6216923972897,540.0228147054731,543.6216923972897,8718232,53.463549503464336,-1.0958632706815479,-0.06496837598218075,4304987884,517.0633586113125,543.2168151855469,538.4033374023437,562.3020788235493,524.1315515475445
2023-07-03,554.4657592773438,555.3180931535118,543.5270409961187,544.0952635802307,15421985,62.59174020945143,0.28682566990050873,0.0053904331943571485,4320409869,517.4355218020194,543.1339477539062,539.3700189208985,562.0075560560981,524.2603394517143
2023-07-04,558.0645751953125,564.4099964360767,551.435042694053,557.0701568811107,24799250,64.83213157435233,1.6539453328166474,0.33510141311881525,4345209119,517.8397909900124,543.2310211181641,540.4393347167969,562.38869499153,524.0733472447982
2023-07-05,559.3431396484375,562.279110336461,557.0701916178066,558.5854903048938,13598114,65.61992239090064,2.808195847512252,0.8297202999975026,4358807233,518.2527596333798,543.4796295166016,541.3214758300782,563.3257781782243,523.6334808549789
2023-07-06,561.1426391601562,562.0897153443927,557.9225570117748,559.1538022952366,11323509,66.74889835786671,3.824070760558925,1.428590392109787,4370130742,518.6795246037956,543.6359008789062,542.1058288574219,563.9804346726698,523.2913670851426
2023-07-07,562.184326171875,563.9837938080983,554.5130332067869,558.774875477377,11707209,67.41594044180758,4.659502539401387,2.074772821568107,4381837951,519.1124082014879,543.8774017333984,542.826474609375,564.9685523914105,522.7862510753863
2023-07-10,561.2373046875,568.0562645445196,559.0116988517439,563.1788570435173,11417363,66.11735674894918,5.185397489434308,2.6968977551413476,4370420588,519.5315614003538,544.5356170654297,543.5579064941406,566.8930830849883,522.1781510458711
2023-07-11,557.4016723632812,564.4100591944411,556.2651693899928,563.5103252653819,13221177,60.992893247637355,5.232354230810984,3.2039890502752746,4357199411,519.9083784248605,545.0044158935547,543.9608605957031,568.0185016525066,521.9903301346027
2023-07-12,558.0645751953125,563.0367245712572,557.0701568811107,557.8278061774104,16029716,61.54758804882442,5.262396869706322,3.615670614161484,4373229127,520.2880420743178,545.6129119873046,544.4328161621094,569.3220267113559,521.9037972632534
2023-07-13,554.6551513671875,566.3515182969978,552.4768300528634,563.4156054545575,20024503,57.05381776249532,4.953987385460891,3.8833339684213657,4353204624,520.630003360814,546.043832397461,544.9257690429688,570.0791365025894,522.0085282923325
2023-07-14,553.4712524414062,560.0060423345998,549.9670595859606,555.6968579794273,12190152,55.53745156291719,4.5614582469104334,4.01895882411918,4341014472,520.9567819586309,546.8914642333984,545.2185290527344,570.7181150192365,523.0648134475604
2023-07-17,569.2874755859375,570.9448589210546,553.2819226326304,555.933724407829,19378986,67.83617254348025,5.46363175676197,4.307893410647738,4360393458,521.4376843827832,548.3049774169922,545.8926452636719,573.8614268266398,522.7485280073446
2023-07-18,561.0005493164062,572.0813521283934,557.5910982073067,571.1342759530944,25757209,58.67786404535959,5.447133901021857,4.5357415087225625,4334636249,521.8313447303815,549.4177947998047,546.2691015625,575.1497298003844,523.685859799225
2023-07-19,569.6190185546875,570.5187525475399,560.6691364872713,563.1789116560258,17556585,64.1054183008895,6.059645846147987,4.840522376207648,4352192834,522.3068439724144,551.0301940917968,547.0055895996094,577.5693377452653,524.4910504383283
2023-07-20,577.7637939453125,578.4741010580569,567.0618450076182,569.5716199279582,34038351,68.33789740619198,7.120204001312004,5.29645870122852,4386231185,522.8586544199059,553.0995574951172,547.9291271972656,581.1564311642616,525.0426838259729
2023-07-21,582.5465087890625,586.7136669141413,576.7693674749186,577.7164436119874,21040281,70.53500985842797,8.251510816952646,5.887469124373346,4407271466,523.452563418604,555.569058227539,548.9250939941406,584.8380496267305,526.3000668283476
2023-07-24,584.9616088867188,588.9866825360349,581.7888690919402,582.4991762065254,11756364,71.60647293321672,9.236485557031642,6.557272410905005,4419027830,524.0645937217693,558.5547180175781,549.8820336914063,587.0140451791334,530.0953908560228
2023-07-25,577.3375854492188,588.8919257906668,572.2234090326344,588.8919257906668,18503305,63.72811428863122,9.29474611271155,7.104767151266315,4400524525,524.5946732414454,561.0431610107422,550.61681640625,586.8054742757369,535.2808477457476
2023-07-26,582.5939331054688,583.7303782733334,576.9114760463759,579.610620027468,9999125,66.4673877747375,9.653778599139173,7.614569440840887,4410523650,525.1717803047691,563.365869140625,551.3749731445313,588.0836416212658,538.6480966599843
2023-07-27,583.9197998046875,588.3710693551636,580.6523754641814,583.7777730624562,17444742,67.14147148882353,9.930824430903044,8.077820438853319,4427968392,525.7563377127285,565.5796600341797,552.1596472167969,589.3138552499266,541.8454648184328
2023-07-28,583.4462890625,587.0925671630472,581.1259407812325,583.7778004197922,11930586,66.62635299079474,9.996938405918058,8.461644032266268,4416037806,526.3303670793929,567.6253479003906,553.1596740722656,590.0793437404398,545.1713520603414
2023-07-31,587.3766479492188,588.1342973187537,581.9783022582515,584.0145391310097,8605483,68.76825499152335,10.248344782936783,8.81898418240037,4424643289,526.9377927596897,569.2708923339844,554.2206567382813,592.4385093765599,546.103275291409
2023-08-01,579.4685668945312,587.9922529452766,578.2847216097055,587.3766880801346,13493453,60.37251834019584,9.697681264467178,8.994723598813733,4411149836,527.4604870296881,570.3410919189453,555.0863159179687,593.3158470939389,547.3663367439516
2023-08-02,566.7777099609375,578.189965532909,562.6578941967817,577.5743429390312,14977497,49.85358471456894,8.14335879501516,8.824450638054019,4396172339,527.8517031782578,570.7128204345703,555.6154760742188,593.1991539365097,548.2264869326309
2023-08-03,559.2484741210938,569.0506892838814,554.0395552258084,567.0145102168711,27774877,44.85975265369965,6.2321601688184955,8.305992544206916,4368397462,528.1641088592811,570.6181121826172,555.9736120605469,593.2801484790873,547.9560758861471
2023-08-04,542.958740234375,567.0144973448427,541.1593302489086,563.3208772718776,52725616,36.37105267052991,3.3642946083983816,7.317652957045209,4315671846,528.3113191217199,569.6568328857422,556.0328967285157,595.1255211043248,544.1881446671597
2023-08-07,537.8446044921875,546.46297490863,536.660759225921,546.46297490863,32736325,34.184043106638995,0.671086607457255,5.988339687127619,4282935521,528.4061776826201,568.4871978759766,555.9016418457031,597.3213404747711,539.653055277182
2023-08-08,542.7693481445312,543.8585088986088,538.3654784890065,540.7805112426742,25038671,38.047279258782304,-1.0537673082778838,4.579918288046518,4307974192,528.5490948016441,567.755581665039,555.7016564941406,598.3655557596132,537.1456075704648
2023-08-09,543.3849487304688,544.5687939346745,538.270714326323,544.5687939346745,15769111,38.532972818419246,-2.3440320979867693,3.1951282108398606,4323743303,528.6967152387468,567.0216003417969,555.5548608398437,599.1901879450177,534.8530127385761
2023-08-10,543.2902221679688,547.0311264796395,539.9280558044107,543.3849066549969,27325801,38.48297764652846,-3.335767233394222,1.8889491219930443,4296417502,528.8419242629183,566.4533538818359,555.4374243164062,599.8535973268556,533.0531104368163
2023-08-11,543.7637939453125,548.3570901449302,541.7275571034544,544.9949813777413,18221179,38.90972062036364,-4.0369754486017655,0.7037642078740823,4314638681,528.990400578166,565.9679809570313,555.2745263671875,600.3756857503292,531.5602761637333
2023-08-14,531.1203002929688,542.6746410348028,529.0367211747788,542.6272987876729,28084093,32.439598106759476,-5.548947470406006,-0.5467781277819354,4286554588,529.0115936101541,564.0596221923828,554.7744702148437,601.609471420561,526.5097729642046
2023-08-16,535.4295043945312,536.4239806444865,524.6802126897423,529.2261668704698,15725767,36.325860578895714,-6.326550892829914,-1.702732680791531,4302280355,529.0754534189539,562.7810699462891,554.3605981445312,602.3476914513735,523.2144484412047
2023-08-17,541.86962890625,542.8167050327628,534.1509353531953,535.8083185745926,27910162,41.72135483121813,-6.349944771083756,-2.6321750988499764,4330190517,529.2027586476833,561.3936004638672,554.1105712890625,601.8401505776653,520.947050350069
2023-08-18,542.6272583007812,544.8055217507049,537.370997552831,539.8333722692773,18253227,42.340350180703574,-6.235471592703789,-3.352834397620739,4348443744,529.3363357586594,559.6367736816406,553.8027722167968,600.1388245858775,519.1347227774038
2023-08-21,541.4434204101562,545.0896402898765,540.543686550049,542.6272655405768,9380810,41.59688799620934,-6.169162334903717,-3.916099985077335,4339062934,529.4568042626544,557.5816192626953,553.4845544433593,597.3905368166845,517.7727017087061
2023-08-22,538.4127807617188,544.0478953051733,537.4657046302118,542.2010852877467,14073413,39.676181294456775,-6.288667220720299,-4.390613432205928,4324989521,529.5459184566749,555.2541778564453,553.2913500976563,593.8111239278753,516.6972317850152
2023-08-23,546.3682250976562,547.3626434414606,536.0450724878411,540.7804529868503,18579297,46.64118300482255,-5.676008341262786,-4.6476924140173,4343568818,529.7133045924061,553.7057098388672,553.2582006835937,591.0594744504011,516.3519452273332
2023-08-24,546.4155883789062,551.198311306055,545.0896586661597,547.5520913034119,24131644,46.680654105606045,-5.1275428224853385,-4.7436624957109075,4367700462,529.8794964708787,551.8967926025391,553.2686193847657,586.9101941776837,516.8833910273945
2023-08-25,539.7861328125,544.8529677459564,537.1816730643789,543.4323533378903,12271885,41.997705657399045,-5.168245292302117,-4.82857905502915,4355428577,529.9780699668153,549.6901092529297,553.1436071777343,581.7946183178071,517.5856001880522
2023-08-28,542.5325317382812,544.3793417316292,539.0757385863141,542.485189493311,9711932,44.4824580267601,-4.922151355289316,-4.847293515081183,4365140509,530.1029899844418,547.6444213867187,553.2638854980469,575.8633936398213,519.4254491336161
2023-08-29,544.4266357421875,545.7999075542886,541.5854076364338,543.290190743833,13144855,46.19440482927378,-4.522153206545568,-4.78226545337406,4378285364,530.2455138228274,545.4969207763672,553.3320739746093,567.042319888558,523.9515216641764
2023-08-30,537.3710327148438,547.1259055366658,536.1397874711188,546.1788293829949,15281416,41.10914154983734,-4.72006996163077,-4.769826355025402,4363003948,530.3164145083202,543.3920440673828,553.3046105957031,558.5206151309571,528.2634730038085
2023-08-31,531.64111328125,540.1174554217484,529.7943612425105,539.1703793793449,27898476,37.49885908525399,-5.278430565455665,-4.871547197111455,4335105472,530.329595590638,541.6352142333984,553.1900122070313,553.2441271529791,530.0263013138177
2023-09-01,539.4072265625,540.9699253809107,532.3514974630689,532.9197778538285,18121168,44.60035214939841,-5.036220513931539,-4.904481860475472,4353226640,530.4199202769252,540.6431518554688,553.2506262207031,548.9964451680269,532.2898585429107
2023-09-04,545.0896606445312,545.8473099953048,538.3654431746227,541.727551909577,12108655,49.152791859373984,-4.335762392787046,-4.790737966937787,4365335295,530.565887842772,540.7496978759766,553.4892895507812,549.2710826884247,532.2283130635285
2023-09-05,542.6746215820312,547.6467712562122,541.11192284817,545.1369963939355,14444729,47.37112961643333,-3.9302127086391465,-4.618632915278059,4350890566,530.6863727556005,540.9911987304688,553.8378137207031,549.4430542197716,532.539343241166
2023-09-06,540.306884765625,543.8584199415603,537.9391946483348,543.8584199415603,20609936,45.625009543230014,-3.7565648934943283,-4.446219310921314,4330280630,530.7820992432625,540.8680755615235,554.0925769042968,549.2844000565678,532.4517510664791
2023-09-07,548.4044799804688,550.2512901918436,537.9392991892722,537.9392991892722,12390597,52.1245223439628,-2.9317441676981844,-4.143324282276688,4342671227,530.9574463152745,541.1190521240235,554.33787109375,550.1009845035093,532.1371197445377
2023-09-08,552.5715942382812,557.3543172604112,549.0200586567578,550.2512460973644,14032068,55.098941808611364,-1.919687542389056,-3.698596934299162,4356703295,531.1725124637621,541.583120727539,554.5964233398438,551.8350970686356,531.3311443864425
2023-09-11,560.3849487304688,560.9531712774162,554.3709807180713,555.9336794295848,10946134,60.10396029065335,-0.48160136600495207,-3.05519782064032,4367649429,531.4631834713912,542.4141784667969,554.9534716796875,555.5325271109019,529.2958298226919
2023-09-12,557.2122802734375,562.8000531872625,553.7081444445414,562.2318305676972,16093060,57.31042241339928,0.39750230115384966,-2.3646577962814863,4351556369,531.7193933898195,543.7187774658203,555.0084020996094,557.2675627814922,530.1699921501483
2023-09-13,564.883544921875,566.3515012990373,552.5715557632003,557.2595939653754,19377172,61.919188136766614,1.6936815302716468,-1.5529899309708597,4370933541,532.0493849473525,545.1914794921875,555.1447814941406,561.026290674516,529.356668309859
2023-09-14,565.6885986328125,571.749909391221,563.6997617490858,566.7777593769611,13178911,62.37822193766381,2.7541261621591957,-0.6915667123448487,4384112452,532.3841034914864,546.3824279785156,555.2716906738282,564.4624515498936,528.3024044071376
2023-09-15,567.109130859375,568.9085984880269,563.6996801792226,567.6300111292684,11756389,63.22068908302402,3.666891607926118,0.18012495170934473,4395868841,532.7296261518634,547.6065216064453,555.3910205078125,567.7060891167775,527.5069540961131
2023-09-18,571.9866333007812,576.2011335888857,565.4517849614788,567.1091681687718,19305055,66.03323086970155,4.729321805970471,1.08996432256157,4415173896,533.1202431384198,549.1336822509766,555.5870666503906,571.6269021525403,526.6404623494128
2023-09-20,569.2874755859375,574.6858214384503,567.6774923043499,569.0507065380637,21314600,63.15504463780073,5.292497308029397,1.9304709196551355,4393859296,533.4801160980966,550.6774169921875,555.7480700683594,574.228637876558,527.1261961078171
2023-09-21,557.0228881835938,574.4963977678915,553.7081214953073,568.2457179919575,23453425,52.052820821656546,4.695046671472369,2.4833860700185824,4370405871,533.7143725367582,551.2101501464844,555.7404943847656,574.8292940907739,527.5910062021948
2023-09-22,566.4935913085938,570.1398111649995,560.1008276451988,562.0896643296132,18784139,58.168188427918395,4.928951445720031,2.9724991451588725,4389190010,534.0405339175726,552.2140502929688,555.9090747070312,576.6261753313004,527.8019252546371
2023-09-25,562.6105346679688,569.6662630363052,559.2010838964593,569.6662630363052,9712784,55.067007066651534,4.746280281041095,3.3272553723353173,4379477226,534.3248125320044,553.3552703857422,556.0681823730469,577.4689400894225,529.2416006820619
2023-09-26,562.9420166015625,563.5102390988484,559.9587039784775,562.5631630667496,8327427,55.286163579621224,4.575516186254049,3.576907535119064,4387804653,534.609560831204,554.3757446289062,556.25759765625,578.2976676722028,530.4538215856096
2023-09-27,558.5381469726562,562.8473317978076,557.0701905339704,562.0423402102848,9865347,51.679802920866564,4.038278179357235,3.6691816639666985,4377939306,534.8476562156961,555.0813201904297,556.0426110839844,578.6171486169717,531.5454917638876
2023-09-28,558.7276000976562,563.6997500083563,557.6857816238776,559.9587875621745,21960816,51.825390026649494,3.5864580166389715,3.652636934501153,4399900122,535.0852675976062,556.1491485595703,555.9971520996094,578.2693295027418,534.0289676163989
2023-09-29,566.8723754882812,568.2456473637309,560.0060739159695,561.4740302773386,12189735,57.72281351899359,3.8413222164207355,3.6903739908850697,4412089857,535.4015572283593,557.9107116699219,555.9422192382813,577.3981113708539,538.4233119689898
2023-10-03,571.03955078125,572.8863607525196,558.3960500586644,565.0255828135226,15322196,60.39427788085308,4.32965063316567,3.8182293193411896,4427412053,535.7561641293831,559.4923278808594,555.807734375,577.8158155075968,541.1688402541221
2023-10-04,555.223388671875,568.6718814595422,553.5186631759601,568.2456856343284,24914612,47.99756518971097,3.4012152286348964,3.7348265011999313,4402497441,535.9498678561741,559.9990142822265,555.2612719726562,577.2292399934526,542.7687885710005
2023-10-05,560.8111572265625,562.8946784824502,556.0283764943421,558.7749204115613,13248028,51.76459178604782,3.0807962040501025,3.6040204417699657,4415745469,536.1972438698099,560.9058410644532,554.7782629394532,576.1929708655058,545.6187112634005
2023-10-06,562.7999877929688,567.2512571455039,560.8584932959413,561.9949962079626,8216780,53.06773043297933,2.9533000196693138,3.4738763573498357,4423962249,536.4619477894433,562.0304962158203,554.4875109863282,574.0509412559121,550.0100511757286
2023-10-09,554.1342163085938,557.8278363093581,550.7721076337612,556.8807601865917,9189597,47.09718818443452,2.128467391903314,3.2047945642605318,4414772652,536.6377912572956,562.3169830322265,553.9183166503906,573.2485604007222,551.3854056637308
2023-10-10,560.337646484375,563.5103285736951,554.7498738857847,555.9337191138808,10373508,51.319476186936285,1.9528354908167103,2.9544027495717677,4425146160,536.8736107122915,562.7052856445313,553.4466735839844,572.739492248614,552.6710790404485
2023-10-11,557.2122802734375,565.4045128360046,556.5019730965079,565.3098283343924,14220119,49.18940383988927,1.5436606513057995,2.6722543299185744,4410926041,537.0759855337953,562.5466522216797,552.9219934082031,572.820038851436,552.2732655919233
2023-10-12,555.033935546875,561.6161259874797,554.0395172051866,559.5325470113615,11983797,47.7032277013295,1.0317194096691082,2.3441473458686812,4398942244,537.2546716035772,562.4377349853515,552.2751391601563,572.977758635122,551.8977113355811
2023-10-13,545.6578979492188,550.5353050008061,544.3793105785601,547.173196531182,19064577,41.843183889139624,-0.12907766105217888,1.8495023444845091,4379877667,537.3382857960712,561.4764526367187,551.59892578125,574.2244733640812,548.7284319093562
2023-10-16,545.1843872070312,548.1203000333988,541.2539982187257,545.5158407243849,11290293,41.5654805621264,-1.074836021694182,1.264634671248771,4368587374,537.4163564568769,560.4512420654297,551.1670593261719,574.8680950513589,546.0343890795006
2023-10-17,545.9420166015625,549.2567828738186,544.8528559901324,547.1258616987968,10765224,42.22617273517555,-1.7431282782266635,0.6630820813536842,4379352598,537.5011888961276,559.3928863525391,550.9009301757812,574.7747981593211,544.0109745457571
2023-10-18,542.3432006835938,548.593880385168,539.2178030278637,547.173266107088,11777454,39.917408814383755,-2.5339393982741285,0.0236777854281216,4367575144,537.5493681178934,557.9107147216797,550.8886193847657,573.8554236779768,541.9660057653826
2023-10-19,540.9699096679688,543.6217113329951,536.9921782679586,539.6439799329851,11441499,39.04021089756764,-3.23419423832388,-0.6278966193222788,4356133645,537.5834033571977,556.4948364257813,550.9511254882813,573.1599777671231,539.8296950844394
2023-10-20,533.298583984375,539.8334328727063,532.3515077863527,539.7387483748817,11110988,34.48176075116285,-4.3579276377570295,-1.373902823009229,4345022657,537.5407683385627,555.3086212158203,550.7617102050781,574.7933836614554,535.8238587701851
2023-10-23,523.6857299804688,536.0450612630916,521.8389200635397,533.2985175092036,11875035,29.788074138185593,-5.955519906709924,-2.290226239749368,4333147622,537.4029072603728,553.1682281494141,550.3677258300781,576.326630004233,530.0098262945951
2023-10-25,526.7637329101562,531.1202598029354,524.3013003927678,529.0366808435873,12134624,32.935937541266625,-6.893786893330798,-3.2109383704656542,4345282246,537.2970448290274,551.3758880615235,550.0371960449219,576.7741102000232,525.9776659230238
2023-10-26,518.0505981445312,523.6383699485027,514.4517207238925,522.2650981182113,19424825,28.975637594607818,-8.245399563373326,-4.217830609047189,4325857421,537.1055378968434,549.1313171386719,549.5229321289063,577.7717992752406,520.4908350021032
2023-10-27,531.4517822265625,532.7303118530344,520.8918604785226,520.8918604785226,10415296,40.7717833632162,-8.141350365969629,-5.002534560431677,4336272717,537.0492816215173,547.7769989013672,549.5295617675781,577.0644707434385,518.4895270592958
2023-10-30,535.2874755859375,536.7080898747511,527.0479011498302,533.2038964013556,8593704,43.65623993180494,-7.661070181319019,-5.534241684609146,4344866421,537.031751213203,546.6049926757812,549.5267211914063,575.9218157940212,517.2881695575412
2023-10-31,535.618896484375,539.3598587778873,533.3459484437798,536.9921684408466,13039696,43.91041809892569,-7.1710385099218,-5.861601049671677,4357906117,537.0176929571949,545.0423187255859,549.4017065429688,573.1793729235537,516.9052645276181
2023-11-01,536.4239501953125,539.5019476582157,534.0088597881594,536.2818656519717,13575575,44.56461597144588,-6.64116851681581,-6.017514543100504,4371481692,537.011785069017,543.3115386962891,549.2776403808593,568.9902353379343,517.6328420546438
2023-11-02,541.8222045898438,544.9949441545303,537.5603622114079,540.8751285057469,11148516,48.870950993198484,-5.719715396535776,-5.95795471378756,4382630208,537.0596499398711,542.6414794921875,549.2852160644532,567.734600723186,517.548358261189
2023-11-03,547.5521240234375,548.8306537618198,543.1008543560113,545.5158870868132,11371371,53.040808516562706,-4.475509659203112,-5.661465702870671,4394001579,537.1640526670708,541.9785278320312,549.4680029296875,565.784034792544,518.1730208715184
2023-11-06,543.9531860351562,551.6718800975543,542.911425349224,551.1983420030499,16499138,50.267783615145625,-3.73679640355806,-5.276531843008149,4377502441,537.2316062329224,541.0361877441406,549.4197021484375,562.8816302506428,519.1907452376385
2023-11-07,549.0673828125,550.4406547530965,542.2957654048678,544.3793444383654,17923281,53.951976676000434,-2.7074777691356076,-4.76272102823364,4395425722,537.3493751541123,540.782846069336,549.4727380371094,562.1265800134771,519.4391121251948
2023-11-08,549.5882568359375,551.766520334941,548.3570694499737,551.1036132997641,15434808,54.32311940014156,-1.8286258939250501,-4.175902001371923,4410860530,537.4711550713445,540.2453765869141,549.6687805175782,560.0804085455336,520.4103446282945
2023-11-09,547.7415161132812,551.0562829280533,545.9894482045944,550.2512912521584,12434363,52.701275704511005,-1.2665460391550596,-3.59403080892855,4398426167,537.573347718528,539.7718383789063,549.7729602050781,558.3781490416864,521.1655277161262
2023-11-10,548.8306274414062,550.2512416625661,544.9476383588791,547.2205864297704,6773038,53.58144645543757,-0.7248558357194952,-3.020195814286739,4405199205,537.685360452089,539.4616729736329,549.8610400390625,557.2278204465163,521.6955255007495
2023-11-13,550.5827026367188,551.6718633429775,544.758218934174,550.2512491026093,11282362,55.03119926751451,-0.15242753157031075,-2.4466421577434536,4416481567,537.8136922151201,539.7079132080078,550.1252734375,557.941132297899,521.4746941181165
2023-11-15,553.7554321289062,556.8807718384401,551.7665375465191,556.1704647315032,11397676,57.61287282876311,0.5508884785396049,-1.847136030486842,4427879243,537.9723164928693,540.1364654541015,550.5675598144531,559.2462497109593,521.0266811972438
2023-11-16,553.7080688476562,556.8807506828024,552.0506856611003,553.7554110919988,8622660,57.559747415574925,1.091863341762064,-1.259336156037061,4419256583,538.1288911431657,540.5247680664063,550.8535766601562,560.3912609017809,520.6582752310317
2023-11-17,533.251220703125,544.0952543037619,532.3514867895021,544.0952543037619,37173221,40.28232528974212,-0.12862416259065412,-1.0331937573477796,4382083362,538.0803571089364,540.0701690673828,550.6168078613281,560.1642093627258,519.9761287720398
2023-11-20,533.9141845703125,536.8027552939175,530.9308715478544,534.1509536100332,12714585,40.90144234445019,-1.0304947573637264,-1.032653957350969,4394797947,538.0389026558157,539.7173828125,550.4415991210938,559.9828693652648,519.4518962597351
2023-11-21,531.7832641601562,536.6607295090693,531.3097260798711,536.045106882722,14280013,39.48447985544551,-1.8953329511458605,-1.2051897561099474,4380517934,537.976657496655,539.6416168212891,550.2711267089844,560.0135788121554,519.2696548304227
2023-11-22,529.3682250976562,534.6244861641455,525.7693472920832,533.1565296940364,14909071,37.882701976665345,-2.743966185435056,-1.512945041974969,4365608863,537.8910014528839,539.9257415771484,549.8904016113281,559.5442119144546,520.3072712398422
2023-11-23,530.3153076171875,533.6774164258742,528.7526088304325,532.0200331450485,6376210,38.92900909862583,-3.302028761335123,-1.8707617858469998,4371985073,537.8156214147177,540.1033203125,549.4452758789063,559.3018263818932,520.9048142431069
2023-11-24,530.6941528320312,532.6830476372504,529.6523920804499,532.2095095129049,6529851,39.36895607713505,-3.671406047123014,-2.2308906381022027,4378514924,537.7447610308104,540.735498046875,548.8514599609375,557.6891411974415,523.7818548963086
2023-11-28,534.5771484375,535.2874555553268,531.4044086282419,533.7720990209981,8153314,43.83498020777608,-3.6092101851572806,-2.5065545475132183,4386668238,537.7132424975437,540.8917663574218,548.3987573242188,557.5553768615417,524.2281558533019
2023-11-29,538.5075073242188,538.8863609283957,535.1927406049756,537.9392847228976,10299034,48.00944200223925,-3.2058177304297715,-2.646407184096529,4396967272,537.7211456301474,541.052767944336,547.8712365722656,557.5581474372854,524.5473884513866
2023-11-30,534.8612670898438,540.0228437781268,533.8195064246602,539.5966479405728,19758998,44.690870762404074,-3.1441041423692013,-2.7459465757510637,4377208274,537.6926891272587,541.0148864746094,547.2546899414062,557.5733694045412,524.4564035446776
2023-12-01,541.4907836914062,543.8111317981642,536.5659761965393,536.992172021036,10614230,51.28434481544331,-2.531072466785531,-2.702971753957957,4387822504,537.7304811129717,541.2682281494141,546.7423229980469,557.6924963331763,524.8439599656518
2023-12-04,563.2261962890625,564.4573837194087,553.6133502732071,556.880774541967,26077882,65.71514718941955,-0.28805379616721893,-2.2199881623998095,4413900386,537.9841698211916,542.338427734375,546.5671142578125,561.3527479102477,523.3241075585024
2023-12-05,576.05908203125,578.9476527969288,563.5576649909151,563.5576649909151,36430152,71.1491690331219,2.4962856636218476,-1.2767333971954782,4450330538,538.363024669053,543.7637756347656,546.7025463867187,567.7512282849525,519.7763229845787
2023-12-06,576.2484741210938,581.5047350018984,572.554854148129,581.5047350018984,21439069,71.22166385110387,4.664408704371567,-0.08850497688206915,4471769607,538.7399943153418,545.3785400390625,547.0870581054687,573.2355316248206,517.5215484533044
2023-12-07,579.3265380859375,580.131529754782,572.9811158208171,577.7164969433031,10725706,72.43399952413023,6.555468511791219,1.2402897208525885,4482495313,539.1438405220144,546.8914978027344,547.3437170410157,578.4292151822004,515.3537804232684
2023-12-08,581.6468505859375,584.1565677433689,573.3125340795355,577.7164613742833,17722136,73.34554945041562,8.147458035988393,2.6217233838797496,4500217449,539.5667560450386,548.4944274902343,547.724443359375,583.4870337197673,513.5018212607014
2023-12-11,581.7415161132812,587.0925193997506,580.6523554357004,582.4518232147626,11706255,73.38421961029532,9.309446417116419,3.959267990527084,4511923704,539.9864053989514,550.1944274902344,548.1004333496094,588.0610737109995,512.3277812694693
2023-12-12,579.9894409179688,585.2457018402724,578.4740844380203,584.3459679623248,14494836,71.3218135461839,9.973978934703268,5.162210179362321,4497428868,540.3844455533696,551.7523681640625,548.5294592285156,591.7692490314296,511.7354872966955
2023-12-13,587.045166015625,587.6607886744899,579.2791873326978,581.9309891613761,13977914,74.43746591532351,10.943810357301459,6.318530214950149,4511406782,540.8487313291134,553.5754913330078,549.095810546875,596.4345432887562,510.71643937725935
2023-12-14,590.64404296875,594.5270319230541,589.4601978235428,592.8696487197641,15813797,75.87705225521462,11.86602390280791,7.428028952521702,4527220579,541.3442070668212,555.419921875,549.5712438964844,601.2249397964564,509.61490395354366
2023-12-15,613.9420776367188,615.5994608004121,587.0450934582335,594.763786742552,29813572,82.67799304188787,14.311863219349789,8.80479580588732,4557034151,542.0665739381635,558.4316223144531,550.4292944335938,610.835827904074,506.02741672483216
2023-12-18,614.1788940429688,620.9505117561671,608.4017525486585,612.4268262567273,16221796,82.73128673031616,16.083912275038188,10.260619099717493,4573255947,542.7841094615944,562.4780059814453,551.6084045410156,618.8291285641435,506.1268833987471
2023-12-19,620.7136840820312,624.6913573620863,606.3654583913279,614.1788360277644,19964008,84.1778810349914,17.810271142012198,11.770549508176435,4593219955,543.5595281145341,566.8179809570313,552.806455078125,626.9445802889494,506.69138162511314
2023-12-20,602.7666015625,625.4490859501609,600.398911288317,623.8390450027288,22542056,67.46312223962418,17.528189356550456,12.92207747785124,4570677899,544.1486532234691,570.3671478271484,553.6057873535157,630.1818282477025,510.5524674065944
2023-12-21,609.6802978515625,614.6051056049055,594.2903097504551,598.6942371598262,19915516,69.93940807709501,17.658953594913896,13.869452701263771,4590593415,544.8007093889228,574.3827514648438,554.716708984375,633.4269562904265,515.338546639261
2023-12-22,603.0507202148438,615.0312562708087,601.5354215427969,610.6273291849556,14998068,64.84317354108902,17.031307376515542,14.501823636314125,4575595347,545.3803114866931,578.0195220947265,555.5709704589843,634.6701733356856,521.3688708537675
2023-12-26,604.2819213867188,607.3599188509928,602.0089733268344,605.0395707400135,10153089,65.34816213699625,16.44368826895675,14.89019656284265,4585748436,545.9663971573401,581.6989105224609,556.51236328125,635.0388514425679,528.3589696023539
2023-12-27,614.2262573242188,615.0786490253292,605.1816911844077,606.8390745327218,14417646,69.19673810809144,16.589190829057998,15.22999541608572,4600166082,546.6455997460653,585.6813659667969,557.6962097167968,636.1711971953725,535.1915347382212
2023-12-28,616.9254150390625,618.7248250055344,612.2847188738049,615.8362543661124,16982092,70.16531133105663,16.72945537813837,15.52988740849625,4617148174,547.3449013907717,589.602261352539,559.1215600585938,636.908634153953,542.295888551125
2023-12-29,608.0702514648438,615.2206650823382,605.7025610083924,611.3376758557351,13221898,63.14977951613899,15.942305376447166,15.612371002086435,4603926276,547.9491337298172,593.2627105712891,560.37927734375,633.9222161619639,552.6032049806142
2024-01-01,607.4072875976562,612.6636066637731,604.2346055026524,608.2123370371694,8295548,62.64476843845127,15.091027711911352,15.50810234405142,4595630728,548.5407571513877,596.5585357666016,561.6085827636718,629.9305730026721,563.1864985305311
2024-01-02,605.6078491210938,613.7053385549276,600.3041880555562,607.4072591036456,15164482,61.21386381837178,14.10854980325405,15.228191835891947,4580466246,549.1085889122802,598.6776184082031,562.8738757324219,628.5088079209648,568.8464288954414
2024-01-03,609.3961181640625,613.7053027877732,602.1509629952877,605.5130715344494,14571772,63.123556162122064,13.480219059975752,14.878597280708707,4595038018,549.7084648252332,600.3444702148438,564.2423999023438,628.6189091624385,572.0700312672491
2024-01-04,608.7332153320312,612.1900665146259,604.8502261119448,608.4964462867835,13883388,62.54324484376577,12.781435270977681,14.459164878762502,4581154630,550.2957757755496,601.9687072753907,565.7510925292969,628.1763801416348,575.7610344091465
2024-01-05,607.9755249023438,617.2568592884629,603.9977936497388,610.8640954983638,15984585,61.84341946319387,12.027855171007332,13.972902937211469,4565170045,550.8697036275576,603.401156616211,567.4368884277344,627.5531188364517,579.2491943959702
2024-01-08,593.8167724609375,610.8641439191463,591.9699623253096,606.1287629585327,14739531,50.47706395479719,10.170900707943929,13.212502491357961,4550430514,551.2970376458002,604.009652709961,568.77794921875,626.4942769420649,581.5250284778571
2024-01-09,592.301513671875,600.7777999197968,591.4491219194277,598.5521938399974,13400235,49.43001971677415,8.47923880974463,12.265849755035296,4537030279,551.7050423823781,604.5376525878906,570.2629675292969,625.3387418339828,583.7365633417985
2024-01-10,588.8446044921875,592.2067133106882,585.4824956736869,591.73317522907,12742464,47.03306374649491,6.781468341724576,11.168973472373153,4524287815,552.0745902640678,604.9804107666016,571.4108239746093,623.9707395439867,585.9900819892165
2024-01-11,587.3766479492188,593.9588388441286,585.7666069108683,592.8696781345247,15533860,46.0126956700154,5.256922657178848,9.986563309334292,4508753955,552.4258545196415,604.9969848632812,572.452607421875,623.925148548148,586.0688211784145
2024-01-12,600.0674438476562,602.8139878885283,588.2289916110394,590.7861088551372,16620797,55.08478677001748,5.014941264806907,8.992238900428815,4525374752,552.8999001845968,605.4681549072266,573.7415783691406,623.3859132033765,587.5503966110766
2024-01-15,606.2234497070312,611.3376842854633,602.4351449244722,605.0870045162184,16844018,58.70940100047088,5.259281766519166,8.245647473646885,4542218770,553.4304827669097,605.0822235107422,575.137568359375,622.5808780575901,587.5835689638943
2024-01-16,603.1928100585938,610.7694190953231,599.9253858505162,606.1287229383505,15025543,56.30059795144123,5.149021369791399,7.626322252875788,4527193227,553.9256303021504,604.5329193115234,576.36498046875,621.5376264310553,587.5282121919915
2024-01-17,592.8696899414062,603.0981011461799,590.0284613953612,590.9755375773763,30016308,48.93549249221738,4.180459951385274,6.937149792577685,4497176919,554.3131333831379,603.1407196044922,577.2713317871094,619.1485282702753,587.1329109387092
2024-01-18,595.0479125976562,599.9253777209321,586.2874585176507,592.6802223057629,14695436,50.409634246207965,3.5477363175042456,6.259267097562998,4511872355,554.718454569352,602.75478515625,578.2932263183594,619.1476149569606,586.3619553555394
2024-01-19,594.5270385742188,601.8668785566165,591.6384679485856,599.499188239714,11675202,50.03764356489912,2.970031425072534,5.601419963064905,4500197153,555.1145598828334,601.9971221923828,579.2024194335937,618.4402141690409,585.5540302157247
2024-01-23,573.0758056640625,601.2987236611575,568.8613626697149,593.8167982958976,30954343,37.69931746979752,0.7723576569716215,4.635607501846248,4469242810,555.2932787463283,600.4983764648438,579.6721704101562,621.1975748772762,579.7991780524113
2024-01-24,585.5771484375,589.4127951297775,571.1815799753688,577.6690860249656,19221835,46.04863404279338,0.038989796004784694,3.7162839606779556,4488464645,555.5946107830564,599.5631378173828,580.4288830566406,621.164612219378,577.9616634153875
2024-01-25,580.3208618164062,590.7860408275468,574.1648673622134,585.7665492181922,22684904,43.4141447803657,-0.9553354072446609,2.7819600870934322,4465779741,555.840643131647,597.8678680419922,581.0586877441406,619.9173478612496,575.8183882227348
2024-01-29,589.9810791015625,596.1844161117133,583.0200349532757,586.240116875537,19572140,49.16979128753515,-0.9528624878150822,2.0349955721117294,4485351881,556.1803489621934,596.5206512451172,581.8466552734375,616.9833455046173,576.057956985617
2024-01-30,593.5799560546875,599.9727198414752,591.1649235184444,592.3487686641458,16966577,51.1627672618613,-0.6529762841629463,1.4974012008567945,4502318458,556.5524843561486,595.7961364746094,582.6431457519532,615.5868680007694,576.0054049484494
2024-01-31,606.6022338867188,609.1593508832941,589.0813262725044,593.2484841784004,23270745,57.635489943696626,0.628232805403627,1.323567521766161,4525589203,557.0504918141643,595.7558837890625,583.7010290527344,615.4550501521684,576.0567174259567
2024-02-01,613.3739013671875,618.3933934805597,599.7359814695897,608.7332050368398,26587707,60.56259075902958,2.165059750880232,1.4918659675889754,4552176910,557.6109237500152,596.1441864013672,585.3034826660156,616.8835379877198,575.4048348150145
2024-02-02,615.26806640625,625.5911621347344,612.4741801008781,617.493672317934,27471811,61.366680269294825,3.495554885057686,1.8926037510827176,4579648721,558.1846266620175,596.4377838134766,586.9305603027344,618.0664158705523,574.8091517564009
2024-02-05,608.9226684570312,620.145498565037,604.9449367638961,612.8530000951133,28339525,57.16203436958221,3.9919446280219972,2.3124719264705735,4551309196,558.6894827992813,596.4472564697265,588.4733483886719,618.0975753450359,574.7969375944172
2024-02-06,615.8362426757812,620.3348542139742,603.9504490148065,610.343212779607,14079390,60.34969295863005,4.886871918415409,2.8273519248595407,4565388586,559.2581072756644,596.8402923583984,590.2027087402344,619.5718730595345,574.1087116572623
2024-02-07,639.51318359375,642.0703008129436,620.3348911572103,620.3822334047071,41696232,68.88810441979524,7.421093750004161,3.746100289888465,4607084818,560.0566652489788,599.125112915039,592.3866662597657,628.4203332765729,569.8298925535051
2024-02-08,662.5271606445312,680.853120253775,642.5912176991574,644.3906856459379,74222434,74.61111901022399,11.1578971292314,5.228459657757053,4681307252,561.0762721683375,602.6363952636718,595.0233264160156,642.6806851317148,562.5921053956289
2024-02-09,686.866943359375,689.8028561552406,657.4602419368277,666.4101226667173,43235061,79.00898108657091,15.90007164998974,7.36278205620359,4724542313,562.3279206379001,607.5375122070312,598.0691223144531,661.2811230815299,553.7939013325325
2024-02-12,670.4352416992188,687.5772971988666,667.215159609644,687.5772971988666,22873137,70.17184634925746,18.123462134674014,9.514918071897675,4701669176,563.4036153748286,611.6904418945312,600.7076770019531,671.0985322139679,552.2823515750945
2024-02-13,675.6915283203125,680.0007134812453,664.9895787916939,671.0508318054963,23351472,71.27852844554192,20.078204471255617,11.627575351769263,4725020648,564.5209080409529,615.471646118164,603.5242822265625,680.7735616329144,550.1697306034137
2024-02-14,704.0564575195312,708.8865229305478,668.2095893122887,668.2095893122887,36782182,76.37293535133927,23.643615702745706,14.030783421964554,4761802830,565.9093214686005,620.3632965087891,606.775595703125,696.0004244986234,544.7261685189548
2024-02-15,721.387939453125,723.5662031109259,702.3990735633622,708.1288729039719,33941282,78.84234506012872,27.55015450613439,16.734657638798524,4795744112,567.4563723938197,626.2730529785156,609.9388305664063,713.2414657491504,539.3046402078808
2024-02-16,714.7583618164062,733.6051419871368,713.4797743669861,723.0452778952919,27365121,75.58794624832508,29.768015984992644,19.34132930803735,4768378991,568.9220638308603,632.3674865722656,612.7128161621093,725.9501205388227,538.7848526057086
2024-02-19,719.0675659179688,724.5132537731262,710.3071115422806,718.5466855971592,13979584,76.27349891507495,31.5101742687242,21.77509830017472,4782358575,570.4160489262545,638.5684692382813,615.5691979980469,737.7084272138759,539.4285112626867
2024-02-20,719.87255859375,723.092640626177,714.095417199918,718.878140197099,12528399,76.40679060586467,32.58023872990134,23.936126386120044,4794886974,571.9031783756823,644.8357452392578,618.3801184082031,747.8200049089273,541.8514855695882
2024-02-21,730.6692504882812,736.3517073942173,719.3990211695317,720.3934973720231,21465311,78.17753790911928,33.908598117226006,25.93062073234124,4816352285,573.4829402872505,652.7154174804688,621.36056640625,756.6431863408362,548.7876486201013
2024-02-22,725.3656616210938,732.0898793051539,716.9366605873241,732.0898793051539,18799244,75.19211610949459,34.13983444418932,27.572463474710858,4797553041,574.9942111462937,659.7048431396485,624.2330493164062,763.4336964873763,555.9759897919206
2024-02-23,718.8781127929688,729.7221458595922,715.0424660921377,725.3656188570327,14143636,71.5906803441665,33.41441930159863,28.740854640088415,4783409405,576.4258917596935,666.6327056884766,627.0108227539063,766.6708272672015,566.5945841097516
2024-02-26,718.736083984375,725.7917547695781,712.8642005333531,715.0424640283459,11355186,71.50992891820968,32.45395306781097,29.483474325632926,4772054219,577.8419135728744,673.0704559326172,629.6446411132813,769.0376653869988,577.1032464782355
2024-02-27,710.1650390625,722.0034911226533,702.9199410846512,718.7361245980043,13969393,66.62589389097485,30.647875334547848,29.716354527415913,4758084826,579.1585615876966,678.8997100830078,632.0350610351562,768.8176625730923,588.9817575929233
2024-02-28,703.2040405273438,716.6998756485756,701.7834263040562,710.1650270994766,11263318,62.87028541952866,28.328300300445562,29.438743682021844,4746821508,580.3928449602304,683.7298004150391,633.8203002929688,767.781416534812,599.6781842952662
2024-02-29,708.5076904296875,714.0007786982383,698.1372521616919,704.5300165868673,19217113,64.51167167661217,26.611222983310768,28.873239542279627,4766038621,581.667619542016,688.4864898681641,635.7068762207032,766.6335822944412,610.339397441887
2024-03-01,728.443603515625,731.1427472715305,712.1538830776034,712.2012253214909,17348526,69.89839638614448,26.553001935621182,28.409192020947938,4783387147,583.1280770939923,694.1452667236329,637.861474609375,766.4363983515077,621.854135095758
2024-03-04,731.1901245117188,735.8781629797205,728.3015538370722,733.415788130336,9789141,70.5613581541247,26.42388453400713,28.012130523559776,4793176288,584.6013312971537,700.2586395263672,640.4299450683594,762.6958115522019,637.8214675005325
2024-03-05,742.4603881835938,745.3016167439201,728.3962721270127,728.7751257237001,18088847,73.17241467458803,26.92064966002613,27.79383435085305,4811265135,586.1720681815959,706.5898468017579,643.085546875,758.2505960053245,654.9290975981912
2024-03-06,742.4130249023438,748.4742776430227,731.9951871429561,742.1762558623576,26710525,73.14305413841016,26.9992868085734,27.634924842397123,4784554610,587.726704566877,711.7348388671875,645.87279296875,755.549830631213,667.9198471031619
2024-03-07,746.3433837890625,751.410276114466,741.5606605660682,748.190193930005,15497868,74.07276500912073,27.066745832631455,27.521289040443992,4800052478,589.3049799820232,715.925650024414,648.7140222167968,755.9852689413294,675.8660311074987
2024-03-11,732.7528686523438,750.8420009787892,729.7695554956787,748.1901991756113,16778340,65.61453079994664,25.727001742766106,27.162431580908414,4783274138,590.7323221578473,718.2199462890625,651.0845544433594,756.5796550615497,679.8602375165752
2024-03-12,719.4937744140625,736.5884876385131,717.2681107424115,729.2486473566764,21529705,58.585811172975255,23.326453963974245,26.395236057521583,4761744433,592.0135306380087,720.6728729248047,653.1359216308593,752.1538003231419,689.1919455264674
2024-03-13,707.70263671875,723.2820505868954,703.6775631743476,718.4993277010051,27950252,53.134746413826385,20.239250800178297,25.164039006052924,4733794181,593.1646660218967,722.2734283447265,655.1285693359375,746.9672091855167,697.5796475039364
2024-03-14,701.830810546875,711.0648035507907,695.2012771081664,710.2124696487804,19730882,50.60939288593069,17.12144736411824,23.55552067766599,4714063299,594.2459211912995,722.1621459960937,657.0170397949219,747.2009518071765,697.123340185011
2024-03-15,693.1651000976562,707.0397318687048,684.7360987203383,700.1260871078978,29792241,47.055003154554676,13.792325919813038,21.602881726095397,4684271058,595.2301916281787,720.7510040283203,658.7681848144531,748.8049229140169,692.6970851426237
2024-03-18,692.2653198242188,698.8475105936745,683.8836612570906,688.6190419826069,18145126,46.688346653188894,10.955085040840345,19.473322389044387,4666125932,596.1957152918209,719.626351928711,660.4255688476562,750.2379099459662,689.0147939114557
2024-03-19,685.4937133789062,695.4853553107556,682.983996236656,691.3655971347375,15205043,43.914986555013506,8.06714611676739,17.192087134588988,4650920889,597.0842525862198,717.9476593017578,661.9607788085938,751.9879354906167,683.9073831128989
2024-03-20,697.2848510742188,699.8419683708956,681.7054360495005,686.7723283939229,25405455,49.53615722244185,6.6531861933532355,15.084306946341838,4676326344,598.0812734666974,716.8182739257812,663.7469653320312,752.0075853571899,681.6289624943726
2024-03-21,704.90869140625,710.8752589513945,701.3571562240289,702.7304280554747,15161161,52.82819777648339,6.0777326480100555,13.282992086675483,4691487505,599.1442328491806,715.5302459716797,665.9688037109376,750.4823459913551,680.5781459520043
2024-03-22,707.1817626953125,709.170599460014,702.1622707327812,704.4825610232863,15535921,53.7960038530822,5.7389444443984985,11.774182558220087,4707023426,600.2192331461571,714.6210510253907,668.2664086914062,749.4482689502806,679.7938331005007
2024-03-26,700.8836669921875,708.2708491244837,699.4157105756636,703.7248953357582,14678342,50.69264693470965,4.905698822010322,10.400485810978134,4692345084,601.220869303829,713.7213287353516,670.5071899414063,748.9891006613968,678.4535568093063
2024-03-27,694.490966796875,706.3767615612527,691.5550536950569,703.6776175097407,30088789,47.68567476721156,3.6870066655613982,9.057789981894787,4662256295,602.1489299754015,712.5090728759766,672.6494763183593,748.6597200288096,676.3584257231436
2024-03-28,712.53271484375,719.3516746513696,697.9004346418056,698.7054262433901,21705116,55.67659063529451,4.129401467916978,8.072112279099226,4683961411,603.2472760934946,712.6274566650391,674.8987817382813,748.762127599854,676.4927857302241
2024-04-01,718.1677856445312,721.1984406857478,712.2959023406002,718.87809271021,9949971,57.842575643994905,4.878469693552347,7.43338376198985,4693911382,604.3907637507189,713.3756439208985,677.1376684570313,749.3180172647305,677.4332705770664
2024-04-02,725.8392333984375,728.0648393789514,713.4798425640489,718.0731968840731,15713063,60.66101125233552,6.021718754477888,7.151050760487458,4709624445,605.5992062347758,714.242221069336,679.5905969238281,750.5076205027497,677.9768216359223
2024-04-03,730.2430419921875,731.7109984397689,719.9199468084377,724.4185584476019,19136981,62.22237635951689,7.20010410308646,7.160861429007259,4728761426,606.8394434064913,714.3321929931641,682.3380639648437,750.7466985869602,677.917687399368
2024-04-04,719.1149291992188,734.2681480220336,717.9784262265191,733.9840367300943,15889530,56.156934575631986,7.153575317479408,7.159404206701689,4712871896,607.9566124193543,713.7284332275391,684.819404296875,749.3976784722698,678.0591879828083
2024-04-05,724.2764892578125,727.0703754749767,712.7694908570097,717.8363829672766,9939620,58.19263018911206,7.447347295624013,7.216992824486154,4722811516,609.1140241291898,712.81923828125,687.4143933105469,746.3771846518418,679.2612919106582
2024-04-08,727.6385498046875,729.248590721814,721.4825552076852,725.5076285980329,9797174,59.51135565726265,7.860839033857019,7.345762066360328,4732608690,610.2933726433739,712.0805145263672,690.5056481933593,743.5879243049919,680.5731047477425
2024-04-09,723.755615234375,731.5689935781403,720.8196444464801,727.7806889266177,7465892,57.264743558427725,7.785467819925088,7.433703217073281,4725142798,611.4223501815928,710.9511260986328,693.2692175292968,738.8811735629909,683.0210786342748
2024-04-10,737.8196411132812,739.3823398361972,723.2347035208019,725.933847345905,14530669,62.74991037076059,8.75960961336773,7.6988844963321705,4739673467,612.6800346684753,711.2044647216796,696.4191931152344,739.9994478554202,682.4094815879391
2024-04-12,725.7444458007812,738.2458626040706,724.3238315687016,736.1149412559511,14408722,56.092881146796806,8.459738063491045,7.851055209763946,4725264745,613.8050536847172,711.5169982910156,699.1344604492188,740.7966844858066,682.2373120962246
2024-04-15,717.4102172851562,722.9032476518954,709.1233005838425,719.58848097137,11356572,51.993027238172175,7.463549952643234,7.773554158339804,4713908173,614.8359508349703,712.0023773193359,701.6110656738281,741.3348471717484,682.6699074669234
2024-04-16,711.9171752929688,714.9478306266623,705.003530747474,711.4909794514435,13338991,49.4287079975234,6.159814607700241,7.450806248211892,4700569182,615.8019331678857,712.5066955566406,703.7173645019532,741.4667669975142,683.5466241157669
2024-04-18,705.3822631835938,719.7304891283136,702.7304616816317,712.2485648644453,14589648,46.49100786411655,4.546868689316625,6.870018736432838,4685979534,616.6932797352063,713.1175537109375,705.5575317382812,740.9118911103008,685.3232163115742
2024-04-19,710.7332763671875,712.2012327726861,693.3070528688593,695.6274008930026,10886554,49.15572559427692,3.6582099053505317,6.227656970216378,4696866088,617.6290010947284,714.0409515380859,707.4668359375,740.1807365670034,687.9011665091684
2024-04-22,725.5550537109375,728.301597812964,710.73334586364,714.2375393646912,17452186,55.73178065860298,4.102642271199329,5.802654030412969,4714318274,618.7028921655365,716.0440185546875,709.7994836425781,739.0823605074412,693.0056766019337
2024-04-23,732.08984375,736.5411130931677,725.0341150661952,729.580068899774,12292429,58.29300890783197,4.925384301448389,5.627200084620053,4726610703,619.8311205395113,717.7842681884765,712.1245556640625,740.1396646982246,695.4288716787285
2024-04-24,732.1845092773438,737.2987433357519,729.438023272222,737.2987433357519,7842615,58.33062019272607,5.521404688566008,5.606041005409244,4734453318,620.949064706057,719.1480590820313,713.9779821777344,741.5230751466329,696.7730430174297
2024-04-25,769.6888427734375,771.2988838816899,728.9172237404853,729.8642999447579,36732974,69.90846896492087,8.917248921026612,6.268282588532719,4771186292,622.4290624977722,722.2734130859375,716.1212158203125,752.9948340601957,691.5519921116793
2024-04-26,758.89208984375,773.6665121242601,756.6191418193988,772.7194359962122,14964358,64.3641140136449,10.61491013530383,7.137608097886941,4756221934,623.7869035658914,725.1738342285156,717.56171875,758.14104802295,692.2066204340812
2024-04-29,782.7584228515625,787.2570344771462,756.4297179512396,764.2904382833768,27302732,70.02361028051187,13.727885968932924,8.455663672096138,4783524666,625.3687097279379,729.58720703125,719.8081823730469,768.1077865439712,691.0666275185289
2024-04-30,782.5216674804688,790.666499233327,776.5077570611428,782.7584365175279,27449073,69.90500682917398,15.991497535832195,9.96283044484335,4756075593,626.9324207503512,733.0866546630859,721.94478515625,777.0990482691976,689.0742610569743
2024-05-02,786.1205444335938,789.7668222833302,781.3378214511536,783.1372892528356,19943724,70.71694153326351,17.869832992930355,11.544230954460751,4776019317,628.5163821800352,736.4842926025391,723.5860668945312,785.5650340287683,687.4035511763099
2024-05-03,787.4464721679688,791.9450838558431,776.6024387488413,790.619154131125,22667634,71.02708072579873,19.243590529377002,13.084102869444003,4798686951,630.0977761102635,739.5646545410157,724.9072375488281,793.1158445593558,686.0134645226756
2024-05-06,765.048095703125,791.755654460013,760.5021417839598,790.8085783183144,35283557,59.55283765386585,18.31383104045881,14.130048503646965,4763403394,631.4405653599437,741.3049072265625,725.9130322265624,795.785350482217,686.8244639709079
2024-05-07,759.4603881835938,771.5356091020818,751.2208141135195,769.0258341813609,16725013,57.07568362566104,16.930939319201684,14.69022666675791,4746678381,632.7143944427661,743.3221801757812,726.720888671875,797.3526013245324,689.29175902703
2024-05-08,767.8893432617188,778.4966078740321,757.1873941548523,760.1233071452959,27908322,59.79262946339324,16.326927243888235,15.017566782183977,4774586703,634.0594188091238,745.5028228759766,727.6812243652344,799.8022430485476,691.2034027034056
2024-05-09,776.4129638671875,795.2124588602853,761.0229774672023,768.9310974695414,49290254,62.38542799996457,16.34758350390655,15.283570126528492,4823876957,635.4758719937812,747.9415435791016,728.5960986328125,803.1855342853512,692.6975528728519
2024-05-10,774.0926513671875,788.0146820325868,772.4352681404719,783.2319591393382,20543142,61.227931358033736,15.992373781654123,15.425330857553618,4803333815,636.8551434303325,750.4583953857422,729.5706384277344,805.6520961025396,695.2646946689447
2024-05-13,765.9952392578125,776.4604199836035,756.3350502013341,776.4604199836035,15398505,57.23679698657791,14.885878887612535,15.317440463565402,4787935310,638.1401195082179,751.8671752929688,730.5129809570312,807.1368508582955,696.5974997276421
2024-05-14,774.897705078125,778.875436405395,765.1428324503737,769.9728976160259,10912462,60.300721965795,14.559495501734887,15.1658514711993,4798847772,639.5008915039384,754.324838256836,731.6362133789063,809.0987213520959,699.550955161576
2024-05-15,776.8865356445312,781.6219162809175,774.7556143581575,777.5495004946132,9755062,60.97345104987791,14.296514996709334,14.991984176301308,4808602834,640.8679128386707,757.2986541748047,732.9706433105468,810.1576376533354,704.439670696274
2024-05-16,768.978515625,782.4270089369695,755.1511687191949,781.6219595013043,20536990,56.84838963053294,13.296713687832835,14.652930078607614,4788065844,642.1426452047039,760.1517211914063,734.2861328125,808.9051854414198,711.3982569413928
2024-05-17,774.5662231445312,778.9228082130512,768.2682012918576,771.3935410944193,12492509,58.96108139801811,12.807607123315506,14.283865487549194,4800558353,643.4602927463937,763.6109191894532,735.6073034667969,805.6900463243642,721.5317920545422
2024-05-21,786.6888427734375,792.0397884444491,776.2236048637419,777.5495346221023,14037801,63.173635364911725,13.245494917827955,14.076191373604946,4814596154,644.8854524481554,767.4086975097656,736.7722082519531,802.9089728475273,731.908422172004
2024-05-22,788.422119140625,796.0295133266376,783.414724155801,795.9331822307055,19239277,63.746634438692446,13.575890650309134,13.976131228945786,4833835431,646.313677987384,770.55205078125,737.9168481445313,801.5151602468527,739.5889413156474
2024-05-23,801.277587890625,804.5516696610887,791.5517324493296,794.1517316465437,17497488,67.7541374240564,14.705544179742446,14.122013819105119,4851332919,647.8556074391576,774.0114379882813,739.0931921386718,802.3625959994663,745.6602799770963
2024-05-24,797.9072265625,810.0886726083256,796.3665167870256,799.2553916967729,12252075,65.70350741963583,15.154155081986573,14.32844207168141,4839080844,649.3486583757083,777.297573852539,740.203076171875,800.2081992071758,754.3869484979023
2024-05-27,802.818359375,808.3072335281287,792.5146936444445,801.7590699633794,12295193,67.25853977831096,15.72470521457683,14.607694700260495,4851376037,650.8757200771938,778.9540496826172,741.3325756835937,804.1056827597728,753.8024166054616
2024-05-28,800.3628540039062,809.5590944673188,792.8035957117308,804.7443027300019,13818893,65.65564257340742,15.79663773655227,14.845483307518851,4837557144,652.3631542456188,781.027587890625,742.684775390625,806.0591147642654,755.9960610169846
2024-05-29,792.1776733398438,803.5405695871641,788.9517277526038,797.7146835951445,14518232,60.48134125639474,15.020027577017345,14.88039216141855,4823038912,653.7543434903375,781.4985504150391,744.1384533691406,806.9927818802303,756.0043189498479
2024-05-30,795.2590942382812,805.0331445629747,788.9517290829909,790.9739767920537,17818705,61.704914960789445,14.486215272105937,14.801556783556029,4840857617,655.1623509604664,782.1354217529297,745.8895825195312,808.3269199375123,755.943923568347
2024-05-31,799.5924072265625,804.0701868667423,786.8332096505334,799.9294778988177,22267336,63.42014976366533,14.24857857333916,14.690961141512656,4863124953,656.5994659481887,782.8090148925781,747.844814453125,810.0478234952174,755.5702062899389
2024-06-03,872.1032104492188,878.2179721623354,825.0145259321062,831.5626306363492,64269020,79.75813307272266,19.684356589806725,15.68964023117147,4927393973,658.7437818138706,787.0418518066406,751.4235766601563,834.5884030038864,739.4953006093948
2024-06-04,746.4852905273438,863.7736004371982,704.8373437950039,863.7736004371982,122381193,43.50574136810802,13.698031149227972,15.291318414782772,4805012780,659.6168316518156,786.1137115478516,752.5079760742187,836.0081062675439,736.2193168281593
2024-06-05,760.4962768554688,765.5518076607758,716.4890731382206,761.4592351040986,74256082,46.430442786404946,9.969472734502688,14.226949278726757,4879268862,660.6206072259813,786.1655059814453,754.00802734375,835.9511520710846,736.3798598918061
2024-06-06,786.6887817382812,802.4812623286783,766.5147939369629,770.3666270723245,40555649,51.48671991092286,9.02405587333817,13.18637059764904,4919824511,661.8750169226212,787.1054779052735,755.7961059570313,836.1801914188991,738.0307643916478
2024-06-07,799.207275390625,800.699849042878,780.4777241722821,789.5295559574165,25061284,53.734381420476886,9.179132688016466,12.384923015722524,4944885795,663.2415070566311,788.2451934814453,757.6820776367188,837.3324263353201,739.1579606275706
2024-06-10,800.9887084960938,814.1331129043821,798.4850404060916,803.2516957835098,16725508,54.060561982072706,9.33813473997543,11.775565360573106,4961611303,664.6121259764268,789.5899963378906,759.5582165527344,838.5261077045108,740.6538849712705
2024-06-11,804.5997924804688,808.4997618244676,798.3405635563713,805.0331354685376,14754408,54.75687584729978,9.64435518695916,11.349323325850317,4976365711,666.0050380809446,791.5202239990234,761.6325390625,839.6196643710882,743.4207836269586
2024-06-12,808.018310546875,814.2294035252687,802.144288248299,805.9961215652175,15071442,55.44536519766287,10.047066605853843,11.088871981851023,4991437153,667.4181054686653,793.1762542724609,763.9030859375,841.1529378169976,745.1995707279243
2024-06-13,812.6405639648438,814.5664806385139,805.1294419180801,813.6997946256373,12523972,56.4112375518921,10.61681153313532,10.994459892107882,5003961125,668.863105055692,794.9639556884765,765.9052429199219,843.0438843727632,746.8840270041899
2024-06-14,808.1145629882812,818.4182278630158,804.1663989581385,813.6997089993326,12903496,55.15050798305138,10.581155070246723,10.91179892773565,4991057629,670.2486917017875,796.9207580566406,767.7041784667969,843.7812138340454,750.0603022792358
2024-06-18,813.6034545898438,819.958955574296,809.1256751864971,810.3775091653368,14929083,56.42246850142458,10.870496429985678,10.903538428185655,5005986712,671.6751072529124,798.8726196289062,769.459462890625,845.0936179713633,752.6516212864492
2024-06-19,821.0182495117188,828.7219161598205,809.8479563816961,815.4331029467074,32925140,58.14917796225748,11.564801689303977,11.03579108040932,5038911852,673.161108668423,800.5890899658203,771.2749670410157,847.4184878585108,753.7596920731298
2024-06-20,812.4960327148438,821.4996689454273,811.1478676397271,821.4033966290509,13985352,55.430584794604314,11.29714547632068,11.088061959591592,5024926500,674.5475258231138,801.7927856445312,773.1425891113281,848.5468763228624,755.0386949662001
2024-06-21,805.322021484375,816.6367816070117,797.9072307555297,813.6034982004232,18990090,53.17677732826567,10.386415120398283,10.947732591752931,5005936410,675.8487645859125,801.9950073242187,774.7634997558594,848.7734151220926,755.2165995263448
2024-06-24,801.8554077148438,805.0331584274583,790.6369197366024,800.699845971808,12715254,52.07492325790012,9.277977246018963,10.61378152260614,4993221156,677.1025620299815,802.192416381836,776.2478369140625,848.9334632470816,755.4513695165904
2024-06-25,811.0516357421875,814.5182621448073,803.3961054308986,805.996104620019,20917530,54.753336496427714,9.037413315327171,10.298507881150346,5014138686,678.4353886340831,802.6040802001953,777.9937573242188,849.504681329291,755.7034790710997
2024-06-26,814.0367431640625,817.3589609223837,805.0331069252793,808.7404727237647,16281760,55.62036506471004,8.984075063506566,10.03562131762159,5030420446,679.7846558433366,803.2877746582031,779.5180993652343,850.4357668884072,756.1397824279991
2024-06-27,812.7367553710938,816.0108369000839,807.199745485568,812.6404830567203,20378887,55.12496148522095,8.736200483142625,9.775737150725798,5010041559,681.1075623062994,804.3157287597656,781.2579455566406,851.3463165706933,757.285140948838
2024-06-28,817.5034790039062,831.9959899913704,812.736823556385,815.5294261991826,23636388,56.649657347951354,8.822690369712632,9.585127794523165,5033677947,682.4647356067732,805.4279479980469,783.2598107910156,852.6011065613081,758.2547894347856
2024-07-01,810.7627563476562,818.9960380974777,808.8368397383734,817.888612537416,10967797,53.86265512883315,8.25218815590324,9.318539866799181,5022710150,683.7413328280755,805.9864654541016,785.2367224121094,853.1345348806009,758.8383960276022
2024-07-02,795.5480346679688,814.9516094316318,792.6591597257975,812.7368170641629,21142840,48.10941690270101,6.4974614651555385,8.754324186470452,5001567310,684.8538373239949,802.1587066650391,787.0400378417969,838.3780505983921,765.9393627316861
2024-07-03,808.8368530273438,812.5923552125606,794.440614381567,798.292447663417,23598009,52.846842629085565,6.108707129674713,8.225200775111304,5025165319,686.0874991717894,805.2762847900391,789.002109375,831.0052058008332,779.547363779245
2024-07-04,808.2108764648438,813.6034781228886,803.3960850421123,811.7738338725269,13372587,52.60321723153324,5.684577173760545,7.7170760548411526,5011792732,687.3026571548049,807.6620147705078,790.6552258300782,823.1501744338244,792.1738551071911
2024-07-05,827.9033813476562,829.3478187678616,805.996080474543,806.9590387546798,24873722,59.00577834978021,6.8584121884250635,7.545343281557935,5036666454,688.7016693358285,809.7227447509765,792.5714965820313,824.4490457449149,794.9964437570382
2024-07-08,824.5330810546875,832.9589665545163,821.8849456118841,827.903435254619,10359800,57.57236559747697,7.431069088926279,7.522488443031604,5026306654,690.0532256713395,810.9890350341797,794.4184680175781,826.2272819724216,795.7507880959378
2024-07-09,829.39599609375,837.7256091400944,824.2923287105681,828.0478896992312,13585081,59.1156521165231,8.182972201108214,7.654585194646927,5039891735,691.4397208994233,812.4093994140625,795.6126110839843,828.8986797737484,795.9201190543765
2024-07-10,817.5515747070312,828.3848552906051,812.2553041995063,828.2403880397673,17343236,53.966628511320096,7.733962708850299,7.670460697487602,5022548499,692.694565215917,813.0569885253906,796.78580078125,829.2837960182143,796.8301810325669
2024-07-11,824.9664306640625,826.5071405152041,818.273858372934,822.7516382126789,8501366,56.51984163236163,7.885536798851945,7.713475917760471,5031049865,694.0107031805752,813.90439453125,797.6299609375,830.748568625302,797.0602204371979
2024-07-12,827.8552856445312,831.0330363694129,823.6182454951478,824.9664106629458,11446064,57.50867310912473,8.14487773049916,7.79975628030821,5042495929,695.3424900707639,814.6651306152344,798.5366333007812,832.5541591630242,796.7761020674445
2024-07-15,848.7033081054688,854.4810581363205,827.8552953420664,827.8552953420664,25392820,63.89089248826072,9.918336061517039,8.223472236549975,5067888749,696.8684683596665,816.6945678710938,799.7882885742188,839.6440863454769,793.7450493967107
2024-07-16,848.0773315429688,855.2031872360685,841.9143753130872,849.6180412132858,11893692,63.58208764118693,11.144832793807154,8.807744348001412,5055995057,698.3730341624854,818.41826171875,801.0009057617187,845.0614689423129,791.7750544951872
2024-07-18,860.4513549804688,861.7513839164689,844.9958864196212,848.0292284959793,19435183,66.9796282534887,12.965858225301417,9.639367123461414,5075430240,699.9857537726145,820.3899169921875,802.9089709472656,852.7367095938284,788.0431243905466
2024-07-19,856.406982421875,865.6995539804449,850.5810961772029,861.8477205923227,14562742,64.85009165344202,13.922200473504063,10.495933793469945,5060867498,701.5421839084281,822.5854644775391,804.8479028320312,858.2788307408703,786.8920982142079
2024-07-22,844.3218383789062,861.8476914572568,835.8478169663675,848.7996180509505,14614111,58.830962162270914,13.548756835779272,11.10649840193181,5046253387,702.9628769877363,824.5354553222656,806.376552734375,860.5034304572466,788.5674801872847
2024-07-23,831.899658203125,851.7365747034543,817.6478290405348,850.2921373240815,18279212,53.34964076050717,12.110827853900787,11.307364292325605,5027974175,704.2458300346556,826.0376678466797,807.4862866210938,860.5722599299183,791.5030757634411
2024-07-24,820.4404296875,835.8477617004108,815.8182418384882,832.188532102206,19624845,48.829958434319224,9.93210369472797,11.03231217280608,5008349330,705.4019952053306,826.5071075439453,808.4132421875,860.4645241004644,792.5496909874262
2024-07-25,817.0701293945312,819.2367856009398,810.04054545749,816.1071710805719,9522375,47.55392892725288,7.8430838464242925,10.394466507529723,4998826955,706.513120918656,826.6587768554688,809.4347399902343,860.418567119003,792.8989865919345
2024-07-26,830.5033569335938,832.2366700338795,812.7367654134732,813.362711787555,12081506,52.84341157958001,7.1886040100270066,9.75329400802918,5010908461,707.746854610347,827.5471069335938,810.5468530273438,860.7247882883865,794.369425578801
2024-07-29,839.3143920898438,856.1661615632173,831.2255780072089,833.9699855260068,26582781,55.97948757343648,7.296788093575856,9.261992825138515,5037491242,709.0559843365112,828.6376525878907,811.79541015625,861.8569284435658,795.4183767322155
2024-07-30,840.469970703125,847.9328973347123,836.8107410128214,842.2996149354311,13528447,56.389121837780834,7.390576332246837,8.88770952656018,5051019689,710.3635861909054,830.123013305664,813.2252392578125,862.6621200820342,797.5839065292938
2024-07-31,840.0848388671875,842.5403707610664,835.8477988655185,841.4810813734941,11636874,56.2014137303949,7.349111286375887,8.579989878523321,5039382815,711.6543449240028,832.349853515625,814.5356115722657,860.9806055956082,803.7191014356418
2024-08-01,830.696044921875,848.7515140014297,827.6145664441017,845.2848286735671,11787203,51.68458326906709,6.483910251536031,8.160773953125863,5027595612,712.8388394513447,833.4428131103516,815.4157556152344,859.9930767652236,806.8925494554796
2024-08-02,816.4441528320312,826.5070785961769,814.8071707781978,824.9663688604599,12609331,45.68272235225002,4.595252405089468,7.4476696435185845,5014986281,713.8697380919486,833.8544769287109,815.9761962890625,859.0477180187493,808.6612358386726
2024-08-05,781.5851440429688,800.555375930074,770.3666561037335,799.2554057076235,27676951,34.9823086779832,0.282391540454455,6.014614022905759,4987309330,714.5435232257897,831.5385650634765,815.5823474121094,865.4882208775167,797.5889092494364
2024-08-06,768.15185546875,795.9331791962649,766.1778026885571,792.1776770526977,17900930,31.88303296474855,-4.171450009444698,3.9774012164356685,4969408400,715.0769394670132,828.7195037841797,814.9872399902343,872.4750786668825,784.9639289014768
2024-08-07,778.6962280273438,780.6702807246692,770.8962307809461,779.0332399118962,17692355,36.629006808224034,-6.77224258649278,1.8274724558499789,4987100755,715.7099672138822,826.1845153808594,814.5047973632812,875.0641610794099,777.3048696823088
2024-08-08,778.1184692382812,787.507312985182,773.06293798995,781.9221664085547,14769069,36.47903009808242,-8.778813054971238,-0.2937846463142646,4972331686,716.330947333528,824.2128601074219,814.0599096679688,877.3243794885058,771.101340726338
2024-08-09,793.7665405273438,799.2072786074854,779.5629051443975,785.7739981345145,15320885,43.255749205207444,-9.002589780093672,-2.035545673070146,4987652571,717.1014507483918,822.652865600586,814.0916870117187,877.3920769668406,767.9136542343314
2024-08-12,782.4998779296875,792.5146675912324,781.1517715969126,790.2035442003192,16120449,39.95092502573865,-9.974084916910442,-3.6232535218382056,4971532122,717.7521813671112,820.3850952148438,813.8365026855469,877.7684515111325,763.001738918555
2024-08-13,768.0073852539062,789.6258109801142,765.5999894887229,783.3665819906377,17585172,36.12732217155883,-11.777659326821663,-5.254134682834897,4953946950,718.2522331470794,816.3502990722657,813.2048022460938,876.4837500298219,756.2168481147095
2024-08-14,773.2554931640625,779.1777100523152,770.7518251641638,771.2814404594144,11788665,38.42553852184197,-12.637845377915482,-6.730876821851014,4965735615,718.7995292666515,812.6092071533203,811.2278479003907,873.6842461664437,751.5341681401969
2024-08-16,782.0183715820312,784.7147017023967,773.255475013765,773.255475013765,11427335,42.167315115347016,-12.468726252092097,-7.878446707899231,4977162950,719.4285724737697,808.6875579833984,811.9385095214843,866.9801705861435,750.3949453806533
2024-08-19,783.5591430664062,794.8257663935242,782.4998537223788,784.8109770417955,10151482,42.825212141239405,-12.07122122026226,-8.717001610371838,4987314432,720.0666876040447,805.045166015625,812.3997668457031,859.9616422369404,750.1286897943096
2024-08-20,789.9146728515625,792.5146719871843,783.2221009869668,787.6517443817361,10347493,45.57549441782952,-11.115228050408518,-9.196646898379175,4997661925,720.7616924323783,802.3248077392578,812.4642846679687,854.5117115586082,750.1379039199074
2024-08-21,785.3406372070312,790.588771746324,781.1517920723019,789.9146891751129,14607257,43.937397812868625,-10.604441623444018,-9.478205843392143,4983054668,721.4042689973003,799.9968566894531,812.1869519042968,850.8353613845217,749.1583519943846
2024-08-22,789.9146728515625,793.3813579571615,786.8331945713555,788.662838830503,7832917,46.02656345903416,-9.718524153484282,-9.526269505410571,4990887585,722.0859645580392,798.4705688476563,811.9654711914062,848.5902006512654,748.3509370440472
2024-08-23,785.1480102539062,791.5517063269808,784.3295192254573,791.0702271868793,5537747,44.17893592377409,-9.293923446593908,-9.479800293647239,4985349838,722.7134475997891,796.874462890625,811.576435546875,846.5544051028946,747.1945206783553
2024-08-26,784.859130859375,792.9480038850295,783.6554330147424,787.6998695275697,8523795,44.06349185551657,-8.878389927692638,-9.35951822045632,4976826043,723.3318126073473,794.592251586914,811.113251953125,842.0259510244331,747.158552149395
2024-08-27,785.677734375,789.0962247326166,781.0073511539267,787.5073199593448,12833290,44.506023105222155,-8.386349540666743,-9.164884484498405,4989659333,723.9521700378713,791.9104187011719,810.5739953613281,834.7714346132129,749.0494027891309
2024-08-28,779.41845703125,786.9295198766698,776.625854503473,784.5702603306938,10371300,41.78398781369826,-8.404592449584698,-9.012826077515664,4979288033,724.5040733910392,788.8578430175781,810.0000732421875,825.7278527130262,751.9878333221301
2024-08-29,784.3295288085938,785.7739662465469,777.0592054590912,779.5628735084862,18247268,44.64467980076528,-7.931340086019077,-8.796528879216346,4997535301,725.099351554398,786.0700775146485,809.4145947265625,814.487874299498,757.6522807297989
2024-08-30,785.3887939453125,790.2999167148297,784.1850960274376,786.8814263829273,8911426,45.26938064095443,-7.385672894700747,-8.514357682313227,5006446727,725.6992465035614,783.8047149658203,808.7020056152344,803.5237702233285,764.085659708312
2024-09-02,791.6961669921875,794.8257813768107,782.9332114506573,787.0257841074723,11813750,48.96279575146983,-6.3708363861427415,-8.08565342307913,5018260477,726.3559322795677,782.5673156738281,808.2860083007813,796.0619418038774,769.0726895437789
2024-09-03,794.248046875,795.3554725033293,786.1592318819613,791.69624247498,10548350,50.420587633765784,-5.299565667861316,-7.528435872035567,5028808827,727.0314757083779,783.2004608154297,808.0645288085938,797.6086670662019,768.7922545646575
2024-09-04,786.2554321289062,788.325815931437,783.5110245528155,785.2443376942574,10789570,45.989776062804154,-5.0374445929090825,-7.030237616210271,5018019257,727.6207688070897,784.1056396484375,807.752529296875,796.7900189338067,771.4212603630684
2024-09-05,788.422119140625,791.6962009160937,784.2332739868236,788.0369123055189,8395074,47.340735018229935,-4.6018311732178745,-6.544556327611792,5026414331,728.2257573676224,784.5919342041016,807.2999389648437,797.1546409387045,772.0292274694987
2024-09-06,753.514892578125,782.7888492947188,748.2186217676717,781.4406841241514,40220096,33.01351818966732,-6.992718149406073,-6.634188691970649,4986194235,728.4773905537966,783.3617553710938,806.089501953125,801.7068799050594,765.0166308371281
2024-09-09,755.2000122070312,759.0037090727857,742.4408153160613,755.9222308989729,21322103,34.051128506978344,-8.651805603094772,-7.037712074195474,5007516338,728.7432872866647,781.4334289550782,804.9387670898437,802.8491864219078,760.0176714882485
2024-09-10,753.6593017578125,759.5814597612606,748.7000432350214,758.8111049121503,12824701,33.53958825481536,-9.975970047340297,-7.6253636688244395,4994691637,728.9912078286661,779.9914001464844,803.6618835449219,804.5753348431456,755.4074654498231
2024-09-11,740.1297607421875,758.811176152104,737.0483410564517,751.1556455515445,20060665,29.367428390116643,-11.979014179578485,-8.496093770975248,4974630972,729.10203920094,778.5975189208984,802.2492236328125,808.3576426151318,748.8373952266651
2024-09-12,758.5703735351562,760.6407573153975,744.1259995547978,746.2926556518515,17578964,40.273052029925694,-11.940791733550327,-9.185033363490264,4992209936,729.3952564579969,777.8632629394531,801.5096704101562,808.8151336023694,746.9113922765367
2024-09-13,761.5555419921875,765.5518424151477,756.0185318111974,761.7000092457633,12950936,41.83857240328277,-11.536634877741676,-9.655353666340547,5005160872,729.7152592991331,776.840121459961,800.5640441894532,808.5192374595928,745.1610054603292
2024-09-16,756.451904296875,765.5518722692779,755.344537482079,761.5555716904744,9553736,39.912413692389826,-11.49564393930973,-10.023411720934384,4995607136,729.9812955677673,775.4847595214844,799.5288647460937,808.2005843793311,742.7689346636378
2024-09-17,753.9000854492188,758.3296701716079,751.637098153009,756.5000258703583,10665630,38.946933933393666,-11.536087939048684,-10.325946964557243,4984941506,730.2192934770355,773.6840301513672,798.048798828125,806.9840277833514,740.384032519383
2024-09-18,763.3851928710938,765.3111094724715,753.0333911386886,754.7667043250664,18324412,44.33682798770387,-10.679662697907588,-10.396690111227313,5003265918,730.5493024262302,772.5862579345703,796.8258410644531,805.723960618754,739.4485552503867
2024-09-19,760.6889038085938,771.6665929182252,755.0074264560737,765.5999675189145,10645478,43.17011290108364,-10.102057289487675,-10.337763546879387,4992620440,730.849198957398,771.1249694824219,795.45169921875,803.6491220118346,738.6008169530091
2024-09-20,752.7445068359375,765.4073730812867,750.625986843672,765.4073730812867,21372244,39.84325553078526,-10.168135348635701,-10.303837907230651,4971248196,731.0670627173835,769.5047943115235,794.1555578613281,802.300522300744,736.709066322303
2024-09-23,772.1480712890625,775.1814133728537,755.4407686844768,756.8852061006995,17309545,49.98196906068897,-8.556167030070583,-9.954303731798637,4988557741,731.475828971828,768.8692413330078,793.0991906738282,800.9346481830698,736.8038344829458
2024-09-24,768.6814575195312,774.4592072785255,766.9962805064912,769.6444158126969,15180653,48.41210825673659,-7.472261701925845,-9.45789532582408,4973377088,731.8460342310092,768.0194274902344,791.9157141113282,799.1450366742183,736.8938183062505
2024-09-25,763.72216796875,768.4406869245006,759.4851869144526,768.3444146087945,18465571,46.17762026973928,-6.93350698789277,-8.953017658237817,4954911517,732.1632096910862,767.2346130371094,790.2160913085937,797.9599368784357,736.5092891957831
2024-09-26,772.1480712890625,773.2554968178902,762.277748944874,766.5147888755175,23198842,50.369015439315675,-5.760239559746196,-8.314462038539492,4978110359,732.561069010469,766.6255401611328,788.6975061035156,796.4406844913767,736.8103958308889
2024-09-27,772.9185180664062,778.0703215620741,768.8740813727312,772.1481043919451,15193681,50.74671093414348,-4.7139090448033585,-7.594351439792266,4993304040,732.9626356677421,766.0020263671875,786.9468493652344,794.723031386122,737.2810213482529
2024-09-30,758.71484375,772.8702832866289,757.3185425049131,772.1962595176911,15484573,44.08584317711649,-4.973471304264649,-7.070175412686742,4977819467,733.2188765441825,764.3529602050781,784.9930065917969,790.6702793329338,738.0356410772225
2024-10-01,767.4296264648438,770.7036494096986,758.811137952777,758.811137952777,13280535,48.54819745808915,-4.424957971270828,-6.54113192440356,4991100002,733.5592820160299,763.0120391845703,783.4551623535157,785.5632906575773,740.4607877115633
2024-10-03,764.6851806640625,774.2184915699847,755.2482008550121,760.6408027275493,15944135,47.26881681011779,-4.163714335839131,-6.065648406690674,4975155867,733.8689924503387,761.9335266113281,782.1108728027343,781.8436999627922,742.023353259864
2024-10-04,767.1407470703125,779.8517495092212,756.1629990283715,762.6629675013947,20097454,48.574643928013174,-3.7157008986251867,-5.595658905077578,4995253321,734.2000546853634,760.8694580078125,781.0448791503907,776.9000524153342,744.8388636002907
2024-10-07,742.1038208007812,774.2184558775194,737.0482898388944,770.3666227637009,24267990,38.19018374545371,-5.319596729732098,-5.540446470008481,4970985331,734.2786991243228,760.2989044189453,779.5455529785156,778.0553041917783,742.5425046461123
2024-10-08,752.5037841796875,755.3445229531092,743.6445559601656,743.6445559601656,8560960,43.58531426810574,-5.685961379379137,-5.5695494518826125,4979546291,734.4600432542269,760.1640930175781,777.9855615234375,778.1131898190349,742.2149962161213
2024-10-09,767.8629760742188,774.5554892758929,753.0815308248506,757.5593104537433,18758697,50.46234808980779,-4.68296724857737,-5.392233011221564,4998304988,734.7924107449732,760.8742767333985,776.556533203125,778.8616259139903,742.8869275528066
2024-10-10,767.5740356445312,774.6518143977434,765.5518467289336,769.4036799200226,10241015,50.33803128348711,-3.8668278670003247,-5.087151982377317,4988063973,735.1185960673569,762.2464904785156,775.0986145019531,777.7036316581427,746.7893492988885
2024-10-11,770.1258544921875,772.9665930626187,763.6258863548668,767.6703227285054,14322720,51.475014397249424,-2.9797721144758498,-4.665676008797024,5002386693,735.4669269969572,762.8242645263672,773.6994348144531,778.5501041014481,747.0984249512862
2024-10-14,775.325927734375,779.2740334022208,771.1370237082186,772.2925854662725,8967564,53.7964148340831,-1.836007239309538,-4.099742254899526,5011354257,735.8635339694689,763.5127838134765,772.5920324707031,780.1363267669458,746.8892408600072
2024-10-15,774.8444213867188,777.5888290383062,771.9073515455158,775.6629124338771,6252104,53.54099868437247,-0.957382760980181,-3.4712703561156575,5005102153,736.2514034960087,764.4324096679687,771.7600378417969,781.4226813428274,747.44213799311
2024-10-16,775.61474609375,779.0332361787332,772.3406644838936,773.0628831824524,6494240,53.917948313804146,-0.1966410106059584,-2.8163444870137178,5011596393,736.6430785467326,765.5181427001953,771.6406298828125,782.4526348866924,748.5836505136982
2024-10-17,781.00732421875,789.1443336790275,776.1443965165297,779.5147505956958,18580553,56.57419629466416,0.8317998238536575,-2.0867156248402425,5030176946,737.0845138270512,766.3992492675782,771.8977392578125,784.5856366029025,748.2128619322539
2024-10-18,790.0110473632812,792.1295086964368,773.1592763766439,781.0554877623608,11704698,60.65237033574207,2.3463248330498345,-1.2001075332622273,5041881644,737.6111460015411,767.8653564453125,772.1240356445312,788.5324461314364,747.1982667591886
2024-10-21,783.7999267578125,795.8369056109815,779.0332713770955,794.1517285715379,10359618,56.696801356360744,3.0107057482738355,-0.35794487695501476,5031522026,738.0707358598124,769.4181274414062,772.2376647949219,789.9738636884001,748.8623911944123
2024-10-22,761.1222534179688,786.5924530851014,758.329650876446,783.8480454773676,16645356,45.12519837464251,1.68787690262684,0.05121947896135626,5014876670,738.3001041937245,768.8668365478516,771.5847790527343,789.6898140616221,748.043859034081
2024-10-23,756.88525390625,763.2407554293255,750.9149004539081,760.7370872594624,13866198,43.34519616498318,0.294243208918715,0.09982422495282801,5001010472,738.4850310565357,768.2770263671875,771.0724865722656,789.7458335018378,746.8082192325373
2024-10-24,765.1184692382812,767.4777287162982,755.5852177848088,756.9333240763132,5607500,47.66523305493374,-0.14420752985211038,0.05101787399184034,5006617972,738.7500403916775,768.3468414306641,771.0147082519532,789.7649676987064,746.9287151626218
2024-10-25,752.0223388671875,771.0889025356221,743.4038498376525,768.4407670601641,9717125,42.15849954614076,-1.5307852319410813,-0.265342747194744,4996900847,738.8821030630756,767.3405548095703,770.5900451660157,789.8148443173691,744.8662653017716
2024-10-28,762.7111206054688,774.1703480481368,754.5259749390806,754.7667145175037,13757251,47.49061086478648,-1.747024087994646,-0.5616790153547244,5010658098,739.1192077152388,766.8301849365234,770.2039001464843,789.2381160467843,744.4222538262626
2024-10-29,801.8554077148438,803.925732845734,761.2185547092174,766.5148254883454,28274791,61.49115731133616,1.226088305166968,-0.20412555125038595,5038932889,739.7434485112548,768.9872131347656,770.5698254394531,795.7395174779358,742.2349087915954
2024-10-30,791.9850463867188,802.1442444505282,790.6368812896834,797.3294530672716,15977682,57.33959118754831,2.7540980992163213,0.38751917884295556,5022955207,740.263265405538,770.2149841308594,770.6112329101562,798.762329941009,741.6676383207098
2024-10-31,789.8184204101562,797.3294834998579,783.4147241162844,789.625816992613,13402324,56.43882345148214,3.7470347762048277,1.05942229831533,5009552883,740.756351524987,771.471646118164,770.7007885742188,801.1259434950692,741.8173487412588
2024-11-01,790.7813720703125,795.0183533490626,788.566579722976,791.9369337915391,1637141,56.7639180732786,4.559092022789969,1.7593562432102579,5011190024,741.254112923448,772.653677368164,770.7181225585938,803.3881909867475,741.9191637495805
2024-11-04,799.1109008789062,806.4775551912725,777.2036001259493,792.2257844782764,14498161,59.5743182741193,5.807827582221307,2.5690505110124677,5025688185,741.8298023558407,775.5040313720704,770.9973803710938,804.9225704843799,746.0854922597608
2024-11-05,817.7442016601562,819.8627216790217,795.6442968785319,799.1109232553587,26254561,65.04765533968417,8.206412740026735,3.6965229568153215,5051942746,742.5851695130975,778.7660522460938,771.6550817871093,811.5369455171564,745.9951589750311
2024-11-06,823.13671875,829.492278606691,814.8553011245552,817.7441759391488,15002433,66.46282258833746,10.42229805612942,5.041677976678142,5066945179,743.3866774657035,781.5297393798828,772.4042614746094,819.1243583390865,743.9351204206791
2024-11-07,827.7589111328125,830.4552413269911,815.3367846280997,829.1070762299017,15283847,67.67109167780819,12.408339812318673,6.515010343806248,5082229026,744.2262021788091,784.5389831542968,773.3710705566406,826.5581229974076,742.519843311186
2024-11-08,811.9183349609375,831.5145133583849,803.2998462002181,827.7589523824207,26139105,59.72907836736558,12.559314145339386,7.723871104112876,5056089921,744.8997557388303,786.6286071777344,773.9228466796875,829.7159617544759,743.5412526009928
2024-11-11,816.2515869140625,822.366348312754,810.8108492732305,814.662682286405,12621337,61.07489194469497,12.880145312538502,8.755125945798001,5068711258,745.6097242082355,788.6748901367188,774.5401025390624,833.2812249088207,744.0685553646168
2024-11-12,796.07763671875,821.7886350304474,793.7665132938048,820.9219490525154,11350729,52.310117949595856,11.37540851556082,9.279182459750565,5057360529,746.1118924919223,789.7365509033203,774.6277319335937,833.9849448367737,745.488156969867
2024-11-13,778.6962280273438,800.9405405398265,774.8443949499054,792.8516675674828,13756706,46.163259764953,8.680298268864249,9.159405621573303,5043603823,746.4361147360559,789.890625,774.3166955566406,833.9623629054452,745.8188870945548
2024-11-14,774.459228515625,787.6999054097373,771.3777501381329,778.6962686314655,9461484,44.78183417200821,6.131829615744209,8.553890420407484,5034142339,746.7149516890863,789.5632202148438,774.080771484375,833.9899272655632,745.1365131641244
2024-11-18,784.136962890625,786.4480864115857,769.6444516583641,780.9592121300385,9322451,48.5677139989334,4.837300739473562,7.8105724842207,5043464790,747.0873100094997,789.2695159912109,773.995068359375,833.7581212128323,744.7809107695896
2024-11-19,773.2554931640625,789.9146595309171,770.4628906628374,788.6628255309678,13677029,44.844701226042694,2.8999053084876323,6.8284390490740865,5029787761,747.347689941386,788.7422943115234,774.3898803710938,833.724853686379,743.7597349366679
2024-11-21,751.8297119140625,768.9222221753172,733.3409003273077,768.9222221753172,29486577,38.574506427568046,-0.36022357970352914,5.390706523318563,5000301184,747.392287174945,788.2776672363282,774.3224743652344,834.5648312312624,741.990503241394
2024-11-22,785.8221435546875,789.5777045997442,755.0074765981217,756.88525712065,20665405,50.41897651882415,-0.19870353410885855,4.272824511833079,5020966589,747.7746738055891,789.72451171875,774.9657312011718,833.7499283691532,745.6990950683469
2024-11-25,813.1701049804688,818.1293046973657,795.0665016573014,796.3664717835007,23434605,57.51660979726841,2.111711698360864,3.8406019491386365,5044401194,748.4253746132995,792.1270935058594,776.4265380859375,835.7618894562847,748.4922975554341
2024-11-26,808.3072509765625,815.3368350764866,804.5998261173272,812.7368358136894,8893744,55.98200182936338,3.5098810146753294,3.774457762245975,5035507450,749.0212141791031,794.9413391113281,777.4212756347656,834.9787807697732,754.9038974528831
2024-11-27,803.2034912109375,811.292364407334,801.2775746188726,807.4405312232043,8375108,54.34317577369192,4.158176640003717,3.8512015377975235,5027132342,749.5603413137483,796.9659576416016,778.2542346191407,834.2821156466429,759.6497996365603
2024-11-28,807.7775268554688,814.4700986330259,799.7368487551913,803.2034750413964,13505677,55.597713637676954,4.9835942709215715,4.077680084422333,5040638019,750.1396167917754,797.2620635986328,779.2807470703125,834.8219037830046,759.7022234142611
2024-11-29,807.8738403320312,812.7849039261208,800.7479257305017,809.9441653170932,10822949,55.6253629978273,5.581179025230654,4.378379872583997,5051460968,750.7140866777481,798.0565032958984,780.3602221679688,835.8079222878001,760.3050843039968
2024-12-02,805.4183349609375,810.8108778597823,801.8553775432713,807.8738668385488,6651119,54.69032604026966,5.789888258687597,4.660681549804718,5044809849,751.2584075561879,798.8364990234375,781.2008850097657,836.5194152286438,761.1535828182311
2024-12-03,822.3182373046875,824.8700414893754,805.8998103387524,806.9590409400479,12186182,59.710058239318435,7.2355656142173075,5.175658362687235,5056996031,751.9654705387601,800.4133422851562,782.4334716796875,839.2380486914656,761.5886358788468
2024-12-04,827.8552856445312,831.995994696608,818.8034538591721,822.3182752631592,10749716,61.22575312666947,8.727464086665918,5.886019507482972,5067745747,752.7205930771261,801.8505615234375,783.9356872558594,842.4629760210397,761.2381470258352
2024-12-05,833.3922729492188,839.1700227524034,823.9070984244045,828.1441384564639,14716036,62.73545390110845,10.238569124010382,6.756529430788454,5082461783,753.5232963594354,802.6329650878906,785.1605712890625,845.0048182754575,760.2611119003237
2024-12-06,831.658935546875,843.0218314074111,825.2552395250841,833.1996452731378,14520568,61.922639793143254,11.16753254711034,7.638730054052832,5067941215,754.3007654060767,803.0590759277344,786.4201208496094,846.4072969999684,759.7108548555004
2024-12-09,826.266357421875,834.7403787055949,825.2071268017763,827.1811795615839,9630346,59.346489231389555,11.33791039230698,8.378566121703662,5058310869,755.0168409485226,802.9844482421875,787.6710046386719,846.1671438968073,759.8017525875676
2024-12-10,835.3662719726562,836.7625731734661,826.2663048631648,829.8773982578593,7379849,62.2040323958426,12.06810946148562,9.116474789660053,5065690718,755.8163377746334,804.1568450927734,788.9353686523438,849.4668967561737,758.8467934293732
2024-12-11,829.684814453125,837.6292201091063,829.0589268478445,835.3662917047014,7006973,59.39688297332358,12.049452753882633,9.70307038250457,5058683745,756.5513474928274,804.8285064697266,790.0706945800781,851.2211260735679,758.4358868658852
2024-12-12,822.0775146484375,832.2848491458258,819.6219827317773,829.588577653526,8845103,55.7678858486731,11.29066984750773,10.020590275505203,5049838642,757.2033491560674,806.1285003662109,791.3379479980468,852.9227877262431,759.3342130061787
2024-12-13,829.6366577148438,830.9366865999768,804.0701282655722,821.0181697348605,9379370,58.482340252373255,11.170521776898795,10.250576575783922,5059218012,757.9240785944633,808.6755218505859,792.5820886230468,854.7599751403523,762.5910685608196
2024-12-16,829.0589599609375,834.3070944496669,826.025617806868,827.9515344064523,6432713,58.18844376674842,10.903005128367681,10.381062286300676,5052785299,758.6318883593037,811.4055084228515,793.8695642089843,855.4839781354056,767.3270387102975
2024-12-17,819.044189453125,830.6478254844673,815.6738353243519,826.7478560331779,8791216,53.197466355018285,9.770262470024818,10.258902323045504,5043994083,759.2330057831228,813.1508697509765,794.9076330566406,855.5027471830988,770.7989923188543
2024-12-18,807.103515625,820.4404644541135,805.9960900799213,819.4775061625006,8295338,47.919860814890754,7.818911620703261,9.770904182577056,5035698745,759.7093292641365,814.8432708740235,796.207626953125,853.1996330524548,776.4869086955921
2024-12-19,801.9515991210938,806.9589936527981,789.8183489792347,794.0553299104415,9453398,45.808247836000454,5.789991984932385,8.974721743048121,5026245347,760.1296503572406,817.349365234375,797.1965832519531,843.5254192026113,791.1733112661387
2024-12-20,781.9221801757812,805.0331805750654,779.9962634758409,803.9739498998235,10244198,38.673252529102584,2.536611363150314,7.68709966706856,5016001149,760.3464914499625,817.1543670654297,797.4777673339844,844.3068559213631,790.0018782094963
2024-12-23,790.7332763671875,793.4776841679945,782.114787338898,787.025851437494,4933200,42.88756708061843,0.6616386478133336,6.282007463217515,5020934349,760.6488475187907,816.0325256347656,797.9409521484375,845.5056231332301,786.5594281363012
2024-12-24,781.9702758789062,795.5961593356999,779.2258682332135,793.7183788955526,10602771,39.94739306363415,-1.5139398848955352,4.722817993594906,5010331578,760.8610010348118,814.7156768798828,798.1778405761719,847.6069904984997,781.824363261266
2024-12-26,782.3555297851562,792.3702614447049,778.0703533367926,782.885145127243,8318714,40.14168064518526,-3.170467598799746,3.1441608751159755,5018650292,761.0748769427755,813.6732788085938,798.3184326171875,849.1756995264169,778.1708580907706
2024-12-27,770.0296630859375,787.9888009322062,767.6704033888981,786.0628842447148,10649800,36.11576146587286,-5.415446284003679,1.4322394432920447,5008000492,761.1639792924587,811.7858856201171,798.2221374511719,852.0372697588584,771.5345014813759
2024-12-30,759.1000366210938,778.0221912364731,755.9222859001974,772.292577441985,21515438,32.95917049490832,-7.984497264945844,-0.4511078983555332,4986485054,761.1434425494601,809.3471954345703,797.8918432617188,855.6989376141535,762.9954532549871
2024-12-31,765.503662109375,769.5962346158304,756.8851741350371,757.7999962148708,9086044,36.463080759920544,-9.395464549924213,-2.2399792286692692,4995571098,761.186827818713,807.3514617919922,797.5817700195313,857.4904295312399,757.2124940527444
2025-01-01,763.8185424804688,769.0666770195652,760.2555849821816,766.0814709969738,7273098,35.93088548721231,-10.528277925362204,-3.8976389680078563,4988298000,761.213014034253,804.4264770507813,797.057919921875,857.47283490803,751.3801191935326
2025-01-02,771.522216796875,772.6777785343264,757.848196914708,765.5518634653022,11398319,40.22606537604455,-10.68129127489101,-5.254369429384488,4999696319,761.3155931662194,801.6098236083984,796.8123657226563,855.3586672202214,747.8609799965755
2025-01-03,764.0111083984375,779.5147129032193,762.8074105712243,771.5221710853858,13336514,37.58068500539132,-11.278626150039486,-6.459220773515487,4986359805,761.3424142133061,798.1407653808594,796.8701428222656,852.1917467737219,744.089783987997
2025-01-06,747.640869140625,768.0555386685415,744.5112545755807,767.8629940224499,11419367,32.55561460255565,-12.923980239168941,-7.752172666646179,4974940438,761.2060804314884,793.9398620605468,796.6852551269532,849.9422958693056,737.9374282517881
2025-01-07,749.9037475585938,754.8148111917903,746.1481868219319,750.9629781385199,9669152,33.87191282893744,-13.885278979484497,-8.978793929213843,4984609590,761.0936194078776,790.1217315673828,796.3809606933594,847.1900724077271,733.0533907270384
2025-01-08,742.5853271484375,754.911181809416,731.9445907621887,751.9741707073787,15641490,31.716016156480038,-15.064002082485217,-10.195835559868119,4968968100,760.9094572958434,785.4826843261719,796.1922204589844,842.168138816406,728.7972298359379
2025-01-09,732.2816772460938,742.7778878278531,699.3484904504,742.5853431803976,15351029,28.924662039178287,-16.637777131661437,-11.484223874226782,4953617071,760.6246037630101,780.6125274658203,795.5836315917969,838.00303895249,723.2220159791507
2025-01-10,715.71875,735.1223830791824,714.5631882955921,732.1853132713054,11779296,25.100400085788834,-19.002446627067343,-12.987868424794895,4941837775,760.1777793474578,775.2945892333985,793.8608984375,835.9486936194324,714.6404848473645
2025-01-13,702.4780883789062,716.3928477377098,695.7373801970662,714.0335881192036,10414733,22.535323096939862,-21.694790929400483,-14.729252925716013,4931423042,759.6036530691638,768.9366607666016,792.0707592773438,832.07986182013,705.7934597130732
2025-01-14,720.4373168945312,728.9594748276388,705.8003381418084,705.8003381418084,11960975,32.59682448316066,-22.124298396598647,-16.20826201989254,4943384017,759.2139382813565,763.5055786132813,790.6831372070312,823.6435560068008,703.3676012197617
2025-01-15,725.7816772460938,730.7890721249498,722.2187198068513,725.252061939764,7792299,35.290348657359544,-21.782347599018408,-17.323079135717713,4951176316,758.8812789675728,758.8424530029297,789.3831433105469,815.3872003382936,702.2977056675658
2025-01-16,737.9149169921875,747.929706597395,732.2334984141427,732.2334984141427,11816079,41.04992586851078,-20.29831177958465,-17.9181256644911,4962992395,758.6726584504048,755.383023071289,788.1592236328125,808.0252508834393,702.7407952591387
2025-01-17,735.7964477539062,739.5038726459838,731.2705905527847,737.9149678673344,5766573,40.37422296013559,-19.073280557958583,-18.149156643184597,4957225822,758.445034463375,752.0752655029297,786.5202685546875,800.762424384647,703.3881066212124
2025-01-20,750.38525390625,755.9222641211501,739.4075057965499,740.5149313492541,9198929,46.86113434659416,-16.732359531050747,-17.865797220757827,4966424751,758.3648376419111,750.4984191894531,785.0652392578126,797.2199049056626,703.7769334732436
2025-01-21,730.9334716796875,755.8259785163474,728.044596835733,755.7296474236301,13751780,40.529706010769736,-16.2593315590276,-17.544504088411784,4952672971,758.0918887268641,747.5084289550781,783.12873046875,791.0965666637802,703.920291246376
2025-01-22,725.5408935546875,734.7371329395015,710.6631770764773,733.7741747049805,9908339,38.958222730022165,-16.13361124266737,-17.2623255192629,4942764632,757.7679982276385,744.6869598388672,781.401181640625,786.2450365586946,703.1288831190399
2025-01-23,718.2705688476562,727.6594116108213,715.5742387782767,722.2186740896237,10986405,36.88191455391901,-16.431222524226087,-17.096104920255538,4931778227,757.3749889800765,741.4827117919922,779.4415612792968,780.7482925047213,702.217131079263
2025-01-24,716.58544921875,725.7816893156935,711.6261904172143,722.1224594960153,10579213,36.39771057016893,-16.611568854542725,-16.999197707112977,4921199014,756.9691229127997,738.8105010986328,777.8517175292968,777.2059701000845,700.4150320971811
2025-01-27,721.4483642578125,727.3705224901476,708.6410307266503,712.5891362148737,11433353,38.89098902233688,-16.175635362591493,-16.834485238208682,4932632367,756.6156825281729,736.9279174804688,776.7067602539063,774.8487727492566,699.0070622116809
2025-01-28,724.5298461914062,731.6075661648166,717.7891381122306,728.9594308479976,14140860,40.48314508747744,-15.403938080888906,-16.54837580674473,4946773227,756.2964204750708,734.8792266845703,775.7081726074218,770.7767269669855,698.9817264021551
2025-01-29,730.355712890625,732.6186413192878,722.0261003310969,725.1075785552505,9251973,43.48132672636858,-14.159046991516107,-16.070510043699006,4956025200,756.0383039816933,733.2060852050781,774.6325476074219,766.5831514713973,699.829018938759
2025-01-30,734.3519897460938,736.6631132188579,726.7927904600431,730.4520203133268,11085824,45.5091101774355,-12.703556992949984,-15.397119433549202,4967111024,755.8225197604436,731.3475738525391,773.8544775390625,759.7526742073633,702.9424734977149
2025-01-31,744.2705078125,748.7482287285419,731.3668428360176,736.5668412651819,10083763,50.277366993413736,-10.627225131306545,-14.44314057310067,4977194787,755.7075743679268,730.3605438232422,773.7032934570312,755.3199500596329,705.4011375868515
2025-02-01,737.6260375976562,749.9037555863902,724.2890890176571,746.1000586507049,9363077,47.29184516401483,-9.409404628567131,-13.436393384193964,4967831710,755.5276585791679,729.8598022460938,772.7393713378906,753.7931376280903,705.9264668640972
2025-02-03,732.7631225585938,734.5445718854385,725.2520596511663,734.5445718854385,7862190,45.177430053477416,-8.735966920094597,-12.496308091374091,4959969520,755.3011457829433,729.0027709960938,771.1312316894531,751.1658131447366,706.8397288474509
2025-02-04,750.3370971679688,752.3111498703669,737.2890243394788,738.5889944967314,12020807,53.302954393647134,-6.706877100798806,-11.338421893259035,4971990327,755.2517522643864,729.3903594970703,769.9718286132812,752.729876763146,706.0508422309947
2025-02-05,737.6741943359375,753.0333909836241,736.6630998752845,751.107474382643,13419162,47.80486196063747,-6.050848811873834,-10.280907276981996,4958571165,755.0768511904715,729.6599853515625,768.6612426757813,753.2501255391527,706.0698451639722
2025-02-06,724.3853759765625,742.2963767183029,722.2668559769037,740.5149273858113,32745391,42.813909669438196,-6.527987670451125,-9.530323355675822,4925825774,754.7714633773978,730.0933166503906,766.9933996582031,752.9501821878658,707.2364511129155
2025-02-07,709.8928833007812,731.75204885935,704.6447487163948,731.6557177630287,37240692,38.13757262328957,-7.983517671444929,-9.220962218829644,4888585082,754.3249103418095,730.4640563964844,765.0337805175782,751.7002953611893,709.2278174317794
2025-02-10,709.5076293945312,716.3446682586824,706.2336065973515,712.5891075604651,12667049,38.018693184444736,-9.063642426324009,-9.189498260328518,4875918033,753.8789672478067,729.9175720214844,763.11556640625,752.666429799562,707.1687142434067
2025-02-11,704.018798828125,712.7336185765542,699.6373502606822,710.1336193776868,13017060,36.28337608435977,-10.244460072323477,-9.40049062272751,4862900973,753.3828461690039,728.8294281005859,760.7495776367188,754.1967785121375,703.4620776890343
2025-02-12,705.9928588867188,711.3372653768854,690.5855270091603,705.9928588867188,12697743,37.39022670482856,-10.89538124246576,-9.69946874667516,4875598716,752.9113040069911,727.2333251953125,758.3123291015625,754.0867206226624,700.3799297679627
2025-02-13,700.6965942382812,710.1817094926294,699.2521568630419,707.1965624268578,12370571,35.60324604479226,-11.70369237344994,-10.100313472030116,4863228145,752.3917546560588,725.4783325195312,755.6584155273438,754.373990553151,696.5826744859115
2025-02-14,695.4003295898438,705.7521308643177,689.6707161993432,703.8743505061794,10417539,33.86047825278311,-12.626103204456058,-10.605471418515304,4852810606,751.8246757996785,722.7290863037109,752.9332434082031,752.0819726972139,693.3761999102079
2025-02-17,700.7447509765625,701.7558454140641,685.1929512700127,692.4151383583221,9093600,37.201029598808994,-12.778566927762995,-11.040090520364842,4861904206,751.3164178412395,721.2196502685547,750.4228112792969,751.808507114288,690.6307934228214
2025-02-18,698.9151000976562,701.2743596122846,690.7780909672726,700.7447443190354,8562003,36.52096285317974,-12.898348924366246,-11.411742201165124,4853342203,750.7950116945373,719.8883605957031,747.6937878417968,751.8938725790199,687.8828486123864
2025-02-19,700.3595581054688,707.6298814976512,695.3040270429543,695.3040270429543,6766606,37.49247945621124,-12.729978067242882,-11.675389374380677,4860108809,750.2931663851933,718.9928100585937,745.1072827148438,752.1122322994581,685.8733878177293
2025-02-20,702.670654296875,704.4039674105562,696.5558340793757,698.0484664022894,7423268,39.098480449162444,-12.268631653176385,-11.79403783013982,4867532077,749.8193105435186,718.2970703125,742.7191455078125,752.1656898723639,684.428450752636
2025-02-21,695.255859375,704.5965661934869,693.3299428670359,700.359526366243,6571602,35.91060015042507,-12.35885805583041,-11.907001875277938,4860960475,749.2763906313941,716.9874450683594,740.0315295410156,752.263729840962,681.7111602957568
2025-02-24,689.8633422851562,693.089229046088,684.1818648659195,684.1818648659195,6912148,33.75505083700743,-12.7188788735574,-12.069377274933832,4854048327,748.6852160209837,715.2541198730469,737.2476171875,752.2428266610044,678.2654130850893
2025-02-25,684.5670776367188,692.318880181649,683.7003916586949,692.318880181649,8599635,31.739916903025147,-13.27849602323522,-12.31120102459411,4845448692,748.0472245942747,712.9646881103515,734.5580749511719,751.5642441773642,674.3651320433388
2025-02-27,677.8263549804688,691.1151674539011,675.1300247842662,689.4781266274379,12033139,29.339231009596006,-14.103342081478786,-12.669629235971048,4833415553,747.3485094737393,710.1384063720703,731.9725317382813,750.3059481376745,669.9708646064662
2025-02-28,663.2857055664062,675.370821210472,657.3153519889653,674.9375369686069,15780609,24.95452146862469,-15.748804991122029,-13.285464387001245,4817634944,746.5120636637162,706.0891662597656,729.1992138671875,747.9685296067913,664.20980291274
2025-03-03,669.5448608398438,671.5671084335651,654.811611339565,664.5856611067829,10598479,29.816821367032247,-16.35920593850426,-13.900212697301848,4828233423,745.7462208495483,702.685107421875,726.9516674804687,744.8243172985833,660.5458975451668
2025-03-04,689.5262451171875,691.8373684334783,666.4633832092842,667.3300691464701,14386214,42.60204093759238,-15.057054021155182,-14.131580962072515,4842619637,745.1868181059427,700.5232635498047,724.9275268554687,740.6569459854128,660.3895811141966
2025-03-05,703.2965698242188,704.2113919626877,690.4411000485206,690.970715357852,10409805,49.438044932982336,-12.766771727273408,-13.858619115112695,4853029442,744.7699997150798,698.1712371826172,723.354052734375,731.2444740261008,665.0980003391337
2025-03-06,704.93359375,709.4595093992308,700.0706662141035,708.7372906926826,10928847,50.19741465232067,-10.696311933403194,-13.226157678770797,4863958289,744.3736175661736,696.5342071533203,721.8056140136719,724.46570719423,668.6027071124105
2025-03-07,705.607666015625,707.6298548547695,701.0336142741386,704.9335834778076,7246729,50.52689890731421,-8.898489385011771,-12.360624020018992,4871205018,743.9878867049741,695.5953216552734,720.5171740722657,720.8534031501655,670.3372401603814
2025-03-10,701.9003295898438,711.1447057760574,699.6854784765769,705.6076955415114,7400109,48.62164589668869,-7.684273606020724,-11.42535393721934,4863804909,743.569105042137,695.1956939697266,719.3731799316406,719.7802102932983,670.6111776461548
2025-03-11,702.8151245117188,706.8595613151393,695.930007610309,698.0485277239401,5538789,49.13135990586893,-6.572419784199951,-10.454767106615463,4869343698,743.1635927980533,694.8610687255859,718.1194091796875,718.8317881950551,670.8903492561168
2025-03-12,696.2670288085938,709.7003096539208,692.4151953776362,703.5373526546633,5547762,45.640945655541564,-6.148765082063164,-9.593566701705004,4863795936,742.6969603205463,694.4734802246094,716.76837890625,718.0873963150092,670.8595641342096
2025-03-13,700.8892211914062,704.3559065637423,697.6633341842002,699.0114994024942,5908337,48.42620086470618,-5.378048585953138,-8.750463078554631,4869704273,742.2809629162763,694.2182983398437,715.3557189941406,717.4357420282773,671.0008546514101
2025-03-17,696.36328125,704.1632195569075,695.5447314737941,701.9002911815586,5149563,45.943834958374694,-5.073966214401139,-8.015163705723932,4864554710,741.824070561388,694.0016326904297,714.0027624511719,717.0534968709785,670.9497685098809
2025-03-18,696.36328125,696.36328125,696.36328125,696.36328125,0,45.943834958374694,-4.777902063306101,-7.367711377240366,4864554710,741.3717243990857,694.0497802734375,712.9772106933593,717.1171463046941,670.9824142421809
2025-03-19,717.5001831054688,721.5446195922909,711.7224334883822,712.2039126231394,7604850,57.690724781936076,-2.8053593232563117,-6.455240966443556,4872159560,741.1341966250199,694.8875518798828,712.3291394042968,719.9936404365553,669.7814633232103
2025-03-20,721.7853393554688,724.8186813309343,716.6335362646441,720.292765833536,6963197,59.60715125562953,-0.8861141215277257,-5.34141559746039,4879122757,740.9416706820392,696.0310638427734,711.9131396484376,723.7175076278725,668.3446200576743
2025-03-21,725.3001708984375,727.611235450561,719.3298179504133,722.1705565633118,9577327,61.16113214660919,0.9080516054369809,-4.091522156880917,4888700084,740.786033868272,697.2780944824219,711.7735095214844,727.7396732473401,666.8165157175038
2025-03-24,751.8778076171875,753.9481914133478,727.1297682523594,729.9223707530908,12095064,70.42613903633888,4.423542194093784,-2.3885092866859767,4900795148,740.8963997762215,699.7384521484375,712.4966906738281,738.3920953930489,661.0848089038262
2025-03-25,744.2222900390625,756.8852150473521,740.7075275492936,754.8630261504609,15190143,65.57378669084635,6.5167366411500325,-0.607460101118775,4885605005,740.9294932116727,702.1867736816406,713.3315747070312,745.3361730038016,659.0373743594796
2025-03-26,735.7001342773438,747.3037699282959,733.2446023903115,743.4038006048552,7711852,60.57067226198782,7.402608906243245,0.9945537003536291,4877893153,740.8774597894406,704.47861328125,713.6368310546875,749.5908757191805,659.3663508433194
2025-03-27,743.6926879882812,747.063042059369,732.3297917320479,735.5075423870684,15648616,63.39171903913686,8.649890789952451,2.525621118273394,4893541769,740.9054720103246,707.4348937988282,713.9950512695312,754.640960410603,660.2288271870533
2025-03-28,742.9223022460938,749.7592824252198,738.5889900489357,743.5000536959915,7628185,62.92439585627372,9.467076414108988,3.913912177440513,4885913584,740.9255399728696,710.6896911621094,714.0951989746094,758.2562342246466,663.1231480995722
2025-04-01,743.1149291992188,753.7556066211873,734.92978367858,738.3964100364205,7011125,62.99784813613211,10.014800903209107,5.134089922594232,4892924709,740.9473249402961,714.68115234375,714.2415686035156,758.949658211276,670.412646476224
2025-04-02,747.20751953125,748.2186140115384,735.9890316029483,743.6926981564776,5458436,64.60241061665477,10.656275433655196,6.238527024806425,4898383145,741.0096154337385,718.5642852783203,714.1780139160156,759.8380260408331,677.2905445158075
2025-04-03,750.3370971679688,755.6333676630561,741.4297331535035,741.4778693122336,7956680,65.82290812371184,11.287069074584451,7.24823543476203,4906339825,741.1024261972632,721.6048278808594,714.5660864257812,762.833493140055,680.3761626216638
2025-04-04,739.0223388671875,753.9000559499343,736.6630793418844,750.2407674906192,8231194,58.032207188244655,10.750051247049782,7.948598597219581,4898108631,741.0817288108943,723.3911163330079,714.8357153320312,764.387152830403,682.3950798356127
2025-04-07,719.2335815429688,725.7816862623683,702.9595626780941,702.9595626780941,14923235,47.45363851563095,8.628212749504655,8.084521427676597,4883185396,740.864334310716,724.1061157226562,714.8549755859375,764.280126016783,683.9321054285294
2025-04-08,740.1297607421875,745.3297593169144,730.0668930525142,731.8483424817248,12911288,56.475990432284775,8.53440813342263,8.174498768825805,4896096684,740.8570251209795,725.8322204589844,715.3258618164062,765.6436040634158,686.020836854553
2025-04-09,714.7077026367188,739.5038802710596,713.552140856178,738.5890580792018,11319387,46.10434860743646,6.335685828837427,7.80673618082813,4884777297,740.5968328574546,726.4725891113281,715.1910485839844,765.1185446008313,687.826633621825
2025-04-11,725.9260864257812,731.5594277102952,718.3668873275676,730.8853451496299,9360327,50.430506862986036,5.435752407234872,7.332539426109479,4894137624,740.45085528102,727.6281372070313,715.2189733886719,764.7265646248,690.5297097892626
2025-04-15,735.2186279296875,742.1519391227857,729.0556715859763,741.4778565892068,7859090,53.74271568103269,5.410015830424982,6.94803470697258,4901996714,740.3987933173253,729.575717163086,715.3162316894532,763.8677035741557,695.2837307520163
2025-04-16,743.1630859375,746.0519609071307,732.3298048013849,735.2186797710156,12536694,56.42354739017389,5.961945181633837,6.750816801904832,4914533408,740.426298716531,731.6894104003907,715.4924536132812,763.7894079615594,699.589412839222
2025-04-17,767.9110717773438,771.3295618258302,738.7334484219398,743.4037724463682,27034818,63.5167615081436,8.300624367877617,7.060778315099389,4941568226,740.6997790454944,735.2667999267578,715.9652648925781,766.7633656215272,703.7702342319884
2025-04-21,786.4480590820312,793.8146548472636,771.7148087772562,773.2555185548143,16398507,67.75113884134151,11.51706289573167,7.952035231225846,4957966733,741.1549858120271,739.7710388183593,716.9417053222656,773.4175614210261,706.1245162156926
2025-04-22,791.9369506835938,804.5516812424216,783.8480772367818,790.7332527762891,25117557,68.9020917042211,14.343676310035676,9.230363446987813,4983084290,741.6602789948288,743.4928771972657,718.1251818847657,782.5023430855136,704.4834113090177
2025-04-23,783.3184204101562,800.2183263784495,780.0924749249118,795.4035350043313,12104382,64.98052495738489,15.70728068620997,10.525746894832244,4970979908,742.0747878646331,746.56953125,718.7848083496094,787.8835308972784,705.2555316027215
2025-04-24,783.270263671875,788.6628063594819,781.1036076104479,782.644317299962,12713521,64.95827801938272,16.592789780316025,11.739155471929001,4958266387,742.484693096546,749.4680358886719,719.6967297363282,792.5046814875243,706.4313902898195
2025-04-25,769.066650390625,788.6628277912206,757.8481629690972,784.8109946884551,13131038,58.587156243996716,15.964421318443897,12.584208641231982,4945135349,742.7491901840493,750.3274780273438,720.5903552246094,794.2006821428953,706.4542739117923
2025-04-28,787.0739135742188,792.322047867904,767.8629432267787,769.0666410567842,11317611,63.47785819498363,16.72665595335002,13.41269810365559,4956452960,743.1902322078322,752.4700592041015,722.1339758300782,799.0436661502524,705.8964522579506
2025-04-29,782.4517211914062,798.2923962986351,779.0332311285836,789.6257719721119,11283059,61.47111310428365,16.764509269780206,14.083060336880514,4945169901,743.5808937897584,754.8076385498047,723.5928576660157,802.4603162277601,707.1549608718492
2025-04-30,759.4370727539062,781.4406459920804,755.4407723731201,781.4406459920804,25635764,52.56115160590344,14.767191516757975,14.219886572856007,4919534137,743.7386667147748,755.594857788086,724.7012231445312,803.0066362864258,708.1830792897462
2025-05-02,767.1889038085938,773.6407362949234,759.7741130041347,761.0740832238849,14720184,54.930723933905234,13.65243402782096,14.106396063849,4934254321,743.9720024072507,756.8081878662109,725.9251440429688,804.1025184851536,709.5138572472682
2025-05-05,760.737060546875,769.4036852872824,753.0333941109573,753.0333941109573,23986447,52.57679092299294,12.108788281675402,13.70687450741428,4910267874,744.1388189061524,757.6892944335938,727.1259533691406,804.5852905855626,710.793298281625
2025-05-06,745.426025390625,769.5481787593242,742.5371503787388,764.5407836505257,18869468,47.38706937773102,9.539994214177568,12.87349844876694,4891398406,744.1516269308736,757.6002197265625,728.1264672851562,804.5822029794554,710.6182364736696
2025-05-07,747.3519287109375,753.418613146944,736.229771868778,736.9519906088443,15586266,48.081275765079916,7.572321700075463,11.813263099028646,4906984672,744.1834707296803,757.450961303711,729.0586108398437,804.5431320113338,710.3587905960882
2025-05-08,740.514892578125,757.3666619150783,735.7001013389954,750.1444750563841,14491673,45.772312402159855,5.3989990792857725,10.53041029508007,4892492999,744.1469674644907,757.5255889892578,729.8906066894531,804.5053029579918,710.5458750205238
2025-05-09,750.38525390625,752.7445134918086,727.5149943229668,728.4779526212103,13578216,49.53970357937819,4.422105632428838,9.308749362549824,4906071215,744.2090399663987,759.0831726074218,730.8911206054687,802.8362361326193,715.3301090822243
2025-05-12,771.95556640625,774.12222264216,763.6259533673605,769.4037033297868,15096824,56.630739942609836,5.327047597057572,8.512409009451373,4921168039,744.4851248065963,760.674462890625,732.2768188476563,803.8658403742628,717.4830854069872
2025-05-13,772.0518188476562,777.7332963407931,767.6703703271746,769.018476685771,13909596,56.66000765278745,5.983018874105937,8.006530982382287,4935077635,744.7594202696915,763.5416687011718,733.8127380371094,801.4350962099174,725.6482411924262
2025-05-14,771.0407104492188,777.5888150314639,766.8036704860727,775.9036380329437,9281719,56.23071742263114,6.348115713238826,7.674847928553595,4925795916,745.0209256446122,765.7973999023437,735.4362854003906,799.6177972210812,731.9770025836062
2025-05-15,777.8295288085938,779.4665695934455,765.0703319571993,774.6517783287684,17058854,58.50404139844283,7.103375206034116,7.560553384049699,4942854770,745.347379407438,767.927944946289,737.3015344238281,799.034287582355,736.821602310223
2025-05-16,778.0751342773438,789.7644580739088,776.9946347468432,789.7644580739088,14733924,58.58784222289091,7.633745043126737,7.575191715865107,4957588694,745.6730287096261,769.6735473632813,739.3065100097656,798.8856935172106,740.461401209352
2025-05-19,780.9237670898438,787.2104729702169,778.0750903727592,778.0750903727592,10666184,59.606748931430225,8.189524085229323,7.69805818973795,4968254878,746.0237823253498,770.3241821289063,741.6592712402344,799.9273644792306,740.7209997785819
2025-05-20,771.7393798828125,785.2459236919375,769.9220998339915,784.0180560729261,11324667,54.91538633641775,7.798977926939756,7.718242137178311,4956930211,746.2796589179613,769.5887481689454,743.7031616210937,798.2695715212365,740.9079248166543
2025-05-21,773.1636352539062,776.9946060925355,765.3052827270537,773.0654298291093,8206040,55.50028836371335,7.517733041336442,7.6781403180099375,4965136251,746.5471611700603,768.6500823974609,745.3759094238281,795.5151673005463,741.7849974943755
2025-05-22,771.346435546875,774.2442151084329,766.4840678018166,774.0477442991881,7355826,54.528266703610015,7.066750512837643,7.55586235697548,4957780425,746.7939201190834,768.0514831542969,746.7369067382813,794.1037678657124,741.9991984428814
2025-05-23,776.5034790039062,780.874699700136,772.2796264031289,773.9495383488706,5534158,56.83852125714831,7.044271935653455,7.453544272711075,4963314583,747.089537620425,767.7131439208985,748.1683044433594,793.1341713512984,742.2921164904985
2025-05-26,780.33447265625,783.4286631605596,775.2265312430146,777.9769427872259,4965466,58.524325371375795,7.2519902427682155,7.413233466722504,4968280049,747.4203329939157,768.2765350341797,749.6628405761719,794.285229528281,742.2678405400784
2025-05-27,779.6468505859375,787.1613645883718,776.0614530866071,780.3344684569088,11995043,58.08579087748204,7.277235700081064,7.3860339133942166,4956285006,747.7409948605031,767.9051818847656,751.2177709960938,793.026668779354,742.7836949901772
2025-05-28,782.4463500976562,784.7547771957036,778.6154390963333,780.4326591919574,6873519,59.41902105275816,7.437405341929548,7.3963081991012825,4963158525,748.0863217782858,767.9049133300781,752.8103955078125,793.0257783021622,742.784048357994
2025-05-29,783.232177734375,786.2282227070898,777.3384131262393,784.8529869834019,14034127,59.80551430892173,7.540824726455753,7.425211504572177,4977192652,748.4360317877992,769.0946685791016,754.5496984863281,794.7469575365129,743.4423796216903
2025-05-30,797.91748046875,800.0785394661832,778.5662748283969,783.8706869171444,22037314,66.27052529729781,8.707393126459692,7.68164782894968,4999229966,748.9283845109927,770.6310974121094,756.490263671875,799.1621679088863,742.1000269153325
2025-06-02,799.2435913085938,807.9859725290632,794.8723707211232,798.4577080916993,26891575,66.78998689027772,9.627928286034944,8.070903920366733,5026121541,749.4290333348495,772.5564239501953,758.5478698730469,803.2704439227775,741.842403977613
2025-06-03,795.4617309570312,803.9094959854718,790.8940994751483,801.7484370268255,14247597,63.77354627746117,9.937738445280957,8.444270825349578,5011873944,749.8870701271101,775.0582092285156,760.5298388671876,804.6560844423916,745.4603340146396
2025-06-04,792.2201538085938,802.5342413659282,790.9922862422444,802.5342413659282,9607927,61.221305941195816,9.808629271079326,8.717142514495528,5002266017,750.3082948403587,777.3016204833984,762.02423828125,804.892950883947,749.7102900828498
2025-06-05,791.72900390625,797.3280919793597,788.6347536685006,794.3812098308251,13595507,60.82411513861936,9.556516059525507,8.885017223501524,4988670510,750.7204411992234,779.8623260498047,763.4231115722656,802.3574337350689,757.3672183645405
2025-06-06,798.6541748046875,801.9939985959651,788.88033690073,792.3675287830383,17163935,64.33738047481825,9.802520583003798,9.068517895401978,5005834445,751.197393772412,782.2757720947266,764.8901916503906,801.758537350682,762.7930068387711
2025-06-09,805.5302734375,809.9014942207324,801.2573180380161,802.9272300169949,12793040,67.45794650492854,10.432070222158359,9.341228360753254,5018627485,751.7380194407214,783.9545074462891,765.9632409667969,805.2889530670699,762.6200618255083
2025-06-10,802.5833740234375,807.4948444720902,800.1767415127031,806.4634476687678,6560513,64.83936099404886,10.571342832657251,9.587251255134053,5012066972,752.2439433669175,785.4810852050781,767.1304626464844,807.5470985773704,763.4150718327858
2025-06-11,800.6187744140625,806.0704945433416,798.6541862626485,802.5342598525855,7197825,63.081324556728006,10.403268210133206,9.750454646133884,5004869147,752.7252849693767,786.9599884033203,768.4288354492187,808.9209849600966,764.998991846544
2025-06-12,791.679931640625,802.0431222706184,787.0140347260071,801.5519752269744,13448521,55.68344628952231,9.439959971697704,9.688355711246647,4991420626,753.1128933939663,787.6525085449218,769.3885803222656,809.2892723401648,766.0157447496789
2025-06-13,778.3206787109375,782.2007522600275,772.3287088939938,772.3287088939938,11377117,46.84193062664215,7.511958013042886,9.253076171605896,4980043509,753.3637171284635,787.6647857666015,770.0965478515625,809.2800658861902,766.0495056470129
2025-06-16,778.4680786132812,781.3167555010375,772.2305350251097,778.4680786132812,8085001,46.942034507369726,5.927567205588275,8.587974378402372,4988128510,753.6135117701035,787.5420013427735,770.8036108398437,809.3362126962969,765.74778998925
2025-06-17,778.2716064453125,784.7056208342702,776.5525917636725,779.9415184126576,7753156,46.81548520122759,4.60301175950417,7.790981854622732,4980375354,753.8588659459763,787.8686126708984,771.424892578125,808.8877568968898,766.8494684449071
2025-06-18,777.8787231445312,781.4149579289822,774.3915311197982,778.4680756237817,5710169,46.54526328646248,3.4814575511480825,6.9290769939278025,4974665185,754.0978695001908,788.1043670654296,771.9757250976562,808.556614126274,767.6521200045853
2025-06-19,771.1990356445312,779.2047561439027,767.8592718430074,778.320667516001,11824333,42.096361141967066,2.0302196950153757,5.949305534145317,4962840852,754.2680303573485,788.0969970703125,772.6192590332031,808.5734856585561,767.6205084820688
2025-06-20,782.053466796875,785.2950253156704,772.181363190149,773.5565989033221,11367669,50.39387967473767,1.7359541196566397,5.106635251247582,4974208521,754.5445023617219,788.3744964599609,773.8756567382812,808.3595278750333,768.3894650448885
2025-06-23,776.2088012695312,780.874698193188,774.5388893270122,776.0123304607985,5549253,46.527624356376755,1.0193800898334757,4.289184218964761,4968659268,754.7600675249838,788.168212890625,774.5972375488282,808.5619300691571,767.7744957120929
2025-06-24,781.3167114257812,792.3675194893278,779.5976968381185,784.8529460243278,11402190,50.128695754656974,0.85381343973188,3.602110063118185,4980061458,755.0243127379272,788.2517059326171,775.9294177246094,808.5184695460981,767.9849423191362
2025-06-25,785.8843383789062,789.567941046098,782.0042649119035,785.3440886452789,6528324,53.166047735073164,1.0787350128106254,3.097435053056673,4986589782,755.3313776696783,788.4236053466797,777.1285827636718,808.5483156373464,768.298895056013
2025-06-26,782.9375,789.1259408358321,777.3875743106198,787.7998677833231,24704402,51.00765663257854,1.0075869157622037,2.6794654255977797,4961885380,755.6060654540597,788.4088714599609,778.0829602050782,808.5491887905744,768.2685541293474
2025-06-27,791.1396484375,795.1179273319369,788.4383398116579,790.7467068374075,19375990,56.32270793309424,1.5946640721687118,2.462505154911966,4981261370,755.9596334439448,788.0699798583985,779.0424914550781,807.7824553911968,768.3575043256002
2025-06-30,805.824951171875,806.4634663267615,792.7604514670988,794.6759369772839,19652607,63.8785717888946,3.207929138509371,2.611589951631447,5000913977,756.4558057596456,788.3990478515625,779.8007690429688,809.0442998809073,767.7537958222177
2025-07-01,805.7758178710938,810.2944065895595,798.8506566320394,805.4811416394373,11456405,63.83878025137969,4.431406187705306,2.975553198846219,4989457572,756.9465521488144,788.9147521972657,780.18732421875,810.7224745955158,767.1070297990155
2025-07-02,798.5068969726562,809.4594402026391,794.6759260051804,806.4634551919074,6661200,58.075048151861054,4.7596135342063235,3.33236526591824,4982796372,757.3600879182059,789.2290893554688,780.3187231445313,811.3965934350672,767.0615852758704
2025-07-03,792.8095092773438,800.0785092795976,791.5325389943724,799.0962152227779,7020403,53.96258107665866,4.508022966349131,3.567496806004418,4975775969,757.7128184789933,789.2831146240235,780.508544921875,811.4799731632761,767.0862560847709
2025-07-04,797.4754028320312,799.4399909377498,789.8626239223718,794.4303152499558,4319538,56.66876705151432,4.6317424008367425,3.780345924970883,4980095507,758.1084660844962,789.2241760253906,780.7926477050781,811.3272526757722,767.1210993750091
2025-07-07,792.56396484375,798.2613185459272,790.8941128494637,796.8369801203829,4461783,53.128525031113696,4.284094569523177,3.881095653881342,4975633724,758.4513068681704,788.5758605957031,781.2625939941406,809.4545056938593,767.697215497547
2025-07-08,798.2612915039062,799.1453201848503,791.0904969053553,793.5953947208753,5935770,56.52171904756504,4.4173869187966375,3.9883539068644014,4981569494,758.8474261182773,788.3597564697266,781.4863415527344,808.7374512621114,767.9820616773417
2025-07-09,796.5913696289062,798.0648106998194,794.675884245825,795.6581782931005,4099112,55.25898272182021,4.338264513882336,4.058336028267989,4977470382,759.2229877452488,788.1583862304688,781.7691345214844,808.1229406208657,768.1938318400718
2025-07-10,793.693603515625,801.0608089938022,792.613104027281,796.9351619351286,12178137,53.04441563716513,3.995674284312827,4.045803679476956,4965292245,759.5659789469441,788.2590698242187,782.4542651367187,808.3137538887095,768.204385759728
2025-07-11,794.3321533203125,798.1630643635436,790.3047115103832,793.2515938303184,6202372,53.48677834371138,3.7326668320689578,3.9831763099953563,4971494617,759.9119110302613,789.0596435546875,782.9971301269532,808.7382823485897,769.3810047607852
2025-07-14,794.528564453125,801.0608442463658,793.6936384439774,795.4617558456557,6938635,53.631479002333265,3.4997374731614173,3.8864885426285687,4978433252,760.2563553429267,789.8626678466796,783.6729602050781,809.0515970065841,770.6737386867752
2025-07-15,801.9940185546875,806.4634446553665,796.1493567517351,796.6405037947652,9297645,58.869132551919805,3.872894713194114,3.883769776741678,4987730897,760.671655474387,791.0487884521484,784.8043200683594,810.1577095901681,771.9398673141287
2025-07-16,816.9739990234375,819.4297342255312,800.8643521159136,801.5519699633943,16458920,66.93904196526817,5.316103018838476,4.170236425161038,5004189817,761.2318777982582,793.0035522460937,786.1967614746094,814.2073171403372,771.7997873518502
2025-07-17,814.32177734375,827.5827471798666,811.7186740978348,823.5553655077234,23073718,64.52517549498766,6.174666166831798,4.57112237349519,4981116099,761.7601355051786,795.1596893310547,787.6728991699218,815.8190671675507,774.5003114945587
2025-07-18,808.7717895507812,817.9071722636787,805.7267019494631,817.2686571434967,15387801,59.6756649576059,6.334228966910814,4.9237436921783155,4965728298,762.2279131573737,796.49560546875,788.8406298828126,817.0473558939226,775.9438550435774
2025-07-21,809.6068115234375,812.7010019745913,803.4674733809013,808.4280466091758,8852594,60.16080798486219,6.453669050638496,5.229728763870352,4974580892,762.6993449819117,798.1655059814453,789.5936547851562,817.225674778379,779.1053371845117
2025-07-22,800.5697021484375,813.3886283330482,799.5874080353719,812.848378561757,7851163,52.76232286349599,5.752792367796815,5.334341484655644,4966729729,763.0761644562056,799.1281555175781,790.1640124511719,816.5626877538048,781.6936232813514
2025-07-23,806.1196899414062,810.5891161764496,797.1316748019602,798.113968917551,15470390,56.3154003369572,5.580847641159949,5.383642715956505,4982200119,763.5044582421281,800.1399230957031,790.8655920410156,816.709919837008,783.5699263543983
2025-07-24,801.25732421875,807.3966624575928,796.29675091266,805.4811769361788,10118309,52.58369358015247,4.994652682116794,5.3058447091885625,4972081810,763.8801086498557,801.0559143066406,791.3341479492187,815.6255291743729,786.4862994389083
2025-07-25,792.269287109375,804.6953313423805,791.2378903047143,800.569684169264,6734439,46.455663113965684,3.7614695951428985,4.99696968637943,4965347371,764.1625880375127,801.1123962402344,791.6180310058594,815.5358290598514,786.6889634206174
2025-07-28,783.0357666015625,794.6268250025805,781.906104403612,792.269295178368,7734158,41.15013915531834,2.015857625008607,4.400747274105266,4957613213,764.3503808590456,799.9729370117187,791.6602709960938,816.213417854052,783.7324561693855
2025-07-29,785.0494384765625,785.8352617474154,779.057408633055,782.1025562450097,7833759,42.68739390294907,0.7858749760429191,3.6777728144927964,4965446972,764.5563416313591,798.9366180419922,791.9264721679688,816.1779888231762,781.6952472608083
2025-07-30,787.4560546875,789.1750692870572,782.1025400865564,784.8038487430033,8743723,44.55159299970723,0.005238296659740627,2.9432659109261854,4974190695,764.7841994727139,798.3840759277343,792.2123205566406,816.3386683823115,780.4294834731571
2025-07-31,782.4463500976562,789.5679822929258,778.5171737140591,781.0220116677076,11359112,41.52378044637882,-1.0060658871939268,2.153399551302163,4962831583,764.9599422650019,797.86591796875,792.4343188476563,816.9939210476691,778.7379148898308
2025-08-01,779.9415283203125,786.8175871342196,777.9769400877676,781.6114403088707,15468391,40.05788446602889,-1.9867479292925054,1.3253700551832295,4947363192,765.1090127730149,796.989224243164,792.5030798339844,817.6539861017629,776.3244623845651
2025-08-04,781.6113891601562,783.0848302381428,772.62337460265,780.4326243068729,8820724,41.53957121641767,-2.59923928639887,0.5404481868668096,4956183916,765.2732155231357,796.4415954589844,792.5286181640626,818.1028920902844,774.7802988276843
2025-08-05,786.4246215820312,789.8135481709712,782.2007690014489,783.8706809392065,7381537,45.7055852070164,-2.6655289110317426,-0.10074723271290081,4963565453,765.4836772749655,795.8497619628906,792.6641735839844,817.9227408871749,773.7767830386064
2025-08-06,790.8941040039062,795.8546771264834,784.8529714185823,786.7684568691343,7409396,49.317378454738666,-2.3305489204831247,-0.5467075702669456,4970974849,765.7365173419203,795.5648986816407,792.8331286621094,817.7390620933933,773.3907352698881
2025-08-07,790.8941040039062,792.3675451267196,779.3521485418682,786.915765008732,7091392,49.31737845473867,-2.041541247882492,-0.8456743057900549,4978066241,765.9868415873133,795.4249237060546,792.9863671875,817.6797673698637,773.1700800422456
2025-08-08,790.0591430664062,793.4971724617818,776.0123492419096,790.7467609363763,15708181,48.6166797540704,-1.8584518783477506,-1.048229820301594,4962358060,766.226366975165,795.2112731933594,792.8292004394531,817.5856999186558,772.836846468063
2025-08-11,808.8700561523438,810.392599955305,793.6936009259229,793.6936009259229,15236297,61.788680941450096,-0.19324119304371834,-0.877232094850019,4977594357,766.6506822903608,795.9283477783204,793.0217297363281,819.0752145119284,772.7814810447123
2025-08-12,806.0704956054688,810.8837605645641,805.481143141057,810.3435108131079,7986728,59.35021569560061,0.8902864648430295,-0.5237283829114092,4969607629,767.0429192387699,796.1321716308594,793.2339050292969,819.5591949810002,772.7051482807185
2025-08-13,807.29833984375,810.3434873670307,806.1196349490305,808.0842230461906,4447508,60.09406209317748,1.8270061193484253,-0.053581482459442276,4974055137,767.4434706875757,795.648388671875,793.53546875,817.6926520513063,773.6041252924437
2025-08-14,811.9151611328125,813.3394995419872,804.5970582342032,807.4457350525524,7087573,62.84704108086957,2.908376138167,0.5388100416658462,4981142710,767.8859750701154,795.5280578613281,793.9391918945313,817.1861768536799,773.8699388689763
2025-08-18,812.9957275390625,823.1624473883827,810.5399923141568,821.1978592084581,6138124,63.48202847095063,3.8086585028320314,1.1927797338990833,4987280834,768.3348283285129,795.7392547607421,794.2260229492188,817.9842612284244,773.4942482930599
2025-08-19,815.697021484375,816.2863739458684,811.1784327798614,812.8483446933888,5076681,65.0884018220714,4.686092254229038,1.8914422379650744,4992357515,768.8060939320538,796.0437652587891,794.4293579101562,819.1883125773093,772.899217940269
2025-08-20,814.272705078125,817.1704846600775,812.7501612160911,814.0271315534591,4493888,63.50223746046591,5.20651690734087,2.554457171840234,4987863627,769.2584980230596,796.7289154052735,794.66314453125,821.1451881783216,772.3126426322253
2025-08-21,811.0802612304688,818.4965697939625,809.4594519619582,814.272717098252,4402511,59.97437393214388,5.3002556088849815,3.1036168592491835,4983461116,769.674634970397,796.9769439697266,794.8723742675782,821.8659616195642,772.0879263198889
2025-08-22,801.7975463867188,811.3749137095616,801.2572966311966,809.4103255407733,5097647,51.08706760597408,4.572794369181565,3.39745236123566,4978363469,769.9942659297635,797.003955078125,795.0747265625,821.9126602169177,772.0952499393323
2025-08-25,801.9940185546875,805.9722976123364,799.7838568610522,802.9763126407477,5672898,51.25172241259654,3.9664074811701084,3.5112433852225498,4984036367,770.312671428519,797.4901916503907,795.548193359375,822.3898827773837,772.5905005233976
2025-08-26,793.5462646484375,801.404617447895,792.4657651203016,800.4223233479629,6997817,44.34020633456759,2.7722219156349865,3.3634390913050374,4977038550,770.543851460558,798.0157165527344,795.8497570800781,822.1033636746231,773.9280694308457
2025-08-28,787.750732421875,796.6404816628535,786.4737621363677,792.9568789424643,7898436,40.32274503603129,1.342692512420058,2.959289775528042,4969140114,770.7150642064418,798.15078125,796.0393395996093,821.9749471407606,774.3266153592394
2025-08-29,788.291015625,792.4166628378574,784.3618392231308,786.5228982350536,6861440,40.86069641152394,0.25048901884076713,2.417529624190587,4976001554,770.8899492951837,798.192529296875,796.2475854492187,821.9444022583799,774.4406563353701
2025-09-01,791.7781372070312,793.9882989038185,788.4383732823478,788.8803576581267,5619805,44.347663842400976,-0.32990560370274125,1.8680425786119212,4981621359,771.0977919609733,798.6591186523438,796.6591674804688,821.5047112245358,775.8135260801517
2025-09-02,789.666259765625,796.1493769160325,788.4383921269514,792.0237296591938,5075460,42.70540781960647,-0.9493399830303133,1.3045660662834746,4976545899,771.2825528346515,799.1453552246094,796.8114233398437,820.7573903111416,777.5333201380771
2025-09-03,797.7701416015625,798.8997437933355,788.7821270069304,790.0590972888992,4261589,50.30957869441718,-0.7773696211406786,0.8881789287986439,4980807488,771.5461109318347,799.9532928466797,797.2426501464844,820.0370986884221,779.8694870049372
2025-09-04,795.06884765625,802.2886851199853,793.6936119705517,800.2258915459101,4471950,48.02166882392874,-0.8492639301564395,0.5406903570076272,4976335538,771.7801680136697,800.3855041503906,797.5176928710938,819.6411163808773,781.1298919199039
2025-09-05,792.318359375,798.1139182710025,789.4206398814698,797.1316242177459,5194842,45.74072838573049,-1.1153253293978196,0.2094872197265379,4971140696,771.9845281267178,800.4567169189453,797.6463732910156,819.581484811773,781.3319490261176
2025-09-08,794.4794311523438,799.4400042107487,792.5148430140074,793.6936078879036,4614227,47.83716603642514,-1.1386745422415743,-0.060145132667084544,4975754923,772.2083580075698,800.6359832763671,797.8772119140625,819.4637573647045,781.8082091880298
2025-09-09,794.528564453125,797.966593827573,791.3361086054234,797.6228148719179,4567272,47.88646638002516,-1.1400722714187168,-0.276130560417411,4980322195,772.4304496139932,800.8594543457032,797.944990234375,819.2814934026925,782.4374152887139
2025-09-10,803.7130126953125,809.9996587129843,796.0511310104619,797.622777526262,7285853,56.2167304855765,-0.39551254394530133,-0.3000069571229891,4987608048,772.7417188983845,800.6016021728516,797.9027514648437,818.7096164989746,782.4935878467286
2025-09-11,809.0665283203125,811.0802191569468,804.4988369492515,804.5970423736838,7425055,60.209367077588134,0.6194003128380245,-0.11612550313078635,4995033103,773.103159788155,800.7514038085938,797.9685656738282,819.0860610613411,782.4167465558464
2025-09-12,808.96826171875,811.1784233553801,805.2846589910332,809.5085114612542,5078018,60.10102802347775,1.3996623342634393,0.18703206434805877,4989955085,773.4600264740316,800.8348999023438,798.17779296875,819.3027813909848,782.3670184137027
2025-09-15,810.1470336914062,813.1430186120108,806.561636356512,808.9682688172991,3852494,61.00741070918951,2.0890612567402513,0.5674379028264973,4993807579,773.8250713219657,800.7464935302735,798.5245434570312,819.0172382684059,782.4757487921411
2025-09-16,816.82666015625,818.2509986153229,807.1019843806856,810.4908511172532,9467531,65.75481742363195,3.138229346967478,1.0815961916546935,5003275110,774.2529478277794,800.9380401611328,798.9115686035157,819.7895376566169,782.0865426656487
2025-09-17,841.973388671875,842.9556827448961,816.2863746805828,819.5279331306582,17243938,77.07228290400946,5.930470674210028,2.0513710881657605,5020519048,774.926783060059,802.2518585205078,799.8997570800781,827.5834384679998,776.9202785730157
2025-09-18,839.222900390625,845.5587090248177,836.0304447176452,843.4468127830675,10400847,74.18442758318318,7.831128253753718,3.207322521283352,5010118201,775.5665454215573,803.4993682861328,800.7189892578125,833.1630709743496,773.8356655979161
2025-09-19,847.081298828125,849.1441524246292,834.262372728141,836.9145788068039,15206426,76.85301022884002,9.857884600219677,4.537434937070618,5025324627,776.2781350076924,805.2994201660156,801.7287878417969,840.4470723846285,770.1517679474026
2025-09-22,840.1069946289062,852.8277146939828,838.8791270541783,846.7374795324375,6594034,69.94276847264297,10.777103800502005,5.785368709756895,5018730593,776.9132480387493,807.214892578125,802.6570556640625,845.4319325241896,768.9978526320605
2025-09-23,855.1851806640625,858.7705779481222,836.1287119616596,839.4684757773939,14357863,75.14588504321829,12.577292045117474,7.143753376829011,5033088456,777.6920732390013,809.8744506835938,803.8741162109375,853.3143787184042,766.4345226487833
2025-09-24,850.8631591796875,864.9099527819579,849.1441445091953,860.4896293435494,12840160,71.33405108135733,13.499588334366194,8.414920368336448,5020248296,778.4201437458738,812.7402954101562,805.0008081054688,858.9665649619847,766.5140258583278
2025-09-25,845.902587890625,854.7432347874252,844.7238229801568,851.2069400560208,8678821,67.12537999927275,13.672628591095872,9.466462012888332,5011569475,779.0916108517919,815.6478881835938,805.8789794921875,862.5318245645839,768.7639518026036
2025-09-26,841.7769165039062,849.0458566598143,837.8968429308584,846.7374895737396,6959545,63.75624473326318,13.323274623597854,10.237824535030237,5004609930,779.71534523639,818.3221832275391,806.3750378417968,864.7588239717164,771.8855424833617
2025-09-29,855.3325805664062,858.0338893192718,840.8437427101278,842.8574336077328,22641712,69.22235003964315,13.979095575716542,10.986078743167498,5027251642,780.4677555381812,821.4999053955078,807.19525390625,868.9235973364041,774.0762134546114
2025-09-30,857.0025024414062,862.0612811008727,852.2383400675699,854.5467671830805,12831593,69.82607161940498,14.466822618536412,11.68222751824128,5040083235,781.2292953083626,824.8667175292969,808.1598681640625,872.3332904212917,777.4001446373021
2025-10-01,848.80029296875,860.9316608640574,847.5233226519999,856.8551164386336,10832384,63.262133693314034,14.029773561746993,12.151736726942424,5029250851,781.9016435437894,827.4182250976562,808.9437377929687,874.2664171640232,780.5700330312892
2025-10-03,851.9436645507812,857.5427529354124,848.5056351862063,849.8317681995126,8019442,64.63421457505311,13.778226038763592,12.477034589306658,5037270293,782.5985790761973,830.2619659423829,809.9712170410156,875.7966630844948,784.727268800271
2025-10-06,858.5741577148438,859.8020253564342,847.5233489405293,852.6312903204407,7820352,67.39999819481314,13.953056054769831,12.772238882399293,5045090645,783.3545549830496,833.574755859375,811.0203063964843,877.1853385247264,789.9641731940237
2025-10-07,849.3897094726562,861.4719147583033,847.7197975329713,858.67240059065,9242580,60.35849736470033,13.198359414887932,12.857462988897021,5035848065,784.0116211968766,836.3202697753907,811.9829541015625,876.520583238444,796.1199563123373
2025-10-08,843.0538940429688,852.434790514772,842.0715999631051,851.4524964349083,7156112,56.011246363919724,11.951243045490969,12.676219000215811,5028691953,784.5991064988277,838.7465362548828,812.9986462402344,874.1340642671149,803.3590082426507
2025-10-09,846.835693359375,850.4701934075276,842.906517081258,846.3445463246103,7020501,57.957697195731335,11.139643065699602,12.36890381331257,5035712454,785.2183760198283,840.9026702880859,814.2746447753906,872.5459763870451,809.2593641891267
2025-10-10,865.0573120117188,868.1023997007326,846.0498854486992,846.8357087276893,13713015,65.80819161853283,11.830403053050645,12.261203661260186,5049425469,786.0127932933794,843.7022094726562,815.8748022460937,873.4331781512859,813.9712407940266
2025-10-13,867.3165893554688,872.3753680081057,860.4896333556451,863.4365156616575,11923143,66.63996363681863,12.417004619815202,12.29236385297119,5061348612,786.8217862890222,846.6196258544921,817.4720129394532,873.4547443995148,819.7845073094695
2025-10-14,861.4227905273438,868.4953197717444,856.6586283491738,867.3656576175208,7681973,62.37694914451874,12.264927825494624,12.286876647475879,5053666639,787.5640848386572,849.1834136962891,819.0515417480469,870.8999579881837,827.4668694043945
2025-10-15,870.4107666015625,871.7860023052981,861.5210171041608,862.552413904726,8269225,65.95380860775694,12.722997627027326,12.374100843386168,5061935864,788.3884299308255,851.8626190185547,820.8609265136719,869.8521696991378,833.8730683379716
2025-10-16,871.2457275390625,876.0589324550273,866.8254042739779,872.5718005367993,8493686,66.27457893089436,13.003499368233634,12.499980548355662,5070429550,789.2128806532955,853.3262359619141,822.65361328125,872.5781667553528,834.0743051684755
2025-10-17,873.4067993164062,878.9076221454748,867.3656667834078,871.7859901135612,8511854,67.13758304098187,13.247470852918582,12.649478609268247,5078941404,790.0506310877544,855.0354309082031,824.3932568359374,875.030841379038,835.0400204373683
2025-10-20,891.431884765625,897.4730173879747,875.273135028841,878.7602670499772,13546463,73.27937290681481,14.725546828573215,13.064692253129241,5092487867,791.0593997810666,857.2529602050781,826.4040124511719,882.4011892166175,832.1047311935388
2025-10-21,891.775634765625,893.8875909678319,890.3513563479894,891.9230028558147,1783576,73.38154407741304,15.743192714586598,13.600392345420714,5094271443,792.0615513729529,859.836392211914,828.4216430664062,887.8596526099462,831.8131318138818
2025-10-23,895.41015625,901.7459650541837,888.7796712128369,895.8522005767054,13382769,74.49211277475155,16.651017356631883,14.210517347662948,5107654212,793.0898957000877,861.8476409912109,830.5286633300781,893.7520986816648,829.943183300757
2025-10-24,888.4849853515625,897.9149844315482,884.9978533977383,894.8207940870866,5313227,68.61767253518951,16.620085510420154,14.692430980214391,5102340985,794.0391005722416,863.7287322998047,832.1209619140625,897.2178089854611,830.2396556141483
2025-10-27,906.411865234375,911.5689091709564,889.9584393414725,890.8916307113675,9150761,74.27349624293393,17.836512966171767,15.321247377405868,5111491746,795.1572375340539,866.7541961669922,834.1277893066406,903.9794592733,829.5289330606844
2025-10-28,913.779052734375,919.2798755091706,901.4512742261386,910.6848024520077,22066289,76.17389794126089,19.173985184026378,16.091794938729972,5133558035,796.3375541032113,870.3543029785156,836.2574035644532,910.9913755143094,829.7172304427219
2025-10-29,923.11083984375,925.3701041834124,913.7790463044942,917.3644435934705,12314222,78.35497274263581,20.747771389828245,17.022990228949627,5145872257,797.5989798319729,873.7432159423828,838.4813171386719,919.7535707283439,827.7328611564217
2025-10-30,917.8064575195312,928.1697081157838,916.5294871954993,922.8161933430813,13044473,74.19720896306941,21.321211321332612,17.882634447426227,5132827784,798.7950741373218,876.783413696289,840.5775317382812,925.8980254931006,827.6688018994774
2025-10-31,920.4095458984375,929.9378103922294,913.7790609093079,918.3467523280527,12078252,74.90107048487432,21.735164627565496,18.65314048345408,5144906036,800.0051683837011,880.3638763427734,842.6717822265625,931.2068022415997,829.5209504439472
2025-11-03,932.8847045898438,936.5192046955284,920.9007047609928,922.1285723673408,11744735,77.9985828148944,22.806962188999023,19.48390482456307,5156650771,801.3273528235633,884.4109283447266,845.0440222167969,938.3519552780252,830.4699014114279
2025-11-04,940.644775390625,942.314687296863,924.8298648800413,934.1616585246089,19154518,79.67860726508624,24.005818209113386,20.388287501473133,5175805289,802.7135958341809,888.5144592285156,847.6353125,946.3177453908277,830.7111730662036
2025-11-06,943.739013671875,954.2004693430785,938.3854990793552,952.4814547462262,23088096,80.32378483982191,24.91835611387114,21.294301223952736,5198893385,804.1168338226157,893.2319244384765,850.4741418457031,952.8641561016906,833.5996927752625
2025-11-07,938.92578125,947.7664280534589,927.2856202739019,941.7744580906816,13371323,76.26745900326367,24.965376032789777,22.028516185720143,5185522062,805.4582163840822,898.0255187988281,853.2127770996094,956.1470090477611,839.9040285498951
2025-11-10,934.3090209960938,946.1456524515773,932.2952702055394,939.0731232147145,7343249,72.48626000253532,24.349420723564776,22.49269709328907,5178178813,806.7403139424107,902.3991851806641,856.0280322265625,957.5427311213626,847.2556392399655
2025-11-11,936.4209594726562,938.041768729716,928.3170330963064,936.7156357136287,8648917,73.14223715797367,23.757822103657873,22.745722095362833,5186827730,808.0306686243038,905.9673675537109,859.0014367675781,960.212146878238,851.7225882291839
2025-11-12,940.2028198242188,944.5248778824666,934.5546287610688,940.7430695871906,7043323,74.32281702097326,23.325261365636948,22.861629949417658,5193871053,809.3458144073876,909.6116790771484,862.0396728515625,962.7624905988416,856.4608675554553
2025-11-13,937.1085815429688,946.8824199346525,935.586037662384,937.3541550706268,8894441,71.55155516423726,22.473711735171833,22.784046306568495,5184976612,810.6170857221695,913.3959686279297,864.9462817382813,962.9389551033923,863.8529821524671
2025-11-14,950.7133178710938,951.8920827784771,935.1439804142634,936.0771717973782,11032927,75.82052701060243,22.63571065787528,22.75437917682985,5196009539,812.0110780818603,917.4110961914063,868.1672229003906,965.3589209988124,869.4632713840001
2025-11-17,956.1159057617188,958.7190090200476,951.3518035204058,953.8075386869531,7415026,77.27865356447808,22.93565174633511,22.790633690730907,5203424565,813.4449569642469,921.6546051025391,871.3341381835937,967.4839476295687,875.8252625755096
2025-11-18,955.2318725585938,959.4066223219879,951.6955779628004,958.3260628811324,6594686,76.46606899353884,22.838752209735844,22.800257394531894,5196829879,814.8557720447877,925.7458587646485,874.5373986816406,968.0931330060536,883.3985845232434
2025-11-19,965.3494873046875,967.0193991973044,951.6464731790688,955.2318704792619,8291226,79.16612803601065,23.309666259556025,22.90213916753672,5205121105,816.3532219478714,929.4417388916015,877.9980212402344,972.0663002666109,886.8171775165921
2025-11-20,964.1707153320312,969.131288306733,962.0096564254319,968.5419358569656,6440857,78.04269449344959,23.318945699521578,22.985500473933694,5198680248,817.8240427775646,933.0614929199219,881.3918469238281,974.5574690673031,891.5655167725406
2025-11-21,955.3792114257812,963.2375641743527,953.8566675716402,962.3535354628224,5377241,70.05757964458756,22.359156394158163,22.860231657978588,5193303007,819.192750923318,936.059945678711,884.6088598632813,974.816166365103,897.303724992319
2025-11-24,953.4146118164062,960.3889357698928,950.9097738987026,958.2769795122267,9901946,68.37399320398855,21.195659318334606,22.527317190049793,5183401061,820.528291827727,939.3064270019531,887.6028918457031,971.9782435306977,906.6346104732086
2025-11-25,966.1844482421875,971.4397576251993,954.1513455736803,958.276992765206,9140201,72.92802622237203,21.061217970178063,22.234097346075448,5192541262,821.9776068169256,942.2950561523437,890.7452502441406,973.2756169102711,911.3144953944163
2025-11-26,966.4791870117188,981.3118039098479,964.760172340205,969.1313331127609,13943490,73.02457720335404,20.739384474232565,21.93515477170687,5206484752,823.4154334855306,944.930062866211,893.89546875,974.7019296240264,915.1581961083955
2025-11-27,955.624755859375,971.0467846498851,951.7447422714566,969.2295646138847,11909168,63.97548811797412,19.38500891426804,21.425125600219104,5194575584,824.7309491310416,946.5557586669922,896.8050231933594,974.9009892337253,918.2105281002591
2025-11-28,961.6658935546875,965.5950698307025,955.8212318532206,959.5048346119848,8117842,66.46615429973076,18.584890796950162,20.857078639565316,5202693426,826.0934858914759,948.74873046875,899.7018078613281,974.5280703858126,922.9693905516873
2025-12-01,955.870361328125,973.6499204475664,952.6779055144807,968.0017293926574,8808306,62.035032318847946,17.283902341696603,20.142443379991576,5193885120,827.3847980848755,950.5217712402343,901.9797473144531,972.9164429513244,928.1270995291443
2025-12-02,950.1730346679688,963.0902255716678,947.8155648906452,958.7190050026365,13444314,57.945309101229256,15.613154247548891,19.23658555350304,5180440806,828.6065715832148,951.3861877441407,904.19875,972.2750258380106,930.4973496502707
2025-12-03,934.2107543945312,955.3300766986022,930.7727251822406,953.2672831530164,14051968,48.3314967010221,12.852891596446057,17.959846762091644,5166388838,829.6573594718847,951.064486694336,905.9413391113281,972.7866667168348,929.3423066718372
2025-12-04,931.31298828125,935.6842089047472,927.7276508811245,934.2107677926339,13622724,46.81305736478264,10.312660124620038,16.430409434597323,5152766114,830.6688582660078,950.4431854248047,907.765458984375,973.6294069964972,927.2569638531122
2025-12-05,954.2987060546875,956.0668234213827,929.9378246743456,932.049720989894,17347847,58.066956331629115,10.038545601559122,15.152036667989684,5170113961,831.8990060051987,951.2118316650391,909.7477294921875,973.8321873360151,928.5914759940631
2025-12-08,939.466064453125,955.2809748623741,934.8492703729215,953.6601656790195,15386438,50.623191808825034,8.526153461696595,13.826860026731067,5154727523,832.9693249947303,951.4696838378907,911.5197875976562,973.4211336188627,929.5182340569187
2025-12-09,942.3638305664062,946.9315221602762,933.6214489589805,937.8944043562335,9580294,51.91994704636932,7.475227532531221,12.556533527891098,5164307817,834.057827537732,951.7668273925781,913.4490124511718,973.0460064668368,930.4876483183193
2025-12-10,942.7567749023438,946.8824221676225,938.3364513940754,943.1005538600858,6989178,52.10363890320213,6.598010725567065,11.364828967426291,5171296995,835.139409103549,951.8945251464844,915.4686096191406,972.9237712141899,930.8652790787789
2025-12-11,946.1947631835938,949.3872189119578,941.479763637212,945.0651010209991,5979035,53.767919118799696,6.109797070460559,10.313822588033146,5177276030,836.2444375023555,952.3488342285157,917.2858532714844,972.4529689983957,932.2446994586356
2025-12-12,946.0965576171875,949.8783658053579,941.0377191742843,948.8960717352387,5681930,53.710507527644104,5.649832115202571,9.38102449346703,5171594100,837.3374934238961,952.1179962158203,919.067734375,972.3972047779637,931.838787653677
2025-12-15,950.1239624023438,951.6956089709226,940.3010214625418,940.3010214625418,4416952,55.795097533701494,5.546349616136013,8.614089518000828,5176011052,838.4597468465673,951.8183990478516,921.0942077636719,972.0294317794343,931.6073663162689
2025-12-16,944.1319580078125,951.8429423827886,941.0868104547513,948.9451629202439,4764786,52.04011432704368,4.924072668116878,7.876086148024038,5171246266,839.5112116342414,951.2634033203125,922.9379736328125,971.677606168757,930.8492004718679
2025-12-17,958.5716552734375,961.1747585707222,947.2261706250966,948.4540382267455,8013382,59.171110090164674,5.532303642646184,7.407329646948468,5179259648,840.6958926654772,950.92451171875,924.9379235839843,970.6039132540126,931.2451101834873
2025-12-18,960.2415771484375,964.072548087051,956.2632980687841,960.5854160531443,4926879,59.913434324290236,6.079004827617496,7.141664683082274,5184186527,841.8854019638152,950.7280548095703,927.1549609375,969.9476703918016,931.508439227339
2025-12-19,962.94287109375,964.6127830145067,959.7504153454842,962.5990921488027,5376584,61.14410913662945,6.653543394641474,7.044040425394114,5189563111,843.0899538954565,951.1062377929687,929.5527404785156,970.9641135466986,931.2483620392388
2025-12-22,957.0491333007812,965.595103994373,955.3301186192043,963.7287212154426,5959037,57.03021493452661,6.557700870852045,6.9467725144856995,5183604074,844.223876078594,951.2879638671875,931.7570092773437,971.2929886175674,931.2829391168076
2025-12-23,954.691650390625,960.2415760284049,953.5128854913131,959.0137084154704,5123287,55.423873730934616,6.219817625809696,6.801381536750499,5178480787,845.3230579125446,950.7133239746094,933.5496960449219,969.6029014786664,931.8237464705524
2025-12-24,951.7938842773438,959.9960160658125,950.3695458353262,955.9686342202896,4105643,53.43168216202947,5.653052343582431,6.571715698116885,5174375144,846.3824691201546,949.9790588378906,935.2392419433594,967.4484775966919,932.5096400790894
2025-12-26,949.1907348632812,953.8075289200087,947.6681910665071,951.7938380949545,3286321,51.63608872353484,4.936924578395633,6.244757474172635,5171088823,847.4054369384942,949.657357788086,936.9946008300781,966.9349773427202,932.3797382334517
2025-12-29,947.962890625,951.7447588085237,944.4266559161334,949.7801706470483,5267233,50.76944530181118,4.221646879216678,5.840135355181443,5165821590,848.4060086169669,948.9722076416016,938.5456433105469,965.3542609965252,932.590154286678
2025-12-30,956.2141723632812,958.915481049936,942.5111581255383,945.9491873630989,15030644,56.101554896165666,4.271356092552196,5.526379502655594,5180852234,849.478726664194,948.9893981933594,940.2450122070312,965.4010646478276,932.5777317388912
2025-12-31,964.8092651367188,968.1981917309051,956.2632945810017,957.9823092348453,5807630,60.85740138907573,4.947274061080179,5.410558414340511,5186659864,850.6262942111844,949.7212097167969,942.0730615234374,967.5249745531931,931.9174448804007
2026-01-01,967.3140869140625,970.1627637032144,962.9919690176538,965.7915430941249,4328348,62.144519492632625,5.620275072095865,5.452501745891582,5190988212,851.7873667753921,951.3763763427735,943.5907055664062,969.259406199751,933.493346485796
2026-01-02,981.2626953125,991.6258859934536,966.528283930725,967.0685336904954,7357435,68.37999303005854,7.196215849580653,5.801244566629396,5198345647,853.0756785021296,953.8738616943359,945.3804467773438,973.697673859283,934.0500495293888
2026-01-05,987.7457885742188,997.5196265465391,982.2940684850213,982.2940684850213,11259060,70.7884113621044,8.866088959945614,6.41421344529264,5209604707,854.4156795973743,955.5462158203125,947.2271594238281,980.2691170057633,930.8233146348616
2026-01-06,1000.8594360351562,1005.869111730934,987.1564219850369,990.1033041483112,9575742,74.94543708689724,11.119458983925256,7.3552625530191635,5219180449,855.8728314027253,958.6158843994141,949.4746484375,989.1523169666439,928.0794518321843
2026-01-07,989.3175048828125,1004.5921658085748,986.2232545545625,1004.5921658085748,7896720,66.03784922514444,11.837478495016512,8.251705741418634,5211283729,857.2006390990446,960.9635681152344,951.1327612304688,993.3073354888418,928.6198007416269
2026-01-08,980.3294677734375,993.6886429516878,978.2175115714958,988.7771726722618,6854268,60.052154395298906,11.548134940906948,8.910991581316297,5204429461,858.4258015734166,962.8422027587891,952.46376953125,995.1022766197884,930.5821288977897
2026-01-09,982.7852172851562,990.1524228120314,976.400305828531,978.3648939690311,7809460,61.08989299024141,11.38573884171717,9.405941033396472,5212238921,859.6632086949264,964.6717254638672,953.6572570800781,997.0976575090899,932.2457934186446
2026-01-12,997.1758422851562,999.2386358361825,978.364886992222,990.1524157511643,7617922,66.57024086577405,12.276723506549047,9.980097528026988,5219856843,861.0314936062721,967.2256896972656,955.2446447753906,1001.3965293963346,933.0548499981966
2026-01-13,1010.2402954101562,1011.2717521544648,998.0107821164995,1004.6903698484319,11016895,70.6164328202875,13.877061330772676,10.759490288576126,5230873738,862.5161583008381,970.2315063476562,957.041259765625,1008.2191885147689,932.2438241805436
2026-01-14,1010.14208984375,1012.1558406646648,1002.4311053230539,1011.762899052176,7370514,70.54730971427072,14.964910050086246,11.60057424087815,5223503224,863.9850730425587,973.5320129394531,958.5864074707031,1013.3041674155513,933.7598584633549
2026-01-15,1010.14208984375,1010.14208984375,1010.14208984375,1010.14208984375,0,70.54730971427072,15.646672892282481,12.409793971159017,5223503224,865.4393717171976,976.1105346679688,959.9763537597656,1018.2831117808466,933.9379575550909
2026-01-16,1023.8451538085938,1028.9038723255544,1010.1912422980266,1013.7274769567848,11051580,74.57478633056624,17.09562981835211,13.346961140597635,5234554804,867.0155486534304,979.2907135009766,961.5784765625,1025.5878637485978,932.9935632533554
2026-01-19,1020.0142211914062,1025.1221025667041,1015.6921031536436,1016.6743972572739,5460164,71.62595459585079,17.730429026655543,14.223654717809216,5229094640,868.5379235045546,982.1442810058594,963.2002453613281,1031.0225497607914,933.2660122509274
2026-01-20,1018.0496215820312,1033.3733854452475,1014.758960353515,1021.3402828105476,8905718,70.09521757526673,17.869002465727704,14.952724267392915,5220188922,870.0256020923903,985.1943054199219,964.8750573730468,1035.0316405160538,935.3569703237899
2026-01-21,1010.4368286132812,1022.1751948968682,1003.9045490044088,1013.7274897970154,7408949,64.35574319253386,17.166647715747445,15.395508957063821,5212779973,871.4227287244389,987.9815643310546,966.3553747558594,1036.910485463649,939.0526431984604
2026-01-22,1029.7879638671875,1036.8113904465058,1015.7412306174947,1016.6743620200224,12001641,70.88234653886141,17.964418769883764,15.90929091962781,5224781614,872.9985022084463,991.8812683105468,968.1470776367188,1041.0834423437136,942.6790942773799
2026-01-23,1011.271728515625,1034.3556387828587,1007.4407577235297,1033.27513930533,10917698,59.63108338908342,16.9076517469897,16.10896308510019,5213863916,874.3743552065278,994.985317993164,969.6303405761719,1040.7347998705798,949.2358361157483
2026-01-27,1034.5030517578125,1036.3202718546306,1012.0084929651499,1015.7903012550574,14420630,66.76008941227516,17.74023155467455,16.43521677901506,5228284546,875.9676755702222,999.3123260498047,971.3061352539063,1042.7661132083829,955.8585388912265
2026-01-28,1044.6697998046875,1046.7325934811859,1025.6624325065334,1040.6424178822,12171257,69.31405035859056,19.001392427059614,16.948451908623973,5240455803,877.6463036720578,1003.735107421875,973.0772131347657,1046.746240318023,960.723974525727
2026-01-29,1047.3218994140625,1055.9661352757114,1041.5264602731938,1044.1786063237967,14800724,69.96240411183241,19.984504846604295,17.555662496220037,5255256527,879.3346180575504,1007.8607391357422,974.919013671875,1050.9744452228856,964.7470330485988
2026-01-30,1058.078125,1063.3333745088544,1041.6246986507867,1045.1609334664397,9480769,72.50020032600291,21.38505246026409,18.32154048902885,5264737296,881.1131604151867,1012.3989410400391,976.7735864257812,1056.5799495595693,968.217932520509
2026-02-02,1010.4859008789062,1013.0399614867208,972.4711668650343,1001.841784674364,14434549,51.690593452079824,18.442112598511358,18.34565491092535,5250302747,882.4004513650744,1013.8601013183594,977.6998901367188,1055.6962142030138,972.0239884337051
2026-02-03,1045.3572998046875,1070.5041238871402,1021.8805674931078,1067.7536525315768,16129381,60.61155315869816,18.707987976134746,18.41812152396723,5266432128,884.0219125435782,1016.7406768798828,979.4994519042968,1058.9199693764704,974.5613843832953
2026-02-04,1049.2864990234375,1054.8856472820669,1037.5972952790487,1045.3573226632539,7312276,61.47481777273014,19.01653884527127,18.53780498822804,5273744404,885.6663362896466,1019.1620300292968,981.4168896484375,1062.9460939893995,975.3779660691943
2026-02-05,1054.49267578125,1061.8598812478167,1048.5989114079966,1049.2864692879657,9551567,62.64309396473036,19.456875833448294,18.72161915727209,5283295971,887.3462003641899,1022.4207885742187,983.1830541992188,1066.5351626200122,978.3064145284252
2026-02-06,1047.5184326171875,1054.590902041245,1032.3910797785106,1051.0546673292163,7041557,60.0174187897652,19.023788539491534,18.78205303371598,5276254414,888.9399539189462,1025.7802368164062,984.8038391113281,1066.6773872970343,984.8830863357779
2026-02-09,1125.708984375,1129.638160585733,1081.0146049779123,1100.1693390052355,40852966,73.45235637735374,24.705102753801384,19.966662977733062,5317107380,891.2958646697527,1032.9264251708985,988.2055236816407,1088.5658128586786,977.2870374831185
2026-02-10,1123.8426513671875,1133.5673869003754,1117.9488867905825,1130.6205046120729,17280036,72.82335003947058,28.725853960927225,21.718501174371895,5299827344,893.6097630448517,1039.259765625,991.4490588378907,1105.0839850192463,973.4355462307539
2026-02-11,1161.9556884765625,1166.474217252129,1122.5657199431428,1124.43198276359,29491859,77.13037539727222,34.589011240638,24.292603187625115,5329319203,896.279871755615,1046.8455352783203,995.5707653808594,1130.1827071795692,963.5083633770713
2026-02-12,1171.2874755859375,1182.3873266556052,1153.9991238982925,1162.0538873261555,33214985,78.04772928522289,39.53289228343101,27.340661006786295,5362534188,899.0162658235784,1054.9028045654297,999.9930541992187,1152.4381140035491,957.3674951273103
2026-02-13,1177.377685546875,1179.735215371205,1163.5273627037404,1167.9476861585035,18141390,78.64964421121127,43.44161478069759,30.560851761568557,5380675578,901.7860311939594,1063.264584350586,1004.8563928222657,1172.0431397753239,954.486028925848
2026-02-16,1186.70947265625,1190.8351798022472,1164.3132392267757,1172.859149893071,14972739,79.57383113943293,46.75335913023628,33.7993532353021,5395648317,904.6210903129872,1071.4078002929687,1009.9643225097657,1191.0091215468092,951.806479039128
2026-02-17,1191.9156494140625,1203.8013836881914,1182.7802665926308,1184.7448547341048,20107196,80.09159291783425,49.2305363633443,36.88558986091054,5415755513,907.4797426423512,1080.0028717041016,1014.7166613769531,1208.0073379574296,951.9984054507736
2026-02-18,1197.3182373046875,1202.4261183830988,1192.5049724948722,1197.220031881822,10417264,80.64001594291585,51.041288655620065,39.71672961985245,5426172777,910.3637077633695,1088.9663024902343,1019.8737048339843,1223.3117861360593,954.6208188444092
2026-02-19,1184.3519287109375,1203.212047062667,1177.9670171671169,1201.2474588953376,9630899,75.28009341093102,50.84395271581502,41.94217423904497,5416541878,913.0899587180717,1097.662057495117,1024.713466796875,1233.0598131635031,962.2643018267312
2026-02-20,1194.5677490234375,1196.4341316671034,1180.5210163030872,1184.8430141192323,9958162,76.59977603157421,50.92486375410658,43.73871214205729,5426500040,915.8907327509609,1105.9010467529297,1029.7496862792968,1243.8060595589495,967.9960339469098
2026-02-23,1206.0606689453125,1209.302167328373,1195.5500507835413,1200.3633155560203,9733835,78.0213378303354,51.32472939036347,45.25591559171853,5436233875,918.7779957976709,1115.6404937744142,1034.9470043945312,1252.949683756091,978.3313037927373
2026-02-24,1201.640380859375,1212.8384373028666,1198.1040262888578,1210.1862912839226,15788449,76.10632641554571,50.70050165817838,46.344832805010505,5420445426,921.5925468928123,1123.9973602294922,1040.057880859375,1260.8805367047553,987.114183754229
2026-02-25,1178.85107421875,1206.3553078239622,1176.2971336514831,1206.3553078239622,19581100,66.97866204078304,47.815700464670726,46.63900633694255,5400864326,924.1523332343639,1130.7064239501954,1044.6324230957032,1264.4979463909583,996.9149015094324
2026-02-26,1188.084716796875,1193.880275982552,1167.849482270177,1179.7352169268681,16196052,68.62079195528824,45.74720719434117,46.46064650842228,5417060378,926.7785261056327,1137.744564819336,1049.5114782714843,1268.0130862702924,1007.4760433683794
2026-02-27,1180.4227294921875,1190.3439954720204,1177.3776418736493,1185.6289359982593,10700355,65.7010903060305,42.9940444517506,45.767326097087945,5406360023,929.3023490249019,1143.8617950439452,1053.9484997558593,1270.017026722247,1017.7065633656435
2026-03-02,1168.831787109375,1176.1007875153553,1158.5176989399156,1164.0185219818375,16270835,61.442061932956385,39.42241391403513,44.49834366047738,5390089188,931.6857265182798,1151.7790893554688,1058.120303955078,1262.3742183387553,1041.1839603721824
2026-03-04,1153.704345703125,1161.7591088376892,1137.1035525068773,1151.3468160340765,13855065,56.311483392261266,34.96812213938301,42.59229935625851,5376234123,933.8948670076812,1157.1964416503906,1061.9355334472657,1256.441157355779,1057.9517259450022
2026-03-05,1148.79296875,1162.250350176651,1130.227585974388,1160.0893510848653,22100665,54.7140530918239,30.688004528914462,40.211440390789704,5354133458,936.0331565772566,1162.1717651367187,1065.77041015625,1248.4023325016394,1075.941197771798
2026-03-06,1122.7620849609375,1148.5964661130286,1117.8506147730068,1147.8105829193835,20333328,47.08942498014776,24.90837744319333,37.15082780127043,5333800130,937.8911558646564,1165.5852355957031,1069.1318188476562,1238.938974063525,1092.2314971278813
2026-03-09,1079.050048828125,1095.2579011773867,1045.4556391950514,1095.2579011773867,24631198,37.61108212678325,16.609323397424305,33.0425269205012,5309168932,939.2957219637955,1167.16181640625,1071.6769421386718,1231.0409384702177,1103.2826943422822
2026-03-10,1092.5074462890625,1100.0711827783487,1084.9438297087236,1091.426946764578,17491459,41.51413698722962,10.991460071868914,28.632313550774747,5326660391,940.8202167332012,1165.5017395019531,1074.5432763671874,1235.075487088145,1095.9279919157611
2026-03-11,1071.781005859375,1096.1419460785291,1068.735918309216,1093.68621097212,8364878,37.61143464815243,4.811350137833415,23.86812086818648,5318295513,942.1233091623174,1162.8986572265626,1077.019638671875,1241.7847869447448,1084.0125275083803
2026-03-12,1065.9854736328125,1078.5588856550278,1051.545798810298,1056.0643275370824,14614140,36.57600877361782,-0.5477681948013924,18.984943055588907,5303681373,943.3557685102826,1158.100146484375,1079.2150646972657,1247.594134178436,1068.606158790314
2026-03-13,1028.4619140625,1062.1546493731119,1023.8451797948526,1058.4218838608822,15978675,30.685785617615807,-7.733597643986741,13.641234915673778,5287702698,944.2025958292102,1150.9588684082032,1080.4881176757813,1256.4653400318282,1045.4523967845782
2026-03-16,1047.8131103515625,1054.0016113922836,1017.754933672958,1030.1318158454478,15322269,36.37619541147845,-11.731703660671428,8.566647200404738,5303024967,945.2335462224675,1144.4806396484375,1082.0980981445311,1258.2873374488117,1030.6739418480634
2026-03-17,1045.8485107421875,1054.8856886705516,1028.4619526297915,1054.8856886705516,16427877,36.052595279774394,-14.887148472660328,3.8758880657917243,5286597090,946.2346901480369,1137.4375915527344,1083.389814453125,1257.1979809199518,1017.677202185517
2026-03-18,1050.8582763671875,1056.3590993465684,1042.5087765154108,1048.5989519731277,10749915,37.57756136444088,-16.79006953222256,-0.2573034538111325,5297347005,947.2757208566852,1130.3847229003907,1084.6520642089845,1253.0599153494336,1007.7095304513477
2026-03-19,1030.3282470703125,1040.936950803617,1022.5681001383867,1030.917599515117,13431191,33.999359473712204,-19.727345411319902,-4.151311845312887,5283915814,948.1021141523432,1122.035223388672,1085.2414404296876,1248.0375522363156,996.0328945410282
2026-03-20,1039.26708984375,1065.7890288095168,1035.3379137006734,1039.6600314398456,17748625,36.82027693346521,-21.090746800067336,-7.539198836263777,5301664439,949.0092283383275,1114.7809814453126,1086.2404321289061,1242.2938404203824,987.2681224702428
2026-03-23,1013.6292724609375,1027.086653225109,996.2426554714183,1020.6035363599531,16039603,32.52628585637939,-23.96377039386789,-10.824113147784601,5285624836,949.6522138519854,1105.7340576171875,1086.9064282226564,1234.983002955117,976.4851122792581
2026-03-24,1012.5487670898438,1040.2494116751225,1001.9399432564919,1036.5166462758839,30416734,32.355029597656895,-26.027817565122405,-13.864854031252163,5255208102,950.2780502026109,1096.0584625244142,1087.50169921875,1222.7645602284545,969.3523648203739
2026-03-25,1041.821044921875,1046.6343097462316,1024.5326936323975,1024.5326936323975,16205333,41.36247935553541,-25.01322475183929,-16.09452817536959,5271413435,951.1889257719567,1088.0674957275392,1088.3946032714844,1207.0542352902778,969.0807561648006
2026-03-27,1001.4487915039062,1036.6149667218629,995.0638801309044,1032.6857904923231,20445349,34.532682208603674,-27.153843478457247,-18.30639123598712,5250968086,951.6890239384438,1079.1973815917968,1088.2187731933593,1196.224544473705,962.1702187098886
2026-03-30,962.058837890625,991.5276600442548,958.522543259506,987.2055421466002,21438137,29.4271942169582,-31.66373942454834,-20.977860873699367,5229529949,951.7922061668238,1067.8960876464844,1087.257108154297,1184.3326678234573,951.4595074695114
2026-04-01,999.7789306640625,1012.745224874495,980.7715636649391,990.1524604010582,17424479,38.763765004393086,-31.827283099250963,-23.147745318809687,5246954428,952.2696860125675,1058.8638977050782,1087.0498449707031,1166.691054640691,951.0367407694655
2026-04-02,1000.3683471679688,1007.833758433837,960.5854356508436,982.2941115339542,20777629,38.89979256754934,-31.545692546649207,-24.827334764377593,5267732057,952.7482796559049,1050.440725708008,1086.5803088378907,1148.4644728990274,952.4169785169884
2026-04-06,1014.4642333984375,1017.3619530344956,987.2546747939996,1001.939983603395,23576634,42.20618629101064,-29.841119935238453,-25.830091798549766,5291308691,953.3623687478704,1043.4787200927735,1086.4693090820313,1130.3174411882817,956.6399989972654
2026-04-07,1012.1558227539062,1015.3973212044529,994.0815880797585,1006.8514108515341,15021291,41.80719057464196,-28.349705548252473,-26.33401454849031,5276287400,953.9473782404677,1036.6468627929687,1086.3514331054687,1109.669276956955,963.6244486289826
2026-04-08,1042.656005859375,1058.7166100346876,1040.6914176944629,1054.9838445577764,28533742,48.70682059225559,-24.425081885667623,-25.952228015925773,5304821142,954.8300511520987,1032.6415588378907,1086.9958166503907,1094.2220654411751,971.0610522346062
2026-04-09,1022.5189819335938,1045.504687551959,1019.9159985301128,1041.329937682068,24772948,44.92000789048181,-22.67825805423854,-25.297434023588327,5280048194,955.5035728514171,1029.815005493164,1086.8504370117187,1087.6937140333232,971.9362969530049
2026-04-10,1047.8131103515625,1050.5144192344412,1027.6270377357864,1030.4265520507975,17861336,50.16153480083448,-19.033456967164284,-24.04463861230352,5297909530,956.4220757121151,1027.580288696289,1087.5812646484376,1078.6555957901974,976.5049816023808
2026-04-13,1044.7188720703125,1048.353312047308,1011.7628591320939,1023.5503875880017,17763348,49.54046170105988,-16.207771910357906,-22.477265271914398,5280146182,957.3006508002564,1026.2271820068358,1087.7855810546876,1073.8650758766564,978.5892881370154
2026-04-15,1052.528076171875,1068.7359280214653,1049.2864578383803,1056.9483994035816,16195810,51.18323853532373,-13.1862556906799,-20.6190633556675,5296341992,958.2481873711183,1025.5543121337892,1087.9427465820313,1071.268215632188,979.8404086353903
2026-04-16,1048.255126953125,1064.9541259228224,1043.1962885775752,1058.9129934902317,20313165,50.21981762094685,-11.009562229001176,-18.697163130334236,5276028827,959.1437788097453,1026.5439727783203,1087.9614111328126,1073.3116734828964,979.7762720737443
2026-04-17,1061.1231689453125,1062.9895516597985,1041.2317140310404,1048.1077725199245,16823879,53.08386350048886,-8.15220004478806,-16.588170513225002,5292852706,960.1584991096017,1027.2094757080079,1088.0223120117187,1075.5221569778803,978.8967944381353
2026-04-20,1088.2344970703125,1101.102525826513,1056.8010858019393,1061.1723665018162,31179584,58.50115829701151,-3.657896374309985,-14.002115685441998,5324032290,961.4328871490118,1029.328775024414,1089.5772839355468,1084.0231748672418,974.6343751815862
2026-04-21,1092.1636962890625,1095.012373226544,1086.3681369836245,1093.6863001427537,16963734,59.23580251427389,0.2184075373813812,-11.158011040877323,5340996024,962.733691220057,1031.3940460205079,1090.5134118652343,1091.9857746430778,970.8023173979379
2026-04-22,1083.76513671875,1098.057444036852,1080.6217236295247,1090.3464592751195,12412659,56.91646244994402,2.5829382427855307,-8.409821184144752,5328583365,963.9379842100938,1034.0658905029297,1091.2029846191406,1098.8047629708874,969.3270180349721
2026-04-23,1074.875244140625,1082.3898174645885,1063.038553095583,1075.6119646643676,13669001,54.484646618142506,3.6968903761971887,-5.988478872076364,5314914364,965.041837542736,1035.8462982177734,1091.6106359863281,1102.9738810421752,968.7187153933717
2026-04-24,1081.60400390625,1086.4172689530212,1070.749726103037,1072.0266364810311,13774745,56.016461011464806,5.064282252610155,-3.7779266471390596,5328689109,966.2016600936166,1039.245034790039,1092.2923474121094,1108.3821522738842,970.1079173061936
2026-04-27,1092.1636962890625,1095.0615358962568,1083.8633589162316,1091.2796075968854,11624385,58.38354793643735,6.920256679168006,-1.6382899818776466,5340313494,967.4550136876012,1043.22578125,1091.6214416503906,1114.8783768038716,971.5731856961285
2026-04-28,1071.9775390625,1090.8375367592364,1069.8655828843748,1082.7827735553876,10727835,52.56025584246432,6.685212628578483,0.02641054021357947,5329585659,968.4950388157098,1044.7336059570312,1090.5841394042968,1117.4655684415509,972.0016434725113
2026-04-29,1067.655517578125,1085.4350174109393,1065.0524141428152,1074.6297819435,10611104,51.37863376666971,6.080099904963163,1.2371484131634962,5318974555,969.4817102461816,1048.0439422607421,1088.6981359863282,1118.5880620376572,977.4998224838271
2026-04-30,1049.5321044921875,1058.6183251016832,1044.1786495020647,1055.9661789414106,14269539,46.643324244661784,4.090977497497988,1.8079142300303948,5304705016,970.2782315819628,1052.4176055908204,1086.2630285644532,1110.913010556149,993.9222006254919
2026-05-01,1049.5321044921875,1049.5321044921875,1049.5321044921875,1049.5321044921875,0,46.643324244661784,2.485927434697487,1.9435168709638133,5304705016,971.0668273323133,1054.9052642822267,1083.7061169433593,1108.2387230366255,1001.5718055278277
2026-05-04,1049.4830322265625,1069.816471974203,1044.7679726198023,1044.7679726198023,11693211,46.62982855367179,1.1961653251637472,1.7940465618038002,5293011805,971.8470880775297,1057.3609985351563,1080.9615881347656,1104.598275703202,1010.1237213671105
2026-05-05,1041.133544921875,1049.581250235382,1030.8194568287804,1041.8211028311687,12194631,44.282129057072666,-0.4940195351032344,1.3364333424223935,5280817174,972.536505558568,1058.6944641113282,1077.9459460449218,1102.385279974559,1015.0036482480974
2026-05-06,1076.5943603515625,1081.6040364042549,1042.4104768585712,1053.019301365762,14384779,54.71115066962214,1.016174406772052,1.2723815552923254,5295201953,973.5719070987969,1061.9163909912108,1075.5314685058593,1100.6239660731096,1023.2088159093121
2026-05-07,1072.6651611328125,1088.381866790436,1066.8696019397742,1086.4172785832332,16105163,53.51586525448605,1.8743540599448352,1.3927760562228273,5279096790,974.5579096264986,1063.4168487548827,1073.2977331542968,1101.3402663163931,1025.4934311933723
2026-05-08,1001.2523193359375,1075.6119913694504,993.0010852378409,1070.7005210892246,48065909,37.486208110300325,-3.171394036721267,0.47994203763400833,5231030881,974.823525643508,1062.353515625,1069.431424560547,1105.6203797548815,1019.0866514951184
2026-05-11,956.3615112304688,989.1701581334676,953.9057759818752,989.1701581334676,46927396,31.166518307602402,-10.669507362617196,-1.7499478424162327,5184103485,974.6398240075574,1057.7809356689454,1064.43744140625,1120.970839164887,994.5910321730038
2026-05-12,957.3438110351562,964.0234589147167,945.3598709141811,959.6031354409057,25787092,31.43889714534984,-16.344147649339675,-4.668787803800921,5209890577,974.4677243759913,1053.4121826171875,1059.5515100097657,1130.2237676207992,976.6005976135757
2026-05-13,952.9234619140625,963.8269621620207,944.1810805849492,960.6836091187947,17584580,30.8473509082703,-20.95645324376119,-7.926320891792975,5192305997,974.2533536052259,1048.431951904297,1055.032957763672,1136.864124035379,959.9997797732149
2026-05-14,962.5499877929688,969.5242517416415,946.5385464115705,956.2632817330172,16487142,33.769981746942776,-23.563335012654306,-11.05372371596524,5208793139,974.136902204109,1044.146694946289,1050.5222631835939,1140.1775829852313,948.1158069073467
2026-05-15,963.2000122070312,972.5,957.0,971.2000122070312,26972493,33.97290513236669,-25.28538191522182,-13.900055355816557,5235765632,974.0280774280187,1039.250537109375,1046.1778088378906,1141.1273007343648,937.3737734843854
2026-05-18,939.4000244140625,954.9000244140625,933.9000244140625,952.0,16554877,30.310983831831024,-28.244985985729954,-16.76904148179924,5219210755,973.6835196865864,1031.8088134765626,1041.5891735839843,1139.843517505433,923.774109447692
2026-05-19,948.7999877929688,956.5999755859375,939.5,942.0,17280869,33.365951588358485,-29.49202929295916,-19.313639044031223,5236491624,973.4359223543116,1024.6406280517579,1037.4910864257813,1134.7111345368276,914.5701215666883
2026-05-20,950.9000244140625,955.0,935.0,941.0999755859375,11928460,34.06140394536713,-29.965441734342562,-21.44399958209349,5248420084,973.2116845638614,1017.9973724365234,1033.5332275390624,1129.026102219179,906.9686426538677
2026-05-21,950.9000244140625,960.9000244140625,946.5,957.0,11756520,34.06140394536713,-29.99486240227145,-23.154172146129085,5260176604,972.9896779952066,1011.7986114501953,1030.095986328125,1123.2753922186548,900.3218306817358
2026-05-22,949.2000122070312,958.5999755859375,947.7000122070312,950.9000244140625,7807192,33.7308871860523,-29.811704498762197,-24.485678616655708,5252369412,972.752964902787,1005.1784118652344,1027.498985595703,1115.0006447808544,895.3561789496143
2026-05-25,969.5999755859375,972.5,957.5,959.9000244140625,10934747,41.114989856813956,-27.701122686598524,-25.128767430644274,5263304159,972.7215918747586,999.0502258300781,1025.0408361816405,1102.2518792596807,895.8485724004756
2026-05-26,968.5,978.7999877929688,962.0999755859375,969.9000244140625,16269800,40.85067344360403,-25.81959797809384,-25.26693354013419,5247034359,972.6795859854576,993.8763488769531,1022.9752160644531,1092.1946580380306,895.5580397158757
2026-05-27,967.7999877929688,975.9000244140625,966.5999755859375,969.7999877929688,8111259,40.67148038763561,-24.10706992979101,-25.034960818065557,5238923100,972.6310327696119,988.8835723876953,1021.0115063476562,1081.695752744778,896.0713920306125
2026-05-28,967.7999877929688,967.7999877929688,967.7999877929688,967.7999877929688,0,40.67148038763561,-22.490621231778277,-24.526092900808102,5238923100,972.5829626703419,984.7969665527344,1019.7982678222656,1073.682027458496,895.911905646973
2026-05-29,964.4000244140625,973.7000122070312,960.2999877929688,967.7999877929688,22292535,39.690750834001214,-21.239091595677905,-23.868692639782065,5216630565,972.5015403991351,980.5403625488282,1018.1300061035156,1064.642436093719,896.4382890039373
2026-06-01,954.0999755859375,970.25,950.0999755859375,966.25,11118975,36.79600968715044,-20.83816382039936,-23.262586875905527,5205511590,972.3184402517402,975.7712097167969,1016.2950354003906,1054.3293408790128,897.213078554581
2026-06-02,956.6500244140625,961.2999877929688,939.9000244140625,950.9500122070312,15911760,38.001586515874095,-20.08315196663648,-22.62669989405172,5221423350,972.1625356165395,971.5470336914062,1014.4108703613281,1044.4763302196877,898.6177371631247
2026-06-03,970.4500122070312,974.0,937.2000122070312,953.75,27947005,44.20409812064437,-18.161896907221944,-21.733739296685762,5249370355,972.1454955826141,966.2398162841797,1013.2133056640625,1021.0053947912857,911.4742377770738
2026-06-04,979.25,985.7999877929688,961.0999755859375,969.9000244140625,18875883,47.79100725249997,-15.747673581948561,-20.536526153738322,5268246238,972.2161871688568,961.569058227539,1012.0129638671875,987.6571175029435,935.4809989521345
2026-06-05,977.7000122070312,992.5999755859375,970.5999755859375,980.0,20955539,47.21526068660344,-13.800373152960447,-19.18929555358275,5247290699,972.2707525921222,960.3914428710938,1011.2943786621094,980.6924038794866,940.0904818627009
2026-06-08,981.9500122070312,988.6500244140625,965.1500244140625,966.0,12895416,49.02851127123306,-11.778409874944487,-17.7071184178551,5260186115,972.3670636330666,961.6708679199219,1010.6824035644531,983.9259261449388,939.415809694905
2026-06-09,1002.7000122070312,1009.0,983.0,985.0,22142480,56.8264688821903,-8.404753063109183,-15.846645346905918,5282328595,972.6688840168871,963.9386779785157,1009.8999829101563,992.3578478939298,935.5195080631015
2026-06-10,1003.25,1012.4000244140625,999.5,1002.7000122070312,19122317,57.01418361680229,-5.621920317495778,-13.80170034102389,5301450912,972.9731737281619,966.4550048828125,1009.9360070800781,999.1219702323842,933.7880395332409
2026-06-11,1000.7000122070312,1009.4000244140625,993.0,998.0999755859375,13773978,55.802732230898236,-3.5809886134771887,-11.75755799551455,5287676934,973.2490626682502,968.3625061035157,1010.7088305664063,1004.1964377208386,932.5285744861927
2026-06-12,1017.1500244140625,1018.7000122070312,1004.3499755859375,1018.0,11081119,61.4877836859354,-0.6289073745716678,-9.531827871325973,5298758053,973.6858881582583,971.0600067138672,1011.0562524414063,1012.6012962571369,929.5187171705975
2026-06-15,1020.8499755859375,1034.0,1018.5,1034.0,12463437,62.651446653147374,1.9862966226072558,-7.228202972539327,5311221490,974.1551825605238,975.1325042724609,1011.4658850097657,1019.3442119489392,930.9207965959826
2026-06-16,1015.2999877929688,1026.550048828125,1007.4000244140625,1023.7999877929688,9693677,59.735741024780324,3.569875695344308,-5.0685872389626,5301527813,974.5645836076128,978.4575042724609,1011.4826000976562,1024.2227493533728,932.6922591915489
2026-06-17,1026.5,1028.0999755859375,1013.4500122070312,1017.0,8190062,63.434029836899434,5.663337473173783,-2.922202296535323,5309717875,975.081353919975,982.2375030517578,1011.7694836425782,1030.6837354558052,933.7912706477105
2026-06-18,1042.699951171875,1045.699951171875,1024.449951171875,1027.9000244140625,11048009,68.01084869274891,8.531278418538136,-0.631506153520631,5320765884,975.754175783178,986.8274993896484,1011.7703625488281,1039.7188898202432,933.9361089590537
2026-06-19,1035.0999755859375,1042.0,1029.300048828125,1042.0,9099878,63.96585360778835,10.074752292882408,1.509745535759977,5311666006,976.3446812538523,991.1224975585938,1012.021982421875,1045.035315866352,937.2096792508355
2026-06-22,1040.75,1043.0,1033.5999755859375,1038.0,6209440,65.6037042272952,11.619928902189713,3.5317822090459243,5317875446,976.9855301966,994.6799987792969,1011.8807202148438,1051.7405168933647,937.619480665229
2026-06-23,1024.199951171875,1045.5,1022.3499755859375,1041.0,10411004,57.37690651560281,11.37788469923612,5.101002707083964,5307464442,977.455325430185,997.4649963378906,1011.470341796875,1054.5796611138974,940.3503315618839
2026-06-24,1034.5999755859375,1044.5,1020.5,1024.0,11724076,60.711109133550885,11.888218001186488,6.45844576590447,5319188518,978.0239289143218,1000.8049957275391,1011.1117797851563,1058.4006669115854,943.2093245434928
2026-06-25,1045.4000244140625,1055.4000244140625,1038.550048828125,1040.0,16002360,63.87171546483403,13.01411587360542,7.769579787444661,5335190878,978.6943378247671,1004.6849975585938,1011.054677734375,1063.3102556754077,946.0597394417798
2026-06-26,1045.4000244140625,1045.4000244140625,1045.4000244140625,1045.4000244140625,0,63.87171546483403,13.747920578508001,8.96524794565733,5335190878,979.358075999785,1008.7349975585937,1010.74021484375,1066.857951366709,950.6120437504784
2026-06-29,1036.0999755859375,1046.4000244140625,1030.8499755859375,1044.449951171875,16818246,59.12188826841427,13.424283098014257,9.857054976128715,5318372632,979.9226720155676,1012.8349975585937,1009.6975244140625,1066.3495660299664,959.320429087221
2026-06-30,1026.9000244140625,1044.0,1025.050048828125,1040.0,11161643,54.781874614715534,12.283838447471908,10.342411670397354,5307210989,980.3901083578412,1016.3474975585938,1008.3922509765625,1063.4927324006853,969.2022627165022
2026-07-01,1047.4000244140625,1049.9000244140625,1025.5,1031.0,6295315,61.55429158513786,12.88566855377087,10.851063047072056,5313506304,981.0568736917339,1020.1949981689453,1007.6649487304687,1064.1835896107266,976.2064067271641
2026-07-02,1051.5999755859375,1059.800048828125,1045.0,1050.9000244140625,14682790,62.78409250287487,13.54538148206052,11.38992673406975,5328189094,981.7587951036166,1023.8124969482421,1007.199443359375,1065.5809890644357,982.0440048320487
2026-07-03,1040.0,1057.0,1034.5,1055.0,10441493,57.329496501458884,12.98253308589301,11.708448004434402,5317747601,982.3383095801976,1026.9274963378907,1006.36736328125,1063.4367944697226,990.418198206059
2026-07-06,1037.699951171875,1048.4000244140625,1036.5,1041.9000244140625,8761017,56.285322698911784,12.210126224134683,11.808783648374458,5308986584,982.8891716855874,1029.7149932861328,1005.2780883789062,1060.054120399728,999.3758661725375
2026-07-07,1038.0999755859375,1049.5999755859375,1035.5,1039.300048828125,11053574,56.4339426279816,11.497728194828824,11.746572557665331,5320040158,983.4385329184266,1031.4849914550782,1004.600537109375,1059.3423209221216,1003.6276619880348
2026-07-08,1016.9000244140625,1038.300048828125,1011.7000122070312,1029.5999755859375,14141694,47.26317459714569,9.117389153088311,11.220735876749927,5305898464,983.7714830825623,1032.1674926757812,1003.5854272460938,1057.8047483322318,1006.5302370193307
2026-07-09,1022.0999755859375,1031.699951171875,1019.2999877929688,1019.7999877929688,7661699,49.43375131589679,7.563360206425841,10.489260742685111,5313560163,984.1528611174219,1033.2374908447266,1003.0367846679687,1055.0301457524854,1011.4448359369678
2026-07-10,1036.0,1047.800048828125,1023.5,1029.5,8792150,54.79039601681265,7.368457877183573,9.865100169584803,5322352313,984.6687530466019,1034.1799896240234,1002.766142578125,1054.701480024767,1013.6584992232797
2026-07-13,1037.0,1042.9000244140625,1022.0999755859375,1023.5,8381510,55.158425051868655,7.211557671911578,9.33439167005016,5330733823,985.1894619715114,1034.9874908447266,1002.5164819335937,1054.5980995103212,1015.376882179132
2026-07-14,1015.4000244140625,1033.699951171875,1011.4000244140625,1033.300048828125,11562326,46.37654136300402,5.283372191730223,8.524187774386172,5319171497,985.4900645828801,1034.9924926757812,1002.0018115234375,1054.583053798774,1015.4019315527884
2026-07-15,1030.0999755859375,1036.0,1013.7000122070312,1015.5,14275394,51.979874339843605,4.885121869780733,7.796374593465085,5333446891,985.9339442943534,1035.1724914550782,1001.071923828125,1054.5121746271668,1015.8328082829895
2026-07-16,1031.199951171875,1036.0,1027.300048828125,1030.0999755859375,7708316,52.380856477113404,4.605178822461767,7.158135439264422,5341155207,986.3843523229856,1034.5974914550782,1000.2426196289063,1053.6900169689932,1015.5049659411632
2026-07-17,1044.300048828125,1048.0,1028.300048828125,1030.5999755859375,8452780,56.98738487367321,5.3783915890498974,6.802186669221518,5349607987,986.9606279101015,1035.0574951171875,1001.10357421875,1054.613965731232,1015.501024503143
2026-07-20,1060.0,1065.0,1038.300048828125,1041.5999755859375,16540411,61.76158389577001,7.175310612605472,6.8768114578983095,5366148398,987.6873878313941,1036.0199951171876,1003.1763439941407,1058.306643709465,1013.7333465249102
2026-07-21,1044.4000244140625,1067.0,1042.800048828125,1056.199951171875,10514887,55.20478728050331,7.256940734033151,6.952837313125278,5355633511,988.2516926730127,1037.0299987792969,1004.9174682617188,1058.9095912415721,1015.1504063170215
2026-07-22,1025.0,1044.4000244140625,1019.2000122070312,1044.4000244140625,11227214,48.332856288540476,5.690615482929616,6.700392947086146,5344406297,988.6173474722863,1036.55,1006.3589990234375,1059.0346201343198,1014.06537986568
2026-07-23,1012.5999755859375,1023.0999755859375,1006.5,1022.0,8910230,44.51828754145949,3.409411524015468,6.042196662472011,5335496067,988.855980587845,1034.9099975585937,1007.3599987792969,1059.2791554844289,1010.5408396327584
2026-07-24,1015.0,1017.7999877929688,1000.7999877929688,1006.0,13797053,45.416221474725326,1.7747447114693387,5.188706272271477,5349293120,989.1161200844834,1033.3899963378906,1008.3959985351562,1058.7254993137833,1008.0544933619979
2026-07-27,1020.5999755859375,1023.7000122070312,1015.9000244140625,1020.2999877929688,6093002,47.54927229277914,0.920519537994096,4.335068925416001,5355386122,989.4293922785279,1032.6149963378907,1010.0199975585938,1058.513516367104,1006.7164763086773
2026-07-28,1013.2000122070312,1022.0,1008.2999877929688,1018.0,9873370,45.044285563481715,-0.34954591917698963,3.398145956497403,5345512752,989.665915859906,1031.929995727539,1011.307998046875,1059.0908605389016,1004.7691309161767
2026-07-29,1013.7000122070312,1020.2000122070312,1012.0,1020.0,4792964,45.25414953087136,-1.3007419791351822,2.458368369370886,5350305716,989.9050610971909,1030.2449951171875,1012.5639978027343,1057.5389096659064,1002.9510805684687
2026-07-30,1025.300048828125,1028.300048828125,1007.5999755859375,1013.5,6847458,50.022554322340056,-1.1057987403355583,1.7455349474295971,5357153174,990.2572500298371,1028.929998779297,1014.0519982910156,1054.4588916364949,1003.4011059220991
2026-07-31,1027.4000244140625,1034.300048828125,1023.5,1028.0999755859375,10921417,50.85704737229273,-0.7729443185762648,1.2418390942284248,5368074591,990.6268298744563,1028.3,1015.6159985351562,1053.3219095109266,1003.2780904890734
2026-08-03,1045.0,1051.5,1031.5999755859375,1035.0,10507450,57.29322405761467,0.9006341989856992,1.1735981151798796,5378582041,991.1678564428697,1028.6650024414062,1017.1239990234375,1054.426780952164,1002.9032239306483
2026-08-04,1042.699951171875,1047.5999755859375,1030.9000244140625,1047.5999755859375,8544184,56.256298594214776,2.018099123049069,1.3424983167537174,5370037857,991.6806136043524,1028.895001220703,1018.607998046875,1055.068458153428,1002.7215442879781
2026-08-05,1055.0,1055.0,1040.300048828125,1043.0,8707119,60.38538679908444,3.851808025649234,1.844360258532821,5378744976,992.3106572500803,1030.8,1020.3519982910157,1058.6935846557553,1002.9064153442445
2026-08-06,1085.0,1088.0999755859375,1052.5,1052.5,13822265,68.25586661986617,7.637741689787163,3.0030365447836895,5392567241,993.2329392674925,1033.945001220703,1022.6959985351563,1070.1510483575266,997.7389540838795
2026-08-07,1097.199951171875,1124.5,1075.699951171875,1080.0999755859375,29410622,70.796824087808,11.49010472024679,4.70045017987631,5421977863,994.2674368983819,1037.0049987792968,1025.3519970703126,1082.5331949187002,991.4768026398933
2026-08-10,1071.0,1113.300048828125,1068.5999755859375,1108.0,16623448,59.73794151615594,12.287371904528527,6.217834524806754,5405354415,995.0309449889454,1038.7049987792968,1027.6899975585939,1086.583894550916,990.8261030076776
2026-08-11,1066.0,1071.0,1060.4000244140625,1071.0,9456913,57.87980036729233,12.373124007261822,7.448892421297768,5395897502,995.7371047402992,1041.2349975585937,1029.8769970703124,1089.2679460139138,993.2020491032737
2026-08-12,1082.0,1085.5,1066.0,1066.0,17673922,61.95764354360856,13.575657717297645,8.674245480497744,5413571424,996.5954420065649,1043.8299987792968,1032.107996826172,1094.70029810919,992.9596994494037
2026-08-13,1083.0,1086.800048828125,1073.0,1083.0,9502483,62.203936149435826,14.442877487641226,9.827971881926441,5423073907,997.4551888522707,1046.4200012207032,1034.1829968261718,1099.6732554117837,993.1667470296227
2026-08-14,1067.699951171875,1082.0,1065.0999755859375,1082.0,6273501,56.20796760985082,13.737215264582801,10.609820558457713,5416800406,998.1541417111723,1047.5899963378906,1035.9829956054687,1101.6279639347422,993.552028741039
2026-08-17,1061.199951171875,1068.800048828125,1052.4000244140625,1064.199951171875,7039473,53.83385045832821,12.50927802127967,10.989712051022106,5409760933,998.7814631983435,1047.6499938964844,1037.5679943847656,1101.7455767023673,993.5544110906014
2026-08-18,1053.0,1067.699951171875,1053.0,1059.5999755859375,5583771,50.912324290226806,10.75053589362733,10.941876819543152,5404177162,999.3209511267183,1048.0799926757813,1038.573994140625,1102.2021187984824,993.9578665530803
2026-08-19,1048.5999755859375,1054.800048828125,1041.4000244140625,1053.199951171875,7182636,49.36423760909671,8.899091699118344,10.53331979545819,5396994526,999.8112896785515,1049.259991455078,1039.4809936523438,1102.3368396247608,996.1831432853953
2026-08-20,1048.0,1052.9000244140625,1045.699951171875,1052.9000244140625,5879949,49.14479897636939,7.299254557543691,9.886506747875291,5391114577,1000.2907793334913,1051.0299926757812,1040.426993408203,1101.39015905091,1000.6698263006523
2026-08-21,1048.699951171875,1054.699951171875,1040.0999755859375,1052.699951171875,6534213,49.42724542185377,6.01847507221396,9.112900412743025,5397648790,1000.7724626353657,1052.714990234375,1041.0579919433594,1100.3200659561867,1005.1099145125631
2026-08-24,1039.5,1047.9000244140625,1032.0999755859375,1047.9000244140625,8868193,45.824751032333104,4.2125295121941235,8.132826232633246,5388780597,1001.1578112658596,1053.6599914550782,1041.4309924316406,1099.3909818823145,1007.9290010278419
2026-08-25,1048.0,1048.0,1031.300048828125,1036.0,9982723,49.48786725257751,3.427671543378665,7.191795294782329,5398763320,1001.6239026960501,1055.3999908447265,1042.0849926757812,1097.331103523213,1013.4688781662401
2026-08-26,1052.0,1062.300048828125,1051.199951171875,1051.4000244140625,5858099,51.16141684808251,3.092780866461908,6.371992409118246,5404621419,1002.1251573955919,1057.314990234375,1042.5949926757812,1094.705947211678,1019.924033257072
2026-08-27,1042.9000244140625,1054.4000244140625,1042.9000244140625,1052.0,4788716,47.320318233991294,2.069232786620887,5.511440484618774,5399832703,1002.5308774654275,1058.1949890136718,1042.598994140625,1093.2884788022823,1023.1014992250613
2026-08-28,1047.5,1051.199951171875,1040.5,1046.0,4969272,49.388835758638606,1.6106762718159189,4.731287642058203,5404801975,1002.9783314209953,1059.1999877929688,1042.8469946289063,1091.7687385276845,1026.6312370582532
