Date,Close,High,Low,Open,Volume,RSI,MACD,MACD_Signal,OBV,EMA_200,SMA_20,SMA_50,BB_High,BB_Low
2020-01-01,1831.1097412109375,1844.8792234947725,1819.620873256601,1831.4475641691322,1354908,43.88930564340383,-14.041822466492704,-6.540505350617374,1354908,1908.6208984662344,1858.1788452148437,1813.2481103515624,1899.154078861643,1817.2036115680444
2020-01-02,1822.7041015625,1841.5423711167566,1815.5658903808576,1841.5423711167566,2380752,43.88930564340383,-14.041822466492704,-6.540505350617374,-1025844,1908.6208984662344,1858.1788452148437,1813.2481103515624,1899.154078861643,1817.2036115680444
2020-01-03,1859.0291748046875,1877.9097262083665,1828.0686673481355,1828.0686673481355,4655761,43.88930564340383,-14.041822466492704,-6.540505350617374,3629917,1908.6208984662344,1858.1788452148437,1813.2481103515624,1899.154078861643,1817.2036115680444
2020-01-06,1858.8604736328125,1880.4019506622685,1848.2586466308671,1862.704190194144,3023209,43.88930564340383,-14.041822466492704,-6.540505350617374,606708,1908.6208984662344,1858.1788452148437,1813.2481103515624,1899.154078861643,1817.2036115680444
2020-01-07,1863.421875,1870.8556297088255,1844.7947963173629,1858.9023072303519,2429317,43.88930564340383,-14.041822466492704,-6.540505350617374,3036025,1908.6208984662344,1858.1788452148437,1813.2481103515624,1899.154078861643,1817.2036115680444
2020-01-08,1905.153564453125,1909.1661925126095,1860.2121714351315,1862.7041834027893,5197454,43.88930564340383,-14.041822466492704,-6.540505350617374,8233479,1908.6208984662344,1858.1788452148437,1813.2481103515624,1899.154078861643,1817.2036115680444
2020-01-09,1870.6024169921875,1902.3654055725954,1866.9276127240882,1899.6622032186847,3734173,43.88930564340383,-14.041822466492704,-6.540505350617374,4499306,1908.6208984662344,1858.1788452148437,1813.2481103515624,1899.154078861643,1817.2036115680444
2020-01-10,1869.9267578125,1887.2021344919174,1865.2382779579916,1882.1335522148574,1915807,43.88930564340383,-14.041822466492704,-6.540505350617374,2583499,1908.6208984662344,1858.1788452148437,1813.2481103515624,1899.154078861643,1817.2036115680444
2020-01-13,1850.3277587890625,1874.4878704140888,1845.5547214136905,1873.5587543368276,2843893,43.88930564340383,-14.041822466492704,-6.540505350617374,-260394,1908.6208984662344,1858.1788452148437,1813.2481103515624,1899.154078861643,1817.2036115680444
2020-01-14,1864.3089599609375,1883.654172777295,1854.2563542498435,1854.2563542498435,2948452,43.88930564340383,-14.041822466492704,-6.540505350617374,2688058,1908.6208984662344,1858.1788452148437,1813.2481103515624,1899.154078861643,1817.2036115680444
2020-01-15,1881.2039794921875,1884.6675927507476,1853.5802510035435,1869.4618479414632,2620681,43.88930564340383,-14.041822466492704,-6.540505350617374,5308739,1908.6208984662344,1858.1788452148437,1813.2481103515624,1899.154078861643,1817.2036115680444
2020-01-16,1891.257080078125,1899.8736288763785,1871.1516620547702,1881.2465473806064,3117214,43.88930564340383,-14.041822466492704,-6.540505350617374,8425953,1908.6208984662344,1858.1788452148437,1813.2481103515624,1899.154078861643,1817.2036115680444
2020-01-17,1874.6148681640625,1903.7169310870152,1869.461728034991,1892.9039164457324,3281059,43.88930564340383,-14.041822466492704,-6.540505350617374,5144894,1908.6208984662344,1858.1788452148437,1813.2481103515624,1899.154078861643,1817.2036115680444
2020-01-20,1833.43310546875,1894.1292577627435,1821.4795745431627,1854.1718907437437,5817599,43.88930564340383,-14.041822466492704,-6.540505350617374,-672705,1908.6208984662344,1858.1788452148437,1813.2481103515624,1899.154078861643,1817.2036115680444
2020-01-21,1834.024169921875,1847.1180065421472,1823.0422424339051,1833.0948474072118,1902980,44.10013169318723,-14.041822466492704,-6.540505350617374,1230275,1908.6208984662344,1858.1788452148437,1813.2481103515624,1899.154078861643,1817.2036115680444
2020-01-22,1864.3089599609375,1866.9278099736466,1836.262845873815,1842.4296622409606,1773686,53.69942793314446,-14.041822466492704,-6.540505350617374,3003961,1908.6208984662344,1858.1788452148437,1813.2481103515624,1899.154078861643,1817.2036115680444
2020-01-23,1855.0377197265625,1877.728836627747,1848.899275778619,1870.9977566749965,2069866,50.82216392441469,-14.041822466492704,-6.540505350617374,934095,1908.6208984662344,1858.1788452148437,1813.2481103515624,1899.154078861643,1817.2036115680444
2020-01-24,1848.6456298828125,1855.0381211330562,1837.3001723319358,1855.0381211330562,1319430,48.87765416304803,-14.041822466492704,-6.540505350617374,-385335,1908.6208984662344,1858.1788452148437,1813.2481103515624,1899.154078861643,1817.2036115680444
2020-01-27,1836.6646728515625,1857.1543330576778,1833.0662748524296,1853.9792759996194,1549101,45.37342977963669,-14.041822466492704,-6.540505350617374,-1934436,1908.6208984662344,1858.1788452148437,1813.2481103515624,1899.154078861643,1817.2036115680444
2020-01-28,1848.94189453125,1852.370998116009,1822.0597399112764,1840.6867446873212,1743024,49.378497422673654,-14.041822466492704,-6.540505350617374,-191412,1908.6208984662344,1858.1788452148437,1813.2481103515624,1899.154078861643,1817.2036115680444
2020-01-29,1824.2611083984375,1851.6511469003092,1820.3662885391698,1850.0001583525982,2306761,42.614453494717935,-14.041822466492704,-6.540505350617374,-2498173,1908.6208984662344,1857.8364135742188,1813.2481103515624,1899.8130264739077,1815.8598006745299
2020-01-30,1810.0791015625,1833.0664339745156,1799.1991557486585,1828.8330241962835,2098567,39.28439400322407,-14.041822466492704,-6.540505350617374,-4596740,1908.6208984662344,1857.2051635742187,1813.2481103515624,1901.586898837044,1812.8234283113934
2020-01-31,1760.2939453125,1815.582311576482,1753.986206858528,1811.3910710425566,3287223,30.32557152573993,-14.041822466492704,-6.540505350617374,-7883963,1908.6208984662344,1852.2684020996094,1813.2481103515624,1913.5051836211023,1791.0316205781164
2020-02-03,1780.14892578125,1858.212965750666,1772.2747417474332,1822.0596852705114,4728073,36.54109511522078,-14.041822466492704,-6.540505350617374,-3155890,1908.6208984662344,1848.3328247070312,1813.2481103515624,1917.0317404548525,1779.63390895921
2020-02-04,1784.5938720703125,1809.105273070461,1766.6866315922948,1802.5858634267324,3509339,37.87718949221258,-14.041822466492704,-6.540505350617374,353449,1908.6208984662344,1844.391424560547,1813.2481103515624,1918.0419331355993,1770.7409159854947
2020-02-05,1817.4453125,1826.039052229969,1781.6729975264705,1790.7324537044988,2439322,46.793441143086774,-14.041822466492704,-6.540505350617374,2792771,1908.6208984662344,1840.0060119628906,1813.2481103515624,1908.957307098863,1771.0547168269181
2020-02-06,1802.03564453125,1840.8558886361448,1791.1556985873144,1816.1328165775417,2640065,43.63013430903567,-14.162831286501387,-6.540505350617374,152706,1908.6208984662344,1836.5776733398438,1813.2481103515624,1905.9202204412177,1767.23512623847
2020-02-07,1808.9783935546875,1821.2129066063146,1794.1190837279314,1811.0527230269208,2083442,45.42036832369994,-13.542401450889201,-6.540505350617374,2236148,1908.6208984662344,1833.530255126953,1813.2481103515624,1902.0952138839464,1764.9652963699598
2020-02-10,1830.4842529296875,1834.7600387088164,1794.1192995034526,1812.6615540821042,2383032,50.64879024147917,-11.186413208447902,-6.540505350617374,4619180,1908.6208984662344,1832.5380798339843,1813.2481103515624,1900.6750031731087,1764.4011564948598
2020-02-11,1823.245361328125,1841.3644843794973,1818.3347699504695,1831.3735931075564,1335820,48.94904359991305,-9.7905344202386,-6.540505350617374,3283360,1908.6208984662344,1830.4848999023438,1813.2481103515624,1897.1270133849798,1763.8427864197079
2020-02-12,1837.934814453125,1850.0000320534737,1820.3661642631434,1821.2975970774796,1620407,52.43723604520447,-7.413515924687317,-6.540505350617374,4903767,1908.6208984662344,1828.3214416503906,1813.2481103515624,1890.9238722859127,1765.7190110148686
2020-02-13,1855.88427734375,1860.1600621147138,1838.1463335689775,1839.7973218680197,1645948,56.36099158181974,-4.034828999009733,-6.540505350617374,6549715,1908.6208984662344,1826.552801513672,1813.2481103515624,1883.704485961053,1769.401117066291
2020-02-14,1849.3233642578125,1872.8611725970977,1838.147199687296,1852.5407982108723,1500115,54.588304922088604,-1.8651063376105412,-6.540505350617374,5049600,1908.6208984662344,1825.2882263183594,1813.2481103515624,1879.1549664171464,1771.4214862195724
2020-02-17,1865.4520263671875,1877.0939033046884,1854.4027854591577,1860.1178886830219,1774724,58.07893926201122,1.1426905179384903,-6.540505350617374,6824324,1908.6208984662344,1826.8891723632812,1813.2481103515624,1883.464183910013,1770.3141608165495
2020-02-18,1876.034912109375,1880.4799908811563,1850.888507828034,1862.6573003686121,2486223,60.23861521249844,4.330423207356034,-4.366319639022692,9310547,1908.6208984662344,1828.9897094726562,1813.2481103515624,1889.4542612028006,1768.5251577425117
2020-02-19,1859.6102294921875,1888.1009981936918,1854.6570567458664,1876.0357788106155,1760463,55.46291980111578,5.468353929518798,-2.3993849253143944,7550084,1908.6208984662344,1828.7547729492187,1813.2481103515624,1888.70287211416,1768.8066737842773
2020-02-20,1826.1240234375,1874.8927891413557,1821.42489636645,1866.5107189028886,2317278,47.24001423299311,3.6263133692491465,-1.1942452664016863,5232806,1908.6208984662344,1827.3090881347657,1813.2481103515624,1886.0342112550898,1768.5839650144417
2020-02-24,1791.0284423828125,1844.8772812601562,1783.7045207296267,1825.4459751394027,3092877,40.46816525800849,-0.6578538019259668,-1.0869669735065424,2139929,1908.6208984662344,1824.4282287597657,1813.2481103515624,1884.3252247697965,1764.531232749735
2020-02-25,1825.5736083984375,1842.9305922201502,1787.3459925675897,1791.15606218699,2674567,48.321069345250685,-1.2511583843413518,-1.1198052556735043,4814496,1908.6208984662344,1823.8736755371094,1813.2481103515624,1883.5120547909053,1764.2352962833136
2020-02-26,1798.013671875,1832.1347853002576,1788.9963860839925,1823.7527176106134,2686842,43.40216851673611,-3.900253396544258,-1.675894883847655,2127654,1908.6208984662344,1821.3272644042968,1813.2481103515624,1880.8156185466291,1761.8389102619644
2020-02-27,1782.689208984375,1794.9237243130156,1766.3482026776687,1794.9237243130156,2349001,40.908510307318544,-7.153772130752714,-2.7714703332286668,-221347,1908.6208984662344,1819.2486694335937,1813.2481103515624,1881.042200062332,1757.4551388048553
2020-02-28,1693.490966796875,1752.2083408782385,1684.8971241109905,1750.938317920366,4298076,30.076510137330857,-16.736830092673472,-5.5645422851176285,-4519423,1908.6208984662344,1813.4192626953125,1813.2481103515624,1896.055188631845,1730.7833367587798
2020-03-02,1694.46435546875,1739.0420702859933,1681.2560364883825,1722.997491254769,2667076,30.293422063639312,-23.976541592232024,-9.246942146540508,-1852347,1908.6208984662344,1810.127783203125,1813.2481103515624,1905.264290536794,1714.991275869456
2020-03-03,1724.0137939453125,1744.1648662664002,1703.524131518445,1710.297587309771,2757585,36.71187274346365,-27.018223126892735,-12.801198342610954,905238,1908.6208984662344,1807.321026611328,1813.2481103515624,1908.9223107966254,1705.7197424260307
2020-03-04,1763.8077392578125,1773.3329108840348,1714.5308927200456,1740.778032312303,3237002,44.16767844722604,-25.918961191776134,-15.424750912443992,4142240,1908.6208984662344,1806.281719970703,1813.2481103515624,1909.2082803887229,1703.3551595526833
2020-03-05,1799.2415771484375,1818.4612166906686,1764.5276160801952,1765.9245586589109,3937056,49.83477931686137,-21.935712365959716,-16.726943203147137,8079296,1908.6208984662344,1805.371533203125,1813.2481103515624,1908.20902948846,1702.53403691779
2020-03-06,1791.9598388671875,1798.0559071132902,1753.9862802509888,1776.3385993898473,2595027,48.73991185152261,-19.145833150323142,-17.21072119258234,5484269,1908.6208984662344,1804.867742919922,1813.2481103515624,1907.8642695700203,1701.8712162698237
2020-03-09,1669.9532470703125,1761.0138355229412,1638.3296945670588,1756.8651763445205,4940975,34.90333065372211,-26.474563786822273,-19.06348971143033,543294,1908.6208984662344,1797.916485595703,1813.2481103515624,1916.4576570796098,1679.3753141117963
2020-03-11,1654.162353515625,1682.6109474688976,1625.6292153997167,1636.6360798789856,6796449,33.57481763989806,-33.1744147538343,-21.885674719911123,-6253155,1908.6208984662344,1789.100390625,1813.2481103515624,1921.9989738335594,1656.2018074164407
2020-03-12,1498.500244140625,1615.8080865332583,1488.7634003146889,1612.0826647462989,8728786,23.912444496787927,-50.4630199373471,-27.60114376339832,-14981941,1908.6208984662344,1772.863134765625,1813.2481103515624,1955.2472150192366,1590.4790545120136
2020-03-13,1529.361572265625,1540.9610730671525,1275.1453293049588,1429.1144136544872,8029720,28.31700585188169,-60.97127394936024,-34.2751698005907,-6952221,1908.6208984662344,1757.43447265625,1807.2131469726562,1965.5774902199732,1549.2914550925266
2020-03-16,1436.311279296875,1559.799820917011,1418.911923898886,1485.9268208491542,7844271,23.836566987088275,-75.93222255514684,-42.60658035150193,-14796492,1908.6208984662344,1736.4558227539062,1799.4852905273438,1981.911824936976,1490.9998205708364
2020-03-17,1403.798583984375,1465.6063624107076,1374.291740570968,1464.7596805144565,5713248,22.49713591350809,-89.38204433611759,-51.961673148425064,-20509740,1908.6208984662344,1714.1795837402344,1790.3806787109374,1993.1922662932768,1435.166901187192
2020-03-18,1400.750732421875,1450.8319937843526,1378.1866362745238,1419.716430041094,7258778,22.37023268079318,-99.14418865569746,-61.39817624987955,-27768518,1908.6208984662344,1690.9445190429688,1781.2184838867188,1992.2076311021528,1389.6814069837847
2020-03-19,1395.5909423828125,1437.4667527053657,1319.1739678779056,1330.218570089787,5135111,22.142515752576784,-106.0743512037186,-70.33341124064737,-32903629,1908.6208984662344,1666.9223205566407,1771.861865234375,1981.6384703411923,1352.206170772089
2020-03-20,1532.9879150390625,1594.0106768146877,1387.616570988495,1390.175175606175,8547498,39.734768689750915,-99.33469895732514,-76.13366878398293,-24356131,1908.6208984662344,1650.5912048339844,1764.4185522460937,1957.4158982967235,1343.7665113712453
2020-03-23,1424.033935546875,1492.5192909408574,1379.7274759540412,1381.646429328108,7003490,33.30765765192827,-101.61381081542709,-81.22969719027176,-31359621,1908.6208984662344,1630.4867004394532,1755.4871826171875,1941.3370073440665,1319.63639353484
2020-03-24,1452.5625,1509.5767185186858,1392.605823716574,1409.833823874076,6350865,36.21685093271973,-99.96566469870027,-84.97689069195746,-25008756,1908.6208984662344,1613.5634033203125,1747.1398974609374,1924.463701487303,1302.663105153322
2020-03-25,1492.7755126953125,1543.6917114797143,1432.8188261248176,1449.876193102494,2765520,40.178066065971805,-94.32729661789267,-86.84697187714451,-22243236,1908.6208984662344,1596.9234985351563,1739.9888525390625,1896.0551203476302,1297.7918767226824
2020-03-26,1527.4439697265625,1562.496929346754,1469.1078792643561,1562.1130762640564,4556067,43.43935595473197,-86.06924190117275,-86.69142588195017,-17687169,1908.6208984662344,1583.3950134277343,1733.251552734375,1869.0970906915813,1297.6929361638872
2020-03-27,1556.05810546875,1577.806245610955,1492.8605896422032,1552.2201983848315,4331250,46.05346278160248,-76.33580083141828,-84.6203008718438,-13355919,1908.6208984662344,1572.063458251953,1726.7486352539063,1842.8362161374316,1301.2907003664745
2020-03-30,1516.8258056640625,1624.713612476828,1504.0754701392282,1506.1649551884927,8513547,43.11141906798866,-70.96960395684027,-81.89016148884309,-21869466,1908.6208984662344,1563.2302001953126,1719.260009765625,1829.0630279418606,1297.3973724487646
2020-03-31,1557.4224853515625,1582.0703953517955,1518.105285027599,1567.0599369510269,3927593,46.892159844174934,-62.718066670269536,-78.05574252512838,-17941873,1908.6208984662344,1556.378106689453,1712.916162109375,1815.3019425453829,1297.4542708335232
2020-04-01,1457.33837890625,1564.7997604671498,1451.581519179773,1557.2518985366332,4941878,39.85917900370052,-63.522368550556166,-75.14906773021394,-22883751,1908.6208984662344,1543.0443359375,1705.394267578125,1793.3877476982477,1292.700924176752
2020-04-03,1410.8143310546875,1483.9904536909853,1407.2323267759343,1483.9904536909853,5735369,37.07547542766472,-67.13993801699598,-73.54724178757036,-28619120,1908.6208984662344,1525.3946655273437,1696.9300708007813,1760.2891932175626,1290.5001378371248
2020-04-07,1514.0118408203125,1523.0949094950677,1454.1405247868342,1458.4048665017515,5427577,46.072187995145974,-60.976808608920464,-71.03315515184038,-23191543,1908.6208984662344,1511.1331787109375,1689.9241284179689,1709.600724301477,1312.665633120398
2020-04-08,1454.524169921875,1540.2801173226399,1450.7289477108586,1501.0481763498594,6285615,42.31628896911731,-60.1987087898317,-68.86626587943864,-29477158,1908.6208984662344,1494.2613952636718,1681.913857421875,1646.310504798323,1342.2122857290206
2020-04-09,1506.29296875,1517.0817707011477,1476.4851671169138,1492.9028775308734,5307397,46.41059071506897,-54.773356503232435,-66.04768400419741,-24169761,1908.6208984662344,1486.0783813476562,1675.0668041992187,1615.3320514585803,1356.8247112367321
2020-04-13,1500.4083251953125,1524.0754168674284,1489.1078219644824,1501.9008444899505,2990438,46.010808677334744,-50.36795683002333,-62.9117385693626,-27160199,1908.6208984662344,1478.3906799316405,1668.3416772460937,1582.6055221715021,1374.175837691779
2020-04-15,1479.85400390625,1545.3968921123296,1473.5854446194899,1522.3694549782053,4761399,44.56675010458038,-47.982100017035236,-59.92581085889713,-31921598,1908.6208984662344,1477.4583679199218,1660.9599194335938,1581.2697635815077,1373.6469722583358
2020-04-16,1463.5643310546875,1505.226916530731,1428.5967392794826,1458.361752405111,6245533,43.40409851899732,-46.86549550479549,-57.31374778807681,-38167131,1908.6208984662344,1474.168505859375,1653.7459838867187,1575.3284456948097,1373.0085660239404
2020-04-17,1540.450439453125,1579.4691580392125,1495.0778946756607,1535.1626984690183,9895823,50.03031250185916,-39.323218416358486,-53.71564191373315,-28271308,1908.6208984662344,1479.3754638671876,1648.3534106445313,1582.8979677217249,1375.8529600126503
2020-04-20,1551.06884765625,1560.7488813717412,1537.2950047391057,1560.7488813717412,3244282,50.88554854063856,-32.118846613871256,-49.39628285376078,-25027026,1908.6208984662344,1486.7389770507812,1644.1689086914062,1588.6489314220485,1384.8290226795139
2020-04-21,1481.986572265625,1530.557378666276,1473.5004705012875,1505.312498660855,5122541,45.43699904991756,-31.619205812725568,-45.84086744555374,-30149567,1908.6208984662344,1490.8007690429688,1638.2056616210937,1584.8505835594199,1396.7509545265177
2020-04-22,1509.1500244140625,1526.6338195542085,1466.208138635727,1481.9861976646391,3829836,47.80362589844586,-28.700531443147156,-42.412800245072425,-26319731,1908.6208984662344,1496.4787231445312,1632.6967846679688,1579.9698470767455,1412.9875992123168
2020-04-23,1601.8995361328125,1620.449417624035,1501.7727986639625,1518.1052438793593,5934366,54.98346846426249,-18.687927723683515,-37.66782574079465,-20385365,1908.6208984662344,1499.9243041992188,1628.385869140625,1594.1548990392725,1405.693709359165
2020-04-24,1550.9833984375,1579.4691110402252,1541.8150659277915,1569.8743444602976,2987102,50.848420450879416,-14.692013540553717,-33.07266330074646,-23372467,1908.6208984662344,1506.27177734375,1623.36482421875,1596.2038625674186,1416.3396921200815
2020-04-27,1566.37744140625,1599.1275953816398,1556.4841928381295,1562.7101712534297,3374741,52.02321386124229,-10.165866367767876,-28.49130391415075,-19997726,1908.6208984662344,1511.9625244140625,1618.5128051757813,1601.983868659332,1421.941180168793
2020-04-28,1585.5247802734375,1593.1579095558848,1562.9663523322579,1590.5993047760842,2678505,53.511578141249274,-4.976466292929217,-23.788336389906444,-17319221,1908.6208984662344,1516.5999877929687,1613.6136157226563,1611.6077294093627,1421.5922461765747
2020-04-29,1625.2684326171875,1631.1532444770735,1577.8489778293676,1598.27513116481,4241510,56.52630958027798,2.3164486682601364,-18.56737937827313,-13077711,1908.6208984662344,1521.4912109375,1609.6540771484374,1627.6468631794637,1415.3355586955363
2020-04-30,1718.0601806640625,1733.0280581448462,1656.4404576320915,1688.678914924604,5915544,62.621073832538606,15.406063383264609,-11.772690825965583,-7162167,1908.6208984662344,1529.5913146972657,1607.2565844726562,1665.5893797997014,1393.59324959483
2020-05-04,1646.4193115234375,1676.738816507597,1632.0911887821817,1676.738816507597,3729348,56.083701164602665,19.77095072558859,-5.463962515654749,-10891515,1908.6208984662344,1536.0709899902345,1603.06728515625,1681.0699329805368,1391.0720469999321
2020-05-05,1648.3809814453125,1686.120398560281,1643.476989390825,1667.4425645220822,2905528,56.21848050697625,23.121910765614757,0.2532121405991523,-7985987,1908.6208984662344,1540.618914794922,1599.0484375,1693.5028202705591,1387.7350093192847
2020-05-06,1623.519775390625,1666.2484485118362,1614.9910939648391,1654.3936646178984,3517431,53.958331577894164,23.50057913716296,4.902685539911914,-11503418,1908.6208984662344,1548.9279846191407,1594.2097924804686,1700.8645075293,1396.9914617089814
2020-05-07,1613.328369140625,1649.8310705623155,1606.2495204810723,1628.9784819013091,3166754,53.01736819474585,22.71645409621442,8.465439251172416,-14670172,1908.6208984662344,1559.0536865234376,1588.9556616210937,1699.3711597152296,1418.7362133316456
2020-05-08,1614.8209228515625,1654.1381321888528,1608.7228934473953,1653.7969640336028,2686530,53.14623446204597,21.962298259349836,11.1648110528079,-11983642,1908.6208984662344,1564.094140625,1584.0598754882812,1704.819447266684,1423.3688339833159
2020-05-11,1650.5556640625,1664.2868195547599,1628.1251915449864,1628.1251915449864,2449841,56.24091282382516,23.97178744946723,13.726206332139768,-9533801,1908.6208984662344,1573.8957153320312,1580.5485083007814,1709.959420167288,1437.8320104967743
2020-05-12,1662.666259765625,1668.636336102306,1629.1911888778072,1648.935105013233,3256595,57.270952093703535,26.239078210640855,16.228780707839984,-6277206,1908.6208984662344,1581.7143798828124,1577.9812646484374,1719.3037012518262,1444.1250585137986
2020-05-13,1662.79443359375,1700.6191157730445,1642.3255976967826,1700.6191157730445,2656665,57.28241278398165,27.72664947465114,18.528354461202216,-3620541,1908.6208984662344,1589.8336853027345,1574.7256811523437,1726.434523473524,1453.232847131945
2020-05-14,1622.45361328125,1640.1506264006246,1612.8588471321916,1628.978075084585,2263146,52.50877462341403,25.358081186771642,19.894299806316102,-5883687,1908.6208984662344,1596.9636657714843,1571.2144799804687,1724.4397356013683,1469.4875959416004
2020-05-15,1614.3941650390625,1635.2894350128163,1590.7696544803578,1634.095398763768,3173682,51.58389001384665,22.570465361428887,20.42953291733866,-9057369,1908.6208984662344,1604.5051574707031,1567.8485791015626,1716.417354980369,1492.5929599610372
2020-05-18,1659.340087890625,1665.6086473518733,1596.6542850584005,1626.4194013748595,3727694,56.21563268056975,23.714652331311754,21.086556800133277,-5329675,1908.6208984662344,1610.449639892578,1567.1655615234374,1720.7390999744725,1500.1601798106835
2020-05-19,1661.94140625,1677.1223956202803,1623.007957544727,1623.007957544727,3198693,56.47515793234595,24.548355241439822,21.778916488394586,-2130982,1908.6208984662344,1615.9932678222656,1566.5151025390626,1724.9239910635222,1507.062544581009
2020-05-20,1666.163330078125,1674.0950461505058,1647.4854952795333,1663.093025314906,2778505,56.921454090977896,25.258579590462432,22.474849108808158,647523,1908.6208984662344,1625.2021057128907,1565.3580932617188,1717.0636309736292,1533.3405804521522
2020-05-21,1698.231201171875,1704.0307468591966,1655.5452081421636,1659.6815982922906,3400908,60.255045498463915,28.08529687890791,23.59693866282811,4048431,1908.6208984662344,1634.6561645507813,1564.0465625,1714.9933013627292,1554.3190277388335
2020-05-22,1723.09228515625,1733.0282207279727,1672.6877942434726,1686.2057346904603,3663418,62.667050741132954,31.963121432666867,25.27017521679586,7711849,1908.6208984662344,1640.715802001953,1562.5235766601563,1728.2187669315454,1553.2128370723608
2020-05-26,1657.123046875,1726.205376672671,1641.7714180310732,1718.5295622507076,4575317,53.405416209821404,29.3745476283309,26.091049699102868,3136532,1908.6208984662344,1646.0227844238282,1559.8268408203126,1723.4021829013245,1568.6433859463318
2020-05-27,1710.2567138671875,1714.2651529290847,1655.6304617530277,1670.7688729293916,3482160,58.69977969982097,31.250293181252346,27.122898395532765,6618692,1908.6208984662344,1653.216748046875,1560.63291015625,1726.2720850440417,1580.1614110497082
2020-05-28,1709.4034423828125,1717.676220669598,1681.2587972576403,1695.9280858001468,3475681,58.58465610850132,32.2956984597879,28.157458408383796,3143011,1908.6208984662344,1659.4106811523438,1561.7377319335938,1729.4004765398251,1589.4208857648625
2020-05-29,1682.154541015625,1707.9964886213402,1673.6685442331923,1690.384739808922,7237735,54.88287160891832,30.573004498183536,28.640567626343746,-4094724,1908.6208984662344,1662.2549865722656,1565.4108178710937,1731.0774332766885,1593.4325398678427
2020-06-01,1744.3284912109375,1756.9082957557907,1689.6169814701593,1697.2075284242833,3747773,60.94648524380912,33.83465050398081,29.679384201871162,-346951,1908.6208984662344,1663.5684020996093,1569.71015625,1737.4195837029083,1589.7172204963103
2020-06-02,1745.9490966796875,1774.8186634393649,1739.8937534889687,1757.0789638427254,2443886,61.0932657469413,36.13377016980235,30.9702613954574,2096935,1908.6208984662344,1668.5448913574219,1575.9029125976563,1750.1134683295145,1586.9763143853293
2020-06-03,1750.22607421875,1765.2806576112569,1727.8579907327626,1755.1017757530449,3699799,61.50447496935629,37.8644772880798,32.349104573981876,5796734,1908.6208984662344,1673.6371459960938,1582.8314624023437,1761.9703503655055,1585.303941626682
2020-06-04,1789.0595703125,1796.2874470832169,1750.7387296750353,1750.7387296750353,4048593,65.11018606086088,41.88676913707968,34.25663748660144,9845327,1908.6208984662344,1681.9141357421875,1590.5976391601562,1780.3561887321298,1583.4720827522451
2020-06-05,1752.022216796875,1794.5771321078207,1745.2220258653115,1789.1028144749243,3573289,59.39598032680385,41.6062485772195,35.726559704725055,6272038,1908.6208984662344,1688.848828125,1597.7262646484376,1786.5253610941168,1591.1722951558831
2020-06-08,1772.12353515625,1792.0110081584862,1763.8692481740761,1777.6834738450473,2957841,61.377145056339415,42.515846200558826,37.08441700389181,9229879,1908.6208984662344,1696.7139587402344,1602.5089770507811,1794.6127492786347,1598.815168201834
2020-06-09,1772.3800048828125,1792.4385090661528,1762.286537009564,1764.7244395596292,2909439,61.40302129325363,42.764441966826325,38.22042199647871,12139318,1908.6208984662344,1702.80517578125,1609.4758984375,1803.5757764690368,1602.0345750934632
2020-06-10,1803.7720947265625,1823.6595641764227,1773.6201249154844,1776.6567480387037,5168397,64.53504447947293,44.97607895680153,39.57155338854328,17307715,1908.6208984662344,1709.8604675292968,1616.5000903320313,1817.898621090236,1601.8223139683575
2020-06-11,1768.6163330078125,1800.5646781698256,1763.6125137143674,1796.2878024497072,2269513,58.78225034278256,43.39184684367024,40.33561207956867,15038202,1908.6208984662344,1715.1515625,1622.0169067382812,1823.8146561263206,1606.4884688736793
2020-06-12,1744.5372314453125,1752.8343267934554,1720.1590450779718,1720.3300783036677,2842642,55.155634502817755,39.73530535581904,40.21555073481875,12195560,1908.6208984662344,1721.2557434082032,1626.3587719726563,1821.8178902041152,1620.6935966122912
2020-06-15,1736.326416015625,1761.2178174184392,1711.5632373805063,1744.195827343107,2399022,53.93370460020854,35.76267583270305,39.32497575439561,9796538,1908.6208984662344,1727.3523559570312,1629.9641381835938,1815.2478409274188,1639.4568709866437
2020-06-16,1749.9266357421875,1774.0053642245175,1737.2670409448092,1766.3497979079425,2146528,55.68496925018329,33.327582756224956,38.125497154761476,11943066,1908.6208984662344,1731.8816833496094,1634.6261547851564,1814.467051010711,1649.2963156885078
2020-06-17,1751.636962890625,1761.0888983860686,1733.4602441808433,1750.0972461276745,2703527,55.911959518296186,31.176381141124693,36.73567395203412,14646593,1908.6208984662344,1736.3664611816407,1638.5104443359376,1812.7838398641322,1659.9490824991492
2020-06-18,1743.3399658203125,1761.3883594994413,1732.305606176288,1749.2420748778984,1944389,54.45476182083756,28.473811663387323,35.08330149430476,12702204,1908.6208984662344,1740.22529296875,1644.2304760742188,1809.5367888673388,1670.913797070161
2020-06-19,1748.900146484375,1787.7342021902564,1738.122439641436,1746.6761918050258,5681758,55.29560809623351,26.475473217696162,33.361735838983044,18383962,1908.6208984662344,1742.758740234375,1650.9921923828124,1809.3977671708776,1676.1197132978723
2020-06-22,1734.657958984375,1755.4436164800434,1727.1307204644606,1753.5190224310336,3196138,52.61604312814463,23.47197972642607,31.38378461647165,15187824,1908.6208984662344,1743.3370239257813,1655.4051147460937,1809.482264897729,1677.1917829538336
2020-06-23,1740.9451904296875,1748.38691292086,1719.3041560523134,1733.8455344865868,4205944,53.683083194190694,21.352873890140472,29.377602471205417,19393768,1908.6208984662344,1747.5281311035155,1661.13353515625,1800.62714796304,1694.429114243991
2020-06-24,1746.8470458984375,1765.7081092508404,1737.7800904182627,1739.8330116101292,2560937,54.714008240909855,19.920071475855366,27.486096272135406,21954705,1908.6208984662344,1749.357647705078,1665.9446166992188,1799.6406282682558,1699.0746671419004
2020-06-25,1724.5218505859375,1762.072841241202,1718.6625515844103,1740.6884620999253,3043931,50.16535606222077,16.789568858813027,25.34679078947093,18910774,1908.6208984662344,1750.1135681152343,1670.4268872070313,1798.385590351441,1701.8415458790278
2020-06-26,1812.4117431640625,1823.6598429969085,1727.8150144539,1732.134700782711,6300722,63.152653032312706,21.156721272105415,24.508776885997825,25211496,1908.6208984662344,1756.6264282226562,1677.0780419921875,1801.4934026434394,1711.759453801873
2020-06-29,1797.6990966796875,1819.89624884091,1788.846089194922,1803.1308124034804,3076341,60.31880417034799,23.16351878493856,24.239725265785975,22135155,1908.6208984662344,1759.2949584960938,1683.7607373046876,1807.1667262332644,1711.4231907589233
2020-06-30,1781.01904296875,1806.4664502225112,1774.9460055282743,1796.287570853725,3071725,57.185775100225825,23.141221739306502,24.020024560490082,19063430,1908.6208984662344,1761.0484558105468,1688.572109375,1809.4031029363912,1712.6938086847024
2020-07-01,1789.487548828125,1808.2201802900945,1778.7525493821536,1778.9235826385732,2503466,58.36808710357028,23.535585242316074,23.92313669685528,21566896,1908.6208984662344,1763.0115295410155,1693.3404833984375,1812.6208923513632,1713.402166730668
2020-07-02,1845.172119140625,1851.8868965013019,1794.5767708359035,1797.9982708756288,3758699,65.17759252044657,28.018421684220584,24.742193694328343,25325595,1908.6208984662344,1765.817156982422,1700.6041943359376,1826.1825038972977,1705.4518100675461
2020-07-03,1881.5260009765625,1886.1023418921202,1847.8243011666452,1850.732493353834,4185208,68.76908167908377,34.11134198676473,26.61602335281562,29510803,1908.6208984662344,1772.2923461914063,1708.0517138671876,1850.4966302667192,1694.0880621160934
2020-07-06,1935.885009765625,1941.6159815399387,1886.1022174920633,1886.1022174920633,5190366,73.21720733327273,42.83259543789404,29.859337769831306,34701169,1908.6208984662344,1780.480419921875,1714.7314233398438,1886.311597075388,1674.649242768362
2020-07-07,1941.6158447265625,1969.672189610641,1909.325434888337,1945.9783412440536,5630055,73.64340652969774,49.634526196341994,33.814375455133444,40331224,1908.6208984662344,1788.9422119140625,1722.544072265625,1915.8028915727277,1662.0815322553972
2020-07-08,1897.99169921875,1945.4650166024567,1888.3261277898566,1941.7014497480034,2793358,65.14510267497784,50.91804978485766,37.23511032107829,37537866,1908.6208984662344,1793.6531921386718,1729.176357421875,1929.0756118341874,1658.2307724431562
2020-07-09,1885.5462646484375,1919.8894928274592,1874.1697335728263,1906.631178218938,3443998,62.91452612833216,50.35059855902796,39.858207968668225,34093868,1908.6208984662344,1799.499688720703,1735.176787109375,1940.0913106584376,1658.9080667829685
2020-07-10,1900.943115234375,1924.4659326896792,1861.2963920997026,1886.3161161203443,9610320,64.53250336619463,50.560457063492095,41.998657787633,43704188,1908.6208984662344,1807.3199829101563,1740.6902807617187,1952.1486940445914,1662.4912717757213
2020-07-13,1898.93310546875,1920.2746767570843,1890.3793527414134,1898.93310546875,2963503,64.13909611035587,49.98834591544687,43.59659541319577,40740685,1908.6208984662344,1815.4503173828125,1744.3077392578125,1961.6745347724711,1669.2260999931539
2020-07-14,1857.831787109375,1915.1847256395265,1851.886972313343,1890.378849336022,2976738,56.547709037814585,45.69170527887536,44.01561738633169,37763947,1908.6208984662344,1820.8455749511718,1748.5359887695313,1964.9485026049522,1676.7426472973914
2020-07-15,1910.8221435546875,1933.1475147578362,1865.6585102753336,1868.9943892680851,5569321,62.68052094627182,46.03183913726866,44.418861736519084,43333268,1908.6208984662344,1828.804833984375,1753.7848120117187,1974.3158120026103,1683.2938559661395
2020-07-16,1915.837646484375,2000.0667767079303,1903.2783738912547,1923.7676154876106,8582118,63.20979608200715,46.17384351487635,44.76985809219054,51915386,1908.6208984662344,1837.4297180175781,1759.6311694335936,1982.1017041716034,1692.7577318635529
2020-07-17,1886.6895751953125,1923.6817237458743,1877.516572204934,1917.7664794783207,4509135,58.05659054120701,43.433700590913304,44.5026265919351,47406251,1908.6208984662344,1844.319189453125,1765.0983935546874,1984.5259439614913,1704.112434944759
2020-07-20,1892.8193359375,1909.1079219121796,1878.159734140464,1886.9040910668125,2952646,58.81696893353902,41.28087778272993,43.85827683009407,50358897,1908.6208984662344,1852.2272583007812,1770.6583618164063,1984.4131862446789,1720.0413303568835
2020-07-21,1907.5220947265625,1919.1811677796663,1887.032642136425,1911.765658251411,2665286,60.659220725077006,40.29662553974549,43.14594657202436,53024183,1908.6208984662344,1860.556103515625,1775.7976904296875,1984.3721160385433,1736.7400909927067
2020-07-22,1878.2879638671875,1912.622625243603,1872.501230240834,1912.622625243603,2861534,55.356760885776424,36.73419951968208,41.8635971615559,50162649,1908.6208984662344,1867.1281494140626,1780.1101245117188,1979.5317597892567,1754.7245390388684
2020-07-23,1861.3563232421875,1878.2878763974793,1854.3265556909269,1878.2878763974793,2265766,52.494633195980164,32.17382945957888,39.9256436211605,47896883,1908.6208984662344,1873.969873046875,1784.0813623046874,1965.5487264939875,1782.3910195997623
2020-07-24,1849.5257568359375,1854.3266863459364,1821.8353315951642,1847.0396882719926,3665100,50.528792008967244,27.290487739517175,37.39861244483184,44231783,1908.6208984662344,1875.8255737304687,1788.6228051757812,1963.771774280079,1787.8793731808585
2020-07-27,1891.8765869140625,1898.9063563959633,1854.7557119921744,1856.041653091314,4248480,56.76988919950309,26.531918845535756,35.225273724972624,48480263,1908.6208984662344,1880.5344482421874,1794.1724536132813,1961.011885552371,1800.0570109320038
2020-07-28,1980.1346435546875,1988.9219062872064,1898.906044149208,1898.906044149208,8092319,66.30885545530835,32.67576917234601,34.715372814447306,56572582,1908.6208984662344,1890.4902282714843,1800.5883447265626,1968.4871788269893,1812.4932777159793
2020-07-29,1951.2435302734375,2007.782012637754,1925.5247171311948,1964.9173240673492,6090431,61.523127900055734,34.81224948946419,34.73474814945068,50482151,1908.6208984662344,1898.57802734375,1806.3743872070313,1965.8071788370198,1831.34887585048
2020-07-30,1954.2015380859375,2021.4991124398512,1947.9861570150347,1959.6881355870369,7098496,61.826903961733166,36.32537572308138,35.05287366417682,57580647,1908.6208984662344,1904.0294982910157,1812.1351513671875,1970.7321328102507,1837.3268637717806
2020-07-31,1955.830322265625,2001.60994450558,1935.2981741443718,1974.4764655680665,4723290,62.00478579391056,37.226840590271195,35.4876670493957,62303937,1908.6208984662344,1907.7447143554687,1817.2871337890624,1977.2386977266767,1838.2507309842606
2020-08-03,1932.46923828125,1975.0769186658217,1912.365735301378,1963.5890531771101,4012337,57.841574552798605,35.64531672860062,35.51919698523668,58291600,1908.6208984662344,1907.57392578125,1821.4746728515624,1976.8067375208186,1838.3411140416813
2020-08-04,1928.6544189453125,1945.757393706608,1907.5222039327818,1937.4416831242054,2927928,57.16656333764838,33.6957005739564,35.15449770298063,55363672,1908.6208984662344,1906.9258544921875,1826.9053002929688,1975.1065645581282,1838.7451444262467
2020-08-05,1937.055908203125,1971.7763172680627,1931.4834968717153,1937.484555228618,3800641,58.3201856372752,32.454431213260705,34.61448440503665,59164313,1908.6208984662344,1908.8790649414063,1831.4412841796875,1978.1535140701794,1839.6046158126333
2020-08-06,1978.72021484375,1988.493281981405,1942.0708991271279,1950.3437018787224,4748047,63.56143215695641,34.43572405341206,34.57873233471173,63912360,1908.6208984662344,1913.5377624511718,1836.8276196289062,1988.2291862036952,1838.8463386986484
2020-08-07,1967.7896728515625,1995.7802354752102,1960.6311849363426,1978.6343571635675,3165491,61.38069737296263,34.72363704214922,34.607713276199235,60746869,1908.6208984662344,1916.8800903320312,1842.540322265625,1994.9252893403086,1838.8348913237537
2020-08-10,1957.0308837890625,1993.208650554113,1951.2441489971313,1987.2075922513695,2929353,59.226757801713156,33.69524795378493,34.42522021171637,57817516,1908.6208984662344,1919.784979248047,1846.7943701171876,1999.2538282374048,1840.316130258689
2020-08-11,1954.544677734375,1982.0639012600566,1950.8584806523843,1957.202373086812,2774423,58.714012291246135,32.30720874966369,34.001617919305836,55043093,1908.6208984662344,1924.620623779297,1850.9662817382812,2000.090961343805,1849.1502862147888
2020-08-12,1935.212646484375,1968.6898089114422,1925.9538296546166,1961.7887598233308,3415751,54.74524731459339,29.309383988603713,33.06317113316541,51627342,1908.6208984662344,1925.8401489257812,1854.6660131835938,2001.1673117786615,1850.512986072901
2020-08-13,1932.7265625,1971.7763490111302,1929.3402928041514,1948.629409261869,2695682,54.23751315712623,26.4283307213434,31.736203050801013,48931660,1908.6208984662344,1926.6845947265624,1857.5393530273439,2001.9229070148342,1851.4462824382906
2020-08-14,1922.181396484375,1955.7445775915971,1914.4230542816767,1952.0581720338082,2270405,52.03310499379559,23.028707872854966,29.994704015211802,46661255,1908.6208984662344,1928.4591857910157,1860.9425366210937,2001.482075240996,1855.4362963410354
2020-08-17,1931.826416015625,1946.05758161008,1918.8384942902035,1940.056522988375,2625630,53.879483671720344,20.87215354820887,28.17019392181122,49286885,1908.6208984662344,1930.4095397949218,1864.1365942382813,2001.5808453121224,1859.2382342777212
2020-08-18,1945.8428955078125,1962.3458036424202,1927.453982589305,1939.8847445608276,3493374,56.50001180539779,20.06280987957848,26.548717113364674,52780259,1908.6208984662344,1932.3255798339844,1867.6058520507813,2002.9905680294003,1861.6605916385686
2020-08-19,1934.5693359375,1958.5735631209118,1931.0543475226857,1951.5008890400852,2843005,53.84977104829997,18.30075741131509,24.899125172954758,49937254,1908.6208984662344,1935.1396484375,1870.221796875,2001.3125940319987,1868.9667028430013
2020-08-20,1931.3548583984375,1951.672684199287,1920.3814534135006,1934.912544753965,2895164,53.08515415727618,16.45525077453067,23.210350293269943,47042090,1908.6208984662344,1938.6395751953125,1873.4765673828124,1995.5950831920359,1881.6840671985892
2020-08-21,1927.71142578125,1946.9147281956893,1921.238814041015,1937.4844939331826,1975294,52.180764690405375,14.531172593632618,21.47451475334248,45066796,1908.6208984662344,1942.5488586425781,1877.1400512695313,1982.7785773625276,1902.3191399226287
2020-08-24,1927.2825927734375,1937.4414003956554,1911.7654887188812,1929.4258276262613,2167966,52.06832538075959,12.823897624002711,19.744391327474528,42898830,1908.6208984662344,1944.319158935547,1880.9591748046876,1978.067793960817,1910.570523910277
2020-08-25,1922.60986328125,1928.9110564524258,1914.8086152553003,1924.624587438087,1663419,50.784211437186734,10.967394396294594,17.98899194123854,41235411,1908.6208984662344,1941.442919921875,1884.4128393554688,1972.1608019854898,1910.7250378582603
2020-08-26,1931.912109375,1937.3987074831466,1900.149323493487,1922.0532279648326,2618149,53.25571013529867,10.129944041366116,16.417182361264057,43853560,1908.6208984662344,1940.4763488769531,1888.0183422851562,1971.1163246833744,1909.8363730705319
2020-08-27,1927.53955078125,1960.9313161416896,1921.8386299783938,1942.6280073741677,3579393,51.93547127598765,9.00957291773102,14.935660472557451,40274167,1908.6208984662344,1939.1432495117188,1891.702333984375,1969.598060083729,1908.6884389397085
2020-08-28,1919.09521484375,1954.5870969772234,1916.1375928826703,1944.6853110203404,2941136,49.389042765707664,7.355493838185566,13.419627145683076,37333031,1908.6208984662344,1937.306494140625,1895.1062353515624,1967.9446054596153,1906.6683828216349
2020-08-31,1935.126708984375,1951.372386976022,1910.0508617198748,1920.3383888027467,6018154,54.00026373987676,7.254605273256175,12.186622771197698,43351185,1908.6208984662344,1937.4393676757813,1899.1156103515625,1968.0153995881328,1906.8633357634299
2020-09-01,1925.7825927734375,1952.9158660152918,1921.4532159162834,1945.2002194858196,3610908,51.07905144062934,6.347488377658465,11.018795892489852,39740277,1908.6208984662344,1937.2957763671875,1902.8123583984375,1968.061865963282,1906.529686771093
2020-09-02,1941.8992919921875,1944.9856339082528,1921.752884324157,1926.339490641033,2084137,55.54590360899295,6.850110823028672,10.185058878597616,41824414,1908.6208984662344,1937.5379455566406,1906.7134033203124,1968.368849682928,1906.7070414303532
2020-09-03,1971.3472900390625,1992.3509902373478,1944.342532641267,1944.342532641267,4654146,62.31643889015856,9.514967445527873,10.051040591983668,46478560,1908.6208984662344,1937.1692993164063,1911.649912109375,1966.1420372467708,1908.1965613860418
2020-09-04,1962.1739501953125,1992.564971359771,1940.012823338876,1950.3432547460382,5231303,59.28723300876915,10.762609000457132,10.193354273678361,41247257,1908.6208984662344,1936.8885131835937,1914.64515625,1964.756581609675,1909.0204447575122
2020-09-07,1994.9659423828125,2009.0683861004613,1957.5022383616697,1962.3458654934739,4620401,65.70497545448009,14.233340547048783,11.001351528352446,45867658,1908.6208984662344,1938.7852661132813,1918.5904931640625,1975.6050038751407,1901.9655283514219
2020-09-08,2013.0980224609375,2049.3186992421156,1994.9663354373529,2002.5961694297084,7453998,68.64792281507003,18.236805092097256,12.448442241101407,53321656,1908.6208984662344,1941.7129333496093,1923.2320727539063,1990.4593536010907,1892.966513098128
2020-09-09,1995.4801025390625,2022.356350561891,1988.9218877929577,1993.2083573787186,3866535,62.99170140324742,19.760177661064517,13.91078932509403,49455121,1908.6208984662344,1944.7263061523438,1927.351923828125,1998.6672254567493,1890.7853868479383
2020-09-10,1998.4808349609375,2013.3549696598066,1992.6084966100218,2001.78150059853,2308813,63.54268791728077,20.967890634381092,15.322209586951443,51763934,1908.6208984662344,1948.0140197753906,1930.4180981445313,2006.456278765595,1889.5717607851861
2020-09-11,2035.301025390625,2042.9308554824536,1997.6228004185787,1998.3086772280076,4145424,69.53606142328474,24.6123773499246,17.180243139546075,55909358,1908.6208984662344,1953.6700012207032,1933.4935986328126,2022.0650048106945,1885.2749976307118
2020-09-14,2135.861572265625,2148.163821339894,2041.9452090751474,2043.8741200191819,7512131,79.46507490469443,35.20918546922621,20.786031605482105,63421489,1908.6208984662344,1963.871759033203,1937.4931298828126,2067.8183719422173,1859.925146124189
2020-09-15,2135.861572265625,2175.8115448710573,2112.886267127976,2135.861572265625,7318770,79.46507490469443,43.11028373398699,25.25088203118308,70740259,1908.6208984662344,1973.3726928710937,1941.3780444335937,2101.0242441629985,1845.721141579189
2020-09-16,2145.806396484375,2149.7500317121953,2123.7739875295424,2133.7613766496534,3074003,80.20504376929352,49.602636913469496,30.121233007640363,73814262,1908.6208984662344,1983.9345458984376,1946.3343383789063,2130.543699487974,1837.325392308901
2020-09-17,2109.75732421875,2139.591192990988,2100.884458174163,2126.0888144315936,4828176,70.31396667280897,51.248256723344866,34.34663775078127,68986086,1908.6208984662344,1992.854669189453,1950.8185595703126,2147.0925345775013,1838.616803801405
2020-09-18,2100.284423828125,2143.5777695284337,2088.710955175567,2130.3755260448897,4183256,67.94281674085204,51.19786130991133,37.71688246260729,64802830,1908.6208984662344,2001.4833190917968,1954.8053857421876,2159.4421957873146,1843.5244423962793
2020-09-21,2113.4873046875,2147.436027364296,2102.2137610623663,2113.230074583063,4598809,69.4872501337088,51.628147578084054,40.49913548570264,69401639,1908.6208984662344,2010.7935546875,1959.0964697265624,2172.076268516819,1849.5108408581816
2020-09-22,2162.90966796875,2190.385980147287,2107.2284693550023,2130.375405348731,7499613,74.44953908993098,55.31943619720141,43.463195628002396,76901252,1908.6208984662344,2022.808544921875,1965.19802734375,2191.6494863927564,1853.9676034509935
2020-09-23,2115.330078125,2160.25241014795,2065.2212847449828,2151.8079803694095,7502280,63.70778776314458,53.78552767823703,45.52766203804932,69398972,1908.6208984662344,2031.979443359375,1969.2881860351563,2199.998657815329,1863.960228903421
2020-09-24,1999.423828125,2100.3701914058315,1974.005146059324,2100.3701914058315,8424708,46.214770465427016,42.72472439211697,44.96707450886285,60974264,1908.6208984662344,2035.5736572265625,1970.9599096679688,2197.466270762249,1873.6810436908759
2020-09-25,2076.62255859375,2091.7966151303485,2016.4405830840599,2030.0714691101089,8228267,55.0648365486644,39.730264710844494,43.91971254925918,69202531,1908.6208984662344,2043.4500244140625,1974.7585693359374,2197.022895162223,1889.877153665902
2020-09-28,2080.052734375,2095.2267982139488,2028.3578578454187,2091.7976217847936,4347166,55.41587495682352,37.20504377261591,42.57677879393053,73549697,1908.6208984662344,2050.696325683594,1978.5032373046874,2196.6269758008225,1904.7656755663652
2020-09-29,2133.290283203125,2152.70811767689,2080.052451949216,2087.3823574313583,6995811,60.56503225697923,39.04947520875339,41.8713180768951,80545508,1908.6208984662344,2061.071710205078,1983.0186010742189,2199.3063818963724,1922.8370385137835
2020-09-30,2136.633544921875,2147.5211351642524,2108.942911179266,2133.804433302924,3917166,60.870661862292934,40.316233249288416,41.56030111137376,84462674,1908.6208984662344,2070.8084228515627,1988.1855126953126,2201.3117380798403,1940.305107623285
2020-10-01,2163.337890625,2177.5261441724697,2136.6332737974667,2151.8073314460235,2610337,63.3162530932228,42.97952443970871,41.84414577704075,87073011,1908.6208984662344,2080.4079528808593,1994.2251440429689,2208.456180012888,1952.3597257488304
2020-10-05,2319.665771484375,2338.7834664490993,2231.578827246479,2246.1099163337003,17412105,73.68495974551463,57.046953623951595,44.88470734642292,104485116,1908.6208984662344,2098.2825439453127,2003.6279443359374,2252.4621448111316,1944.1029430794936
2020-10-06,2326.952880859375,2345.5561166791226,2271.91465419209,2345.5561166791226,9846367,74.05312223323101,67.99964386233023,49.50769464960439,114331483,1908.6208984662344,2114.8818908691405,2012.3294702148437,2290.9283523932113,1938.8354293450698
2020-10-07,2345.513427734375,2374.704329675827,2317.265632893054,2350.700098184519,9656101,75.01205083952435,77.2865001375576,55.063455747195036,123987584,1908.6208984662344,2131.5026611328126,2019.6370458984375,2327.5984198433243,1935.4069024223006
2020-10-08,2422.455810546875,2473.2933907329207,2400.423394818779,2400.423394818779,19839329,78.55095412154552,89.81962319706554,62.01468923716914,143826913,1908.6208984662344,2152.851446533203,2029.0612915039062,2376.1467303469863,1929.5561627194204
2020-10-09,2411.525146484375,2426.013540851065,2383.2773506807894,2408.9961710118773,7739245,76.88506660588007,97.74347435041727,69.16044625981877,136087668,1908.6208984662344,2173.503662109375,2038.207763671875,2411.770502451261,1935.2368217674891
2020-10-12,2426.141845703125,2446.716900224989,2401.0659980046034,2413.7110835961653,4623203,77.5700957903934,104.0037385894343,76.12910472574188,140710871,1908.6208984662344,2193.045703125,2047.613994140625,2446.4006682253253,1939.6907380246744
2020-10-13,2423.184326171875,2447.488484775687,2410.882073914188,2439.001358145839,4209878,77.0723836740089,107.48734874469665,82.40075352953284,136500993,1908.6208984662344,2207.4118408203126,2057.4282958984377,2478.1551637130815,1936.6685179275435
2020-10-14,2418.923095703125,2446.817767312512,2399.9391227113006,2446.817767312512,4395936,76.31263072137565,108.65181867231286,87.65096655808884,132105057,1908.6208984662344,2221.5649169921876,2067.2336694335936,2505.156564670467,1937.973269313908
2020-10-15,2359.517333984375,2434.548968629276,2347.8083414205767,2420.1280703092193,6629355,66.47461198654314,103.58703413464946,90.83818007340096,125475702,1908.6208984662344,2232.2504638671876,2075.682897949219,2519.697506241432,1944.803421492943
2020-10-16,2379.06005859375,2386.248855555034,2351.509694706453,2367.695575528759,5273773,67.93891405199398,99.99738286589309,92.6700206318994,130749475,1908.6208984662344,2245.7156005859374,2083.689694824219,2534.177487341972,1957.2537138299026
2020-10-19,2334.50634765625,2388.272571696471,2330.244692063234,2388.272571696471,3331194,61.35902232639251,92.49126452794007,92.63426941110754,127418281,1908.6208984662344,2257.4266967773438,2091.0240283203125,2540.2842137947678,1974.5691797599197
2020-10-20,2358.1396484375,2376.133401035261,2340.0166273556647,2346.086360712737,3406273,63.38477772141039,87.44164863285732,91.5957452554575,130824554,1913.093721849033,2269.659313964844,2099.0462036132812,2547.6786248905782,1991.6400030391098
2020-10-21,2303.382568359375,2366.748490523923,2292.7499757197616,2358.139001653338,4570143,56.05256626554566,78.12082467882146,88.9007611401303,126254411,1916.9771929585888,2276.682958984375,2106.0229614257814,2550.6277802230907,2002.7381377456595
2020-10-22,2299.723876953125,2313.0685866833787,2271.2696801662687,2290.985328529398,5262294,55.589849019605246,69.63605759776692,85.04782043165763,120992117,1920.7856176749524,2285.9026489257812,2113.3131860351564,2549.730207571374,2022.0750902801883
2020-10-23,2313.197509765625,2326.283890798957,2298.8197054028337,2314.058458651931,3499091,56.99769621260092,63.269694466909186,80.69219523870794,124491208,1924.6902136161532,2301.5913330078124,2120.922604980469,2530.4044016908806,2072.778264324744
2020-10-26,2314.403076171875,2333.12871705465,2299.1643208023493,2315.909736932558,2672752,57.12865405203455,57.65695150543206,76.08514649205277,127163960,1928.5679535420809,2313.480358886719,2128.7670385742185,2517.687760601428,2109.2729571720097
2020-10-27,2264.425537109375,2340.189069479927,2259.2169624130465,2324.3476876977033,3537502,50.29112004283701,48.61563180691928,70.59124355502608,123626458,1931.9098200452381,2322.6989990234374,2135.419020996094,2498.608957644534,2146.789040402341
2020-10-28,2257.580322265625,2286.637349683543,2243.6329911435478,2281.5147454069074,3569445,49.41868403219556,40.43189545380301,64.55937393478146,120057013,1935.1503225548938,2328.9135009765623,2141.65376953125,2485.319349622871,2172.5076523302537
2020-10-29,2266.576416015625,2285.818702731456,2238.681763381344,2245.3541155267935,3105968,50.63081570501703,34.2770109696944,58.50290134176405,123162981,1938.44809462913,2335.41064453125,2148.2939111328124,2468.3647874734615,2202.4565015890385
2020-10-30,2294.30029296875,2302.4793094178826,2257.064244397699,2269.548006346375,3427003,54.26799407528444,31.275778142568925,53.057476701925026,126589984,1941.9889125230568,2341.9587646484374,2155.5528198242187,2451.1443785861893,2232.7731507106855
2020-11-02,2242.427734375,2294.2999089624423,2238.5103745875494,2290.124222449726,2571196,47.25329371479455,24.429983895689475,47.33197814067792,124018788,1944.978353536509,2338.0968627929688,2161.847145996094,2455.330521934934,2220.8632036510035
2020-11-03,2267.395263671875,2294.428976921407,2239.371333003411,2241.911090395251,2879269,50.56550504690615,20.779777248503706,42.02153796224308,126898057,1948.1864819955674,2335.1189819335937,2168.6493994140624,2456.2930934226106,2213.9448704445767
2020-11-04,2284.22705078125,2343.3744228871915,2247.077180702257,2247.077180702257,4893928,52.72092077511026,19.02582882141678,37.42239613407782,131791985,1951.5301692471662,2332.0546630859376,2175.8817431640623,2455.107472585494,2209.001853586381
2020-11-05,2312.2509765625,2333.1720819186035,2296.151270286685,2311.6483542256274,2816502,56.149095362902735,19.670360984209765,33.871989104104216,134608487,1955.119431011498,2326.5444213867186,2183.4885205078126,2442.5810818821496,2210.5077608912875
2020-11-06,2330.9765625,2335.9701092408595,2308.4628279622434,2323.7015847566868,3884421,58.323670934528764,21.44495160267479,31.386581603818335,138492908,1958.8593029666076,2322.5169921875,2191.5572607421873,2431.875164641405,2213.158819733595
2020-11-09,2347.4638671875,2362.4442972401707,2320.343970918161,2351.3381380831197,3646592,60.19533890999061,23.90614004973213,29.890493293001093,142139500,1962.7260150484076,2318.5830932617187,2200.1246337890625,2417.951875586205,2219.2143109372323
2020-11-10,2281.171142578125,2335.884297479438,2271.4854638310926,2322.1521994277373,4760020,50.39525325692058,20.273678436283262,27.967130321657528,137379480,1965.8946232825342,2311.4824340820314,2207.0455224609377,2399.596704680115,2223.3681634839477
2020-11-11,2314.058837890625,2318.3635830276367,2275.832574958379,2296.968915619634,3242441,54.364617535703,19.820213511230122,26.33774695957205,140621921,1969.3589438258985,2306.239221191406,2214.8110473632814,2379.3609551339764,2233.117487248836
2020-11-12,2299.637939453125,2335.754709079128,2291.6310714675155,2312.5090853617908,2437505,52.385145212665094,18.08867828420898,24.68793322449944,138184416,1972.6453019913436,2303.245251464844,2221.9658203125,2372.179542492135,2234.3109604375527
2020-11-13,2287.4130859375,2294.3435592064557,2269.462210099961,2286.4659576908084,2548093,50.699850701798425,15.550721591886486,22.86049089797685,135636323,1975.7773197420518,2298.6629028320312,2228.2871362304686,2358.399820232607,2238.9259854314555
2020-11-14,2299.035400390625,2315.092016240263,2290.1675830574613,2305.5784871138007,298819,52.27193252089604,14.312213979154876,21.150835514212456,135935142,1978.9938180569632,2296.88935546875,2235.024365234375,2354.3262309324878,2239.4524800050126
2020-11-17,2295.333740234375,2320.258178442934,2281.558552533044,2320.258178442934,2827273,51.70639712186998,12.8834819740473,19.497364806179426,133107869,1982.1414789741514,2293.749060058594,2241.031721191406,2343.8460974159534,2243.6520227012343
2020-11-18,2261.411865234375,2293.7405459178117,2244.5373890213323,2290.985550841463,2893762,46.71818214636406,8.91126622105321,17.380145089154183,130214107,1984.920288787686,2291.650524902344,2245.997998046875,2343.44507760975,2239.8559721949377
2020-11-19,2270.236083984375,2304.028328512575,2265.0275112621366,2270.322262951934,4167501,48.12028403308334,6.401504762485274,15.184417023820401,134381608,1987.7592519239718,2290.176135253906,2251.4931176757814,2342.6419359636757,2237.7103345441365
2020-11-20,2290.33984375,2303.8997920778124,2262.1868502126913,2285.8198609740625,2711471,51.26667228399836,5.9659345439135905,13.34072052783904,137093079,1990.7700040814448,2289.033251953125,2257.3302978515626,2340.4282335989337,2237.638270307316
2020-11-23,2345.4404296875,2350.390886683261,2294.4291989050885,2315.9529249736165,3706418,58.66590620174539,9.95217630450361,12.663011683171955,140799497,1994.2990630426991,2290.5851196289063,2263.5330859375,2346.615819330533,2234.5544199272795
2020-11-24,2343.54638671875,2361.5832271478666,2328.867163483405,2354.1789812941174,3120516,58.33801434889434,12.810793329629178,12.6925680124634,137678981,1997.7741607907196,2294.541162109375,2267.6867822265626,2353.7100105978984,2235.3723136208514
2020-11-25,2325.68212890625,2352.9310871604134,2314.403610246583,2349.5303798400746,3302249,55.20403931358728,13.479389596982855,12.849932329367292,134376732,2001.0369266426155,2297.946252441406,2271.483193359375,2356.0436301532995,2239.8488747295128
2020-11-26,2342.298095703125,2351.2087923546983,2307.34347980514,2312.5091741629126,2341099,57.49145677914644,15.175097532728614,13.314965370039557,136717831,2004.4325601656058,2301.7323364257813,2275.41302734375,2361.016157506391,2242.4485153451715
2020-11-27,2307.04248046875,2339.801640146145,2297.9165449030984,2328.867627151474,6086808,51.48430261166915,13.518294300924481,13.355631156216543,130631023,2007.4436041487218,2302.3694458007812,2279.35873046875,2361.5939363469806,2243.144955254582
2020-12-01,2347.63623046875,2355.4707417723644,2259.5179991546897,2306.482818250165,3605017,57.04914463502484,15.30442231816096,13.745389388605426,134236040,2010.8286054056375,2307.6298706054686,2284.3057666015625,2363.200245888155,2252.059495322782
2020-12-02,2367.222900390625,2371.6567046663813,2326.6721092420767,2340.920860453286,2509032,59.46508359987283,18.091870390183885,14.61468558892112,136745072,2014.3748172960354,2312.6212524414063,2289.380478515625,2370.7152466172656,2254.527258265547
2020-12-03,2332.698486328125,2388.1866135317773,2325.2513607241167,2388.1866135317773,2852548,53.72830993088918,17.315508978490016,15.1548502668349,133892524,2017.542216987897,2315.04482421875,2292.7762548828123,2372.2356476538944,2257.8540007836054
2020-12-04,2348.28125,2358.0100147566986,2323.7011164921014,2333.8603557053566,2686527,55.80093896056614,17.752990342258727,15.674478281919665,136579051,2020.833152639759,2316.846337890625,2297.4352783203126,2375.813950712811,2257.8787250684386
2020-12-07,2357.02001953125,2362.4440402335767,2329.857036724004,2337.4765194002043,1996400,56.9651115794798,18.59054293639656,16.257691212815047,138575451,2024.1782955939034,2318.1485107421877,2304.5872021484374,2379.4122768296234,2256.884744654752
2020-12-08,2408.332763671875,2415.435593169417,2352.5001349989884,2359.000342214054,4277818,63.10949824263075,23.128211391039713,17.63179524845998,142853269,2028.0007281120922,2321.1919555664062,2311.22140625,2393.101347722214,2249.2825634105984
2020-12-09,2419.955810546875,2445.0954826254792,2404.759932576233,2423.571754785466,3659996,64.35110304826998,27.346990000619826,19.57483419889195,146513265,2031.9007786835828,2328.1311889648437,2318.0194677734376,2409.4261799252818,2246.8361980044056
2020-12-10,2397.140380859375,2434.1611884481035,2393.653495315399,2426.1543205822477,2127801,60.076766458325615,28.520619990312753,21.36399135717611,144385464,2035.5350035808542,2332.285266113281,2323.2964697265625,2418.6142741446088,2245.9562580819534
2020-12-11,2396.537353515625,2417.28609512297,2380.1362355384636,2404.371862100417,1795408,59.96339806414449,29.06700461019682,22.904594007780254,142590056,2039.1270667642848,2337.130236816406,2328.4945458984375,2426.4123695346443,2247.848104098168
2020-12-14,2408.67724609375,2414.101267442154,2372.9909480696992,2412.3793692485433,2483658,61.5369869163217,30.132260291720286,24.350127264568265,145073714,2042.8041829765182,2343.1934448242187,2333.4013330078124,2434.5919412360104,2251.794948412427
2020-12-15,2377.55419921875,2406.094579848288,2371.9149401718228,2398.6043641810156,2365509,55.51304148722256,28.14072456166923,25.108246723988458,142708205,2046.1350289092768,2347.119384765625,2334.5591015625,2437.331240081401,2256.907529449849
2020-12-16,2422.8828125,2427.70421133273,2376.6068003361715,2392.577447502868,2565149,61.43438282307854,29.875670282080137,26.061731435606795,145273354,2049.8837630743587,2353.4968383789064,2336.4777001953125,2446.163768735238,2260.8299080225747
2020-12-17,2443.545166015625,2456.8898741844782,2414.9617041053766,2420.127397590094,2863460,63.79971126657879,32.54277367359646,27.35793988320473,148136814,2053.8007919593465,2362.6035034179686,2338.4383349609375,2453.053746067497,2272.1532607684403
2020-12-18,2463.175537109375,2495.030655904568,2450.433447552765,2469.202181205763,6076692,65.9372050201645,35.827482302079716,29.05184836697973,154213506,2057.874172508103,2372.2504760742186,2339.2527294921874,2462.3925241274856,2282.1084280209516
2020-12-21,2428.005126953125,2485.1291745611375,2397.7428550676486,2463.1749760676994,2705195,59.1934737787113,35.18706480706442,30.27889165499667,151508311,2061.557067577208,2379.133740234375,2339.5823291015627,2464.0802964130603,2294.18718405569
2020-12-22,2473.076171875,2482.6756698053955,2426.713980972715,2439.929633104874,2881737,64.24081034813122,37.87973200779106,31.79905972555555,154390048,2065.6517850329074,2385.51552734375,2340.521015625,2478.2031577869216,2292.8278969005783
2020-12-23,2504.28564453125,2513.110372629727,2467.006507208422,2476.1326515629303,2790988,67.26060095731829,42.04733823725974,33.848715427896394,157181036,2070.0163010478163,2393.552490234375,2342.1430419921876,2497.4832948186513,2289.6216856500987
2020-12-24,2504.802001953125,2515.13338972514,2482.288059984368,2504.5005857327255,1807144,67.30978854999901,44.87457575283679,36.05388749288447,158988180,2074.342526927471,2402.5084838867188,2343.8606201171874,2512.211658109262,2292.8053096641756
2020-12-28,2522.06396484375,2539.5412719171272,2498.474045868836,2505.361638000797,2108994,68.98723912736206,47.955279384488676,38.434165871205316,161097174,2078.79746660823,2411.49677734375,2347.111552734375,2529.1627163140074,2293.830838373493
2020-12-29,2523.010986328125,2541.521389401339,2513.971022036555,2513.971022036555,1994151,69.0809763564485,49.89798303898624,40.7269293047615,163091325,2083.2175016303186,2422.295202636719,2349.9905712890627,2539.2729482658465,2305.317457007591
2020-12-30,2504.75927734375,2537.819638953184,2498.4743068283597,2526.368973799279,2637968,65.00309926418959,49.395429538326425,42.46062935147449,160453357,2087.4119471598055,2430.1513549804686,2353.3956298828125,2547.122243462611,2313.180466498326
2020-12-31,2464.681884765625,2501.056982008258,2449.4000391784834,2496.7522367724437,4040956,57.04074557700868,45.24172320493017,43.01684812216563,156412401,2091.1658768872267,2435.024304199219,2355.526474609375,2549.189446138356,2320.859162260082
2021-01-01,2521.073974609375,2531.1901256216383,2478.672235260101,2479.533184282421,2681440,63.76624002457613,45.970333977355494,43.60754529320361,159093841,2095.443569401875,2444.443078613281,2359.880302734375,2554.2866990155276,2334.5994582110347
2021-01-04,2616.811767578125,2626.5405346980588,2532.008279036698,2539.7999106315733,5113293,71.82951849600619,53.65450728115184,45.61693769079326,164207134,2100.6313126673103,2457.8696044921876,2366.222060546875,2582.1165685798737,2333.6226404045015
2021-01-05,2662.915771484375,2681.210941269064,2616.9411700789765,2616.9411700789765,5801309,74.74424931245497,62.74123588170551,49.041797328975704,170008443,2106.2261829042964,2473.1643920898437,2373.21642578125,2617.650530998238,2328.6782531814492
2021-01-06,2627.185546875,2680.5643782386737,2614.8739356671163,2668.94156818368,3726716,68.80280396780809,66.29519352433499,52.492476568047564,166281727,2111.4098581676867,2484.10703125,2379.4720751953123,2639.99530580939,2328.21875669061
2021-01-07,2611.086669921875,2652.4553193429574,2583.0627325596793,2647.418682650117,3717827,66.24758064672376,67.03989159538378,55.40195957351481,162563900,2116.381766742355,2493.66357421875,2386.4052978515624,2655.952002626191,2331.375145811309
2021-01-08,2686.935546875,2693.0483686173875,2634.5038388648354,2660.332307873314,5879039,71.59926573784415,72.90997979437134,58.90356361768612,168442939,2122.058918783476,2508.1533325195314,2394.99240234375,2684.5199601000527,2331.78670493901
2021-01-11,2734.761962890625,2780.865833216699,2709.019666654015,2780.865833216699,9508039,74.35989913232251,80.49338145813635,63.22152718577617,177950978,2128.155466486035,2525.064562988281,2404.35611328125,2719.3321551857184,2330.7969707908437
2021-01-12,2733.38427734375,2763.6465535020798,2711.9896085768073,2734.761669759502,3611458,74.13634777829331,85.40758868431931,67.6587394854848,174339520,2134.1776437085,2541.299914550781,2413.13779296875,2747.832648004355,2334.767181097207
2021-01-13,2719.695556640625,2735.2357324439126,2691.542558562412,2733.5138339658242,3572801,71.82579239871374,87.1924674671559,71.56548508181902,170766719,2140.003692593397,2558.406982421875,2422.6831494140624,2764.5322648804563,2352.2816999632937
2021-01-14,2804.012939453125,2817.641863076815,2691.617754288858,2721.463363847344,6931542,76.6526245853677,94.32340340493738,76.1170687464427,177698261,2146.610749776081,2577.463488769531,2433.4155029296876,2799.783365144005,2355.143612395057
2021-01-15,2789.04736328125,2824.1114607421646,2768.905861020876,2790.4705484120045,4131692,74.2220744406181,97.64157330937587,80.42196965902933,173566569,2153.0031538905605,2594.7385986328127,2443.5119091796873,2826.2534653365337,2363.2237319290916
2021-01-18,2779.041259765625,2809.231822066175,2749.411295099311,2803.4093564796403,4160906,72.5653022456373,98.33034690494696,84.00364510821287,169405663,2159.2323887748894,2610.531884765625,2452.84771484375,2847.0337839250046,2374.029985606245
2021-01-19,2812.638916015625,2828.4243088054377,2787.882697791758,2788.745285260134,2975735,74.61432638705685,100.42956549800147,87.28882918617059,172381398,2165.733946259872,2629.76357421875,2462.4809619140624,2866.3221583828777,2393.204990054622
2021-01-20,2854.12939453125,2870.647859949267,2818.1595400118395,2820.660959377902,3453446,76.90800466194001,104.23953771890092,90.67897089271665,175834844,2172.583652212821,2648.8162353515627,2472.6142724609376,2893.082000474355,2404.5504702287703
2021-01-21,2823.98193359375,2854.4311013086226,2813.846531321214,2850.851447721759,2778546,71.82952426921607,103.63171807109893,93.26952032839311,173056298,2179.065227151935,2664.8010498046874,2483.47048828125,2910.976785550883,2418.6253140584918
2021-01-22,2849.212646484375,2868.1032271116046,2796.422126882678,2796.422126882678,3052459,73.41191165806501,103.98722429761665,95.41306112223782,176108757,2185.7333606776306,2682.02158203125,2494.173564453125,2929.201464474837,2434.8416995876632
2021-01-25,2839.033935546875,2880.869424208278,2828.1220786435315,2854.258518832995,2272887,71.66302481712589,102.26873828294947,96.78419655438016,173835870,2192.233863910161,2697.870080566406,2504.961484375,2942.628088879909,2453.1120722529035
2021-01-27,2812.94091796875,2852.1023049644546,2783.5697724256493,2846.5386578880207,2786662,67.24076713198136,97.67539611955135,96.9624364674144,171049208,2198.4100535027833,2712.3665771484375,2515.472041015625,2948.160995949032,2476.572158347843
2021-01-28,2757.3037109375,2824.9736482714634,2746.3057219251455,2786.157216463153,3083938,58.89522267257767,88.52521812442956,95.27499279881745,167965270,2203.9711844225317,2724.993798828125,2524.6374072265626,2941.1995620267844,2508.7880356294654
2021-01-29,2683.811767578125,2774.8147510394783,2674.0213149781584,2768.9491137784144,5445659,50.05732882223936,74.48483568790925,91.11696137663581,162519611,2208.745717588259,2735.95029296875,2532.4069677734374,2917.7509706459778,2554.1496152915224
2021-02-01,2707.9638671875,2730.089149995435,2625.8024164648887,2674.020968399952,3985846,52.575973926827565,64.56236923852975,85.80604294901461,166505457,2213.713062360391,2745.294787597656,2541.3380078125,2898.9973889148964,2591.5921862804157
2021-02-02,2763.25537109375,2780.981583042147,2717.150119907805,2737.852216059484,2881837,57.82026997588408,60.463321827822256,80.73749872477615,169387294,2219.1811450343553,2752.6169677734374,2551.1983935546873,2894.6485543547906,2610.5853811920842
2021-02-03,2760.3232421875,2791.333221488159,2728.062342505683,2771.493708480054,2505866,57.4574057674323,56.328874720611566,75.85577392394323,166881428,2224.565643513491,2757.487341308594,2560.5980615234375,2893.431101162659,2621.5435814545285
2021-02-04,2750.317626953125,2792.92958440289,2739.578452530729,2774.125130991792,2057261,56.16215690795727,51.649542299164295,71.01452759898746,164824167,2229.797006532791,2763.6439453125,2568.69560546875,2885.8882097427013,2641.3996808822985
2021-02-05,2724.0078125,2765.3258749331653,2699.035949619647,2759.3738955726767,2366135,52.79211765874921,45.29601127414389,65.87082433401875,162458032,2234.714526990176,2769.290002441406,2576.304833984375,2871.6404225265887,2666.9395823562236
2021-02-08,2772.44287109375,2782.7075792289133,2721.593163935313,2751.22313203677,2526592,57.8111045685522,43.66574507371024,61.429808481957046,164984624,2240.0650577772767,2773.5653686523438,2585.240048828125,2868.686503593443,2678.4442337112446
2021-02-09,2740.353759765625,2799.7861565268718,2729.226466814964,2755.9666755606227,2658751,53.735034686009975,39.33104050789416,57.01005488714448,162325873,2245.043054811987,2773.8449584960936,2593.201162109375,2868.540148256646,2679.1497687355413
2021-02-10,2771.751953125,2777.0136095650437,2723.447061886596,2747.3406891842124,2127983,56.934596655523315,37.99138665157352,53.20632124003029,164453856,2250.2839393723157,2775.7633422851563,2602.4953515625,2868.639178587032,2682.887505983281
2021-02-11,2765.45556640625,2776.9280224465538,2747.384400129207,2773.218854022487,1165882,56.09678257280859,36.006574158070634,49.766371823638366,163287974,2255.4100252134494,2778.0513427734377,2610.85173828125,2867.480151974573,2688.6225335723025
2021-02-12,2752.34423828125,2799.5277324326526,2744.753426159513,2746.6510765417843,2777404,54.30473680791137,32.99527239212921,46.41215193733654,160510570,2260.35464424895,2775.467907714844,2618.5541650390624,2864.7326012513586,2686.2032141783293
2021-02-15,2708.395751953125,2768.043600076698,2701.236232776118,2768.043600076698,2630853,48.6899602014515,26.7541137243511,42.48054429473945,157879717,2264.812764723619,2771.4353271484374,2626.0681103515626,2865.062209939004,2677.808444357871
2021-02-16,2681.61181640625,2732.3749597743044,2674.021004983255,2717.150376031372,3435770,45.59585360250362,19.42281661936886,37.86899875966533,154443947,2268.960018969217,2766.563854980469,2632.7347216796875,2867.9204077580775,2665.2073022028603
2021-02-17,2650.8173828125,2702.356979177696,2627.053058185839,2678.4201791921864,3678426,42.269946864335814,11.001044223435656,32.4954078524194,150765521,2272.7595947288514,2758.4727783203125,2638.6106689453127,2869.2254560254833,2647.7201006151417
2021-02-18,2637.231689453125,2672.209440285452,2614.5024270724384,2643.8303988706775,4189909,40.8541051940023,3.193662457515984,26.63505877343872,146575612,2276.3861827360583,2747.627893066406,2643.1886474609373,2861.23049935314,2634.025286779672
2021-02-19,2649.7392578125,2662.936676901493,2601.6929699093357,2637.7923377748643,3725028,42.755161937033385,-1.9618723612752547,20.915672546495927,150300640,2280.1011387069684,2738.9157592773436,2647.78431640625,2854.468327989202,2623.363190565485
2021-02-22,2551.921630859375,2670.570568892352,2538.724001627138,2670.570568892352,5366696,33.646752446092066,-13.78186706329734,13.976164624537276,144933944,2282.8058202209227,2724.0512084960938,2650.87994140625,2854.5458704683074,2593.55654652388
2021-02-23,2570.68310546875,2611.9148281639755,2560.1595805781635,2561.8847554976905,3832829,36.443470566154254,-21.38884650985119,6.9031623976595835,148766773,2285.670270820404,2710.6336669921875,2654.3628564453124,2846.1655253297763,2575.1018086545987
2021-02-24,2542.993896484375,2590.6518484285643,2519.7469985099015,2563.6096502829137,3774549,34.15537661158096,-29.31380894097765,-0.34023187006786415,144992224,2288.2307049066126,2697.1363159179687,2657.049189453125,2842.6266403078175,2551.64599152812
2021-02-25,2583.708251953125,2613.553651608383,2560.5476944966717,2565.335097001332,4224073,40.10969867232742,-31.940895777647256,-6.660364651583743,149216297,2291.170780001603,2688.45654296875,2661.1722705078123,2839.172310927974,2537.740775009526
2021-02-26,2496.586669921875,2563.9116563447387,2484.251628398456,2553.2586180761905,5553153,33.19270310791143,-40.585025674651206,-13.445296856197237,143663144,2293.2147192047896,2679.0952880859377,2662.64634765625,2851.4994794170466,2506.691096754829
2021-03-01,2522.378662109375,2557.5722789261185,2503.0567837670387,2523.9313619351847,3265871,36.67440205339807,-44.837503844815274,-19.723738253920843,146929015,2295.4949574426464,2669.816027832031,2664.223017578125,2854.543198829482,2485.08885683458
2021-03-02,2593.240478515625,2609.3276540298407,2542.9084046545354,2553.2594565052327,3306469,45.134556395936706,-42.00545433496018,-24.180081470128712,150235484,2298.4575994433726,2661.315283203125,2666.82431640625,2843.693071994753,2478.937494411497
2021-03-03,2638.7412109375,2642.9678049786457,2585.0881059524086,2617.9527702709497,3509857,49.77451314707461,-35.67822943364217,-26.479711062831406,153745341,2301.8435060254037,2655.236181640625,2671.0390380859376,2832.027693033495,2478.4446702477553
2021-03-04,2630.63330078125,2658.020456448059,2601.6073129494007,2607.602254512263,3916760,48.97962554803063,-30.961197293408986,-27.376008308946922,149828581,2305.1150462717305,2649.2519653320314,2674.1901806640626,2820.789014455643,2477.7149162084197
2021-03-05,2594.706298828125,2642.2779138838096,2584.8297143482514,2601.6501701271904,3203686,45.51133843697653,-29.778654350246143,-27.856537517206768,146624895,2307.9965512722915,2642.7868896484374,2675.99859375,2812.3012814190743,2473.2724978778006
2021-03-08,2593.757080078125,2616.227523444832,2584.311790385993,2601.563537985365,2003125,45.41982706389682,-28.588523860870282,-28.00293478593947,144621770,2310.8399396186187,2633.8526000976562,2677.7776953125,2793.647758468149,2474.0574417271637
2021-03-09,2631.71142578125,2645.469654992304,2580.9482751621667,2593.7575738375635,1942397,49.7690045655878,-24.3025932064279,-27.262866470037157,146564167,2314.032690724715,2628.4204833984377,2679.97064453125,2780.5680387343064,2476.272928062569
2021-03-10,2648.962890625,2668.155461410439,2639.517600154739,2652.456411920203,3053778,51.65471708025098,-19.291532470181664,-25.66859967006606,149617945,2317.3653295296926,2622.2810302734374,2682.4896826171876,2760.0261685256532,2484.5358920212216
2021-03-12,2637.75,2688.6858455120223,2623.4311706175704,2652.4571623193674,2938317,50.33212696119472,-16.04011681534257,-23.742903099121364,146679628,2320.5532366985517,2615.895751953125,2685.1494970703125,2737.3811594748586,2494.4103444313914
2021-03-15,2644.82275390625,2673.1588393934207,2623.128761082734,2623.128761082734,3097083,51.18122494446369,-12.745709744923715,-21.543464428281837,149776711,2323.7797990588274,2610.519677734375,2688.752314453125,2715.813608940554,2505.225746528196
2021-03-16,2682.68994140625,2709.3869788790357,2639.517400627141,2639.517400627141,4894756,55.56149487599883,-6.998627028841838,-18.63449694839384,154671467,2327.3510442563143,2609.2343872070314,2691.9846337890626,2710.258979622401,2508.209794791662
2021-03-17,2685.191650390625,2721.46349599781,2661.3411908354997,2678.334122051727,3838390,55.84337747390294,-2.216603933114129,-15.350918345337897,158509857,2330.911647302427,2609.41337890625,2693.3522314453126,2710.961608015126,2507.8651497973738
2021-03-18,2619.246826171875,2714.0882754209074,2576.591918330186,2696.4052324647,3656306,47.32215427000576,-3.7052999760408056,-13.02179467147848,154853551,2333.7806540573465,2607.834851074219,2692.4788525390627,2707.7275778555727,2507.942124292865
2021-03-19,2631.06396484375,2673.158270794075,2592.075057675442,2613.639742015504,5776626,48.82900565218739,-3.886753905067053,-11.194786518196196,160630177,2336.738696950744,2607.52646484375,2692.5564208984374,2707.0918201613204,2507.96110952618
2021-03-22,2699.596435546875,2708.0498337575755,2603.8492389926228,2629.770031169302,2821646,56.58520420072615,1.4823525474275812,-8.65935870507144,163451823,2340.3492217128946,2610.019323730469,2694.3266162109376,2715.978724072336,2504.059923388602
2021-03-23,2710.767333984375,2733.5395578340426,2693.7312322907105,2708.5245224357504,3305973,57.71041750096377,6.563150326619507,-5.614856898733251,166757796,2344.034974073805,2617.9616088867188,2694.803251953125,2729.002317086148,2506.9209006872893
2021-03-24,2692.221923828125,2719.134611643029,2683.6390097502326,2683.6821812436565,2207104,55.1547011424923,8.989632673047254,-2.6939589843771503,164550692,2347.49952083753,2624.0385498046876,2693.952451171875,2737.3442845743793,2510.732815034996
2021-03-25,2643.700927734375,2700.6316929172795,2630.8914213311755,2684.5443124607837,3179786,49.036097949007754,6.917656103105855,-0.7716359668805493,161370906,2350.446798518096,2629.0739013671873,2692.1587841796877,2736.3140297011087,2521.833773033266
2021-03-26,2645.383056640625,2689.547489004796,2624.8966060749212,2665.9556395899776,3697370,49.24630711545169,5.349665870138779,0.4526244005233163,165068276,2353.3814876536435,2632.1576416015623,2690.6725341796873,2737.533144397697,2526.7821388054276
2021-03-30,2724.526123046875,2750.3174082102432,2640.2943170272924,2659.3575873429486,4694008,58.01978722209331,10.37362564742807,2.4368246499042674,169762284,2357.0744691003424,2643.5546142578123,2689.0827978515626,2736.3712197069276,2550.738008808697
2021-03-31,2741.17333984375,2764.592502547157,2701.623624954039,2721.463134332693,3530069,59.601693865469436,15.519541620298241,5.053368043983062,173292353,2360.896348411222,2654.494348144531,2688.1253173828127,2738.787716675136,2570.2009796139264
2021-04-01,2730.089111328125,2773.218481175331,2712.837363389243,2752.602726625417,4285076,58.03362745951839,18.49016933431676,7.740728302049803,169007277,2364.5699082412407,2661.336779785156,2687.1462744140626,2746.8388430963046,2575.8347164740076
2021-04-05,2793.834228515625,2814.622668965383,2718.012880756948,2735.2646286513113,5317862,63.91360285823165,25.69195060288621,11.330972762217083,174325139,2368.84119501014,2669.0914306640625,2686.7701806640625,2771.4587458928777,2566.7241154352473
2021-04-06,2816.08935546875,2824.9740487941745,2786.157611482499,2824.9740487941745,2291562,65.71948439731685,32.8169238254859,15.628162974870847,176616701,2373.2914254624643,2678.3642333984376,2686.0093798828125,2797.364234127486,2559.3642326693894
2021-04-07,2821.868896484375,2827.173936403416,2790.298317730725,2811.172894837434,2491268,66.19264103443064,38.48623177235322,20.199776734367322,179107969,2377.754882885568,2689.72236328125,2685.967119140625,2817.6440556478765,2561.800670914624
2021-04-08,2861.504638671875,2876.72922333794,2817.2538591748644,2820.6610375757314,2578118,69.32008848989844,45.6512333095302,25.2900680493999,181686087,2382.568313291402,2703.1097412109375,2686.212958984375,2843.4914876676535,2562.7279947542215
2021-04-09,2865.73095703125,2893.4200964931333,2853.4390867211605,2893.11810666952,2911129,69.64256916033558,51.081738732743815,30.448402186068684,184597216,2387.375901786326,2714.8107177734373,2686.7468994140627,2867.875969891313,2561.7454656555615
2021-04-12,2800.43310546875,2879.403022361947,2771.665732059278,2865.7309281284092,3791828,59.27569945830893,49.54533472335061,34.26778869352507,180805388,2391.4859237135142,2722.384228515625,2686.4967431640625,2876.6521465444753,2568.116310486775
2021-04-13,2677.5146484375,2772.3560975851465,2650.7744371664544,2772.3560975851465,8654596,45.534702330420984,37.971519229471596,35.00853480071437,172150792,2394.331980675942,2724.3724609375,2684.9009619140625,2875.212918296568,2573.5320035784316
2021-04-15,2776.6259765625,2792.411369848915,2663.1957209025627,2726.0353041877324,6062760,54.66117051923557,36.37730797524182,35.282289435619866,178213552,2398.1359010330225,2730.9626220703126,2686.75724609375,2878.8124698299575,2583.1127743106676
2021-04-16,2756.096435546875,2800.8216827812294,2745.271130624356,2785.29510739162,3224657,52.69162910913942,33.07604166398323,34.84103988129254,174988895,2401.6976973963447,2734.632946777344,2687.7198974609373,2881.1456893119303,2588.1202042427576
2021-04-19,2727.3291015625,2750.7914386004254,2704.2980582590685,2733.53968922068,2679106,49.97432536067339,27.817814445138538,33.43639479406174,172309789,2404.9378108706346,2736.7398193359377,2687.0013720703123,2881.55007087359,2591.9295677982855
2021-04-20,2712.44921875,2782.146321965287,2696.750170373957,2781.844332141803,3141893,48.578830642584315,22.19410942601371,31.187937720452137,169167896,2407.9976258744096,2741.399938964844,2686.0438916015623,2876.4563274009715,2606.343550528716
2021-04-22,2690.2373046875,2715.4248116477966,2678.549204691652,2715.4248116477966,1988980,46.49180023303789,15.763257825690289,28.103001741499767,167178916,2410.8059808874755,2744.358605957031,2684.84228515625,2872.0062883022933,2616.710923611769
2021-04-23,2682.216064453125,2690.410646415596,2666.3013658129644,2678.3344203656384,1615309,45.727784843496,9.905332048043874,24.46346780280859,165563607,2413.5065787339,2743.4895874023437,2684.0064501953125,2872.572966456623,2614.4062083480644
2021-04-26,2674.7109375,2719.737955733293,2663.712948620964,2675.789171703827,2490260,44.982924870427084,4.6042081969530955,20.491615881637493,163073347,2416.1056270798313,2741.686767578125,2682.0518115234377,2873.5255686706873,2609.8479664855627
2021-04-27,2701.6240234375,2705.160716389788,2676.6089861834494,2679.196748658006,1471417,48.23894958708949,2.5453492636552255,16.90236255804104,164544764,2418.946606148067,2742.156872558594,2681.277216796875,2873.352284135854,2610.961460981334
2021-04-28,2694.809326171875,2718.012842526371,2684.371934605543,2717.107083656132,1639037,47.472818709246845,0.3596537447119772,13.59382079537523,162905727,2421.6915088348715,2744.712292480469,2679.7383642578125,2869.9950077708904,2619.4295771900474
2021-04-29,2687.175537109375,2723.490552768404,2678.765309523526,2713.35515029315,1621395,46.580363823644056,-1.9658476126619462,10.481887113767796,161284332,2424.333140957006,2746.8019165039063,2678.172763671875,2866.664875175569,2626.938957832244
2021-04-30,2618.51318359375,2701.666729816196,2605.013775912573,2673.158176010948,3072305,39.404834075880736,-9.242757530794734,6.5369581848552905,158212027,2426.265280684735,2741.50126953125,2675.496142578125,2873.5887368842136,2609.413802178286
2021-05-03,2619.6787109375,2635.2052887435175,2591.2133182931348,2609.2413160641568,1545831,39.57499360009144,-14.74573311979293,2.280419923925646,159757858,2428.1897924285436,2735.4265380859374,2673.7218017578125,2877.790912955773,2593.062163216102
2021-05-04,2630.675537109375,2665.394674864487,2617.952374826446,2641.932343146011,1990777,41.25127267334729,-18.011898993533123,-1.7780438595661079,161748635,2430.2045759577063,2730.455859375,2672.703076171875,2879.9805779366106,2580.931140813389
2021-05-05,2670.31201171875,2673.5035432666605,2632.9619318281,2648.1435556676834,1939289,46.96244727952269,-17.20371303980619,-4.863177695614125,163687924,2432.5937046717468,2724.279748535156,2673.09296875,2873.0250241834915,2575.534472886821
2021-05-06,2683.89794921875,2703.349340291839,2651.5940880845924,2678.7655954933966,1791671,48.79974025624455,-15.290686716632536,-6.948679499817807,165479595,2435.094244418483,2717.6701782226564,2674.0262939453123,2861.1649464442944,2574.1754100010185
2021-05-07,2702.400146484375,2725.6470468101074,2684.1996775869275,2702.486489466706,1912540,51.2752407557781,-12.141665322966219,-7.9872766644474895,167392135,2437.754004638044,2711.696740722656,2675.07951171875,2847.059885193729,2576.3335962515835
2021-05-10,2713.268798828125,2729.3991418750993,2695.585756267013,2713.6569210585,2137153,52.72132380512823,-8.669101761213824,-8.123641683800757,169529288,2440.495445376254,2704.284948730469,2678.306455078125,2820.970231670089,2587.5996657908486
2021-05-11,2693.515625,2698.25985592109,2666.387081531657,2695.585750619421,2415625,49.82695573006326,-7.425390879905535,-7.983991523021713,167113663,2443.0130591038537,2695.674182128906,2680.76310546875,2785.8357426539096,2605.5126216039025
2021-05-12,2663.3251953125,2691.272945509579,2648.661208109403,2691.272945509579,1978558,45.6976380282884,-8.774707049052267,-8.142134628227824,165135105,2445.205219663144,2688.8187866210938,2683.1697314453127,2765.9908423911365,2611.646730851051
2021-05-14,2632.18505859375,2672.7266603482663,2622.2653049729643,2672.7266603482663,2043935,41.84552623920384,-12.215980400745138,-8.956903782731287,163091170,2447.0657155729014,2686.5523071289062,2684.139267578125,2767.489922590821,2605.6146916669913
2021-05-17,2647.927490234375,2652.628549124657,2618.8151674734304,2635.2043269536657,2890462,44.39727093724614,-13.517114771614615,-9.868945980507952,165981632,2449.064340196399,2680.1173828125,2687.166083984375,2751.257995009824,2608.9767706151765
2021-05-18,2664.35986328125,2694.722896047772,2655.043877732088,2674.020799535241,2098538,47.01095641454276,-13.071636274719822,-10.509484039350326,168080170,2451.2065842071934,2675.530554199219,2690.0057080078127,2737.7553668576147,2613.305741540823
2021-05-19,2658.49462890625,2689.5477783678416,2645.6421596161504,2660.2198038763386,1986041,46.17660504021414,-13.041532088836902,-11.015893649247642,166094129,2453.269151816139,2672.088830566406,2691.310791015625,2729.933208966058,2614.2444521667544
2021-05-20,2639.517578125,2664.3601386258806,2632.7032215557847,2645.64203321326,2329027,43.487298195882566,-14.383163548671291,-11.689347629132373,163765102,2455.1223699883667,2668.442248535156,2691.326318359375,2724.8263507329725,2612.0581463373396
2021-05-21,2657.200927734375,2663.8428097007495,2635.291288366683,2640.3804706362353,1685566,46.60774726929483,-13.859751036412945,-12.123428310588489,165450668,2457.1331019062372,2666.7904296875,2691.8576708984374,2722.4547946148423,2611.1260647601575
2021-05-24,2658.062744140625,2678.3335455319293,2649.8681648547786,2658.062744140625,1652260,46.762033579815096,-13.222975240425058,-12.343337696555803,167102928,2459.1324018289674,2665.582763671875,2693.1247998046874,2720.903032573605,2610.262494770145
2021-05-25,2699.236572265625,2711.5885700674185,2671.5855179759806,2680.166821273382,1841613,53.652748827705835,-9.28886574652688,-11.73244330655002,168944541,2461.521498052218,2666.809045410156,2695.2343896484376,2723.9419443287197,2609.6761464915926
2021-05-26,2737.80908203125,2743.44332582837,2690.394795786189,2704.43702261754,1923753,59.00585669014314,-3.0237208825788002,-9.990698821755778,170868294,2464.270628241064,2668.618298339844,2697.3563427734375,2731.996993933986,2605.239602745702
2021-05-27,2756.445068359375,2789.1670184633267,2740.669230103999,2740.799166448705,5959785,61.32975997282422,3.405958143926455,-7.311367428619333,176828079,2467.17783660045,2671.700085449219,2699.505986328125,2745.0784455201415,2598.3217253782964
2021-05-28,2724.89404296875,2772.0482500019803,2718.0027593529935,2764.680391926616,1763701,55.584667483347644,5.887750704541304,-4.671543801987205,175064378,2469.742176962324,2673.5860107421877,2701.2488671875,2750.3204773941175,2596.851544090258
2021-05-31,2738.37255859375,2748.08096384286,2711.8917807222774,2730.441361193668,1652799,57.419716138342125,8.840287424914095,-1.9691775566069456,176717177,2472.4151160830343,2679.5789794921875,2703.11986328125,2756.892443863424,2602.265515120951
2021-06-01,2733.041748046875,2747.7340804858504,2714.8388058619767,2746.5640183190408,1377441,56.42674746209565,10.627534584716159,0.550164871657675,175339736,2475.0084159035705,2685.2471313476562,2704.1268994140623,2760.7647126183615,2609.729550076951
2021-06-02,2712.6279296875,2738.632128240077,2700.1026163758843,2731.1777182952974,2240078,52.67047227695137,10.278235201651114,2.495778937656363,173099658,2477.3727891750527,2689.3447509765624,2704.675625,2761.386912094124,2617.302589859001
2021-06-03,2722.856689453125,2734.3852614934635,2706.733999336833,2734.3852614934635,1281706,54.3116706494635,10.703406148340946,4.13730437979328,174381364,2479.8154150484665,2691.9719848632812,2706.747822265625,2764.8734561671367,2619.0705135594258
2021-06-04,2725.0244140625,2736.3796700274734,2708.771783362326,2711.372204274354,1836060,54.670407945170524,11.08746505092995,5.5273365140206145,176217424,2482.25530558592,2694.0283081054686,2708.62703125,2768.21163009928,2619.8449861116574
2021-06-07,2759.219482421875,2765.5038319928763,2716.2259902615097,2726.107503558531,2559821,60.005214494953805,13.989824743439385,7.2198341599043685,178777245,2485.011168041999,2696.869274902344,2709.8194921875,2776.2848980432323,2617.4536517614556
2021-06-08,2773.911376953125,2800.6524483029743,2762.686272510254,2772.047827196816,2574057,62.070648358651944,17.276328057802402,9.231132939483976,181351302,2487.885796986389,2699.901403808594,2711.082373046875,2785.944266363958,2613.8585412532298
2021-06-09,2773.998779296875,2791.11821555689,2761.8201000379795,2775.5156913705473,1710925,62.08319332889382,19.66131485222786,11.317169322032754,183062227,2490.732692332762,2703.9255615234374,2712.71791015625,2795.732573195299,2612.1185498515756
2021-06-10,2788.34423828125,2794.5852050996004,2767.714193512104,2782.449909543957,1874324,64.17743569119003,22.450200779921943,13.543775613610592,184936551,2493.6940012476725,2710.176513671875,2715.6107763671876,2806.96419073298,2613.38883661077
2021-06-11,2837.75244140625,2868.2640016376467,2783.316926339826,2783.7937124543178,3452954,70.2683616769857,28.320777744298994,16.499176039748274,188389505,2497.1174683139275,2720.4548828125,2719.4581640625,2825.2588187907713,2615.6509468342283
2021-06-14,2839.962646484375,2868.003720504315,2834.761805496382,2842.2595999383007,1847360,70.50991933353919,32.77380138080571,19.754101107959762,190236865,2500.528863121594,2730.056640625,2721.76689453125,2841.4993010603657,2618.6139801896343
2021-06-15,2828.173828125,2858.7287671921695,2818.46563449062,2858.7287671921695,1304985,67.36604343232281,34.948728390645556,22.79302656449692,188931880,2503.789012027101,2738.2473388671874,2723.506904296875,2853.196456306362,2623.2982214280128
2021-06-16,2838.2294921875,2855.8688870863793,2819.7230786942005,2827.611106785101,1635552,68.65007825336154,37.056616162421506,25.64574448408184,190567432,2507.1167779988464,2747.23408203125,2725.6697119140626,2863.9278720826,2630.5402919799003
2021-06-17,2875.84814453125,2891.7107506550374,2825.7900538533268,2830.5574910607484,2273413,72.93968157859084,41.286715701492085,28.773938727563888,192840845,2510.7857468200646,2759.0506103515627,2727.309990234375,2877.5692402886457,2640.5319804144797
2021-06-18,2858.122314453125,2910.7374487634556,2838.792479065014,2904.5830353811075,3380431,68.2040402086902,42.716366038389424,31.562424189728997,189460414,2514.241832070145,2769.0966796875,2728.1506494140626,2885.420970128605,2652.772389246395
2021-06-21,2837.145263671875,2848.3269861198405,2818.5954722116307,2830.124044333925,1130569,62.991832474078606,41.67628329371155,33.58519601052551,188329845,2517.4548015388186,2778.0508056640624,2728.4561767578125,2886.0834398375387,2670.018171490586
2021-06-22,2861.502685546875,2883.9097269133786,2847.460457123967,2863.929787012964,1708688,66.2199102222522,42.32950245194206,35.33405729880882,190038533,2520.8781635687496,2786.164111328125,2728.4561376953125,2893.6734304833703,2678.6547921728793
2021-06-23,2827.003662109375,2885.5998874590587,2822.6696280338883,2885.5998874590587,1467104,58.44407480849836,39.606837501672544,36.18861333938157,188571429,2523.924188429851,2790.6238403320312,2727.681591796875,2897.135008685467,2684.1126719785957
2021-06-24,2924.259521484375,2932.4074208008446,2841.8261096942265,2846.593547120891,4155204,69.36519616606996,44.78063764745366,37.90701820099599,192726633,2527.9076245796473,2799.0145629882813,2730.1581201171875,2919.0190355796635,2679.010090396899
2021-06-25,2930.50048828125,2946.839669579688,2903.8027963662275,2925.689668189585,2722861,69.91164994070004,48.82171901444099,40.08995836368499,195449494,2531.9135237209566,2809.294885253906,2735.2178369140624,2937.112226608011,2681.4775438998013
2021-06-28,2892.317138671875,2939.774803568042,2889.066613678987,2939.774803568042,1355238,62.559135285388884,48.385470327265466,41.74906075640109,194094256,2535.499629342359,2816.9921142578123,2737.53166015625,2945.3386258668893,2688.6456026487353
2021-06-29,2895.87158203125,2917.9317727636685,2883.432819803857,2896.8683252020114,1497322,62.949759922331545,47.775824013248894,42.95441340777065,195591578,2539.085419916378,2825.1336059570312,2740.3271630859376,2951.7928053217797,2698.474406592283
2021-06-30,2900.119140625,2931.5408902618997,2893.83479069762,2900.335842346634,1693146,63.44062818031961,47.092563637799685,43.78204345377646,197284724,2542.6777952468124,2834.508166503906,2743.7829638671874,2954.024206788239,2714.992126219573
2021-07-01,2896.434814453125,2914.2043531921013,2888.503617177266,2910.7371261210815,990310,62.665090382279764,45.72667192665358,44.17096914835189,196294414,2546.1977655871738,2843.1870727539062,2747.46267578125,2953.896429676355,2732.4777158314573
2021-07-02,2882.5224609375,2894.874457109893,2856.3015567820694,2887.3332807186644,1682274,59.69740300132509,43.025609799276936,43.9418972785369,194612140,2549.5442799687694,2851.061975097656,2751.30837890625,2948.6605259751877,2753.4634242201246
2021-07-05,2878.665283203125,2924.6060420136537,2862.1959545729355,2896.8682253733346,1972858,58.86505722510011,40.11137760329848,43.17579334348922,192639282,2552.819115821848,2857.0342651367187,2755.23736328125,2945.624241836367,2768.44428843707
2021-07-06,2827.7841796875,2884.733350441063,2822.4100192558253,2871.73124699857,2159420,49.13321464638563,33.312146085508175,41.20306389189301,190479862,2555.5550866065805,2859.7279052734375,2758.298828125,2941.0199207156725,2778.4358898312025
2021-07-07,2838.749267578125,2845.4670211779494,2809.8413838996457,2838.7926502484866,2640710,51.01279311465607,28.480195114576418,38.6584901364297,193120572,2558.372939153561,2862.9654296875,2761.0413330078127,2934.969523717653,2790.9613356573473
2021-07-08,2824.490478515625,2858.7293534278137,2801.433328735768,2858.7293534278137,2485811,48.50293374731117,23.23246465527518,35.5732850401988,190634761,2561.0208748686064,2864.772741699219,2763.6349560546873,2930.7570124190675,2798.7884709793702
2021-07-09,2780.84619140625,2844.8599591707584,2774.648607344789,2817.122141165437,6365067,41.73440934374619,15.374641937351498,31.533556419629342,184269694,2563.208191451071,2861.9274291992188,2765.508369140625,2936.6552995875204,2787.199558810917
2021-07-12,2767.80078125,2804.9867070246833,2763.6834490935203,2804.1199002548983,1892226,39.94028646705695,8.002359032640925,26.827316942231658,182377468,2565.2439386132496,2858.3193359375,2768.49412109375,2943.217251693536,2773.421420181464
2021-07-13,2762.990478515625,2785.9174795432514,2752.1120091940957,2785.9174795432514,1809339,39.26991240916955,1.7514310796823338,21.812139769721796,180568129,2567.21156587596,2855.060168457031,2771.3603564453124,2948.873468645615,2761.246868268447
2021-07-14,2786.394287109375,2792.851956478102,2760.7800997463546,2762.5137136237463,2044279,44.179017320057405,-1.2990084381449378,17.18991012814845,182612408,2569.3924884752973,2852.468408203125,2774.4747314453125,2950.7558068202957,2754.181009585954
2021-07-15,2782.397216796875,2807.502725271563,2774.622409319168,2803.8107574445103,2232968,43.53180758591268,-3.9930050261787073,12.953327097283019,180379440,2571.511938508348,2847.795861816406,2776.716435546875,2950.0003329849915,2745.591390647821
2021-07-16,2775.318115234375,2797.0790558997232,2772.8857169254143,2791.128386115713,1256526,42.34852541689558,-6.622896437445888,9.03808239033724,179122914,2573.539860664826,2843.655651855469,2778.5448388671875,2950.4567108290476,2736.8545928818903
2021-07-19,2766.45751953125,2779.661695228817,2758.986627079998,2762.4614213206532,1597058,40.85173303068497,-9.314706215326169,5.367524669204558,177525856,2575.459439360014,2840.1212646484373,2779.825986328125,2952.1031021140293,2728.1394271828453
2021-07-20,2784.87353515625,2792.8655184842964,2741.7425298362173,2766.4571704217306,1811945,45.18800320770545,-9.848439624317507,2.324331810500145,179337801,2577.5431617062454,2836.2898071289064,2781.2580810546874,2950.308406252714,2722.2712080050987
2021-07-22,2794.038818359375,2801.50949904565,2771.1485254858558,2771.1485254858558,2859334,47.26027661773115,-9.423240192088997,-0.025182590017683193,182197135,2579.697347344585,2834.641564941406,2783.268544921875,2950.093532657235,2719.1895972255775
2021-07-23,2790.998046875,2815.9296512858455,2785.6119465337315,2805.896141243119,1776193,46.63038903374429,-9.22528804659396,-1.8652036813329387,180420942,2581.799841867276,2827.9784912109376,2785.822001953125,2937.185846046412,2718.7711363754634
2021-07-26,2777.70654296875,2800.900747260953,2771.8863062489186,2779.8348115794524,1259611,43.8775299392599,-10.025356756501424,-3.497234296366636,179161331,2583.749162276246,2820.3387939453123,2788.732431640625,2920.818086499926,2719.859501390699
2021-07-27,2765.02392578125,2788.5222632828436,2746.0862555326894,2779.835278038972,1121367,41.36796441790904,-11.549660885984395,-5.107719614290188,178039964,2585.5528912663453,2813.9741333007814,2791.0743603515625,2911.492455260718,2716.455811340845
2021-07-28,2777.923828125,2783.700587738903,2721.1108246514436,2769.410541258795,1660654,44.82467852516559,-11.583244152192037,-6.402824521870558,179700618,2587.467029941556,2808.0767456054687,2793.3456396484376,2899.1217502477225,2717.031740963215
2021-07-29,2776.186767578125,2801.943593815388,2771.4089257268242,2780.0524335681666,1731997,44.444697715499295,-11.616121978148385,-7.445484013126124,177968621,2589.3448382762485,2801.880126953125,2795.699482421875,2883.3947525300628,2720.3655013761872
2021-07-30,2751.55908203125,2800.2496764459347,2747.1288468343987,2796.340533109807,2999943,39.35141108706882,-13.474105196205528,-8.651208249742005,174968678,2590.9589103534126,2794.636340332031,2797.9403125,2866.4212143046307,2722.8514663594315
2021-08-02,2796.688232421875,2801.4660747977546,2751.168509892799,2762.461591872151,2608669,50.53737811614786,-11.176192812283261,-9.156205162250258,177577347,2593.005968284442,2790.34462890625,2800.73005859375,2849.8042033802335,2730.8850544322663
2021-08-03,2853.587890625,2858.0183382323976,2796.2972614898176,2805.027724666387,3804735,60.44357676437557,-4.709466013094698,-8.266857332419146,181382082,2595.5988232331047,2789.0907592773438,2804.6405615234376,2841.7119211413856,2736.469597413302
2021-08-04,2844.075439453125,2871.22226784343,2832.9995334698806,2866.7050780162026,2929598,58.33997463656527,-0.3481010529330888,-6.683106076521935,178452484,2598.0712273745976,2789.905322265625,2807.5373388671874,2845.3269739793127,2734.483670551937
2021-08-05,2852.7626953125,2879.735828978224,2834.129152953682,2844.9878853404775,2534521,59.718743017799305,3.7658902072334968,-4.593306819770849,180987005,2600.6054708366664,2790.605993652344,2809.8364111328124,2848.7666279992745,2732.445359305413
2021-08-06,2875.218994140625,2887.554473239944,2836.301250038633,2842.859967627933,2292362,63.11687143678058,8.737572266790721,-1.9271310024585346,183279367,2603.3379437053627,2793.1424194335937,2812.2118896484376,2860.664015031581,2725.620823835606
2021-08-09,2886.42529296875,2898.8477275053474,2875.392861265418,2887.4676890513715,1510489,64.71649290168418,13.427141054535696,1.1437234089403114,184789856,2606.154733250272,2798.4213745117186,2815.4425146484373,2876.892999061525,2719.949749961912
2021-08-10,2896.15380859375,2910.0529844223115,2880.2567959075063,2880.2567959075063,2040777,66.09138491180212,17.724352706706213,4.4598492684934925,186830633,2609.0402961890127,2804.8390258789063,2818.5981396484376,2892.678951033602,2716.9991007242106
2021-08-11,2905.10107421875,2918.8265510124475,2890.2464592009433,2910.1395672296726,1929707,67.35143936787551,21.602869034398736,7.888453221674542,188760340,2611.9861745773687,2811.9445556640626,2822.039326171875,2907.7262539223852,2716.16285740574
2021-08-12,2911.66015625,2925.776506675617,2889.2911701909447,2889.2911701909447,1310205,68.28195378142918,24.91863772628676,11.294490122596986,190070545,2614.968005240778,2818.2078491210937,2826.019970703125,2922.4925330249744,2713.923165217213
2021-08-13,3008.650390625,3023.0708709928867,2916.6553015398326,2919.4785717498116,4363584,78.18366864927593,34.96960183416195,16.02951246490998,194434129,2618.8852429062927,2829.5205078125,2831.7358447265624,2961.280070485046,2697.760945139954
2021-08-16,3016.9462890625,3035.536563448586,2985.28227245685,3005.6966863671473,2083489,78.79347725962423,43.10755590418694,21.445121152765374,196517618,2622.846049335708,2841.601916503906,2837.5742822265624,2993.9661033556117,2689.2377296522004
2021-08-17,3086.529052734375,3093.261465683802,3008.302715337347,3024.8949404723467,4336019,83.06843529960452,54.542953421146194,28.064687606441538,200853637,2627.4598105635555,2857.6054931640624,2844.1204736328127,3039.4265917869843,2675.7843945411405
2021-08-18,3093.0439453125,3122.970560983455,3072.2386622953213,3104.5976757575286,2631309,83.40573098716555,63.40044486179204,35.13183905751164,203484946,2632.0924885212567,2873.014013671875,2850.503125,3078.2881895790456,2667.7398377647046
2021-08-20,3092.132080078125,3105.596905823654,3040.4445231839973,3045.6567137951697,2836148,83.15603271457371,69.54482132950761,42.01443551191084,200648798,2636.669996894957,2887.9186767578126,2856.865791015625,3110.638277327094,2665.1990761885313
2021-08-23,3159.803955078125,3190.729707647399,3094.2172159201127,3109.9407441812386,3744176,86.40811527480038,78.96458413094251,49.404465235717176,204392974,2641.8753099117052,2906.3589721679687,2864.2949853515624,3153.643103710151,2659.0748406257862
2021-08-24,3138.78173828125,3185.821894709705,3122.4501621886025,3176.8307793682116,2511141,81.16554947030917,83.76787291600886,56.27714677177552,201881833,2646.8196524825466,2924.412731933594,2870.3155712890625,3183.9112245682327,2664.914239298955
2021-08-25,3178.56787109375,3212.229938599867,3133.4390255895655,3136.001643795692,2123263,83.23829272603658,89.75033628631991,62.9717846746844,204005096,2652.1106795334044,2945.0899291992187,2877.08767578125,3216.13843109431,2674.0414273041274
2021-08-26,3189.73095703125,3203.412959628608,3168.925456429799,3179.4367940527254,1902533,83.77773054439098,94.3051581892837,69.23845937760427,205907629,2657.4601350308953,2965.680285644531,2884.318818359375,3245.2377657724373,2686.122805516625
2021-08-27,3231.6884765625,3239.8108919607075,3171.7050178376517,3184.6485399994513,3944728,85.64739660008944,100.14608678595869,75.41998485927516,209852357,2663.173849872006,2988.45537109375,2892.187998046875,3276.636007979439,2700.2747342080606
2021-08-30,3215.31396484375,3249.2366854199036,3203.4128372022465,3227.2150924852535,2033114,81.69039118500109,102.27481809312894,80.79095150604593,207819243,2668.6677813642627,3011.643115234375,2898.977314453125,3294.426402434743,2728.8598280340066
2021-08-31,3289.283203125,3304.6158580161027,3217.1812317850963,3222.349945144956,3207480,85.05045751921111,108.6777825061613,86.368317706069,211026723,2674.8430591927277,3036.2728637695313,2907.6005322265623,3325.6092991177634,2746.9364284212993
2021-09-01,3227.17138671875,3315.5614573561893,3220.2652761964287,3297.5794411765964,2643336,72.94521819009555,107.5010680451478,90.59486777388477,208383387,2680.338863446718,3054.952038574219,2915.4010546875,3342.934009997363,2766.970067151075
2021-09-02,3332.979248046875,3352.438011237074,3233.296086852276,3243.720469722299,3403717,78.54686662231668,113.79457051873169,95.23480832285415,211787104,2686.832797621844,3079.3972290039064,2924.8305859375,3374.5402186788106,2784.2542393290023
2021-09-03,3337.583740234375,3350.4837881277463,3305.0075403754054,3322.772385614903,1746812,78.7530327193526,117.79588299568559,99.74702325742044,213533916,2693.3079313791827,3103.63828125,2935.0421875,3399.979777571756,2807.296784928244
2021-09-06,3346.2265625,3368.4653285384056,3313.216020086968,3344.228513568609,1723693,79.15791265300238,120.27786710570581,103.85319202707751,215257609,2699.8046341764048,3127.1886596679688,2943.4815283203125,3422.0353008951565,2832.342018440781
2021-09-07,3314.866943359375,3361.820145679296,3308.2214838221244,3356.651431363143,1585039,73.67220271855177,118.35013156694595,106.7525799350512,213672570,2705.92465715335,3148.6107421875,2951.168857421875,3432.4243205273347,2864.797163847665
2021-09-08,3278.5986328125,3314.085054335627,3262.8318385542893,3309.7415614728015,4147175,67.81853408714056,112.5978794451812,107.92163983707721,209525395,2711.6229056673715,3167.7329833984377,2958.8944873046876,3431.778389516893,2903.687577279982
2021-09-09,3293.5830078125,3308.611532453073,3270.6494550333446,3292.106262958881,1441148,68.91738315650056,108.00329724784251,107.93797131923029,210966543,2717.41355344991,3187.157080078125,2966.8487158203125,3427.1223612129243,2947.191798943326
2021-09-13,3340.449951171875,3346.5741060930313,3272.38733704224,3272.38733704224,1691473,72.12352517075337,106.91142009913301,107.73266107521083,212658016,2723.612920591422,3208.596569824219,2975.65533203125,3421.3517322191483,2995.8414074292896
2021-09-14,3375.67529296875,3384.8835815661164,3322.771641085691,3344.445625451803,1991188,74.27160832006341,107.64759580859482,107.71564802188763,214649204,2730.1011034011467,3226.9478149414062,2985.2401416015623,3430.6757005303375,3023.219929352475
2021-09-15,3435.311279296875,3457.4196110258426,3358.38799402661,3372.3741230155924,2461369,77.44096826000919,111.7549050794064,108.52349943339138,217110573,2737.1181200767264,3247.866064453125,2996.29591796875,3446.9080127890156,3048.8241161172346
2021-09-16,3390.791015625,3458.9403729078654,3381.0616345028816,3413.985223966324,2946666,70.46263347701361,110.14784823138098,108.84836919298931,214163907,2743.62232799263,3263.0791625976562,3006.5384326171875,3456.912920854974,3069.2454043403386
2021-09-17,3325.247314453125,3427.015248990457,3305.3974708260303,3405.297788603952,6477148,61.65414796995823,102.40495461615274,107.559686277622,207686759,2749.4096412907443,3274.6893310546875,3016.4876953125,3453.638828375402,3095.739833733973
2021-09-20,3321.46875,3362.7319291879166,3307.873703164557,3308.87262161632,2002008,61.17932945817965,94.87015299980021,105.02177962205765,205684751,2755.1017717256623,3286.1561645507813,3026.1420849609376,3445.119060662347,3127.193268439216
2021-09-21,3355.739013671875,3363.209906018723,3319.861721221568,3351.438998276078,1568129,63.89517973598105,90.6194872628098,102.14132115020809,207252880,2761.078261695276,3295.952917480469,3036.7670556640624,3446.487548974196,3145.4182859867415
2021-09-22,3355.04345703125,3385.187461325402,3346.6171249272134,3355.3475863065564,1744067,63.79762529519897,86.20100688485763,98.953258297138,205508813,2766.9883631414054,3306.766003417969,3048.2510009765624,3440.74647373992,3172.785533096018
2021-09-23,3361.211669921875,3369.6814802938434,3331.458746307525,3361.863193796642,2003869,64.31790965731955,82.248938022924,95.61239424229521,207512682,2772.901032860614,3315.898193359375,3060.11921875,3438.058304480456,3193.738082238294
2021-09-24,3362.99267578125,3426.494411341155,3348.832847265645,3379.237295943802,2320754,64.47665763888835,78.3573524814401,92.1613858901242,209833436,2778.7725914966404,3324.561279296875,3072.1192626953125,3433.569720564762,3215.552838028988
2021-09-27,3333.152587890625,3391.3988633473587,3303.573362252145,3387.9240694299947,1673362,59.685441454428585,72.03502229690639,88.13611317148064,208160074,2784.2888103662326,3329.634484863281,3083.0544287109374,3429.981787905771,3229.2871818207914
2021-09-28,3282.941650390625,3344.4890201802423,3258.705048558736,3344.4890201802423,2253075,52.602228341167134,62.25528685549716,82.95994790828395,205906999,2789.2505301674705,3333.015869140625,3093.0653173828123,3421.5938240057494,3244.4379142755006
2021-09-29,3294.017578125,3306.2663111425195,3233.425861046127,3266.132485042677,2489161,53.901835218334575,54.76718880066255,77.32139608675968,208396160,2794.2730878585903,3333.252587890625,3103.439306640625,3421.3859758323274,3245.1191999489224
2021-09-30,3279.814453125,3305.397579887502,3257.7061201389893,3305.397579887502,2252412,51.93528485333463,47.14330498219488,71.28577786584673,206143748,2799.1043452244253,3335.8847412109376,3113.7064453125,3413.7324370452293,3258.037045376646
2021-10-01,3240.419189453125,3309.7413740348698,3235.9019995485273,3285.200640749703,1578374,46.83158459739903,37.490288877294915,64.52668006813637,204565374,2803.495537704313,3331.25673828125,3122.8173583984376,3419.5496374216623,3242.9638391408375
2021-10-04,3277.85986328125,3286.8507648768555,3220.655986222067,3235.727988977081,1356860,51.690501778652255,32.48686518165596,58.11871709084029,205922234,2808.21558074488,3328.270544433594,3132.493779296875,3419.4966683512857,3237.044420515902
2021-10-05,3329.98193359375,3335.802171006452,3250.322325208248,3261.0941015516205,1877966,57.51176402971916,32.35446914667864,52.96586750200797,207800200,2813.407285748351,3327.4583129882812,3143.27345703125,3418.3190242939622,3236.5976016826003
2021-10-06,3310.523193359375,3350.9611529611852,3296.710971356703,3332.32761162696,1678154,54.854266925779015,30.329763982097575,48.43864679802589,206122046,2818.3537126897545,3327.2411254882813,3153.9297900390625,3418.241846995731,3236.2404039808316
2021-10-07,3381.75634765625,3387.055493405651,3318.4717883990315,3327.115296164053,1647233,61.811016209257495,34.080235047978476,45.56696444801641,207769279,2823.9597090575803,3332.3990112304687,3166.2644384765626,3423.480730825679,3241.3172916352582
2021-10-08,3418.893310546875,3466.0202061548184,3387.924292552639,3409.641755966438,2934339,64.85190363054726,39.59275232394111,44.37212202320135,210703618,2829.879446385832,3338.6645263671876,3179.083828125,3435.275960800619,3242.053091933756
2021-10-11,3201.67529296875,3264.1346306074806,3179.436526420061,3261.9628843462647,11845402,43.18923696588191,26.132543632791112,40.724206345119306,198858216,2833.578907545861,3331.725793457031,3187.5935986328127,3445.276476725618,3218.1751101884443
2021-10-12,3173.225341796875,3220.265279866949,3153.896800529802,3219.3965813830355,5752877,41.24593322961632,13.01947754330422,35.18326058475629,193105339,2836.958474055821,3321.6032958984374,3196.026923828125,3452.454603791391,3190.751988005484
2021-10-13,3175.266357421875,3192.857500067075,3166.4056761360216,3170.749168147182,3545655,41.44947121121655,2.7601537618738803,28.69863922017981,196650994,2840.3247216515033,3308.6010498046876,3203.598486328125,3443.2963725824197,3173.9057270269554
2021-10-14,3143.280517578125,3194.240445106672,3140.4518305354554,3155.0740091312496,6442299,39.159944518823025,-7.860809687032088,21.386749438737432,190208695,2843.3392071831117,3296.2255249023438,3209.3923388671874,3443.349122909561,3149.1019268951263
2021-10-18,3174.352783203125,3179.1833532142864,3134.577130685672,3136.3178613209348,3590107,42.483616336141694,-13.613796217518484,14.386640307486248,193798802,2846.6328746061968,3288.680798339844,3215.9978857421875,3444.307922181058,3133.05367449863
2021-10-19,3163.037841796875,3211.7349483513485,3155.248115175907,3193.370156269083,3135441,41.59255378502613,-18.86859527845536,7.735593190297927,190663361,2849.781182737447,3280.7592529296876,3222.203388671875,3444.8050352567743,3116.713470602601
2021-10-20,3141.017822265625,3159.425962920744,3114.4281204926015,3143.7593878979965,2933693,39.8412181048942,-24.527159117540123,1.2830427287303179,187729668,2852.679059747678,3270.023193359375,3227.519365234375,3440.9942651333254,3099.0521215854246
2021-10-21,3074.565673828125,3139.7995159026163,3056.0704096897393,3136.883919403963,4871211,35.04541809399066,-33.98202115608228,-5.769970048232202,182858457,2854.886886753454,3255.999304199219,3231.2821728515623,3442.11611928083,3069.8824891176077
2021-10-22,3045.277587890625,3099.893008187751,3033.2229439917833,3098.5003387692245,2691670,33.1513469736651,-43.338788626807855,-13.283733763947334,180166787,2856.78132159064,3240.202600097656,3234.2646484375,3440.9714357740368,3039.4337644212756
2021-10-25,3040.142333984375,3058.942308854021,3002.7601880545794,3048.889547465273,2595594,32.8164492161023,-50.58534990691396,-20.74405699254066,177571193,2858.60580927615,3224.0600830078124,3236.9654736328125,3434.42914780835,3013.6910182072747
2021-10-26,3031.13427734375,3071.5191422480484,3024.519416070266,3041.4915394122427,3878763,32.20191422053237,-56.40497537226747,-27.876240668486027,173692430,2860.3225104509524,3208.9591674804688,3239.3549560546876,3428.9746923870107,2988.943642573927
2021-10-27,3037.357421875,3056.070276540897,3031.482455875242,3031.482455875242,2510813,33.13350895963765,-59.82528606915639,-34.266049748620105,176203243,2862.084051858157,3196.6799560546874,3239.9290966796875,3426.0235091151635,2967.3364029942113
2021-10-28,2978.08544921875,3061.9452338402966,2972.297604765382,3061.9452338402966,2424942,29.04053992449647,-66.55149556130118,-40.723138911156326,173778301,2863.238294617964,3180.883349609375,3239.1518798828124,3424.321480105318,2937.4452191134314
2021-10-29,2957.28369140625,3012.3342965071097,2947.0133383911043,2959.2855740900413,3960501,27.745170154755215,-72.72229569476212,-47.12297026787749,169817800,2864.174069710385,3164.7568115234376,3236.56697265625,3422.1742764281294,2907.339346618746
2021-11-01,3025.73779296875,3034.9637499899923,2970.5131581120604,2992.272290245628,2020718,37.608010986195254,-71.26749800294647,-51.95187581489129,171838518,2865.781668946787,3154.022741699219,3235.220849609375,3415.792045925631,2892.2534374728066
2021-11-02,3032.527099609375,3058.1159699944874,3019.9503620137025,3041.056723071079,3087414,38.50458981011933,-68.77393691121188,-55.31628803415541,174925932,2867.4408274608422,3141.756103515625,3234.02875,3402.1527215022866,2881.3594855289634
2021-11-03,3039.53369140625,3063.599210695511,3016.730159499854,3049.934515859704,1537639,39.471279781981515,-65.47761321268126,-57.348553069860586,176463571,2869.1531942662696,3127.23369140625,3231.6233447265627,3376.1651850561398,2878.30219775636
2021-11-04,3053.806884765625,3057.81064982747,3050.6301366669845,3057.549497759696,328991,41.4890902813695,-61.01023747476347,-58.08088995084117,176792562,2870.990544420492,3114.3978759765623,3229.92384765625,3350.336738356689,2878.459013596436
2021-11-08,3048.672119140625,3088.056149799711,3029.9157040300906,3088.056149799711,2526082,40.960080326216925,-57.22449433993006,-57.90961082865895,174266480,2872.758520288354,3097.7436645507814,3227.3259326171874,3300.538043898241,2894.949285203322
2021-11-09,3051.239501953125,3076.7412470079594,3042.7970012842507,3053.2413845838532,1782692,41.36266647923658,-53.40151981517556,-57.007992625962274,176049172,2874.534450454172,3079.360974121094,3224.556103515625,3219.2858663607703,2939.4360818814175
2021-11-10,3032.6142578125,3063.4251085051474,3029.045674614578,3044.538221499019,1516489,39.27059469830777,-51.28352198716766,-55.86309849820335,174532683,2876.107383860723,3070.907922363281,3220.574619140625,3200.2835449136596,2941.5322998129027
2021-11-11,3036.00830078125,3055.0258682331873,2990.5752730659246,3028.8713475755,1284514,39.86746178991081,-48.768944512023154,-54.44426770096731,175817197,2877.69843776043,3064.0470703125,3216.988505859375,3185.288945917635,2942.8051947073654
2021-11-12,3068.951416015625,3076.001247008398,3033.832093367419,3051.500550347196,1747259,45.46954716506845,-43.61512169072648,-52.278438498919144,177564456,2879.601452469437,3058.7313232421875,3212.5818701171875,3168.8105142317677,2948.6521322526073
2021-11-15,3092.66943359375,3106.856432182133,3070.6491463666757,3070.6491463666757,1809157,49.14311724006545,-37.188152303811876,-49.2603812598977,179373613,2881.7215318836093,3056.2007690429687,3209.8918310546874,3160.567714408709,2951.8338236772283
2021-11-16,3095.367431640625,3112.03505658905,3082.834254844541,3106.334120705863,2013204,49.559389514920575,-31.513755905152266,-45.71105618894861,181386817,2883.847361731938,3052.251501464844,3205.1395947265623,3143.601915963894,2960.9010869657936
2021-11-17,3065.33984375,3100.9814771812103,3051.8491799334315,3090.319500939084,1632914,45.13173915755109,-29.104235756108665,-42.38969210238062,179753903,2885.653257075401,3047.3666015625,3199.694716796875,3123.7144079543427,2971.018795170657
2021-11-18,3025.12939453125,3064.4265252433597,3004.153712999985,3059.465271787463,2136598,39.98063617989069,-30.092434029936157,-39.93024048789173,177617305,2887.041079338643,3041.5721801757813,3193.2727734375,3105.129042208861,2978.0153181427017
2021-11-22,3010.071044921875,3060.1606067143043,2994.317561657031,3027.478349628783,3167936,38.22130806466007,-31.72496559188903,-38.28918550869119,174449369,2888.2652581006655,3038.347448730469,3187.17685546875,3101.4238256056024,2975.2710718553353
2021-11-23,3015.16357421875,3029.69863504423,2966.0314860207664,2998.409038950305,2153461,39.195785238166756,-32.23623481370305,-37.07859536969356,176602830,2889.527927912786,3036.841748046875,3181.908154296875,3100.6183411137577,2973.0651549799927
2021-11-24,2996.92919921875,3040.229877506103,2980.131104641125,3022.0826740714665,2161746,36.94843363933583,-33.724031385623675,-36.40768257287959,174441084,2890.5965972790145,3034.6810913085938,3175.975078125,3100.750778838817,2968.6114037783705
2021-11-25,2999.19140625,3014.074736407611,2988.87770595789,2997.450675821812,1849619,37.42776897240184,-34.32490356471408,-35.991126771246485,176290703,2891.67714264191,3033.083947753906,3169.1499072265624,3100.939586513375,2965.228308994437
2021-11-26,3000.018798828125,3037.574977522078,2969.5993607935234,2981.0012315223835,1941251,37.61457490230976,-34.338502547060216,-35.660601926409235,178231954,2892.7551690716236,3031.2170166015626,3161.63677734375,3100.538400619983,2961.8956325831423
2021-11-29,3048.019287109375,3071.8238631118234,2964.8558400184647,3000.2796653058103,2981745,47.42155841884676,-30.128736273788945,-34.55422879588518,181213699,2894.3000856690146,3034.7137084960937,3153.8909375,3099.8935936888497,2969.5338233033376
2021-11-30,3071.64990234375,3101.764629552227,3038.44554802296,3038.44554802296,5588446,51.466463216870004,-24.602075599125328,-32.56379815653321,186802145,2896.064760461798,3040.432019042969,3147.508115234375,3096.924461949809,2983.939576136129
2021-12-01,3113.9931640625,3124.611578739854,3076.7414849151487,3076.7414849151487,2102118,57.74014593615438,-16.613895211506588,-29.373817567527887,188904263,2898.233202288671,3044.8447875976562,3143.2830322265627,3109.285227972056,2980.4043472232565
2021-12-02,3170.653564453125,3175.092512337047,3110.7726037312136,3123.914991843836,3152938,64.37608346212147,-5.646099204730035,-24.628273894968316,192057201,2900.9438526584663,3051.751110839844,3140.266728515625,3135.994838986471,2967.5073826932166
2021-12-03,3168.521484375,3190.715800719207,3160.16610454034,3173.7436764559898,2486263,63.96902891538742,2.8411659134894762,-19.13438593327676,189570938,2903.606316655646,3058.2005004882812,3136.5223779296875,3156.322048500316,2960.0789524762463
2021-12-06,3077.9599609375,3183.7964732572673,3065.426784803744,3168.5215187563167,1849642,49.61776509267509,2.234073570487908,-14.860694032523828,187721296,2905.341178787804,3059.408154296875,3130.9807080078126,3157.877596039061,2960.9387125546896
2021-12-07,3119.824462890625,3131.574394610258,3067.4285135724954,3100.6764260141867,1484458,54.67952703806329,5.072590282966303,-10.874037169425803,189205754,2907.475340818678,3062.965771484375,3126.1529638671873,3164.7133905004994,2961.218152468251
2021-12-08,3156.728271484375,3173.7439580228324,3134.185891998146,3134.185891998146,1428660,58.62560687915575,10.182585654547438,-6.662712604631155,190634414,2909.9554694820185,3068.2402099609376,3122.02767578125,3177.657207599807,2958.8232123220682
2021-12-09,3134.838623046875,3163.560681646319,3103.7230595641445,3142.019137696736,1567957,55.53670694051847,12.323919638355164,-2.8653861560338916,189066457,2912.193112801072,3073.351428222656,3118.061396484375,3185.15844587202,2961.544410573292
2021-12-10,3165.3447265625,3169.8705838544292,3111.6432273189575,3120.259759230678,1510718,58.79506188080924,16.29469475354381,0.9666300258816487,190577175,2914.7120343310366,3079.818249511719,3115.7094580078124,3197.066625363047,2962.569873660391
2021-12-13,3141.7138671875,3187.2775734207476,3134.7945058876894,3176.833190329254,1883864,55.40782676778058,17.334923571671425,4.240288735039604,188693311,2916.9707590360763,3083.4563720703127,3112.6633837890627,3203.609748136971,2963.3029960036542
2021-12-14,3154.0302734375,3163.7783237110075,3113.0359768736716,3137.6673609293484,1747007,56.80461638859023,18.934874015256355,7.179205791082954,190440318,2919.329560174399,3086.5244140625,3110.1477001953126,3210.533854283246,2962.514973841754
2021-12-15,3107.509521484375,3153.334179672889,3096.890892481452,3150.7230831951033,1603233,50.38484331384184,16.261557266645013,8.995676086195367,188837085,2921.201997600369,3087.1315185546873,3107.4895068359374,3211.426740164889,2962.8362969444856
2021-12-16,3117.30029296875,3140.6694726505343,3107.203970979604,3117.648354075334,2072320,51.62398511184169,14.762791644501704,10.149099197856636,190909405,2923.1532244199548,3089.729541015625,3104.2783154296876,3214.2661171853174,2965.1929648459322
2021-12-17,3119.6943359375,3178.0088182880068,3110.4248168450613,3135.491383100008,4333992,51.940059696860324,13.611285919309921,10.841536542147294,195243397,2925.1088573703782,3094.4577880859374,3100.0725634765627,3215.9685922328094,2972.9469839390654
2021-12-20,3095.802734375,3138.537762280097,3055.113150241169,3123.741549867795,2312310,48.532157728107656,10.648111953910757,10.802851624499986,192931087,2926.8073039077376,3098.7443725585936,3095.778154296875,3213.9290659444396,2983.5596791727476
2021-12-21,3140.5390625,3169.173995034654,3104.0706300032657,3118.2140657139958,2340989,54.54605476557056,11.773900840519673,10.997061467703924,195272076,2928.933988072835,3105.013146972656,3090.95380859375,3214.84270907234,2995.1835848729725
2021-12-22,3160.0791015625,3165.3448546066893,3138.7551497651352,3154.204135250981,1224328,56.9141774155654,14.080503217172918,11.613749817597723,196496404,2931.2339394508417,3113.1706420898436,3085.7775244140626,3213.5019817760303,3012.839302403657
2021-12-23,3187.88720703125,3194.676099434365,3159.4263018517217,3175.0928785551187,1792861,60.10009900607033,17.94551915402735,12.880103684883649,198289265,2933.7877033073632,3122.605432128906,3085.5017626953127,3213.3169333054493,3031.893930952363
2021-12-24,3195.024169921875,3224.7037142044237,3172.3077611305043,3207.2964067053445,2209923,60.89922053193599,21.338488575555402,14.571780663018,200499188,2936.3870711343734,3132.3557006835936,3085.9377392578126,3209.1131347343053,3055.598266632882
2021-12-27,3216.95751953125,3220.3518594675843,3179.531808732032,3195.1112638122977,1534135,63.32990849821276,25.50329320712399,16.7580831718392,202033323,2939.1788168895664,3140.8026123046875,3086.7715625,3215.737716480669,3065.867508128706
2021-12-28,3226.052490234375,3242.110687247403,3214.998893611058,3229.0552079698964,1456218,64.32038678686702,29.201205687295896,19.24670767493054,203489541,2942.0332813009577,3148.522741699219,3088.427001953125,3225.164487013434,3071.8809963850035
2021-12-29,3215.73876953125,3237.715494300175,3207.296268256941,3213.606416952969,1456923,62.266455747719405,30.942906341457274,21.58594740823589,202032618,2944.7567189947918,3153.6100219726563,3089.2547216796875,3233.8320636796357,3073.387980265677
2021-12-30,3249.7265625,3255.1663458319385,3202.94442584533,3204.1195040416433,1966475,66.10737119580378,34.66613784474339,24.20198549553739,203999093,2947.7912448008137,3157.563671875,3090.98849609375,3247.910957334871,3067.2163864151294
2021-12-31,3253.730224609375,3272.573548475662,3247.5941067076774,3257.6033077203024,1207141,66.53944646139445,37.50752431507726,26.863093259445364,205206234,2950.835413754133,3161.824108886719,3093.242744140625,3261.40128065741,3062.2469371160278
2022-01-03,3322.837158203125,3333.4991332376317,3259.5180819777884,3263.8699085224853,2346158,72.94969901752717,44.81904945099359,30.454284497755012,207552392,2954.5369236491474,3174.06796875,3098.208173828125,3288.4985855805803,3059.63735191942
2022-01-04,3381.15234375,3384.981866916701,3317.5721020854744,3334.4573201187422,2488606,76.96072558907798,54.68861757032573,35.30115111226916,210040998,2958.78185320239,3187.1343627929687,3104.9256689453123,3329.9620895946214,3044.306635991316
2022-01-05,3360.437255859375,3368.314105244627,3318.180973100179,3363.9622782352676,1733031,72.82948508520536,60.14546743242681,40.27001437630069,208307967,2962.778424373106,3197.3198120117186,3111.3315673828124,3357.9643217575567,3036.6753022658804
2022-01-06,3313.87255859375,3337.8511668408105,3283.0181489761508,3317.8327634933953,1810293,64.45389901150949,60.020795976331556,44.220170696306866,206497674,2966.271898345451,3206.2715087890624,3116.9863330078124,3371.868174706519,3040.674842871606
2022-01-07,3353.95263671875,3363.874716003597,3304.2546937860716,3324.7953995758726,2460591,67.87814562224334,62.43639242410518,47.86341504186653,208958265,2970.12941813026,3215.701904296875,3123.3182373046875,3392.035307638033,3039.368500955717
2022-01-10,3376.886474609375,3462.3127331931946,3360.480005746336,3462.3127331931946,3937092,69.67810328690756,65.44690784968589,51.3801136034304,212895357,2974.176752025575,3227.4605346679687,3131.2942578125,3413.583222149546,3041.337847186391
2022-01-11,3408.263427734375,3416.1838370410696,3356.128630733851,3356.128630733851,1906106,71.99061513551732,69.56274488141207,55.01663985902674,214801463,2978.496022430638,3240.1721923828127,3140.3138525390623,3438.8046328433006,3041.5397519223247
2022-01-12,3359.523193359375,3419.6655251847706,3339.200289545301,3416.1840637185605,3203744,63.845130825628814,68.10655582642357,57.63462305250611,211597719,2982.287337564257,3252.7728759765623,3146.989560546875,3448.0900358269205,3057.455716126204
2022-01-13,3392.596435546875,3414.4426871115365,3356.9985837851636,3410.090861101963,6684507,66.60622009830405,68.82784519343932,59.87326748069275,218282226,2986.3700151561243,3266.5376831054687,3154.190947265625,3460.523442076707,3072.5519241342304
2022-01-14,3453.73974609375,3461.4425634732415,3359.653391036117,3375.145934824292,3348123,71.01346179021687,73.48612408366125,62.595838801286455,221630349,2991.020460240081,3283.239953613281,3162.475068359375,3481.2574782900083,3085.222428936554
2022-01-17,3498.12890625,3518.8872054066355,3448.6487622565855,3475.1077846169696,3442604,73.72466579957485,79.83933970432054,66.04453898189327,225072953,2996.0663154242593,3303.3562622070312,3171.3615087890626,3502.8586099507306,3103.853914463332
2022-01-18,3473.280517578125,3517.756065446516,3464.0545586313738,3511.010733077322,2389041,69.7895095658238,81.92487262184613,69.22060570988384,222683912,3000.814715445691,3319.9933349609373,3179.8536767578125,3517.8998290549143,3122.0868408669603
2022-01-19,3413.162841796875,3498.041884432763,3409.544563577846,3498.041884432763,3102539,61.26877566767183,77.82950834822032,70.94238623755115,219581373,3004.917681877046,3332.6475219726562,3187.0921435546875,3520.125695638253,3145.1693483070594
2022-01-20,3336.34912109375,3417.82764835201,3322.791114252426,3409.1087002694794,6176776,52.45616304651008,67.60635339572036,70.275179669185,213404597,3008.215507142884,3340.0706176757812,3193.1668408203127,3515.3968473521772,3164.7443879993853
2022-01-21,3342.408447265625,3358.1461897142185,3288.0023012626775,3319.3032369219345,3112358,53.030088430161776,59.309681336723315,68.08208000269266,216516955,3011.5408100296772,3347.439831542969,3199.29484375,3509.660250259886,3185.2194128260517
2022-01-24,3288.219970703125,3356.489151449722,3260.9732629131663,3348.075453230145,3258414,47.5069531909175,47.8108184155808,64.0278276852703,213258541,3014.29383650404,3351.0029541015624,3203.68021484375,3504.49872770206,3197.507180501065
2022-01-25,3286.955810546875,3321.3956518901114,3245.36647509271,3286.607137805823,3330501,47.3829692495006,38.15604046301223,58.85347024081869,209928040,3017.006890972128,3354.0481201171874,3207.5659423828124,3499.724967983766,3208.371272250609
2022-01-27,3181.761962890625,3255.1318220283392,3160.7057895166804,3253.0393597437615,5718297,38.401801901677224,21.76539706362928,51.43585560538081,204209743,3018.646244921566,3352.3492797851563,3209.2938330078123,3505.060800218049,3199.637759352264
2022-01-28,3217.3349609375,3251.992773976616,3178.927958254504,3178.927958254504,3143862,42.379247544993426,11.513418209576685,43.45136812621999,207353605,3020.6232470709783,3350.729699707031,3212.3337353515626,3508.3679093917053,3193.091490022357
2022-01-31,3257.61669921875,3276.5804096792403,3244.668977275617,3268.7333570748997,2739393,46.5852530665487,6.563392039127393,36.07377290880147,210092998,3022.981390873444,3350.9240234375,3216.9834814453125,3508.0923429038685,3193.755703971132
2022-02-01,3313.7666015625,3320.1751129374843,3257.74736547893,3287.0431133861125,2105169,51.860228297581465,7.089564405494912,30.276931208140162,212198167,3025.8747760544297,3350.470495605469,3223.057392578125,3508.012294167772,3192.928697043166
2022-02-02,3362.20068359375,3369.0015056035154,3313.766884903713,3337.5260181924546,1984212,55.90535262762352,11.284702411204307,26.47848544875299,214182379,3029.221302497607,3349.522912597656,3229.998134765625,3506.542245614179,3192.503579581133
2022-02-03,3334.648681640625,3385.1313015453898,3327.1939390990083,3357.6666174504307,1960538,53.16839442679432,12.245010352053214,23.631790429413037,212221841,3032.2603808970402,3348.2334838867187,3236.7525244140625,3505.2966699199105,3191.170297853527
2022-02-04,3326.191162109375,3334.7357731436837,3286.1712786456783,3326.5400477247117,2307366,52.321614714563786,12.183170168150355,21.342066377160503,209914475,3035.1850652872126,3348.8494140625,3243.29251953125,3505.4647551994417,3192.234072925558
2022-02-07,3294.889892578125,3340.9259728140128,3274.9670146178178,3305.3526284106038,1919149,49.19860514621847,9.498912965526415,18.973435694833686,207995326,3037.769192921948,3345.896276855469,3249.18994140625,3504.2332542721642,3187.5592994387735
2022-02-08,3263.89404296875,3312.9381179027605,3244.320050301402,3305.8322615249517,2946443,46.25437809451172,4.815009342603389,16.141750424387627,205048883,3040.0191914298766,3340.2466552734377,3253.5074365234377,3501.7883536750937,3178.7049568717816
2022-02-09,3278.803466796875,3293.974348552429,3266.2046316844016,3269.604935671538,1638721,47.870391542442185,2.2797681275415016,13.369353965018403,206687604,3042.3951543688518,3333.7736572265626,3257.6505078125,3494.2663932692412,3173.280921183884
2022-02-10,3287.348388671875,3304.3066986400545,3276.580403583315,3304.3066986400545,2112459,48.820192160961426,0.949133956166861,10.885309963248096,208800063,3044.8324999838073,3330.1649169921875,3261.1176123046876,3491.423342161268,3168.906491823107
2022-02-11,3221.607421875,3271.7850066553174,3217.2915854918374,3271.7850066553174,3851488,42.416947829508366,-5.348495682764678,7.63854883404554,204948575,3046.591454430486,3321.6154663085936,3262.136689453125,3486.810243185654,3156.420689431533
2022-02-14,3255.43701171875,3307.3147491669633,3234.7295114768162,3246.9360379352192,5951745,46.31877757574927,-7.522927740742489,4.606253519087935,210900320,3048.669519677135,3311.700329589844,3263.875,3467.522751184063,3155.877907995625
2022-02-15,3328.72021484375,3343.716763753565,3267.861911485883,3300.9939159246405,3931683,53.64620207625201,-3.2948577050756285,3.0260312742552222,214832003,3051.4560937583956,3303.2298950195313,3268.890205078125,3433.998570488665,3172.461219550398
2022-02-16,3324.6220703125,3360.3697562876455,3318.431532229366,3351.5635338648667,3256906,53.20880090880753,-0.2716364978000456,2.366497719844169,211575097,3054.1741631768446,3295.79697265625,3272.9861572265627,3401.568118678014,3190.0258266344863
2022-02-17,3299.424072265625,3343.716368163964,3294.8902621360157,3334.997420658973,3134372,50.483265392650274,0.0899829685236,1.9111947695800553,208440725,3056.6144607797182,3290.1100341796873,3275.8400732421874,3381.2464812044686,3198.973587154906
2022-02-18,3307.88134765625,3327.1066691225346,3276.2317390898334,3286.171253915909,3688883,51.38338904305236,1.0469320634019823,1.738342228344441,212129608,3059.1146288083405,3288.6866455078125,3279.300927734375,3377.7557261130546,3199.6175649025704
2022-02-21,3242.925048828125,3337.4385616421955,3230.8494350012497,3321.918793472412,7465922,44.667314607004435,-3.3969513962833844,0.7112835034188759,204663686,3060.9435882115226,3283.7124755859377,3280.8525341796876,3371.3249747143727,3196.0999764575026
2022-02-22,3126.96337890625,3198.022804045737,3112.664389545629,3182.4159725046347,5408531,35.69708792915803,-16.090418358222905,-2.6490568689094807,199255155,3061.600501551769,3275.6496459960936,3280.5575244140623,3386.671740549763,3164.627551442424
2022-02-23,3107.25830078125,3158.787148610905,3100.152231425736,3148.411687072803,2426203,34.431709172293566,-27.42399080437781,-7.604043656003147,196828952,3062.0548080117637,3266.6647705078126,3279.6220849609376,3399.512640969507,3133.816900046118
2022-02-24,2965.880859375,3037.550782181064,2956.682539532843,3028.962533260586,5039136,27.02881693992684,-47.269018778310055,-15.53703868046453,191789816,3061.09785329896,3255.870715332031,3276.78951171875,3439.813655040708,3071.927775623354
2022-02-25,3069.72314453125,3077.788170189679,3018.4993329169033,3023.7307009115602,2549723,37.63507213667427,-53.99472428641002,-23.228575801653626,194339539,3061.1836770923164,3248.490124511719,3275.83796875,3449.1148870284574,3047.8653619949805
2022-02-28,3098.887939453125,3107.2145759792743,3013.1806523150753,3042.9123451891032,3288942,40.26131981891961,-56.322290838459594,-29.847318809014823,197628481,3061.5588438819764,3240.5536865234376,3275.4218408203124,3451.4039913010565,3029.7033817458187
2022-03-02,3091.869384765625,3114.3643111770593,3056.8628968064095,3097.4060013989642,2761341,39.826666836925035,-58.06391810259038,-35.49063866772994,194867140,3061.860441303704,3229.4588256835937,3275.343173828125,3446.9785843464124,3011.939067020775
2022-03-03,3090.34326171875,3120.162228552476,3077.8753387197994,3106.429888039803,1928039,39.72623795177328,-58.888485824920735,-40.1702080991681,192939101,3062.1438524521127,3215.8659545898436,3274.3392578125,3432.4815788869128,2999.2503302927744
2022-03-04,3072.8623046875,3104.9914980604067,3040.3405883905943,3052.939424780361,2370257,38.52779016348032,-60.25791311043713,-44.187749101421915,190568844,3062.2505037181363,3202.7766357421874,3272.594921875,3420.733395550138,2984.8198759342367
2022-03-07,3038.4658203125,3093.4824622131614,2991.950364784815,3008.0367797732265,3054130,36.212859275209574,-63.38800545680533,-48.027800372498604,187514714,3062.013840201663,3188.3903686523436,3269.606494140625,3409.8190708853776,2966.9616664193095
2022-03-08,3138.777587890625,3146.6682782658586,3016.7559553338515,3016.7559553338515,3300992,46.33902438911108,-57.11590825235089,-49.84542194846906,190815706,3062.7776585866277,3180.584753417969,3268.4815625,3397.404530051826,2963.7649767841117
2022-03-09,3167.24462890625,3185.9030894951516,3136.2487311522195,3143.1802511302744,2719654,48.82198829279541,-49.28010337294381,-49.73235823336401,193535360,3063.8171309281165,3175.7522827148437,3267.4873046875,3389.211666876037,2962.2928985536505
2022-03-10,3157.08740234375,3212.0604115144542,3151.899670907913,3212.0604115144542,2005441,47.96910240249919,-43.38960647385875,-48.46380788146296,191529919,3064.7451933302623,3169.6664794921876,3266.1080029296877,3377.903188375919,2961.4297706084562
2022-03-11,3138.080078125,3173.566366707418,3132.5873111877163,3141.654931943972,1623423,46.33777485858802,-39.79633013477405,-46.73031233212518,189906496,3065.4748936764786,3162.2030639648438,3264.5548291015625,3363.6216590399345,2960.784468889753
2022-03-14,3176.3125,3180.9772219494284,3121.383132034038,3121.383132034038,1765688,50.019692036471774,-33.47768590033729,-44.07978704576761,191672184,3066.5777554309416,3159.9383178710937,3263.0865478515625,3359.645538150805,2960.2310975913824
2022-03-15,3133.5029296875,3190.26337162295,3126.091823194252,3190.26337162295,3651133,46.19745894067068,-31.560677526201744,-41.57596514185444,188021051,3067.243677562848,3153.8416137695312,3260.682001953125,3348.90586080779,2958.7773667312727
2022-03-16,3187.5595703125,3198.109580738433,3152.989032536903,3174.1324778294074,3090475,51.261964396888565,-25.386871399443862,-38.33814639337233,191111526,3068.440850625034,3146.783581542969,3257.9764501953123,3325.5618584473777,2968.00530463856
2022-03-17,3202.251220703125,3234.7292978853975,3191.3961743923683,3223.0459941926397,3600452,52.56875205114206,-19.08855122453315,-34.488227359604494,194711978,3069.772297093473,3140.6650390625,3254.398427734375,3302.226025150733,2979.104052974267
2022-03-21,3162.10009765625,3238.172901371749,3151.8989734272645,3222.5224359023982,2413831,48.72380803301088,-17.139375134259353,-31.01845691453547,192298147,3070.690981676187,3133.7988403320314,3250.4316845703124,3278.5896539509986,2989.0080267130643
2022-03-22,3226.838623046875,3235.6012072887484,3160.618263654463,3173.696684055792,2907611,54.5021473678974,-10.252595543661755,-26.86528464036073,195205758,3072.2446895505227,3129.7467041015625,3248.691005859375,3258.467474914159,3001.025933288966
2022-03-23,3236.822021484375,3251.993118025489,3217.291664008723,3232.985769686814,1596195,55.33799247146178,-3.9437353560861084,-22.28097478350581,196801953,3073.8822749428996,3129.441552734375,3246.3483935546874,3257.112307195522,3001.7707982732277
2022-03-24,3269.47412109375,3276.7543134409916,3221.650616111868,3226.010089205389,1879046,58.05230820053865,3.648772570039455,-17.095025312796757,198680999,3075.828462466789,3136.56708984375,3244.200146484375,3278.0496831174473,2995.084496570053
2022-03-25,3232.505615234375,3295.3256641850585,3201.596994017075,3278.2364447573104,1690133,54.047315580489794,6.6066826137484895,-12.354683727487709,196990866,3077.3874391112427,3142.829455566406,3240.684990234375,3289.5587791838643,2996.100131948948
2022-03-28,3232.724365234375,3237.3454503300545,3192.1812563088843,3221.651343649219,1760990,54.067508684224634,8.866293814788605,-8.110488219032447,198751856,3078.933080167194,3156.171630859375,3238.149013671875,3283.3388344185646,3029.0044273001854
2022-03-29,3230.675537109375,3245.192500629566,3218.163761371233,3221.4333669266766,2689063,53.828919910935944,10.372164804894055,-4.413957614247147,196062793,3080.4429553606483,3164.2192504882814,3234.910595703125,3288.8304024206636,3039.6080985558992
2022-03-30,3253.5185546875,3259.1422326604416,3231.4159399540727,3259.1422326604416,1583455,56.15216196550868,13.256011970839154,-0.8799636972298872,197646248,3082.1651006275824,3171.95078125,3230.906171875,3298.56069405313,3045.34086844687
2022-03-31,3260.8427734375,3273.6595838693274,3243.622851883413,3260.8864107485983,2168110,56.90099362992764,15.948638887510242,2.4857568197181386,199814358,3083.9429879192235,3180.399450683594,3226.16044921875,3307.05765689882,3053.7412444683678
2022-04-01,3277.234130859375,3280.9396832520993,3250.4670067366783,3267.861263042484,1387014,58.60481529863532,19.184068671974728,5.825419190169457,201201372,3085.866282873852,3189.743994140625,3222.239521484375,3316.0229981545635,3063.4649901266866
2022-04-04,3287.348388671875,3295.7620876915726,3258.3578888264396,3280.067982512089,1472994,59.664432104725485,22.307163073084666,9.1217679667525,202674366,3087.8710799464693,3200.468298339844,3219.723232421875,3321.5443147634196,3079.392281916268
2022-04-05,3326.104248046875,3344.239702036937,3288.7871089041378,3288.7871089041378,2314947,63.51802144522882,27.591454726968095,12.81570531879562,204989313,3090.241559231051,3214.8502197265625,3219.5183349609374,3323.2013198421805,3106.4991196109445
2022-04-06,3274.270751953125,3321.3094414488437,3253.1707240881533,3321.3094414488437,2051729,55.83485155691254,27.28227095285183,15.709018445606862,202937584,3092.0726954770416,3221.6248779296875,3218.1555810546874,3327.0057480547557,3116.2440078046193
2022-04-07,3212.191162109375,3265.6819935656586,3207.7009890076247,3265.6819935656586,2494829,48.29941578732878,21.7769058892668,16.92259593433885,200442755,3093.2679041002493,3223.872204589844,3216.6350048828126,3326.3967508307915,3121.3476583488964
2022-04-08,3213.49853515625,3230.369782323255,3175.8763649426332,3217.2913621519056,2296773,48.45717929728721,17.31970768205747,17.002018283882574,202739528,3094.464228787374,3226.692761230469,3215.165859375,3324.7179674998456,3128.6675549610923
2022-04-11,3222.871826171875,3236.778718405586,3187.734636322579,3217.2917846452956,2291660,49.64361154249492,14.377952157061827,16.477205058518425,205031188,3095.741916323538,3230.9323486328126,3215.988056640625,3320.2045338099424,3141.660163455683
2022-04-12,3218.2509765625,3260.0146522734094,3180.9774739188283,3211.1885435471963,4483476,49.04426581472402,11.540691852035252,15.489902417221792,200547712,3096.960911947807,3233.0292724609376,3216.006376953125,3318.9794472991475,3147.0790976227277
2022-04-13,3192.834716796875,3234.5986001579863,3187.2546759280217,3232.113615146046,1621672,45.771016451146906,7.158741354234735,13.823670204624381,198926040,3097.91488015526,3235.9958618164064,3214.7107373046874,3311.456128347463,3160.5355952853497
2022-04-18,3076.088134765625,3147.5398627614222,3071.249076614158,3147.5398627614222,3820792,34.410480722457564,-5.669109498149737,9.92511426406956,195105248,3097.697698609095,3230.4222900390623,3209.95716796875,3331.490951763102,3129.3536283150224
2022-04-19,3027.131103515625,3107.0403799545356,2998.576552281814,3095.2261642756557,3170014,30.94219436403965,-19.560218960865768,4.0280476190824945,191935234,3096.9955434340354,3221.6662841796874,3203.2557763671875,3355.886041675989,3087.446526683386
2022-04-20,3101.155029296875,3111.922800837386,3034.193475539571,3051.631369077155,2640370,40.67818910652791,-24.315615839863767,-1.640685072706758,194575604,3097.0369313530687,3218.619030761719,3198.5859033203124,3360.649896013219,3076.588165510219
2022-04-21,3163.800537109375,3177.184205558116,3110.3969880999252,3121.3829461849764,2280996,47.43258733045342,-22.766890653582323,-5.865926188881871,196856600,3097.7012458382064,3215.4671264648437,3195.3380908203126,3359.4134004391935,3071.520852490494
2022-04-22,3149.76318359375,3153.643072364982,3113.971864238743,3122.3421383520026,1581465,46.16418389121905,-22.41383911396906,-9.17550877389931,195275135,3098.219275069605,3211.1141845703123,3192.435556640625,3357.459436259776,3064.7689328808488
2022-04-25,3093.656982421875,3124.870857781857,3080.49149910498,3102.201593746609,1960694,41.398989251041264,-26.357511771983354,-12.61190937351612,193314441,3098.1738791228613,3202.3233276367187,3189.0308154296877,3354.5924264672053,3050.054228806232
2022-04-26,3092.000732421875,3128.271430266932,3067.456764808014,3117.1547709894953,1943469,41.263581938965594,-29.27903580009115,-15.945334658831127,191370972,3098.112454777578,3195.2980834960936,3185.2947607421875,3354.170620908225,3036.425546083962
2022-04-27,3104.99169921875,3111.312936478098,3057.1247601525597,3091.738940916967,1727648,42.842734493768056,-30.197998461677344,-18.79586741940037,193098620,3098.1809049710228,3188.9114501953127,3181.647626953125,3351.479067202493,3026.3438331881325
2022-04-28,3125.13232421875,3142.65728057788,3084.8071929445496,3128.358292147701,1703660,45.29820304429323,-28.967187174183437,-20.830131370356984,194802280,3098.449078296871,3183.6342895507814,3179.718125,3347.284966275426,3019.983612826137
2022-04-29,3092.349365234375,3159.0929573513504,3083.7613288382795,3136.20571795841,2051115,42.1259180172303,-30.28793076052216,-22.72169124839002,192751165,3098.388384634558,3175.575830078125,3176.4563720703127,3340.5352623482886,3010.616397807961
2022-05-02,3088.599609375,3093.4386673907866,3045.3101239380358,3068.9819792014673,1324161,41.76563002364751,-31.276665596030398,-24.432686117918095,191427004,3098.290983885707,3166.963671875,3171.6539599609373,3331.2007550408352,3002.7265887091644
2022-05-04,3033.9755859375,3091.259025222723,3021.376750080482,3085.199399623491,2305825,36.8247370897707,-36.05235811349712,-26.7566205170339,189121179,3097.651029677267,3154.800744628906,3165.8410302734374,3320.5937591542033,2989.007730103609
2022-05-05,3063.314697265625,3080.403918216015,3038.8582216741816,3062.181404468486,1612262,40.87083253172241,-37.042702537034984,-28.81383692103412,190733441,3097.3093746283953,3143.5990600585938,3161.1188427734373,3302.1726281609012,2985.0254919562863
2022-05-06,2992.865966796875,3029.398271221834,2985.803534263684,3015.8839027648073,2010812,35.06374624439543,-43.01631609672086,-31.65433275617147,188722629,3096.270136739525,3126.937145996094,3154.81853515625,3274.9829609727894,2978.8913310193984
2022-05-09,3003.764892578125,3013.2684608532413,2918.1012275668895,2962.698561915311,2481830,36.56538784467376,-46.33685325527313,-34.5908368559918,191204459,3095.349686548864,3113.4118530273436,3150.03533203125,3254.4035962114867,2972.4201098432004
2022-05-10,2998.22802734375,3020.9409278192593,2983.6237904966374,2994.08652734233,1622685,36.10855833358582,-48.8520456545416,-37.443078615701765,189581774,3094.3833018801565,3102.7136962890627,3147.460625,3244.5687694270828,2960.8586231510426
2022-05-11,2974.904541015625,3006.6850583840333,2948.8784006090195,2994.958117933374,1841769,34.17183972130519,-52.12648253308362,-40.37975939917814,187740005,3093.1944584884695,3090.7839965820312,3144.8135498046877,3233.4933892805125,2948.07460388355
2022-05-12,2971.983642578125,3007.7749608828694,2920.9343806143934,2945.2601564408105,2807195,33.92642413796936,-54.33089668612274,-43.169986856567064,184932810,3091.9883807182173,3078.2395874023437,3144.93560546875,3216.3329899776986,2940.1461848269887
2022-05-13,2977.433349609375,2999.230718747237,2948.8787960387763,2994.958519542189,2187823,34.866322211636614,-55.004111809957976,-45.53681184724525,187120633,3090.848529662408,3066.1987060546876,3143.0898095703124,3195.045895535129,2937.351516574246
2022-05-16,2944.2138671875,2990.5986195296737,2935.3205844196054,2977.5201999107394,1195813,31.888546007760482,-57.55471927328381,-47.940393332452956,185924820,3089.3894782944985,3053.7676635742187,3139.996328125,3179.275429500298,2928.2598976481395
2022-05-17,3009.431884765625,3022.858978236571,2921.1959692768205,2938.2851908443163,1754076,42.30629238548141,-53.694587316400884,-49.09123212924254,187678896,3088.5938803489375,3050.434851074219,3138.347578125,3176.930939238187,2923.9387629102507
2022-05-18,3006.990234375,3047.2717235989503,3001.9768402660748,3021.114884769775,1866781,42.04700032654078,-50.25313880793692,-49.32361346498142,185812115,3087.7819037720824,3049.4278076171877,3136.680517578125,3176.966342141709,2921.8892730926664
2022-05-19,2844.077392578125,2968.801994723877,2816.220394407672,2961.826835852279,4642963,29.191331458643944,-59.98005811065195,-51.45490239411553,181169152,3085.35698326269,3036.57392578125,3132.1048193359375,3189.8834368184216,2883.2644147440787
2022-05-20,2871.1494140625,2889.371929206205,2851.139472106869,2885.971624824438,3065125,32.86466905098331,-64.75773894894746,-54.11546970508192,184234277,3083.225564663683,3021.941369628906,3128.7584912109373,3179.68512090204,2864.197618355772
2022-05-23,2896.21630859375,2911.1692180116047,2848.4800723039907,2881.437735548261,2293690,36.16673689539175,-65.76331794570069,-56.44503935320568,186527967,3081.3647760460717,3009.264025878906,3123.907265625,3164.6149378714135,2853.9131138863986
2022-05-24,2866.789794921875,2898.9192000018056,2855.9783857074317,2890.4616510569685,1711510,34.04950410904911,-68.1491394133268,-58.7858593652299,184816457,3079.229701607025,2997.9206665039064,3117.8981689453126,3159.953273481048,2835.8880595267647
2022-05-25,2780.461181640625,2890.357885421766,2768.523667729061,2890.357885421766,3548046,28.73491351494998,-76.12835741281106,-62.25435897474614,181268411,3076.2568805128326,2982.3436889648438,3110.36564453125,3163.924278669729,2800.7630992599584
2022-05-26,2832.51318359375,2845.2847498563847,2791.7848372931185,2800.957469317206,2813186,35.29300692092633,-77.36002540574418,-65.27549226094575,184081597,3073.831570095728,2968.719763183594,3104.254306640625,3152.323669261065,2785.115857106123
2022-05-27,2862.6640625,2878.1126466259984,2834.4876314487365,2855.554057865002,3103153,38.805843578828,-75.03821340306149,-67.2280364893689,187184750,3071.73040086592,2955.5963500976563,3097.981337890625,3129.889444976342,2781.3032552189707
2022-05-30,2962.686279296875,2972.649031269277,2884.652794101805,2894.0009370688977,2094624,48.746430683188166,-64.38501333279828,-66.65943185805479,189279374,3070.645384730905,2949.1131958007813,3094.5650048828124,3111.839142574046,2786.3872490275166
2022-05-31,2953.117919921875,2969.8392235795586,2918.5776743569736,2944.1645177224336,4840965,47.94408266793724,-56.06804464290235,-64.5411544150243,184438409,3069.4759572203675,2942.339111328125,3089.876171875,3092.0324529308236,2792.6457697254264
2022-06-01,2945.0869140625,2973.8777450085313,2931.7888156507142,2973.8777450085313,1493835,47.24123955509532,-49.55359904680381,-61.5436433413802,182944574,3068.238255298399,2937.894677734375,3084.7328857421876,3081.5997435758813,2794.1896118928685
2022-06-02,3004.59912109375,3012.499031140447,2937.2743749999877,2944.9109118520396,2657939,52.76697328274394,-39.137562773330046,-57.06242722777017,185602513,3067.605030082432,2934.9588989257813,3081.5828662109375,3070.4599360162506,2799.457861835312
2022-06-03,3019.652587890625,3052.2617878256715,3011.7966095219977,3036.549616789654,1913622,54.07717780994323,-29.329992127714377,-51.515940207759016,187516135,3067.1278913541555,2936.298229980469,3077.4391455078126,3074.5636063771135,2798.0328535838244
2022-06-06,3011.577392578125,3030.9322154409138,2964.3534420465703,3000.2103424202264,1084210,53.22426588000411,-21.955928232257975,-45.60393781265881,186431925,3066.575150072802,2936.688854980469,3072.9342529296873,3075.7562642121466,2797.6214457487913
2022-06-07,2951.670166015625,3000.956963708526,2945.7891637629878,2985.3326517441806,2308256,47.268070840718636,-20.707241792287732,-40.6245986085846,184123669,3065.4318168981035,2934.3609619140625,3066.578173828125,3070.763095163258,2797.958828664867
2022-06-08,2988.0537109375,2996.6558797926627,2937.450473837152,2966.9872799283585,2185707,50.86445046447905,-16.59055519407275,-35.81778992568223,186309376,3064.6618854955104,2935.018420410156,3061.6891357421873,3072.3196907848355,2797.7171500354766
2022-06-09,3008.197998046875,3016.8878132150094,2943.2431833311603,2971.243889360723,1279197,52.78448132166898,-11.569213101914102,-30.968074560928606,187588573,3064.100055769654,2936.829138183594,3057.1986083984375,3076.9586805282147,2796.699595838973
2022-06-10,2949.212158203125,2978.2663601980794,2942.2778778025236,2968.610913701711,1527582,46.99375443991725,-12.208693409246735,-27.216198330592235,186060991,3062.956892609788,2935.418078613281,3051.5693408203124,3074.4477578948213,2796.388399331741
2022-06-13,2826.061279296875,2890.4893497484964,2802.229755076651,2887.8560463627555,3030921,37.69568311504114,-22.394582070940032,-26.251875078661797,183030070,3060.599722328068,2929.51044921875,3043.0201953125,3076.363982076808,2782.6569163606923
2022-06-14,2818.117431640625,2843.002020001427,2786.6493705312914,2800.0792606285445,2611493,37.184597230662604,-30.753467506999186,-27.152193564329274,180418577,3058.1869632167504,2919.9447265625,3034.1656884765625,3069.6248575559116,2770.264595569088
2022-06-15,2814.38720703125,2838.70133453844,2809.734994390088,2825.095932347547,1404536,36.93138387450537,-37.24955273193018,-29.171665397849456,179014041,3055.761094995999,2910.3145751953125,3024.90875,3061.1332618778183,2759.4958885128067
2022-06-16,2757.9462890625,2848.224788477131,2750.0903105068783,2843.9675291414705,2032028,33.242760014310164,-46.41699127624179,-32.62073057352792,176982013,3052.7977635936754,2906.008020019531,3014.3207080078123,3068.605180616835,2743.4108594222275
2022-06-17,2711.337646484375,2737.5391085211395,2654.2390062170584,2714.058813161479,5240434,30.530910332383826,-56.78855716447015,-37.45429589171637,171741579,3049.4001504881103,2898.017431640625,3002.0253759765624,3081.0986294965237,2714.9362337847265
2022-06-20,2731.96435546875,2755.0936222142564,2693.869319498384,2715.813514020202,1502769,33.130730378272304,-62.62182935547435,-42.48780258446797,173244348,3046.24158536354,2889.804833984375,2991.179248046875,3086.688083601196,2692.921584367554
2022-06-21,2819.346923828125,2841.993381401865,2743.376059515087,2747.413878090599,2964461,42.88282577506145,-59.50772856072126,-45.89178777971863,176208809,3043.9839270398043,2887.4326904296877,2983.32236328125,3086.499088236075,2688.3662926233005
2022-06-22,2829.001708984375,2853.2281861623023,2793.934927975882,2808.7691181856167,3336315,43.857072397328885,-55.61957295623415,-47.83734481502174,179545124,3041.844800491989,2889.859716796875,2975.6324267578125,3084.790792020077,2694.9286415736733
2022-06-23,2904.3583984375,2912.433820057707,2829.0019403695915,2829.0019403695915,3692578,50.89708377934972,-45.928096068068044,-47.455495065631,183237702,3040.4767765909496,2893.4519775390627,2969.262158203125,3086.663840835533,2700.2401142425924
2022-06-24,2890.577880859375,2936.1339542506385,2876.884614366657,2930.8673462609513,2132118,49.670477888188294,-38.91096206142856,-45.74658846479052,181105584,3038.985245290138,2894.8476684570314,2962.7086962890626,3087.5523784404522,2702.1429584736106
2022-06-27,2909.537109375,2951.845477755388,2902.3394557167258,2940.5223579770245,2037686,51.40563140700246,-31.457360641174546,-42.88874290006733,183143270,3037.697204136754,2892.1902099609374,2957.042744140625,3082.5309502608557,2701.849469661019
2022-06-28,2912.56591796875,2922.9675548971527,2872.583755436178,2902.7788901035688,1400046,51.69216039463682,-25.01754162761472,-39.31450264557681,184543316,3036.452116712197,2890.1626098632814,2953.7722998046875,3078.7196290814586,2701.6055906451043
2022-06-29,2888.295166015625,2925.600300358632,2871.1786926111868,2871.1786926111868,2133994,49.18923021877777,-21.623127551968082,-35.77622762685506,182409322,3034.9779181978033,2887.3230224609374,2950.9955810546876,3074.188905117277,2700.457139804598
2022-06-30,2867.75537109375,2906.20143071572,2857.134294601676,2872.0563477532055,2719603,47.110311170294665,-20.35577107561994,-32.692136316608035,179689719,3033.3140122564696,2880.4808349609375,2946.327587890625,3059.5267450390265,2701.4349248828485
2022-07-01,2909.888671875,2925.600632758043,2854.545358719588,2861.5235711944856,1502879,51.62666202600435,-15.76979233723523,-29.307667520733478,181192598,3032.0858994168534,2874.992639160156,2941.2493505859375,3043.028842267667,2706.956436052645
2022-07-04,2839.62255859375,2912.3894182241925,2830.8448812294623,2907.166743052194,2622535,44.761833964019345,-17.602350312933595,-26.9666040791735,178570063,3030.1708412992107,2866.3948974609375,2935.0465380859373,3022.790582989944,2709.999211931931
2022-07-05,2823.164794921875,2872.0564215860604,2814.9575797580337,2857.134368050925,2170627,43.30923508382788,-20.1503885604493,-25.60336097542866,176399436,3028.111079643715,2859.96962890625,2929.6366943359376,3012.330608870876,2707.608648941624
2022-07-06,2862.181640625,2868.9843417565935,2810.832219180068,2825.0959473592156,2182144,47.64681010625752,-18.804625837193726,-24.243613947781675,178581580,3026.460040449499,2853.676025390625,2925.0403125,2994.3007124841247,2713.0513382971253
2022-07-07,2885.969482421875,2913.6628902111784,2865.9563300088125,2871.1790065280893,1989921,50.15106282778122,-15.638349989454582,-22.522561156116257,180571501,3025.0621244492245,2847.564599609375,2920.6598681640626,2970.2800020106865,2724.8491972080633
2022-07-08,2866.307373046875,2901.0231390991876,2852.7459007783236,2896.6342992518366,2136916,48.10289305545758,-14.547922081801516,-20.92763334125331,178434585,3023.4824751815395,2843.4193603515623,2915.483369140625,2957.411250546039,2729.4274701570857
2022-07-11,2733.193603515625,2830.801346623151,2726.3469713524055,2814.255336753604,6974600,37.066151647867805,-24.14657217850572,-21.571421108703795,171459985,3020.594028697302,2838.7759765625,2908.30025390625,2962.378524580291,2715.173428544709
2022-07-12,2707.650146484375,2752.855185791673,2703.7441228408766,2734.1586897815223,3734815,35.388236604453326,-33.42936216356202,-23.94300931967544,167725170,3017.4801592225467,2833.2526123046873,2900.6812646484377,2969.300402557488,2697.204822051887
2022-07-13,2667.317138671875,2729.858099965292,2664.025509130116,2724.591492698478,3863530,32.858875768045536,-43.53868984443443,-27.862145424627236,163861640,3013.995950062839,2825.8991088867188,2893.348095703125,2979.9394956731735,2671.858722100264
2022-07-14,2639.15478515625,2690.4197342968428,2611.212087556013,2689.5396493330554,4764908,31.18292324386026,-53.20950537520321,-32.93161741474243,159096732,3010.2661872279477,2819.9595336914062,2884.8648974609373,2992.11788490335,2647.8011824794626
2022-07-15,2635.502685546875,2665.6894298264833,2598.8910627870055,2656.580678792649,4574806,30.962375995585845,-60.471314601764334,-38.439556852146815,154521926,3006.5371971614695,2816.1677856445312,2877.7176318359375,3000.629465590287,2631.7061056987754
2022-07-18,2696.14013671875,2707.977235850919,2652.8400018798093,2660.496697666323,3202795,38.712992379631345,-60.63445889260356,-42.87853726023817,157724721,3003.4486691968655,2814.376574707031,2871.56513671875,3002.728801645224,2626.024347768838
2022-07-19,2705.600830078125,2709.7371858696033,2666.701122969062,2666.701122969062,1865074,39.84766251918532,-59.31658832379435,-46.166147472949405,159589795,3000.485009106132,2808.6892700195312,2865.7125927734373,3002.8764768689534,2614.502063170109
2022-07-20,2785.292724609375,2791.585245676255,2726.547057742832,2735.127885487383,3402251,48.497456351787626,-51.25090796313134,-47.183099570985796,162992046,2998.3437923449706,2806.5038208007813,2861.9203564453123,3000.711254188165,2612.2963874133975
2022-07-21,2796.2939453125,2802.190471485001,2767.031120822275,2787.2290273847357,2420640,49.57542688003882,-43.469996536572125,-46.440478964103065,165412686,2996.333346105842,2801.1005981445314,2858.4065625,2990.05956872076,2612.1416275683027
2022-07-22,2790.7490234375,2813.6312292430425,2766.5466903739457,2803.070211178946,2075886,49.018526266778586,-37.32078623471989,-44.61654041822643,163336800,2994.2877309549135,2796.1091552734374,2854.6728759765624,2980.570611271332,2611.647699275543
2022-07-25,2787.00830078125,2804.3459268777215,2771.474891342548,2785.4681525136675,1797504,48.621712938943325,-32.37612599661952,-42.168457533905055,161539296,2992.2252490626383,2789.98271484375,2851.5287646484376,2966.9552568260397,2613.01017286146
2022-07-26,2742.256591796875,2788.9010938413444,2725.1830298245063,2785.204780048454,2639367,44.029628936654014,-31.703082640774937,-40.075382555279035,158899929,2989.737998741586,2781.467248535156,2846.1852587890626,2950.2258221733637,2612.7086748969487
2022-07-27,2806.458984375,2811.0794303717553,2737.064199982697,2741.4646247415117,1389808,51.15669641629994,-25.692922396877293,-37.19889052359869,160289737,2987.914326956844,2777.375439453125,2842.1746337890627,2939.4092666361,2615.3416122701506
2022-07-28,2869.5166015625,2872.5968984818282,2817.7235231303016,2830.3528264453307,2106333,56.95435845587773,-15.661073286024475,-32.891327076083854,162396070,2986.7362401369996,2777.4635009765625,2842.68341796875,2939.6955029815144,2615.2314989716106
2022-07-29,2905.951904296875,2919.5053390848148,2882.2777092112715,2895.4789811618575,2430257,59.91508528566474,-4.716368798300664,-27.25633542052722,164826327,2985.9324158997847,2777.2666625976562,2843.3794677734377,2938.863804506818,2615.6695206884947
2022-08-01,2903.2236328125,2928.0419799310016,2878.757233650227,2928.0419799310016,1306913,59.58459928902207,3.6946500272115372,-21.06613833097947,163519414,2985.1094429337422,2780.4467163085938,2843.5196142578125,2949.173019601345,2611.7204130158425
2022-08-02,2897.06298828125,2915.632647364898,2879.32915186275,2895.4787927773596,1269114,58.79594350166516,9.750927890549974,-14.90272508667358,162250300,2984.2333588078473,2784.1416259765624,2844.125078125,2959.5521733296155,2608.7310786235093
2022-08-03,2939.04345703125,2947.4042633920217,2884.082199243072,2886.6784066664172,2895824,62.443824387910844,17.733622551108056,-8.375455559117253,165146124,2983.7837080439012,2787.984716796875,2847.2967236328127,2973.1620626306417,2602.8073709631085
2022-08-04,2952.640625,2981.6393778391775,2910.748715052076,2948.284247964706,2150567,63.568842482049796,24.870452307729465,-1.726273985747909,167296691,2983.473826620579,2791.3182739257813,2849.6992724609377,2985.6075164479385,2597.0290314036242
2022-08-05,2961.529296875,2972.0462668986875,2952.6844019677515,2958.1408845663077,1106933,64.32126314259168,30.887629476789243,4.796506706759522,168403624,2983.2554730907723,2796.0793701171874,2851.6765771484374,3001.8154220899605,2590.3433181444143
2022-08-08,2969.802734375,2973.719069584974,2935.963509677901,2961.4859742404487,1068836,65.04491862854812,35.90993561235746,11.01919248787911,169472460,2983.121614994098,2807.9098266601563,2851.81890625,3024.7335380085246,2591.086115311788
2022-08-10,2952.02490234375,2979.0875141786073,2935.0832672926604,2979.0875141786073,1878359,62.12887915583891,38.01738617633691,16.41883122557067,167594101,2982.812194967726,2820.128564453125,2851.7970458984373,3040.4890915534543,2599.7680373527955
2022-08-11,3012.09033203125,3017.5468150068145,2970.3303498018386,2992.2884233473337,1449248,67.4400915789805,44.02682034055033,21.940429048566603,169043349,2983.103519714627,2837.367224121094,2853.1371142578123,3061.129763496716,2613.604684745472
2022-08-12,2993.652099609375,3009.0095343711423,2975.786337552625,3009.0095343711423,1472354,64.4519514213282,46.76248018665865,26.904839276185015,167570995,2983.208480708605,2855.09208984375,2852.918173828125,3069.195683548949,2640.9884961385505
2022-08-16,2985.864013671875,3005.3580232327295,2981.2876151396117,3001.969610403311,839942,63.17859808421222,47.75162585812086,31.074196592572186,166731053,2983.23490392217,2872.61015625,2852.24240234375,3068.541716115879,2676.6785963841207
2022-08-17,2993.256591796875,3008.0858922168222,2966.854046980335,2979.1752345613872,1622326,63.90751744572821,48.57214079749292,34.57378543355634,168353379,2983.3346222094806,2887.4659790039063,2851.875986328125,3072.3691244505317,2702.562833557281
2022-08-18,2975.787109375,2985.248022181146,2958.845474815157,2983.4878523567468,1430659,60.8423517414944,47.26788876707906,37.112606100260884,166922720,2983.259522579287,2900.97529296875,2852.3583251953123,3069.5110603182934,2732.439525619207
2022-08-19,2979.747314453125,3011.2103481950435,2966.986083984375,2980.847420528017,1398410,61.29554690572436,46.023287282052024,38.89474233661912,168321130,2983.224575234748,2910.6980224609374,2852.192197265625,3073.7645547423626,2747.631490179512
2022-08-22,2952.2890625,2978.2956161902903,2945.996326081157,2961.4859074119317,1536532,56.41981087667062,42.33328838690022,39.582451546675344,166784598,2982.916759187636,2918.4977783203126,2851.0740185546874,3073.6610907788145,2763.3344658618107
2022-08-23,2890.7265625,2941.155248644901,2877.877238729922,2921.8374306422184,1849256,47.32963192108192,34.048864313640024,38.47573410006828,164935342,2981.99944379771,2923.4966552734377,2849.904306640625,3067.9473308022516,2779.0459797446238
2022-08-24,2864.984130859375,2911.3205094918117,2860.4515652345717,2897.239152734898,1691923,44.127988632011814,25.11667011609461,35.80392130327355,163243419,2980.8351123256866,2927.3954467773438,2850.682763671875,3060.6775696604645,2794.113323894223
2022-08-25,2832.288330078125,2885.0493609864207,2829.2520810595133,2883.157264966472,1946930,40.390765768093004,15.22407038200754,31.687951119020347,161296489,2979.3570348903877,2931.8970336914062,2850.966181640625,3044.3108261989264,2819.483241183886
2022-08-26,2835.8095703125,2866.436568329258,2831.0571977170034,2846.4586837304396,1457962,40.970583794121126,7.580861032037774,26.866533101623833,162754451,2977.928701909513,2933.3645629882812,2851.39462890625,3039.7970084991903,2826.9321174773722
2022-08-29,2756.90966796875,2765.842442693576,2711.5412538067208,2750.264984792601,2539173,33.18217827102829,-4.787809284187006,20.535664624461667,160215278,2975.7295075419433,2927.7342163085937,2851.373896484375,3056.6257047867853,2798.842727830402
2022-08-30,2826.08447265625,2839.5938614918264,2765.314783665754,2776.6677926566595,3431525,43.35009039702128,-8.905582983830755,14.647415102803183,163646803,2974.2405022196976,2923.7408447265625,2853.6688330078123,3059.832240447811,2787.649449005314
2022-09-01,2756.161376953125,2807.470361006476,2746.7445130724805,2807.470361006476,3546935,37.18956248902574,-17.60818160250392,8.196295761741764,160099868,2972.070560674757,2916.387731933594,2854.1527734375,3070.78002230223,2761.9954415649577
2022-09-02,2755.01708984375,2783.707937331414,2746.1283631926813,2783.707937331414,2052900,37.09665265443331,-24.31707599791025,1.6936214098113611,158046968,2969.910824646588,2909.285437011719,2852.8661767578124,3078.89857516704,2739.672298856398
2022-09-05,2757.65771484375,2770.462992067452,2739.0440066723772,2749.076887768465,2147912,37.48478759217976,-29.085566467269473,-4.462216165604806,160194880,2967.7988534047686,2900.2161499023437,2851.439296875,3081.4913385936798,2718.9409612110076
2022-09-06,2752.069580078125,2764.214794894149,2733.85186528633,2759.506254646854,1936453,36.96497803869663,-32.9358809591281,-10.156949124309465,158258427,2965.65229347117,2890.18759765625,2848.3935205078124,3080.7085222465753,2699.666673065925
2022-09-07,2771.915283203125,2782.7401547857316,2730.023159097114,2730.023159097114,1291534,40.13974649836117,-33.994038434695995,-14.92436698638677,159549961,2963.724562025717,2880.706896972656,2846.0202685546874,3074.919225182481,2686.494568762831
2022-09-08,2789.560791015625,2801.7500518374727,2781.156152794095,2789.868906651418,1346113,42.89376002400257,-33.0280638856716,-18.545106366243736,160896074,2961.9915891798455,2871.6947998046876,2843.6207421875,3065.2599457503416,2678.1296538590336
2022-09-09,2831.8046875,2845.7541171155735,2788.5486067978027,2811.8708533119707,1561185,48.949185760365935,-28.52497454639297,-20.541080002273585,162457259,2960.69619712333,2865.6837890625,2842.005517578125,3056.3421113606373,2675.025466764363
2022-09-12,2854.071533203125,2877.7019007814883,2838.2740508387974,2851.3872310503625,1785928,51.847587491697055,-22.895569571535816,-21.011977916126032,164243187,2959.635255193776,2857.782849121094,2841.321044921875,3036.223007678875,2679.3426905633128
2022-09-13,2842.1025390625,2872.1133082041783,2838.2740834227816,2872.1133082041783,1972678,50.197813893126366,-19.17894048197968,-20.645370429296765,162270509,2958.465775431276,2850.20537109375,2840.80798828125,3017.4426315118867,2682.968110675613
2022-09-14,2746.216796875,2764.698579511597,2740.4083655364684,2759.066122177662,5090269,39.385605925362476,-23.69749324464101,-21.255794992365615,157180240,2956.353845296388,2838.223010253906,2837.53455078125,2999.083398912396,2677.362621595416
2022-09-15,2732.09130859375,2761.4860546857367,2728.2628538047275,2754.6653975512245,2138023,38.08421227915369,-28.094432585462073,-22.623522510984905,155042217,2954.122377269496,2825.16474609375,2835.38392578125,2975.6296819628847,2674.6998102246157
2022-09-16,2647.911376953125,2723.290777024356,2640.254681350105,2707.141133277641,5322221,31.42103434113038,-37.93437182854359,-25.685692374496647,149719996,2951.0755016444577,2808.770959472656,2831.878857421875,2961.4503754960533,2656.091543449259
2022-09-19,2665.60107421875,2677.2181514295744,2629.517594860232,2671.9376422551572,2072220,34.03295499407989,-43.80028146129507,-29.30861019185633,151792216,2948.234960078033,2793.0636474609373,2827.94724609375,2936.5107314011602,2649.6165635207144
2022-09-20,2675.721923828125,2710.61720102937,2666.6570072003938,2684.258703617558,1544295,35.54548380523046,-47.089569877531176,-32.8648021289913,153336511,2945.523387578034,2779.2352905273438,2823.742294921875,2911.505625565754,2646.9649554889334
2022-09-21,2641.310302734375,2676.6896666312164,2638.626001280077,2664.8966169537493,2253818,32.792381046417105,-51.875101004539374,-36.66686190410092,151082693,2942.496391708943,2766.7644775390627,2819.242353515625,2901.6420387979333,2631.886916280192
2022-09-22,2646.767578125,2666.6135381108675,2622.0373182160147,2631.4541848678914,2017983,33.66979543060059,-54.597941303602965,-40.253077784001334,153100676,2939.5538164494014,2755.853649902344,2817.5138330078125,2892.477963281745,2619.229336522943
2022-09-23,2624.457275390625,2660.056667387396,2621.772973415071,2643.7750963876715,2652374,31.839716945765957,-57.88876122836291,-43.78021447287365,150448302,2936.4185274836427,2745.4620971679688,2815.8499755859375,2888.7059972604943,2602.218197075443
2022-09-26,2635.32568359375,2663.00452081125,2575.2160671939755,2604.9189274404216,2925489,33.729426793039224,-58.940342438357675,-46.812240065970464,153373791,2933.422578788221,2735.4379028320313,2815.210146484375,2880.042016755726,2590.833788908337
2022-09-27,2655.61181640625,2662.256499568145,2619.1323446991073,2648.527090847732,2227447,37.22766997623066,-57.47427903164862,-48.9446478591061,155601238,2930.6582925953658,2730.373010253906,2815.539287109375,2878.6631673498473,2582.082853157965
2022-09-28,2671.629638671875,2684.2148957050317,2622.6529999705645,2622.6529999705645,2739767,39.92427405004457,-54.392901321081354,-50.03429855150115,158341005,2928.0808930538387,2722.6502685546875,2816.261826171875,2866.210108579861,2579.090428529514
2022-09-29,2637.878173828125,2689.407181056036,2631.453511913106,2687.7789382550586,2493902,36.37807960479868,-54.051278927733165,-50.83769462674756,155847103,2925.193303807812,2716.7361083984374,2815.0965869140623,2863.9848137859067,2569.487403010968
2022-09-30,2644.2587890625,2657.5919876362846,2596.338215395767,2632.2016704566418,2817353,37.508144925538254,-52.65866211735056,-51.20188812486816,158664456,2922.3979355018887,2711.198193359375,2813.86974609375,2860.586991071612,2561.8093956471384
2022-10-03,2627.009033203125,2658.4720642332236,2617.372147790572,2635.8539282558045,1763331,35.663851185063635,-52.34353075762965,-51.43021665142046,156901125,2919.4587424441897,2704.6657592773436,2810.704072265625,2856.7584534214566,2552.5730651332306
2022-10-04,2720.4736328125,2726.5022987280186,2660.4959486942544,2666.6124941578328,2145875,50.00746404608667,-44.04425999974865,-49.9530253210861,159047000,2917.478791104571,2703.0859619140624,2809.187666015625,2853.8266594745314,2552.3452643535934
2022-10-06,2729.97900390625,2749.3849167299395,2721.6181983015977,2737.943814323573,1790816,51.199084834665335,-36.28179023040002,-47.218778302948884,160837816,2915.6131215802097,2700.989147949219,2807.972265625,2848.9834837648177,2552.99481213362
2022-10-07,2697.3720703125,2732.663560045022,2691.387665003336,2725.9748289925205,1939879,47.05556465261939,-32.387738358982915,-44.2525703141557,158897937,2913.4415688312774,2696.3797119140627,2806.179541015625,2838.6855982655443,2554.073825562581
2022-10-10,2744.5888671875,2752.0255417803355,2644.6551816597084,2649.055606254816,3064063,52.988657685290924,-25.20116989580447,-40.442290230485455,161962000,2911.7614424467624,2692.0189208984375,2806.2261865234377,2822.2945480322123,2561.7432937646627
2022-10-11,2701.46435546875,2767.8667110161023,2687.2070246042927,2728.2628948012457,4730645,47.72793035920631,-22.7236067082481,-36.898553526037986,157231355,2909.668934118623,2684.388562011719,2804.1262939453127,2791.6475147104447,2577.129609312993
2022-10-12,2728.923828125,2736.9765207093346,2694.8645782982794,2714.9743935777938,1665247,51.059751858216906,-18.333038224527172,-33.185450465735826,158896602,2907.8704753525176,2678.729626464844,2801.3144384765624,2761.181594313125,2596.277658616563
2022-10-13,2731.167236328125,2737.063761587593,2686.326958190763,2728.922977087694,2054781,51.332681210968495,-14.505249291168639,-29.449410230822387,160951383,2906.1122341681958,2677.9771484375,2797.8187451171875,2758.1962176228767,2597.7580792521235
2022-10-14,2727.5146484375,2772.2670452567086,2702.740347931223,2767.866621375349,2245977,50.83559802868319,-11.632341903986799,-25.88599656545527,158705406,2904.3351437629153,2677.7483154296874,2794.3045654296875,2757.3725197783224,2598.1241110810524
2022-10-17,2745.69140625,2760.3826551550005,2710.132155751458,2711.190947627584,1517005,53.26116586536783,-7.798928462844742,-22.268582944933165,160222411,2902.7565991110455,2682.637316894531,2791.2771337890626,2766.2411966811346,2599.0334371079275
2022-10-18,2774.76513671875,2784.162426006963,2760.515069405285,2779.4417007596876,1793722,56.92205567890261,-2.387393239794619,-18.292345003905456,162016133,2901.4830522215702,2688.0955200195312,2787.9915673828127,2780.344645295433,2595.8463947436294
2022-10-19,2754.603759765625,2787.3834440777728,2745.91240201647,2787.3834440777728,1194289,53.776444904413005,0.2713053488391779,-14.57961493335653,160821844,2900.021566724496,2692.0396118164062,2784.030830078125,2788.4850662870213,2595.5941573457912
2022-10-20,2785.88330078125,2788.2656365638254,2739.735696686924,2739.735696686924,1587601,57.68357806028765,4.846473550880091,-10.694397236509205,162409445,2898.8858625857574,2699.26826171875,2780.51791015625,2800.9508423415837,2597.5856810959167
2022-10-21,2768.32421875,2788.6185576972553,2759.1477342638077,2786.324544285981,1021913,54.87924792851711,6.975052082169896,-7.1605073727733854,161387532,2897.5867417515706,2705.34609375,2776.48833984375,2808.2735814199946,2602.4186060800052
2022-10-24,2789.765625,2804.1481776168825,2783.853839012355,2797.177599655719,260949,57.59053722204084,10.273679611446369,-3.673669975929435,161648481,2896.5138948187196,2713.6115112304688,2773.243154296875,2815.77574409956,2611.4472783613774
2022-10-25,2790.118408203125,2809.6626504347373,2780.456366973794,2806.3537912248353,2069643,57.63564375610471,12.769137679231335,-0.385108444897281,163718124,2895.4552332603553,2721.3511474609377,2768.8037158203124,2822.06286225586,2620.639432666015
2022-10-27,2785.9716796875,2800.618985502652,2765.6333934178274,2788.8835194484113,2438421,56.869972937182055,14.247958247569386,2.541504893596053,161279703,2894.365844667591,2727.869140625,2764.650107421875,2827.587460230437,2628.150821019563
2022-10-28,2791.13330078125,2804.589329497575,2775.0301844485994,2779.4419971424763,1355739,57.62459587319721,15.655961706052494,5.1643962560873415,162635442,2893.338655176185,2733.8443237304687,2760.7554931640625,2833.6883345094066,2634.0003129515308
2022-10-31,2817.515380859375,2822.6772870116406,2803.971247418453,2822.6772870116406,1919414,61.34713723709454,18.685236197352424,7.868564244340358,164554856,2892.584194735222,2742.8261840820314,2757.2406689453123,2838.7657484010483,2646.8866197630146
2022-11-01,2876.237548828125,2878.796529820367,2826.6046487007934,2836.3547992765884,2991060,68.07061487240777,25.530051705736696,11.400861736619625,167545916,2892.4215415421168,2754.4251220703127,2755.249677734375,2855.8296127420513,2653.020631398574
2022-11-02,2860.35498046875,2885.3258867316117,2843.016640436894,2885.3258867316117,1405955,64.78806995245876,29.33487262858671,14.987663915013043,166139961,2892.1024712826807,2766.092419433594,2752.8618310546876,2859.5569713073514,2672.6278675598364
2022-11-03,2829.515625,2848.309987196131,2819.147866804397,2848.309987196131,1422652,58.853459169041535,29.521437614752813,17.894418654960997,164717309,2891.4797165933005,2771.5445190429687,2750.4063623046877,2866.4392331142367,2676.6498049717006
2022-11-04,2838.913330078125,2841.251720209756,2793.692247035101,2838.5604712079626,1464013,60.05425434248522,30.08085460314078,20.331705844596954,166181322,2890.956667971259,2776.9912353515624,2749.37009765625,2874.194696271555,2679.7877744315697
2022-11-07,2853.295654296875,2861.325239443402,2819.2365900807545,2849.148593513063,1474498,61.88739658634482,31.32365041943467,22.5300947595645,167655820,2890.5819315167873,2784.7874145507812,2749.136328125,2880.191930985865,2689.3828981156976
2022-11-09,2837.721923828125,2867.50165781084,2825.015774743182,2867.50165781084,1162267,58.743737310423505,30.698037298859163,24.16368326742343,166493553,2890.0559612910297,2789.4440673828126,2749.245,2885.6340455836785,2693.2540891819467
2022-11-10,2828.54541015625,2845.6192115940316,2797.0892715513423,2797.0892715513423,1573092,56.909368051627766,29.126019805508804,25.156150575040506,164920461,2889.4439160061065,2795.7981201171874,2749.099716796875,2884.391082711962,2707.2051575224127
2022-11-11,2925.8701171875,2948.502846331555,2872.1343229110385,2884.972741372326,3265394,68.23772384082737,35.32625600773554,27.190171661579512,168185855,2889.806365769106,2805.6454345703123,2752.47892578125,2905.3958496674186,2705.895019473206
2022-11-14,2943.120361328125,2955.0322560599284,2919.7377531508814,2932.973191741774,1342074,69.75543186062256,41.15750035964129,29.98363740119187,169527929,2890.3368532871064,2816.2430908203123,2754.8196435546874,2926.567044406128,2705.9191372344967
2022-11-15,2940.561767578125,2947.04700361366,2904.737758867368,2930.3262749691767,1400708,69.22705566394818,45.05300340902977,32.99751060275945,168127221,2890.8366036780617,2826.8954467773438,2758.5076513671875,2941.934411331493,2711.8564822231947
2022-11-16,2960.635009765625,2971.7084864646695,2930.72279268046,2946.1199747492524,1748235,71.07800420302158,49.192895449473326,36.23658757210222,169875456,2891.531115181421,2837.642626953125,2762.620009765625,2960.2411209929546,2715.044132913295
2022-11-17,2955.031982421875,2964.7379698230816,2927.4581545775386,2947.090720002706,1417986,69.81568783065738,51.428832667989354,39.27503659127965,168457470,2892.162964606699,2846.655969238281,2766.5674951171877,2975.7712889492886,2717.5406495272737
2022-11-18,2950.135009765625,2967.164649978448,2930.3260137026023,2955.9145275229503,1164540,68.66786162929476,52.20391007552507,41.86081128812874,167292930,2892.739800876937,2856.4325317382813,2770.5288037109376,2985.797525452743,2727.06753802382
2022-11-21,2897.2373046875,2941.531859652826,2887.9724983225788,2931.6494426143504,1304194,57.64320507902075,47.9964881512592,43.08794666075483,165988736,2892.784552158634,2862.0002319335936,2773.035244140625,2988.2890737140333,2735.711390153154
2022-11-22,2924.987548828125,2928.5169988553193,2872.3105502563512,2894.1490222996185,1149739,61.16563539308165,46.36680112607246,43.74371755381836,167138475,2893.104979986191,2869.8333984375,2775.743779296875,2991.249537797361,2748.417259077639
2022-11-23,2919.119873046875,2938.267096023946,2903.8549588633055,2938.267096023946,1150011,60.02888893712151,44.09350751266538,43.81367554558777,165988464,2893.363834643512,2876.3011108398437,2777.4900830078127,2993.681753747488,2758.9204679321992
2022-11-24,2982.517333984375,2993.811616370863,2919.1197215276015,2926.134459885213,1296591,67.13564851270974,46.867294214980575,44.424399279466336,167285055,2894.250934139441,2885.9210571289063,2780.0589990234375,3004.9963586320237,2766.845755625789
2022-11-25,2990.900390625,3002.9889309440055,2954.1500734010056,2985.0327653272407,1588981,67.94718271860772,49.175122568866755,45.37454393734642,168874036,2895.212620273626,2896.1674926757814,2783.0349560546874,3014.341627512747,2777.993357838816
2022-11-28,2995.84130859375,3015.0326931639333,2969.6351851613313,2970.0322052062625,2195437,68.44181640269922,50.816997241711306,46.463034598219394,171069473,2896.2139007544233,2906.4028930664062,2788.0274462890625,3021.843830702854,2790.9619554299584
2022-11-29,2997.694091796875,3025.6207765760682,2985.0321047409852,2985.0321047409852,1576028,68.6372652215839,51.672055577188985,47.50483879401331,172645501,2897.223653899124,2915.411828613281,2793.339501953125,3029.8171826466028,2801.0064745799596
2022-11-30,2991.914794921875,3013.179601826006,2977.9734243991,2985.0323243680464,3410702,67.23840747169628,51.292091210943,48.26228927739925,169234799,2898.165854307311,2921.195690917969,2800.2195703125,3038.747333655606,2803.644048180332
2022-12-01,3066.783447265625,3070.6218106972183,3017.6800553403696,3022.0918682867737,2180856,74.49130469436119,56.38230118263391,49.88629165844618,171415655,2899.843641301921,2931.5171142578124,2808.2432177734377,3061.4828872188186,2801.551341296806
2022-12-02,3034.576904296875,3060.827188659679,3011.5032111008086,3051.297846000532,2411749,67.5621716890169,57.15864116656394,51.34076156006974,169003906,2901.184270784458,2941.7701782226563,2815.4203173828123,3070.2770035709627,2813.26335287435
2022-12-05,3022.885498046875,3034.576800767576,3006.2089335417827,3029.1503577484414,1475065,65.19149893644159,56.18285642557976,52.30918053317174,167528841,2902.3952282696564,2950.968786621094,2823.0518212890624,3074.9670904611894,2826.9704827809983
2022-12-06,2987.10595703125,3007.047220155349,2971.7968815829117,3000.07664261676,1166999,58.433995336443864,51.92388383894013,52.23212119432542,166361842,2903.238121093155,2957.6593017578125,2829.8585888671873,3074.06247287221,2841.256130643415
2022-12-07,2982.9150390625,2994.473859666086,2959.4441081486752,2972.061936190009,1167505,57.67980976968653,47.661038540345544,51.31790466352945,165194337,2904.0309262470787,2964.9189575195314,2837.027744140625,3067.8240757926483,2862.0138392464146
2022-12-08,2956.399658203125,2982.914693880783,2946.6053484812223,2964.737940576892,1285619,53.017459070485074,41.662869664740356,49.386897663771634,163908718,2904.5520081570894,2971.311669921875,2843.4492236328124,3053.293150071037,2889.330189772713
2022-12-09,2905.399169921875,2977.1794466521255,2890.928510850785,2977.1794466521255,1797896,45.413687920847735,32.420244048429595,45.99356694070323,162110822,2904.560437627386,2970.288122558594,2848.444970703125,3054.9797814093668,2885.596463707821
2022-12-12,2899.84033203125,2908.2669373884346,2855.413507309817,2872.5312544502576,1527610,44.661821111180124,24.365969172028144,41.66804738696821,160583212,2904.513471402549,2968.12412109375,2853.0091845703123,3057.560725778398,2878.687516409102
2022-12-13,2940.119873046875,2943.9580202787447,2883.3839269897835,2891.67804747704,1378016,50.99316606429709,20.991147749632546,37.53266745950108,161961228,2904.867763956224,2968.1020263671876,2859.0540185546874,3057.5660706547133,2878.637982079662
2022-12-14,2969.458984375,2979.73842222779,2947.88504703309,2954.8558406430157,1213311,55.02914919588571,20.448283461968913,34.115790659994644,163174539,2905.5104626668585,2968.5432250976564,2865.5580224609375,3057.9426299873016,2879.143820208011
2022-12-15,2916.297119140625,2968.9299693485373,2910.870459147061,2963.679954235872,1415694,47.41008899001385,15.54910101320047,30.40245273063581,161758845,2905.6177925820207,2966.606481933594,2871.3437841796876,3058.729606501177,2874.4833573660108
2022-12-16,2859.074951171875,2904.7372083196706,2845.795353110489,2889.7370465513122,2703680,40.85338685243616,6.968781125481655,25.715718409604982,159055165,2905.154679732169,2962.0534790039064,2874.115810546875,3065.31089946316,2858.796058544653
2022-12-19,2825.369140625,2863.707751618169,2818.7072600660117,2847.384043898269,2120965,37.558447207144454,-2.52189063787182,20.068196600109623,156934200,2904.3607937709035,2958.460070800781,2876.02361328125,3074.678567309963,2842.241574291599
2022-12-20,2862.34033203125,2866.796306586051,2791.486566749887,2822.5898507779443,1529971,42.989883385398834,-6.979593808799564,14.658638518327788,158464171,2903.942679723743,2955.3277099609377,2879.322978515625,3078.17400043775,2832.4814194841256
2022-12-21,2884.045654296875,2896.8399090467137,2858.85416479154,2866.795426360405,1432566,45.96175275556446,-8.661078063307741,9.994695202000683,159896737,2903.744699371237,2953.5739990234374,2882.1121142578127,3079.402985655469,2827.745012391406
2022-12-22,2876.237548828125,2906.5026314565507,2863.3551831140862,2906.5026314565507,1384101,45.0519330628538,-10.502647325021826,5.895226696596181,158512636,2903.470996380758,2948.260009765625,2885.607578125,3077.6764767531977,2818.8435427780523
2022-12-23,2848.5751953125,2882.54615313989,2838.56029430426,2838.56029430426,1360281,41.88834389081339,-14.032467427895426,1.9096878716978591,157152355,2902.924769504457,2941.14375,2888.00060546875,3075.9392593683842,2806.348240631616
2022-12-26,2870.2373046875,2887.0905170401593,2845.6636347651533,2848.575474519875,870157,45.137273750848614,-14.91005032270732,-1.454259767183177,158022512,2902.599521098318,2934.8635498046874,2890.7820068359374,3070.581072262389,2799.1460273469856
2022-12-27,2876.060791015625,2888.678618824853,2851.3546391063023,2884.619664842959,835883,46.01114648188934,-14.963148549472862,-4.156037523641114,158858395,2902.335454132321,2928.781884765625,2893.7529296875,3063.5903295689895,2793.9734399622603
2022-12-28,2873.943359375,2881.8846229096966,2846.5017958813237,2867.5020692016337,910795,45.72594974057896,-15.003141438646708,-6.325458306642233,157947600,2902.0529457267758,2922.8833129882814,2896.31796875,3056.4439512717813,2789.3226747047815
2022-12-29,2884.222412109375,2886.6489089761594,2848.2661403561187,2851.00155026507,1037927,47.429488752549354,-14.043517513307052,-7.869070147975197,158985527,2901.875527481827,2913.755261230469,2898.5071142578126,3030.6425663814935,2796.8679560794444
2022-12-30,2873.58984375,2910.9138197149614,2864.325037715745,2899.487268690152,1163131,45.82715664153669,-13.97981741228432,-9.091219600837022,157822396,2901.5940778924555,2905.705908203125,2900.8868359375,3009.660475368095,2801.7513410381553
2023-01-02,2877.78125,2882.546136946802,2854.6192334296225,2877.3842299429016,709547,46.59311923834749,-13.436238573450737,-9.960223395359765,158531943,2901.357134331337,2898.4506958007814,2902.724794921875,2987.9255283427087,2808.975863258854
2023-01-03,2921.8115234375,2929.4438738683607,2863.5314297904347,2869.443216210816,1245178,53.957864063442294,-9.344851703869608,-9.837149057061735,159777121,2901.5606605911,2895.1859741210938,2905.794541015625,2975.8104531124554,2814.561495129732
2023-01-04,2924.72265625,2935.9288318835124,2899.6194872236865,2917.707917742617,1231668,54.405544222150475,-5.80062801526492,-9.029844848702373,161008789,2901.7911282095965,2892.2763549804686,2908.493681640625,2963.70217964909,2820.8505303118473
2023-01-05,2921.59033203125,2944.708184643928,2895.8693379101937,2938.4433252143804,1826057,53.79939555747519,-3.207582578505935,-7.865392394663085,159182732,2901.9881352127973,2890.535888671875,2911.1231201171877,2957.1619630315204,2823.9098143122296
2023-01-06,2833.751220703125,2913.163842641352,2823.559891136948,2911.7961377349775,2488376,40.25495089075113,-8.146549221710302,-7.921623760072529,156694356,2901.309160939069,2886.9534912109375,2912.0787109375,2957.5822089939,2816.324773427975
2023-01-09,2929.3994140625,2935.6201129314486,2842.221953738348,2849.148585709542,2885060,53.872942920618954,-4.293216503567692,-7.195942308771562,159579416,2901.5886659452726,2888.4314453125,2914.844033203125,2961.2792010942576,2815.583689530742
2023-01-10,2899.796142578125,2910.0316341301827,2850.119304301601,2898.5609212000154,3864655,50.06905129063185,-3.586812623394053,-6.474116371696061,155714761,2901.5708298918685,2886.4152587890626,2916.4896484375,2955.5674680560624,2817.263049522063
2023-01-11,2937.119873046875,2955.4730552710416,2886.3398704670703,2903.0608113950348,2720512,54.43720408732611,-0.015095328048118972,-5.182312162966473,158435273,2901.9245517143067,2884.798303222656,2917.707294921875,2947.300378187094,2822.2962282582184
2023-01-12,2942.10546875,2955.9143556162335,2925.5170107746744,2937.384743237744,2250391,55.00347425442777,3.1811420429485224,-3.5096213217834737,160685664,2902.3243618340653,2886.088720703125,2919.3423046875,2952.1056566292455,2820.0717847770047
2023-01-13,2977.57666015625,2981.5031305171833,2916.208300195114,2949.6497555026567,1742837,58.915771581556136,8.478675000860676,-1.1119620572546438,162428501,2903.0731409218483,2892.013806152344,2922.303525390625,2967.8153176344354,2816.2122946702525
2023-01-16,3008.7099609375,3025.8107560710764,2976.222878557972,2993.323673691548,1843607,62.03581758101176,15.016108862107103,2.1136521266177057,164272108,2904.1242535588203,2901.1808471679688,2925.6994580078126,2986.29857034428,2816.0631239916574
2023-01-17,3048.73193359375,3051.800290054043,2996.9331766913624,3005.0549468178974,1688475,65.6474447804963,23.159542226122085,6.322830146518582,165960583,2905.5631359472277,2910.5004272460938,2929.60818359375,3015.1434203476747,2805.857434144513
2023-01-18,3059.199951171875,3076.300744593618,3043.1820163242933,3050.17576252535,2421189,66.5439526967343,30.1108541873391,11.080434954682687,168381772,2907.0918604768262,2919.2581420898437,2934.037744140625,3041.428942238291,2797.0873419413965
2023-01-19,3043.948974609375,3056.4925079352392,3033.0296188870207,3050.1755762684115,1585044,63.926412793575295,33.997293015930154,15.66380656693218,166796728,2908.4536228065035,2927.6437133789063,2938.3458154296877,3059.4915030437346,2795.795923714078
2023-01-20,3034.925537109375,3063.3966813383663,3028.1573943638814,3036.640045144708,1529349,62.363361334158476,35.9349718073795,19.718039615021645,165267379,2909.7120498144923,2936.96123046875,2940.526923828125,3071.4531892297346,2802.469271707765
2023-01-23,3081.670166015625,3085.370171575479,3028.156902323591,3057.395186106383,1067916,66.88102791813638,40.772497134427795,23.928931118902874,166335295,2911.4230758463445,2947.5328735351563,2943.297919921875,3092.2352134400876,2802.830533630225
2023-01-24,3100.982666015625,3115.1054362054274,3083.8367038420397,3090.78528655422,1387863,68.56012431612402,45.63853552873161,28.270852000868622,167723158,2913.309240922656,2958.7789672851563,2946.506337890625,3114.086999021932,2803.4709355483806
2023-01-25,3095.071533203125,3099.80923290407,3072.736663184384,3091.055812758132,874110,67.43321351585791,48.45931814288724,32.30854522927235,166849048,2915.1178209453474,2969.8353759765623,2949.195068359375,3130.792900374615,2808.8778515785098
2023-01-27,3078.196044921875,3109.735541536543,3052.25150144562,3091.6871634661047,1785879,64.1894306023899,48.77089727236398,35.601015637890676,165063169,2916.740489840636,2979.5340576171875,2951.658349609375,3142.0565420816924,2817.0115731526826
2023-01-30,3098.5908203125,3120.9708549193124,3055.1845998762938,3086.272889450756,1953798,66.29933902905398,50.08615192323077,38.4980428949587,167016967,2918.549945865232,2990.7841064453123,2954.6274658203124,3153.5642367446985,2828.003976145926
2023-01-31,3030.95458984375,3112.4430679566062,3024.0060077479234,3112.4430679566062,2820375,54.77359920730531,45.150356960753015,39.82850570811756,164196592,2919.6684000341725,2998.4427734375,2957.3018115234377,3153.46391565439,2843.42163122061
2023-02-01,3075.759765625,3085.3704394695874,3027.615625744506,3034.834977460141,2205161,59.76371846479199,44.342949209614744,40.731394408416996,166401753,2921.221547950499,3006.140185546875,2960.317255859375,3160.4634426482435,2851.816928445506
2023-02-02,3122.73046875,3130.491359902265,3086.363161059032,3092.5897637316407,1813847,64.22064033348855,46.9519827113204,41.97551206899767,168215600,2923.2266118390517,3016.040576171875,2964.3894677734374,3173.573089502871,2858.5080628408787
2023-02-03,3142.493408203125,3162.0758544483574,3115.9621601108056,3162.0758544483574,1804469,65.9306186081354,50.03756273072531,43.587922201343204,170020069,2925.4083710068535,3027.085729980469,2967.5889892578125,3187.53012872302,2866.6413312379177
2023-02-06,3122.324462890625,3134.2363491995434,3101.4787169293004,3134.2363491995434,1138714,62.640370282589046,50.27589260441073,44.92551628195671,168881355,2927.3677351051997,3041.5143920898436,2970.217470703125,3180.251902088247,2902.7768820914403
2023-02-07,3133.695068359375,3152.149492409252,3123.632964557196,3130.4011068970385,1455647,63.739036944307536,50.79673049036728,46.099759123638826,170337002,2929.4207433962865,3051.7291748046873,2972.9745458984376,3185.953730280944,2917.5046193284306
2023-02-08,3176.60546875,3194.473190151551,3138.658702645944,3138.658702645944,1986946,67.6101509895714,54.04896612459606,47.68960052383027,172323948,2931.8802929022936,3065.5696411132812,2976.5527734375,3191.0769547003124,2940.06232752625
2023-02-09,3195.330810546875,3201.422139571356,3163.249766954506,3172.003188304031,1655427,69.15753322768633,57.474830811851916,49.6466465814346,173979375,2934.501691087812,3078.480187988281,2980.62109375,3201.5780373467464,2955.382338629816
2023-02-10,3192.352294921875,3196.683950073236,3165.8210448180002,3176.5147978181903,1187821,68.59617076452425,59.2663266188265,51.570582588912984,172791554,2937.0673687379026,3090.992529296875,2983.132470703125,3206.7535085369623,2975.231550056788
2023-02-13,3142.583740234375,3202.6849319015614,3134.461969485681,3202.6849319015614,1087939,59.85369089620077,56.02437935156922,52.46134194144423,171703615,2939.112307757768,3099.242883300781,2985.292607421875,3204.54259690191,2993.943169699652
2023-02-14,3158.556640625,3180.8915095356965,3153.9542158741274,3162.978405332995,1579818,61.547531095925216,54.12012919497511,52.79309939215041,173283433,2941.2958334579394,3106.735217285156,2988.0060302734373,3206.373923446981,3007.0965111233313
2023-02-15,3177.101318359375,3181.929348066534,3122.504969647513,3146.7350075745903,1429449,63.47436709773082,53.490789214118195,52.93263735654397,174712882,2943.6421566907898,3113.1536865234375,2991.8059375,3213.5553111538775,3012.7520618929975
2023-02-16,3210.85205078125,3226.148009166878,3182.8318960368056,3183.0123357780853,1618931,66.74084913514511,55.080501055201694,53.36221009627552,176331813,2946.3009616071126,3120.736291503906,2996.364677734375,3226.4590213179144,3015.013561689898
2023-02-17,3159.503662109375,3193.569973627424,3149.441780079229,3182.064133313381,1061369,58.21143620582739,51.602136010371396,53.010195279094695,175270444,2948.422381512608,3126.514025878906,3000.4267578125,3227.3360975638993,3025.691954193913
2023-02-20,3147.005615234375,3178.319508405955,3135.9509832133717,3160.271129596154,1296082,56.32463640417895,47.29186750931785,51.86652972513933,173974362,2950.398334086954,3132.118029785156,3005.25888671875,3224.0188540011245,3040.2172055691876
2023-02-21,3114.248046875,3166.498020154709,3108.607927983963,3153.0520648453344,1139541,51.603457094805336,40.762798501085854,49.64578348032863,172834821,2952.0286794878302,3133.746923828125,3009.547041015625,3223.1338254100765,3044.3600222461737
2023-02-22,3069.623291015625,3110.6381891326687,3063.712402699568,3081.715617084995,1218430,45.952637736999726,31.623088144018766,46.041244413066664,171616391,2953.198775124923,3132.178955078125,3012.137109375,3224.8496236277324,3039.5082865285176
2023-02-23,3080.677734375,3115.510972284333,3075.443660607491,3087.1751064959585,1441570,47.4867159929194,24.983805275907798,41.82975658563489,173057961,2954.4672224806454,3131.459265136719,3014.361484375,3225.485133865089,3037.4333964083485
2023-02-24,3068.630615234375,3098.861651446193,3052.2517986673643,3088.5289980581183,977592,45.955823908787025,18.53634845034685,37.17107495857728,172080369,2955.603176637399,3130.980993652344,3017.408154296875,3226.175755797395,3035.7862315072925
2023-02-27,3006.724609375,3059.200182190444,2992.421181163278,3059.200182190444,1128022,38.99833164957661,8.335310886548541,31.403922144171535,170952347,2956.1118476099127,3126.3876831054686,3020.3611474609374,3235.271813600557,3017.50355261038
2023-02-28,2989.57861328125,3061.004982816527,2977.8921119899733,3003.701381280899,4116217,37.31336536533365,-1.1197160770284427,24.89919449993154,166836130,2956.4448502534087,3124.318884277344,3023.6453369140627,3241.623971203018,3007.01379735167
2023-03-01,3055.320068359375,3058.2980952242915,2991.5190869485177,2998.7384391945475,1669307,46.8038179855621,-3.2704078391029725,19.26527403212464,168505437,2957.4286832693883,3123.2968994140624,3027.504931640625,3242.6152773998306,3003.9785214282942
2023-03-02,2997.340087890625,3041.0622523184124,2994.2267858385867,3033.030809886525,1556538,40.919860209885115,-9.543336774541785,13.503551870791355,166948899,2957.8258116735797,3117.027380371094,3029.7708203125,3248.37656138919,2985.6781993529976
2023-03-03,3016.019287109375,3030.322715031711,3006.047734357381,3026.7130393735433,1043190,43.38904514473772,-12.859190142127773,8.23100346820753,167992089,2958.4048512301547,3110.7036743164062,3032.566455078125,3248.5567612866494,2972.850587346163
2023-03-06,3042.821533203125,3072.6914693231265,3031.22536115521,3033.8422880766893,1334132,46.82328949682516,-13.172466566323237,3.950309461301378,169326221,2959.2448182149606,3106.7285278320314,3036.4513818359374,3247.56479766315,2965.892258000913
2023-03-08,3059.5615234375,3064.6151583508063,3005.8226441318043,3035.7377481425538,1844590,48.908030230859644,-11.932413642749907,0.7737648404911206,171170811,2960.2429943863294,3103.0218505859375,3040.2378662109377,3244.72366241001,2961.320038761865
2023-03-09,3011.236572265625,3054.6879538516177,3005.8220589057696,3054.6879538516177,1648500,43.59471771759843,-14.679862144912022,-2.316960556589508,169522311,2960.750393171198,3094.7534057617186,3042.9413818359376,3237.6097407483917,2951.8970707750454
2023-03-10,3005.957275390625,3011.597393364564,2968.958101481584,2989.623405611254,1024404,43.04455300045479,-17.086270127860644,-5.2708224708437355,168497907,2961.2002128947747,3085.2847290039062,3045.58166015625,3225.2957884626544,2945.273669545158
2023-03-13,2961.694091796875,3040.97169171865,2952.7150665107374,3007.762627347276,1901233,38.64140739969608,-22.30788339117771,-8.678234654910531,166596674,2961.205127112706,3073.751818847656,3047.13109375,3214.5825722035925,2932.9210654917197
2023-03-14,2901.23193359375,2981.9532694589166,2896.2234640568317,2959.9343338825,2670334,33.58728833566005,-30.96786214768781,-13.136160153465987,163926340,2960.608378918488,3061.684228515625,3047.683935546875,3217.4271244253905,2905.9413326058593
2023-03-15,2886.748046875,2942.2018705999863,2880.521443910695,2932.8617458363906,1780522,32.490958547476794,-38.55524544562104,-18.219977211897,162145818,2959.8734502414386,3048.093798828125,3047.863271484375,3214.7093178946834,2881.4782797615662
2023-03-16,2874.203857421875,2905.6080755004514,2862.4724131058674,2894.959489673273,1901060,31.531013503502308,-45.06107658475685,-23.58819708646897,160244758,2959.02101648204,3032.94892578125,3046.9111181640624,3204.8855908667615,2861.012260695739
2023-03-17,2869.060302734375,2907.0520042465155,2837.204873167515,2843.0705957106416,6739966,31.124946315216462,-50.05503324621941,-28.88156431841906,153504792,2958.125885001964,3015.859338378906,3045.79787109375,3181.4974758542007,2850.2212009036116
2023-03-20,2836.573486328125,2860.3520931076205,2793.031772654829,2860.3520931076205,2289468,28.618091876919635,-55.98879053480141,-34.30300956169553,151215324,2956.916408398244,2999.7128295898438,3044.0975341796875,3169.1091064175866,2830.316552762101
2023-03-21,2803.00341796875,2848.7108468749984,2795.1973623365025,2836.5733568003143,1815297,26.2640610775438,-62.677650951563464,-39.97793783966912,149400027,2955.384935856657,2982.5127197265624,3043.482578125,3158.3296957821854,2806.6957436709395
2023-03-22,2825.29345703125,2836.7541342993322,2803.003751733395,2824.616642779389,1123939,30.3601785509168,-65.42581310841024,-45.067512893417344,150523966,2954.09049328128,2968.064990234375,3041.400458984375,3145.686502299034,2790.4434781697155
2023-03-23,2819.7431640625,2839.3258306983194,2798.4010449295647,2810.9445796742175,1372218,29.914557667124868,-67.27609670904894,-49.50922965654367,149151748,2952.75370393582,2955.5709838867188,3039.7993994140625,3137.949863974167,2773.1921037992706
2023-03-24,2815.99853515625,2860.668276380488,2802.9134594440998,2841.6271470449155,1329577,29.598901435203274,-68.25778677376275,-53.25894107998749,147822171,2951.3929559877647,2942.337023925781,3037.37697265625,3124.8945737623662,2759.779474089196
2023-03-27,2817.62255859375,2845.1011698701245,2802.913086548761,2829.083234491425,1524217,29.944159886732365,-68.11949892319626,-56.231052648629245,149346388,2950.0619072574764,2929.78662109375,3034.887314453125,3110.3909784299963,2749.1822637575037
2023-03-28,2811.84716796875,2842.2136983642395,2806.6582589143677,2821.864106617975,1303530,29.392121134592898,-67.69557807676165,-58.52395773425573,148042858,2948.6866362197775,2920.0427490234374,3031.572724609375,3103.988974398354,2736.096523648521
2023-03-29,2832.6025390625,2842.619476774167,2801.1985382394446,2823.6686802623394,1740616,34.09445247322995,-64.93628766165784,-59.80642371973616,149783474,2947.5315705764215,2912.1939453125,3028.050576171875,3096.996298465523,2727.391592159477
2023-03-31,2893.064697265625,2899.47195965751,2844.4244061128143,2878.6711597054764,2382581,45.48433407995013,-57.21124366026834,-59.2873877078426,152166055,2946.989611638006,2904.0811767578125,3024.9372314453126,3076.895556607664,2731.266796907961
2023-04-03,2887.74072265625,2910.256032039784,2864.0522245407105,2910.256032039784,1521830,44.75094163941524,-50.93158330140568,-57.61622682655522,150644225,2946.4000704541077,2898.601208496094,3021.508046875,3066.108363152856,2731.094053839332
2023-04-05,2923.6572265625,2945.8116578814243,2874.655829017467,2874.655829017467,2655065,50.54433954789967,-42.566070363320705,-54.60619553390832,153299290,2946.1737734999624,2893.98310546875,3019.1022119140625,3053.1732406220995,2734.792970315401
2023-04-06,2906.4208984375,2939.494687765259,2901.277154078457,2910.3013442933197,1703464,47.94599809519372,-36.90178787919922,-51.0653140029665,151595826,2945.778222504316,2887.1630737304686,3016.532119140625,3031.231849053907,2743.0942984070302
2023-04-10,2944.95361328125,2952.7145035874473,2901.2766286777637,2905.788722968087,2203187,53.67887166880099,-28.969591724569,-46.646169547287,153799013,2945.7700174374204,2881.4326782226562,3013.7977880859376,3005.3203955013596,2757.544960943953
2023-04-11,2900.194091796875,2953.572085045166,2880.656589162442,2945.4954794330633,2348779,47.178964486442496,-25.99533044861664,-42.51600172755293,151450234,2945.316525640002,2875.8805541992188,3009.7820166015626,2985.084263449218,2766.6768449492197
2023-04-12,2925.325927734375,2942.7426553096243,2886.8378525565763,2912.9628337609006,2417727,50.78263904784879,-21.36400686191837,-38.28560275442602,153867961,2945.1176142180557,2871.848986816406,3006.3871044921875,2966.534858441134,2777.163115191678
2023-04-13,2877.678955078125,2914.813409301973,2869.6924586935834,2896.765029058617,4174070,44.573753683797655,-21.292910624268643,-34.88706432839455,149693891,2944.4465827838276,2867.648229980469,3002.3767626953127,2953.0133164125223,2782.2831435484154
2023-04-17,2833.144287109375,2854.7120118386847,2770.6517749633886,2828.2713129172603,5505048,39.68926586424311,-24.547177277471746,-32.81908691820999,144188843,2943.3390972547286,2864.24384765625,2997.06783203125,2949.410567039866,2779.0771282726346
2023-04-18,2825.24853515625,2848.8017612748336,2807.064878818241,2847.0870328322676,2617302,38.875873770924585,-27.4469370359011,-31.744656941748215,141571541,2942.1640667860875,2861.1688720703123,2992.9537109375,2947.298932293501,2775.0388118471237
2023-04-19,2788.11376953125,2833.595598009388,2771.779897861731,2825.2482224420037,3298034,35.22002353195269,-32.36836046303597,-31.86939764600577,138273507,2940.6312280074326,2856.864367675781,2987.200791015625,2948.3941424733594,2765.334592878203
2023-04-20,2801.830078125,2809.229868601423,2777.645208980141,2788.474235136009,2419999,37.555853421589894,-34.76112787040074,-32.447743690884764,140693506,2939.2501220384534,2853.5028564453123,2980.782783203125,2947.88774444316,2759.1179684474646
2023-04-21,2852.410888671875,2855.659464544931,2798.2205892743714,2806.5227991505576,1929184,45.37761076624518,-32.2047285263302,-32.39914065797385,142622690,2938.386050064657,2854.2947265625,2974.9811328125,2948.3634068628367,2760.226046262163
2023-04-24,2864.999755859375,2870.5495443318514,2821.09694130206,2843.612470588807,1640676,47.151912315152394,-28.83060597654412,-31.685433721687907,144263366,2937.6558381820173,2857.3945434570314,2969.834638671875,2948.5386108302077,2766.250476083855
2023-04-25,2866.08203125,2879.798752575437,2840.363096145899,2872.3989626790776,2024090,47.310371599296396,-25.7721733952485,-30.50278165640003,146287456,2936.943660998614,2859.433972167969,2964.4823779296876,2949.431763687237,2769.436180648701
2023-04-26,2886.071533203125,2895.321328903337,2870.595133890123,2870.595133890123,2000029,50.27591372556922,-21.487661406289135,-28.69975760637785,148287485,2936.437470672291,2862.750390625,2958.67169921875,2951.533541249341,2773.967240000659
2023-04-27,2876.8662109375,2887.018423289877,2861.2543203233117,2874.2041193174095,2434446,48.91068806892538,-18.62030408676901,-26.683866902456085,145853039,2935.8447218192086,2865.7937744140627,2952.3024072265625,2952.096168204149,2779.4913806239765
2023-04-28,2905.112060546875,2912.3314117884297,2884.356425727405,2888.1013760571154,2931312,53.117521893986805,-13.908371698514202,-24.12876786166771,148784351,2935.538924194608,2870.168249511719,2946.5576025390624,2955.119125684611,2785.2173733388267
2023-05-02,2905.24755859375,2919.325382723846,2896.7649083596743,2919.325382723846,2321159,53.137456801879516,-10.047377855560171,-21.312489860446206,151105510,2935.237517571714,2874.838269042969,2941.81087890625,2956.6628185835516,2793.0137195023863
2023-05-03,2869.60205078125,2902.1794643631756,2863.510722614443,2902.1794643631756,2468285,47.42447711982412,-9.751398939649789,-19.000271676286925,148637225,2934.5844283499187,2876.6882446289064,2936.031787109375,2956.251298163731,2797.125191094082
2023-05-04,2906.4208984375,2909.8049697680735,2867.8876502834637,2869.827763052802,1953253,53.040575993693736,-6.471263520820685,-16.49447004519368,150590478,2934.304194221437,2877.3560546875,2930.6181787109376,2957.6783063180146,2797.0338030569856
2023-05-05,2915.445068359375,2927.44728532503,2896.8102038222487,2905.78922896011,1710027,54.32829217196511,-3.107733457932227,-13.81712272774139,152300505,2934.116541227784,2878.7412719726562,2924.7100390625,2960.6715784899784,2796.810965455334
2023-05-08,2933.403564453125,2937.2388455625774,2915.9868320573555,2928.3499294526296,928235,56.863368294737015,0.9955132422128372,-10.854595533750546,153228740,2934.109446931519,2879.2285888671877,2920.188037109375,2962.3293100644205,2796.127867669955
2023-05-09,2962.8671875,2976.177867775832,2929.2520796847634,2935.208133223178,1107375,60.71602285870048,6.549337273219862,-7.373808972356464,154336115,2934.3955936038424,2882.0509033203125,2916.5052685546875,2972.190055326029,2791.911751314596
2023-05-10,2966.071044921875,2983.8486565469284,2947.3458492093846,2968.958741883984,1559987,61.12263688544732,11.081565954833877,-3.682733986918396,155896102,2934.7107722239225,2883.1067749023437,2913.541728515625,2976.600806369502,2789.612743435185
2023-05-11,2961.874267578125,2986.7359537053417,2952.714803365684,2986.1043045039883,1719623,60.24300499778132,14.171386063094815,-0.11190997691575388,154176479,2934.9810557597852,2886.190783691406,2911.386748046875,2985.6169260277807,2786.7646413550315
2023-05-12,2954.790283203125,2968.958216036899,2941.885648717414,2959.1668827295052,1027479,58.70719819750166,15.86558384947466,3.083588788362329,153149000,2935.178162500515,2887.6640014648438,2908.8689990234375,2990.190791448048,2785.1372114816395
2023-05-15,2937.4189453125,2970.7632825646147,2931.372782209103,2963.5439307236315,1150390,55.00409879967245,15.62639466121027,5.592149962931917,151998610,2935.200458846903,2890.6510009765625,2906.244765625,2995.2991001332875,2786.0029018198375
2023-05-16,2940.216552734375,2964.446592461722,2933.2679700818376,2938.456879642463,986306,55.491021286625234,15.484088115326813,7.570537593410896,152984916,2935.2503702288677,2896.0046142578126,2904.9146044921877,2999.2834809862284,2792.725747529397
2023-05-17,2895.591796875,2959.93431554151,2886.161562402632,2938.2310945607733,1588815,46.79264422686628,11.63632795395415,8.383695665519546,151396101,2934.85575755868,2899.52177734375,2903.0348681640626,2997.5819226918297,2801.46163199567
2023-05-18,2887.605224609375,2913.8654825847825,2883.228404788249,2911.1582258666713,1369364,45.42038678116099,7.851987841045684,8.277354100624775,150026737,2934.3856030019706,2904.4963500976564,2899.6805712890623,2988.5371652663307,2820.455534928982
2023-05-19,2908.360595703125,2918.873686878229,2890.4926589205256,2896.7644256853036,1152449,49.560247372774356,6.453266781818002,7.912536636863421,151179186,2934.1266477054646,2909.8228759765625,2897.9009814453125,2979.4237732489964,2840.2219787041286
2023-05-22,2976.8095703125,2985.6081557371112,2903.1271456270997,2914.8134278455905,1333243,60.26447519065676,10.744178265144,8.478864962519538,152512429,2934.5513534030474,2916.0428100585937,2897.116787109375,2986.240749968147,2845.84487014904
2023-05-23,2975.3203125,3003.204968703597,2969.0485451363493,2983.396917684391,1687418,59.966296060159245,13.864761530398027,9.556044276095236,150825011,2934.9570146875944,2921.558837890625,2895.7667626953125,2992.182702823887,2850.934972957363
2023-05-24,2981.005615234375,2993.5039850346407,2956.324369747154,2956.324369747154,1016555,60.76440918595813,16.605188391896263,10.965873099255441,151841566,2935.415209717911,2927.3050170898437,2894.19564453125,2997.639252344496,2856.9707818351912
2023-05-25,2972.116943359375,2983.3971807335947,2948.293170151878,2972.5681528543437,1374917,58.79099848435669,17.853945716239195,12.343487622652193,150466649,2935.780401097428,2931.607287597656,2893.413251953125,3001.8529154422217,2861.3616597530904
2023-05-26,3004.0625,3012.861085188572,2969.860908265637,2972.1169557498865,1791115,63.39247147958646,21.177216563152797,14.110233410752315,152257764,2936.4598249671053,2937.9671020507812,2893.3753564453127,3010.2394600989014,2865.694744002661
2023-05-29,2996.346923828125,3042.9567756365113,2988.8116372799896,3032.84972720672,1210372,61.603302469870975,22.924095434480932,15.87300581549804,151047392,2937.055716498061,2942.528845214844,2894.0684130859377,3017.400773884823,2867.6569165448645
2023-05-30,2992.6015625,3002.302565838326,2979.200773799653,2991.5187038651916,1344224,60.70759386706105,23.73271421137497,17.444947494673425,149703168,2937.608411483155,2946.8965454101562,2895.8958056640627,3022.744914012368,2871.0481768079444
2023-05-31,2968.50732421875,3002.9796862307608,2946.5333332663195,2986.1044948593535,5815424,55.15202685344348,22.17374166130503,18.390706327999748,143887744,2937.915863351171,2951.8418090820314,2897.5309912109374,3019.3226942320857,2884.360923931977
2023-06-01,2999.640625,3014.0793283694343,2975.7265225443743,2990.6164353941035,1177314,60.21805949700745,23.183200362047955,19.349205134809388,145065058,2938.530040083995,2956.502795410156,2900.0397265625,3023.667549725997,2889.338041094315
2023-06-02,2983.0361328125,3010.379250409834,2975.681286269555,3001.670995775546,2030661,56.54915507659693,22.38531591762012,19.956427291371533,143034397,2938.9728867778113,2959.8823486328124,2902.3192431640623,3025.220506787097,2894.544190478528
2023-06-05,2967.96533203125,3002.3475790890493,2964.4911515736353,2991.518552654102,1861468,53.37075610691944,20.302860339947983,20.025713901086824,141172929,2939.261368820134,2961.6104370117187,2904.947080078125,3025.8752911312918,2897.3455828921456
2023-06-06,2916.888916015625,2967.920753448757,2906.330658002561,2959.9342573409676,2022849,44.2859263324261,14.365463264001392,18.893663773669736,139150080,2939.0387573494427,2959.3115234375,2907.2247900390626,3026.4570256264474,2892.1660212485526
2023-06-07,2955.331787109375,2958.8965182829807,2924.739872252775,2935.568899857537,1567196,51.040944928571896,12.61661523460998,17.638254065857787,140717276,2939.2008770485468,2958.774560546875,2909.825556640625,3025.8669936651563,2891.6821274285935
2023-06-08,2920.633544921875,2950.9097424591514,2917.52024384417,2942.7879725257776,1759366,45.65983000716777,8.334705119877981,15.777544276661827,138957910,2939.016127475147,2956.7125244140625,2911.8433642578125,3025.8024107037672,2887.6226381243578
2023-06-09,2896.132568359375,2932.8609678004136,2892.5680583234644,2928.3488740037974,1775689,42.27095012982151,2.9304559865990996,13.208126618649283,137182221,2938.5894253943934,2953.779638671875,2913.446044921875,3027.754312211407,2879.804965132343
2023-06-12,2930.064208984375,2936.8323515906563,2897.6674545025,2901.2771305591828,2324605,48.02439057739969,1.3697596957213136,10.84045323406369,139506826,2938.504597370413,2953.411901855469,2915.6948779296877,3027.780317647581,2879.043486063357
2023-06-13,2927.17626953125,2946.3978370029945,2922.9349445796934,2941.885742306206,1371928,47.58966641287306,-0.09899478707575327,8.6525636298358,138134898,2938.3918776904216,2952.7598876953125,2918.0014599609376,3027.8052007439837,2877.7145746466413
2023-06-14,2933.80908203125,2938.140736922636,2911.068169247874,2927.1762148240855,1658544,48.737414934862514,-0.7194869626332547,6.77815351134199,139793442,2938.346277733614,2954.670751953125,2920.0255908203126,3025.6311767487914,2883.710327157459
2023-06-15,2924.035888671875,2952.3552093195044,2918.3083232724543,2950.4006679163926,2273810,47.10067236174034,-1.9770562346852785,5.027111562136536,137519632,2938.2038858026517,2956.49228515625,2920.6450146484376,3022.144794113747,2890.839776198753
2023-06-16,2886.39794921875,2908.6716434866084,2869.2154738515223,2906.489819361,4156189,41.3424535114898,-5.942257458512358,2.833237758006757,133363443,2937.688403846593,2955.394152832031,2920.6181591796876,3024.8544985998838,2885.9338070641784
2023-06-19,2918.672119140625,2922.7632059010452,2886.4889920742507,2900.1259479423184,1468186,47.2928329398068,-6.406600902688751,0.9852700258676552,134831629,2937.499187083349,2952.4872802734376,2920.51845703125,3022.977829515276,2881.996731031599
2023-06-20,2934.39990234375,2938.76377229002,2910.171667991738,2921.9448612962487,1528452,49.95699863148313,-5.442755073202079,-0.3003349939462916,136360081,2937.468348429224,2950.441259765625,2921.078037109375,3020.5364372651143,2880.346082266136
2023-06-21,2962.128662109375,2965.0378350347974,2930.990945518115,2954.6738371268343,1645987,54.339111226999314,-2.4135986719511493,-0.7229877295472631,138006068,2937.7137246847483,2949.497412109375,2921.4215380859373,3018.4194958326416,2880.5753283861086
2023-06-22,2944.218994140625,2970.7200582622286,2936.5823870603735,2963.7652990268452,1529603,51.219386140854134,-1.4415140511341633,-0.8666929938646432,136476465,2937.7784537340603,2948.1025146484376,2922.3020361328126,3016.2619921222813,2879.943037174594
2023-06-23,2924.08154296875,2954.1281240159633,2917.535626765662,2943.1277797551047,1119505,47.89009953647499,-2.2698881419692043,-1.1473320234855555,135356960,2937.642166064754,2944.103466796875,2922.2771484375,3007.9066192159285,2880.300314377822
2023-06-26,2899.8076171875,2921.8540288219324,2884.670685198081,2913.762857251765,1978803,44.16359673138893,-4.829413054467295,-1.8837482296819035,133378157,2937.265702891846,2939.276501464844,2922.7197216796876,3001.1165578955297,2877.436445034158
2023-06-27,2906.808349609375,2917.990476643383,2893.1258918679814,2911.035717443629,863542,45.48121623237575,-6.2212398091869545,-2.751246545582914,134241699,2936.9626446502293,2934.9868408203124,2924.1930029296873,2993.2338285164224,2876.7398531242025
2023-06-28,2923.26318359375,2937.354704231224,2903.2168146828576,2916.4902067752564,1575872,48.55417961675812,-5.928168717302924,-3.3866309799269163,135817571,2936.826331604891,2932.7246337890624,2926.1532958984376,2989.071821113382,2876.3774464647427
2023-06-30,3002.176025390625,3009.2217863707983,2922.0362650887305,2927.4000459558824,2672406,60.15365979495807,0.6640443751466591,-2.5764959089122015,138489977,2937.476577314202,2932.8514038085937,2930.434541015625,2989.808321035045,2875.8944865821422
2023-07-03,2974.947509765625,3017.2220741820643,2971.720052392161,3013.130987303054,1687264,55.503481333208555,3.6492409148136176,-1.3313485441670374,136802713,2937.8494224132214,2932.44697265625,2933.8968896484375,2988.072067568735,2876.8218777437655
2023-07-04,3008.17626953125,3013.767332814385,2979.493160479394,2991.0390723859205,1656681,59.6072754287224,8.5972105962569,0.6543632839177502,138459394,2938.5491920362865,2934.45751953125,2937.012197265625,2997.4865326884833,2871.4285063740167
2023-07-05,3018.267333984375,3026.495008241709,3004.6758793147633,3018.312834894104,1453008,60.78994787717881,13.180836307651589,3.159657888664518,139912402,2939.342407379054,2939.5264404296877,2940.077548828125,3011.727316443154,2867.3255644162214
2023-07-06,3020.948974609375,3025.9946921480014,3001.948240187536,3006.084827429316,1848238,61.11577189375096,16.835707142132378,5.894867739358091,141760640,2940.154413023137,2942.8072998046873,2943.1748876953125,3023.093502616088,2862.521096993287
2023-07-07,3026.722412109375,3051.859779118901,3001.948608480936,3001.948608480936,1789326,61.850776319308444,19.9679091390376,8.709476019293993,143549966,2941.015786148373,2948.1117431640623,2945.9879052734377,3035.5379407135565,2860.685545614568
2023-07-10,2974.62890625,3022.6310315390187,2968.492276589758,3022.6310315390187,1407431,52.253170309492894,18.038751727443014,10.575331160923797,142142535,2941.350245054857,2952.0365600585938,2947.9431591796874,3036.783172570781,2867.2899475464064
2023-07-11,2975.0380859375,2995.58452074979,2964.4923069892843,2995.58452074979,1110172,52.31576071783515,16.354374907361944,11.731139910211427,143252707,2941.6854474516995,2954.28525390625,2949.3416796875,3038.967123467655,2869.6033843448454
2023-07-12,2963.673583984375,2990.265643534798,2954.764285186682,2982.810819949394,1515240,50.34191151277001,13.941761859387498,12.173264300046641,141737467,2941.9042348798857,2956.1101196289064,2950.5102001953123,3039.945358248202,2872.274881009611
2023-07-13,3036.99560546875,3061.4511244735218,2975.3565198894707,2985.5842369007783,4585146,60.65595842377987,17.741707631273584,13.28695296629203,146322613,2942.850417671815,2961.2694458007813,2953.8580712890625,3051.4409366195882,2871.0979549819745
2023-07-14,3195.274658203125,3204.547964647963,3047.4047065554155,3059.223400226424,6306101,73.46729276405806,33.14293764069271,17.258149901172168,152628714,2945.3621016572015,2974.8313842773437,2959.635146484375,3109.2546463509784,2840.408122203709
2023-07-17,3174.410400390625,3227.3217423976093,3161.0917295383088,3191.0475301955958,2743228,70.22129361172723,43.1673458551586,22.439989091969455,149885486,2947.641189206788,2989.2320068359377,2964.814453125,3142.992742765217,2835.4712709066584
2023-07-18,3179.0927734375,3203.775575367843,3150.1368810015824,3160.1373155444444,2600090,70.53591989943519,50.902814005784876,28.13255407473254,152485576,2949.944190044905,3002.253039550781,2969.7282373046874,3173.0683120830145,2831.4377670185477
2023-07-19,3154.7275390625,3197.2748801065914,3132.544627292276,3181.9559462687303,2405370,66.5930936878953,54.43961150692212,33.39396556117046,150080206,2951.981835308762,3013.269421386719,2973.5654443359376,3193.328577248739,2833.210265524699
2023-07-20,3156.778564453125,3170.997743413203,3131.9403423330245,3147.481366184457,1715404,66.76152526441805,56.75382682806867,38.065937814550104,151795610,2954.0196137082085,3023.001916503906,2977.3795947265626,3211.7830414654795,2834.220791542333
2023-07-21,3070.18701171875,3130.892412746542,3061.755687476042,3102.772940548675,3770223,54.31154679849898,51.012602980320935,40.65527084770427,148025387,2955.175508215776,3029.3003173828124,2979.545849609375,3215.5355734384225,2843.0650613272023
2023-07-24,3094.2958984375,3111.3408007755556,3073.650637395516,3081.7628492870426,1680132,56.730938242632334,47.85636895773723,42.09549046971087,149705519,2956.559790705545,3037.81103515625,2982.3359619140624,3219.5375559051768,2856.0845144073232
2023-07-25,3098.305908203125,3105.2789734494727,3081.0331349031017,3096.8020315497083,1272980,57.13750335316042,45.15805112695671,42.70800260116003,150978499,2957.970199834874,3047.735949707031,2985.553701171875,3219.647118299793,2875.824781114269
2023-07-26,3088.41650390625,3118.085690977951,3085.4085278953876,3099.4000558754824,1066803,55.74633923620972,41.740464436686125,42.514494968265254,149911696,2959.268173009714,3056.816357421875,2988.5177001953125,3216.7616558022655,2896.871059041485
2023-07-27,3096.255126953125,3109.6996688694317,3085.454052221402,3094.4777574436316,1701769,56.64734412456854,39.21249648153298,41.854095270918805,151613465,2960.6312272778077,3065.465954589844,2992.530966796875,3213.8810131581527,2917.050896021535
2023-07-28,3058.428466796875,3093.3387496319633,3036.1880906607657,3085.408792220562,2599831,51.22708003025068,33.76751739900237,40.23677969653552,149013634,2961.6043341386944,3068.2785766601564,2995.947431640625,3213.8950882839135,2922.6620650363993
2023-07-31,3118.632568359375,3123.3722948817326,3063.4415361987367,3066.6317666989726,2743678,58.098999382678805,33.91929952566352,38.973283662361126,151757312,2963.1668041309404,3075.4628295898438,3000.15287109375,3216.0426353348926,2934.883023844795
2023-08-01,3146.5244140625,3153.770750326194,3112.753500683223,3112.753500683223,1956167,60.85104322561797,35.876662962748014,38.35395952243851,153713479,2964.991257961105,3082.380236816406,3003.54716796875,3222.6504518194943,2942.110021813318
2023-08-02,3136.13330078125,3141.374393886134,3111.477553853232,3130.937826905583,1914899,59.28871422318915,36.17243823759782,37.91765526547037,151798580,2966.694163859813,3088.27353515625,3006.763427734375,3227.1713208511087,2949.3757494613915
2023-08-03,3099.03564453125,3129.3884555329005,3069.913440103345,3117.3111535491207,2026351,53.96197562619864,33.03259229068499,36.9406426705133,149772229,2968.0109945132604,3092.177868652344,3009.1240283203124,3227.6336359707348,2956.722101333953
2023-08-04,3138.776611328125,3163.7970883064404,3100.2203533858487,3100.2203533858487,2248493,58.28563641172876,33.36637880278886,36.22578989696841,152020722,2969.710154879577,3097.7805786132812,3012.4572216796873,3231.19762651096,2964.3635307156023
2023-08-07,3175.69189453125,3179.292252661736,3136.6798923372126,3148.2558259295074,1853889,61.86805517612323,36.192457735282005,36.219123464631124,153874611,2971.75972442835,3107.8337280273436,3015.8898095703125,3232.6400306150144,2983.0274254396727
2023-08-08,3163.432861328125,3181.070146163837,3150.6719384869994,3175.692417693925,1634225,60.024508896404356,37.01624390567213,36.37854755283932,152240386,2973.666919820388,3117.253466796875,3019.2315283203125,3228.2174405217256,3006.289493072024
2023-08-09,3156.049560546875,3160.1512856075137,3121.9141376043485,3158.2370582327517,1794589,58.886405681824726,36.65084162464518,36.43300636720049,150445797,2975.481672464433,3126.872265625,3022.50048828125,3213.6281852981692,3040.116345951831
2023-08-10,3137.455078125,3158.236973179639,3126.471525696296,3144.6557951355153,1096701,56.006301832073156,34.46356384232695,36.03911786222578,149349096,2977.0933481426478,3131.8952392578126,3025.879443359375,3208.266077395071,3055.524401120554
2023-08-11,3143.561767578125,3159.831808251447,3111.841719602854,3133.8088225124093,1679974,56.7543709799028,32.84428082004979,35.40015045379059,151029070,2978.7497503260856,3129.3095947265624,3028.7578662109377,3200.229226103636,3058.389963349489
2023-08-14,3144.519287109375,3149.213394617888,3109.1076379281085,3136.178979187144,1190425,56.87818641276634,31.277701311413693,34.57566062531521,152219495,2980.3991984532827,3127.8150390625,3031.987529296875,3196.080035526973,3059.550042598027
2023-08-16,3152.312255859375,3159.239702558436,3131.165629535196,3144.6557916406823,1328445,57.933802013913564,30.315544487708394,33.72363739779385,153547940,2982.1097761389155,3126.4760131835938,3035.6744677734373,3191.645632629383,3061.3063937378047
2023-08-17,3131.667236328125,3154.5002181176783,3111.112990794358,3149.213505497685,1843241,54.151824660779916,27.569345481027995,32.492779014440686,151704699,2983.5979100711465,3125.322998046875,3039.9700341796874,3189.256725763448,3061.389270330302
2023-08-18,3069.09326171875,3108.1962872876197,3059.431330874163,3108.1962872876197,2526749,44.63981277189292,20.111928393211656,30.01660889019488,149177950,2984.4486100875406,3120.9387329101564,3042.245263671875,3187.6103200706484,3054.2671457496645
2023-08-21,3100.5849609375,3107.968154886351,3073.559239908139,3076.2937232176655,1375579,49.45207878180582,16.55218527470015,27.32372416709594,150553529,2985.604195668137,3122.458630371094,3045.8442919921877,3185.7323843869335,3059.1848763552543
2023-08-22,3082.810546875,3109.1072480565263,3067.224126908382,3099.0808101413627,1222012,46.97032049368169,12.156681877436768,24.29031570916411,149331517,2986.5714230433296,3121.8843627929687,3049.5778515625,3186.3670350797292,3057.401690506208
2023-08-23,3097.486083984375,3100.9041882483175,3077.2053320183186,3088.143265662933,1330046,49.23557895511493,9.745071841269692,21.381266935585227,150661563,2987.675051510405,3121.843371582031,3052.9262890625,3186.386959967862,3057.2997831962
2023-08-24,3087.9150390625,3110.975891033685,3079.1192074418814,3106.372799977861,1152881,47.80144468361562,6.981076669977483,18.50122888246368,149508682,2988.672464321869,3121.8182983398438,3056.141064453125,3186.4141770012416,3057.222419678446
2023-08-25,3082.035888671875,3086.1376132448922,3053.7339446114943,3076.2934297630904,1158046,46.89778890295395,4.267004904385885,15.65438408684812,148350636,2989.6014536188845,3121.1073364257813,3059.1056005859373,3187.1106586921164,3055.1040141594463
2023-08-28,3076.795166015625,3093.6121942799687,3062.712621128665,3093.6121942799687,1037485,46.0618686415677,1.6739052191142036,12.858288313301337,147313151,2990.4690527472108,3122.025671386719,3062.1607861328125,3184.9546054591474,3059.0967373142903
2023-08-29,3077.342041015625,3089.556200731551,3067.178966440109,3081.8084975473785,944517,46.16969399982269,-0.3331760752621449,10.219995435588642,148257668,2991.3334605906775,3119.961145019531,3065.97966796875,3185.8400065914043,3054.082283447658
2023-08-30,3090.83203125,3106.464294438142,3083.6313141767887,3097.2581115677926,1188200,48.884185860696874,-0.8257542094215751,8.010845506586598,149445868,2992.3234961196263,3117.1765258789064,3069.4228662109376,3183.0368901985976,3051.3161615592153
2023-08-31,3059.70458984375,3114.941019553153,3047.7183044022304,3099.9925997056025,3417652,43.440723577247624,-3.6853676835844453,5.67160286855239,146028216,2992.9939547636477,3113.355090332031,3071.9289599609374,3183.125477554354,3043.5847031097082
2023-09-01,3080.121826171875,3089.0545157816123,3059.7044406634573,3068.0901446211,1277950,47.56516334571963,-4.255081693479042,3.6862659561461038,147306166,2993.8608987577595,3112.4093994140626,3074.2888232421874,3183.4320033626855,3041.3867954654397
2023-09-04,3115.94384765625,3129.023882322115,3071.7819850635196,3079.0283215980144,1828332,53.914948302360116,-1.7953507088195693,2.5899426231529694,149134498,2995.075654468192,3111.2677612304688,3077.7233203125,3181.285254849743,3041.2502676111944
2023-09-05,3125.83349609375,3141.9212836855104,3103.775152977507,3117.310934204945,1501842,55.51654461368536,0.9411666127375611,2.2601874210698876,150636340,2996.3767275191926,3108.7748413085938,3081.758359375,3172.7273952051164,3044.822287412071
2023-09-06,3126.334716796875,3139.095639063221,3097.349371389577,3130.071933045149,1314818,55.600761916767986,3.1144195377082724,2.4310338443975645,151951158,2997.669841840364,3106.9199340820314,3086.2889013671875,3166.4206604771994,3047.4192076868635
2023-09-07,3149.44091796875,3153.770516220787,3119.4072230217057,3127.15492515693,1885092,59.415359667897,6.624848338360152,3.2697967431900823,153836250,2999.1800018018403,3106.589501953125,3091.141552734375,3165.059686447526,3048.119317458724
2023-09-08,3137.272705078125,3158.3283161992513,3131.029101522507,3149.441245179643,1518917,56.654825846147396,8.329003796731286,4.2816381538983235,152317333,3000.554058550858,3106.5803833007812,3095.4217431640627,3165.0313642551473,3048.129402346415
2023-09-11,3172.59326171875,3177.1963534783295,3140.0985716091377,3155.593978203435,1783604,62.151814371010396,12.38684516938838,5.902679556996335,154100937,3002.2658914182,3108.0319580078126,3098.830087890625,3171.325752054296,3044.738163961329
2023-09-12,3263.879150390625,3272.1736158051285,3174.7349547012377,3182.9384041965895,4476016,72.02596896386625,22.706970182538498,9.263537682104769,158576953,3004.869008422901,3113.999951171875,3104.608720703125,3205.9512482421264,3022.048654101624
2023-09-13,3252.0751953125,3271.2165766015924,3231.247460468154,3255.037551940574,1754929,69.50100869536556,29.5921432756968,13.329258800823176,156822024,3007.3287714765293,3118.9880981445312,3109.48669921875,3227.9601251185372,3010.0160711705253
2023-09-14,3244.966064453125,3279.283743631725,3231.79501333232,3254.081009523971,2604721,67.95587490171386,34.082167103199026,17.479840461298345,154217303,3009.693321655401,3124.653039550781,3114.020673828125,3246.671373862936,3002.6347052386263
2023-09-15,3279.830810546875,3288.079880546778,3247.153642645778,3252.075846625595,2952897,71.32302865161756,39.992824581191144,21.982437285276905,157170200,3012.381256868252,3135.1899169921876,3119.198310546875,3271.72936588212,2998.650468102255
2023-09-18,3286.98583984375,3298.9721261758623,3258.820748484001,3263.1959666407256,1395753,71.97388774818953,44.73869446277422,26.533688720776368,158565953,3015.113640778456,3144.5099609375,3124.4035791015626,3295.057189635868,2993.9627322391325
2023-09-20,3286.894775390625,3304.167551602088,3263.1502992373726,3263.1502992373726,1649396,71.95150488041212,47.939861513762025,30.814923279373502,156916557,3017.817930675095,3154.7141723632812,3130.648896484375,3314.5305916815405,2994.897753045022
2023-09-21,3267.981201171875,3285.937597907689,3215.752523000923,3270.943558229628,2004073,67.27215504500377,48.392800017584705,34.33049862701574,154912484,3020.3071174462075,3163.2389282226563,3136.5077587890623,3328.0463163367413,2998.4315401085714
2023-09-22,3284.707275390625,3312.143350603467,3249.5237189665327,3266.7964963365184,1989083,69.18099427378789,49.5304551930999,37.370489940232574,156901567,3022.937964788938,3173.0785400390623,3142.9284326171874,3342.1654335326093,3003.9916465455153
2023-09-25,3260.552490234375,3299.6101189147753,3243.6898418366063,3283.658965024994,1238778,63.42760088231196,47.93045339286937,39.48248263075993,155662789,3025.3022884252114,3182.0043701171876,3147.3995703125,3349.766944310376,3014.2417959239992
2023-09-26,3268.345703125,3276.7770270409974,3223.0444721045315,3251.847786603666,1726062,64.45471182192331,46.75235553618222,40.93645721184439,157388851,3027.7206308600353,3191.581896972656,3148.8609912109373,3356.0645253831744,3027.0992685621377
2023-09-27,3271.626953125,3294.1408207023737,3241.000651722388,3272.264954709884,1541134,64.90166078609602,45.55830615517425,41.86082700051037,158929985,3030.147559439786,3201.296142578125,3150.805322265625,3360.5078319830463,3042.0844531732037
2023-09-28,3223.728271484375,3283.932529557507,3215.160311935428,3281.380300372871,1755753,54.18985258523795,40.28263695193937,41.54518899079618,157174232,3032.073735679036,3207.940954589844,3151.6980322265626,3359.0433173762535,3056.838591803434
2023-09-29,3216.299560546875,3252.6224826131343,3195.289567953573,3224.138279675587,2243791,52.73610303057762,35.09761277830057,40.25567374829706,154930441,3033.906828463791,3215.770703125,3152.92947265625,3350.6998455784465,3080.841560671554
2023-10-03,3202.854736328125,3221.40351413728,3172.091799849083,3221.40351413728,1948148,50.11567886957386,29.562777516223832,38.11709450188242,152982293,3035.5879021738842,3221.9073486328125,3153.85099609375,3341.9426796266457,3101.8720176389793
2023-10-04,3224.639404296875,3233.982222159653,3169.539610773689,3177.7430606044213,1788138,54.0958016390639,26.627278644397848,35.81913133038551,154770431,3037.469011647745,3227.3421264648437,3156.9400439453125,3337.097188144264,3117.5870647854235
2023-10-05,3271.6728515625,3303.2560467713934,3236.8992030912727,3239.451432181438,2990768,61.279023114865296,27.775897502254338,34.21048456475928,157761199,3039.7993981145587,3234.6340942382812,3160.4875830078126,3335.4593124021503,3133.808876074412
2023-10-06,3300.885498046875,3313.2362908012565,3258.637869109981,3273.176159256762,2075691,64.94787345039595,30.689631683063908,33.5063139884202,159836890,3042.3972697556765,3243.3616333007812,3164.5391748046877,3334.975734485723,3151.7475321158395
2023-10-09,3316.336181640625,3353.3883449301275,3309.636607893801,3322.443150428711,4233074,66.74273792700708,33.855265624987624,33.57610431573369,164069964,3045.12303007294,3251.706396484375,3169.097568359375,3337.819345760013,3165.593447208737
2023-10-10,3307.721923828125,3325.1315558006227,3282.610431250672,3317.885219860744,1848148,64.75195002446779,35.26247090356037,33.91337763329902,162221816,3047.735954388912,3260.228857421875,3173.326904296875,3331.8769180109202,3188.58079683283
2023-10-11,3290.40380859375,3326.954825968897,3285.937574689828,3326.954825968897,2426417,60.82402173592393,34.581628571454985,34.04702782093022,159795399,3050.150559903388,3266.119384765625,3177.9664111328125,3326.458073394219,3205.780696137031
2023-10-12,3229.014892578125,3271.0346556007717,3224.958786550778,3258.5928446615626,4241281,49.38733312078995,28.75699095307209,32.98902044735859,155554118,3051.9303045071165,3264.376171875,3180.1740576171874,3326.8497432374384,3201.902600512562
2023-10-13,3254.8095703125,3260.4151713479687,3213.0174668721243,3217.57493845634,2890357,53.35600950792097,25.923508524852423,31.57591806285736,158444475,3053.9490036693596,3264.512890625,3182.3397607421875,3326.8900781130887,3202.1357031369116
2023-10-16,3212.152099609375,3258.2735858136334,3207.6402465342494,3250.3892477395666,1671104,46.81795438531307,20.005243905059615,29.261783231297816,156773371,3055.523163827967,3262.8721923828125,3183.86013671875,3328.8423429095023,3196.9020418561227
2023-10-17,3196.656494140625,3221.3578589700005,3193.2840093522973,3217.5752462064243,1672065,44.67634150060658,13.904330232157918,26.190292631469838,155101306,3056.9274755723713,3258.7134765625,3185.8125537109377,3330.1436234484668,3187.2833296765334
2023-10-18,3178.609130859375,3210.9215657245095,3175.6467737942685,3200.2571247966926,1408245,42.2521483155659,7.526282503236416,22.457490605823157,153693061,3058.1382383115456,3253.294641113281,3186.6092041015627,3331.4501700837354,3175.139112142827
2023-10-19,3157.9560546875,3177.3299169246034,3154.529105910934,3170.613008079076,1514545,39.60375971096172,0.7959281206753985,18.125178108793605,152178516,3059.131450414789,3246.847705078125,3186.2544873046877,3333.6470724682613,3160.0483376879884
2023-10-20,3193.5048828125,3198.0284103099434,3147.3553086674356,3153.158141056141,1481211,45.89057964842095,-1.6504080052136487,14.170060885992156,153659727,3060.4684994933737,3243.123889160156,3186.855927734375,3332.3339186713474,3153.9138596489647
2023-10-23,3116.3759765625,3179.2491127864932,3108.288510708511,3173.8117316083208,1106272,36.912704676651444,-9.7009783117619,9.395853046441346,152553455,3061.0247927975443,3234.70732421875,3186.0624560546876,3337.382765153912,3132.031883283588
2023-10-25,3098.052734375,3129.946110609001,3086.2638983706042,3098.418186283159,1518537,35.153222062599866,-17.359535868182775,4.044775263516522,151034918,3061.393230027171,3226.5823364257812,3185.2744091796876,3344.3935639403257,3108.7711089112368
2023-10-26,3049.298828125,3083.065649974906,3043.1303207181386,3077.9024700555783,1984471,30.928828591495943,-27.051201279986344,-2.1744200451840516,149050447,3061.272887719687,3215.629992675781,3183.389150390625,3354.686537640363,3076.573447711199
2023-10-27,3062.275390625,3072.3735099895516,3049.5271870419792,3061.407274974717,1108851,33.228804595127954,-33.300943254704634,-8.399724687088169,150159298,3061.282862872974,3205.1624145507812,3181.7442724609373,3356.736940142633,3053.5878889589294
2023-10-30,3087.498046875,3091.4276593319496,3046.557388528169,3061.4074995333685,910972,37.57960197891359,-35.8059030696013,-13.880960363590795,151070270,3061.543710474984,3198.3509033203127,3180.44798828125,3358.004567677872,3038.6972389627535
2023-10-31,3078.542236328125,3106.1862890625,3061.4532301686027,3106.1862890625,999811,36.666030848937616,-38.07485757709583,-18.719739806291802,150070459,3061.712850035712,3191.463037109375,3179.38548828125,3359.1112229542523,3023.8148512644975
2023-11-01,3043.72412109375,3081.14657643751,3025.767000563393,3065.9765288100825,1563475,33.278813475593154,-42.19614044266609,-23.41501993356666,148506984,3061.533857707932,3183.5065063476563,3178.87810546875,3362.928054632431,3004.0849580628815
2023-11-02,3070.637451171875,3085.1218868690776,3055.193202126613,3055.193202126613,1245384,38.04328172966326,-42.79726575341738,-27.291469097536805,149752368,3061.624440727474,3175.8064086914064,3178.2791552734375,3360.6426271058635,2990.9701902769493
2023-11-03,3062.229736328125,3096.0422952066797,3056.1984407717223,3090.6506520884154,1402598,37.15077043545442,-43.451215648197376,-30.52341840766892,148349770,3061.6304635692713,3165.3342529296874,3177.8675390625,3350.9888262098457,2979.679679649529
2023-11-06,3089.0517578125,3100.063731635219,3069.63238059084,3084.254029322443,1099852,41.83857004311937,-41.32875056816647,-32.68448483976843,149449622,3061.903312268209,3154.742565917969,3177.6988525390625,3332.24710401916,2977.238027816778
2023-11-07,3080.095703125,3110.8925036423684,3076.0291020236123,3086.99533768145,1191144,40.745718978301774,-39.90931077320647,-34.12945002645604,148258478,3062.0843310827045,3142.9305419921875,3177.5424658203124,3306.764900129075,2979.0961838553
2023-11-08,3090.239501953125,3108.8820129756928,3079.273266502525,3081.009497872084,992899,42.57529922244278,-37.5332151780658,-34.81020305677799,149251377,3062.364482036639,3132.0564208984374,3177.7065380859376,3278.6604457493245,2985.4523960475503
2023-11-09,3059.076904296875,3099.3321699375433,3054.1421877854477,3098.0528650963947,2112352,38.62922349234295,-37.72977809829081,-35.39411806508056,147139025,3062.331769820323,3120.4900756835937,3177.3521728515625,3250.9049585254575,2990.07519284173
2023-11-10,3046.283203125,3059.0771449775716,3036.139568807074,3050.441278848814,1338557,37.10857371570189,-38.474391555501825,-36.01017276316482,145800468,3062.172082589524,3111.3534912109376,3176.73099609375,3235.5305332675916,2987.1764491542835
2023-11-13,3044.546875,3066.8905352612105,3040.388799408238,3066.8905352612105,1030990,36.89629023154756,-38.757834068353986,-36.55970502420265,144769478,3061.9967073896287,3100.8403564453124,3175.80529296875,3209.2586631615272,2992.4220497290976
2023-11-15,3111.02978515625,3118.9802615645867,3066.9363782941077,3091.6561463483945,2059802,48.94056948216206,-33.234739681989595,-35.894711955760044,146829280,3062.48459871069,3095.7842407226562,3176.831796875,3191.6746785392297,2999.893802906083
2023-11-16,3196.520751953125,3225.307120972767,3120.076815913559,3134.5614749653105,3951984,59.61492588466979,-21.708993285149973,-33.057568221638036,150781264,3063.818291777779,3095.777453613281,3179.159775390625,3191.639346550194,2999.915560676368
2023-11-17,3200.72412109375,3220.874622639635,3191.6770664120663,3196.5205315189633,2021292,60.05707381528244,-12.09614266347171,-28.865283110004775,152802556,3065.1805388356497,3096.883203125,3180.855380859375,3196.9589496447666,2996.8074566052333
2023-11-20,3216.396728515625,3229.464646386725,3190.4889097792343,3190.4889097792343,1475621,61.73909090643183,-3.176622722081447,-23.72755103242011,154278177,3066.685177538933,3099.8052368164062,3182.6666455078125,3209.7675932324905,2989.842880400322
2023-11-21,3207.806884765625,3234.1716341175766,3199.399481449812,3216.397237175697,1807236,60.24176309011842,3.162576280114081,-18.349525569913272,152470941,3068.089373630741,3100.5203369140627,3184.2960888671873,3213.0664199910407,2987.9742538370847
2023-11-22,3226.0380859375,3228.322718442621,3181.213774673943,3198.4855071691995,1798051,62.329941766326506,9.5474852638622,-12.770123403158177,154268992,3069.661002608918,3106.0034423828124,3185.8280322265623,3231.0915067050905,2980.9153780605343
2023-11-23,3206.0244140625,3238.69465500962,3198.4851276900877,3225.9007144988595,2729804,58.686001611567725,12.844571352111416,-7.647184452104259,151539188,3071.0178524741277,3111.4020263671873,3187.20306640625,3243.7600302934093,2979.0440224409654
2023-11-24,3159.28125,3202.643529603171,3155.5343635105573,3193.230799217134,1989733,51.162767784317516,11.55258216439006,-3.807231128805396,149549455,3071.896095235579,3116.9011474609374,3186.936826171875,3247.6099935153406,2986.192301406534
2023-11-28,3171.20703125,3181.3508892174286,3137.2574801245046,3159.2814275884725,1689195,52.82442211421917,11.360030938518776,-0.7737787153405615,151238650,3072.8842637531357,3122.3477294921877,3185.0833837890623,3252.5751173736303,2992.120341610745
2023-11-29,3211.05078125,3214.934656261117,3176.37010665481,3181.122097340804,1441634,57.96971421055478,14.25813147735471,2.2326033231984925,152680284,3074.2590549720103,3128.5253662109376,3184.2628955078126,3263.200033373083,2993.850699048792
2023-11-30,3187.154052734375,3213.7013059022847,3181.1225332354234,3197.9830777369875,3266235,54.154735068269304,14.459945505368523,4.678071759632498,149414049,3075.3823882830784,3133.95595703125,3183.1066552734374,3268.8896541966374,2999.0222598658625
2023-12-01,3209.1318359375,3213.975301516175,3189.3927447706055,3198.4855376057844,1172141,56.960118296389595,16.20648968021169,6.983755343748337,150586190,3076.713228558247,3142.2263427734374,3181.69267578125,3274.269635749482,3010.183049797393
2023-12-04,3209.86279296875,3242.167584431117,3196.657662284584,3239.2888137345485,1625213,57.05424451306771,17.448485367493504,9.07670134849737,152211403,3078.0380998459136,3149.187609863281,3180.15021484375,3280.075112172821,3018.3001075537413
2023-12-05,3227.363037109375,3233.2116065096975,3201.044028590681,3233.2116065096975,1377656,59.34655694560331,19.618746645186093,11.185110407835115,153589059,3079.523920117192,3157.4442749023438,3178.959580078125,3286.1640997997993,3028.7244500048882
2023-12-06,3293.6171875,3301.6134000384272,3221.4683255949626,3228.276707900282,1896572,66.61248817029482,26.38074970992102,14.224238268252297,155485631,3081.654201384683,3167.6725463867188,3179.4722998046873,3305.2349988135657,3030.110093959872
2023-12-07,3303.48681640625,3317.788748405097,3282.2854733793333,3294.4397617823906,1967653,67.5431100740764,32.165300859031504,17.81245078640814,157453284,3083.86149108639,3178.8421020507812,3179.847890625,3322.2978614883464,3035.386342613216
2023-12-08,3314.270751953125,3330.994307087806,3291.744363920943,3320.0280706858707,1641155,68.57383262435636,37.19105743419277,21.688172115965067,159094439,3086.1541205477506,3190.043664550781,3180.922255859375,3338.9589243467626,3041.1284047547997
2023-12-11,3329.07470703125,3338.304710750083,3303.5782998526,3310.797648664154,1102503,69.9830766728179,41.885728575560734,25.7276834078842,160196942,3088.571240811268,3203.5435546875,3182.1368359375,3351.4700031734,3055.6171062016
2023-12-12,3355.759521484375,3379.7936756866497,3318.2000758331174,3325.4651621953826,2236866,72.3867906450443,47.215262633285874,30.025199252964534,162433808,3091.229830668712,3219.017370605469,3183.8194873046873,3362.5870565432347,3075.447684667703
2023-12-13,3283.976318359375,3335.5632728478577,3256.058066070388,3329.6689659326335,3850968,58.75622632006411,45.126462427705064,33.04545188791264,158582840,3093.147706168122,3230.9888427734377,3185.0244482421876,3352.6232636751333,3109.354421871742
2023-12-14,3351.326904296875,3361.150822552023,3315.0927276038888,3317.285885226711,3290396,65.34906820597584,48.34837268412821,36.106036047155754,161873236,3095.7166534131848,3243.003698730469,3187.7249951171875,3362.3172352750767,3123.690162185861
2023-12-15,3528.38671875,3560.325839064894,3350.8250218482563,3350.8250218482563,8531230,76.14494632880485,64.44611238346533,41.774051314417676,170404466,3100.0218281926554,3259.5969970703127,3194.235634765625,3429.8642298500654,3089.32976429056
2023-12-18,3526.740966796875,3590.5279420252045,3500.193496184867,3525.73586250062,2521612,75.90821219804786,76.19258791935181,48.657758635404505,167882854,3104.267789770807,3275.897839355469,3200.277666015625,3479.633054104309,3072.162624606629
2023-12-19,3487.446044921875,3522.995063248904,3463.5031390834524,3513.7650579883575,2004435,70.28913829261512,81.3927378002395,55.204754468371505,165878419,3108.0805087275344,3289.450305175781,3204.5931298828127,3510.845455590039,3068.055154761523
2023-12-20,3454.409912109375,3562.929950670811,3442.0728971992326,3497.543727025331,2586083,65.87416041834496,81.90401571275561,60.54460671724833,163292336,3111.526572442777,3301.7804565429688,3207.6636181640624,3530.946088479096,3072.6148246068415
2023-12-21,3461.21826171875,3478.764194819794,3420.8717407298955,3432.6603552689257,1517562,66.34335017838725,81.91432668755169,64.818550711309,164809898,3115.006091739055,3313.5394653320313,3210.561259765625,3549.972312273286,3077.1066183907765
2023-12-22,3494.57373046875,3514.632758384625,3437.9148467634514,3472.6412593570217,2413058,68.61966652736461,83.64974360014048,68.5847892890753,167222956,3118.7828841642263,3327.966931152344,3214.2982958984376,3571.5047471349603,3084.4291151697275
2023-12-26,3468.573974609375,3503.7115694886584,3463.6390357167725,3490.7806418546124,1285231,64.93315863634206,81.98207269557861,71.26424597037597,165937725,3122.2633925268647,3343.4315673828123,3217.86169921875,3581.3751410455607,3105.487993720064
2023-12-27,3482.8759765625,3489.2729465846164,3443.397577619161,3471.7270162885334,1293976,66.01476464923294,80.88212473304475,73.18782172290973,167231701,3125.8515774426423,3359.0150146484375,3222.9389208984376,3590.5370641680033,3127.4929651288717
2023-12-28,3472.549560546875,3507.367445431527,3465.421686382815,3494.5735047759663,1682889,64.46859161557562,78.27484884396654,74.2052271471211,165548812,3129.301308617809,3372.089953613281,3227.293720703125,3598.1828085367365,3145.9970986898256
2023-12-29,3466.609619140625,3493.2943032121766,3441.0217370731516,3465.3303142807017,1574996,63.54660085867135,74.86624877488566,74.33743147267401,163973816,3132.657610215051,3386.0627319335936,3232.38287109375,3598.862076056141,3173.263387811046
2024-01-01,3482.78466796875,3501.884103192092,3447.966785319353,3463.5022836894645,825907,65.01391095037545,72.63283382642658,73.99651194342454,164799723,3136.1414615359836,3399.7453735351564,3238.1054345703124,3600.1070972367693,3199.3836498335436
2024-01-02,3457.28857421875,3482.785206409597,3442.7126637044803,3482.785206409597,1344068,60.855777535547276,68.02140627334393,72.80149080940842,163455655,3139.336955194519,3412.116662597656,3243.6790234375,3593.7310625247574,3230.502262670555
2024-01-03,3373.716796875,3446.9165110740164,3369.421732416939,3442.4842348014154,1803075,49.64705130916586,56.96659724822712,69.63451209717216,161652580,3141.669092922683,3419.4343505859374,3247.99423828125,3581.414983817805,3257.45371735407
2024-01-04,3350.915771484375,3398.6188470061647,3336.4768514169155,3382.8548848897744,3598144,47.098235200686744,45.83734487831953,64.87507865340164,158054436,3143.751149425784,3422.299279785156,3251.1424560546875,3577.1471460796306,3267.4514134906817
2024-01-05,3415.890869140625,3424.8924099852666,3358.2726188503784,3358.409607550091,1963127,54.298561241975,41.77868092714289,60.255799108149894,160017563,3146.4590073333948,3427.919482421875,3257.13275390625,3572.958953738498,3282.8800111052515
2024-01-08,3361.4248046875,3417.581014723107,3356.032939292999,3415.890297796739,1067805,48.35694502285116,33.77783444574834,54.96020617566959,158949758,3148.597970491147,3430.2771850585937,3262.4001953125,3569.2567333341613,3291.297636783026
2024-01-09,3372.02587890625,3429.09617357813,3365.4919196193155,3390.3486750012953,1370944,49.51489057515814,27.97010213223939,49.56218536698355,160320702,3150.821133758959,3432.4247436523438,3268.854736328125,3566.316944430217,3298.5325428744704
2024-01-10,3393.181884765625,3407.986258562806,3370.289822773917,3372.11752875156,1292227,51.835855367155716,24.788795492121608,44.60750739201116,161612929,3153.23268352022,3434.295861816406,3275.4728662109374,3564.854684701398,3303.737038931414
2024-01-11,3413.7431640625,3447.966909732182,3387.6526197660214,3403.1881186966993,1777909,54.047015086767296,23.654041396143384,40.416814192837606,163390838,3155.8248276052177,3440.7842041015624,3281.9977685546874,3552.330165653939,3329.238242549186
2024-01-12,3548.308349609375,3568.824304124089,3492.3805925763054,3516.5062216937445,6813450,65.28093940477754,33.229972032421756,38.979445760754444,170204288,3159.7301362818757,3450.6332763671876,3291.3930908203124,3563.6211133959514,3337.645439338424
2024-01-15,3567.498779296875,3623.426528763509,3550.318301197032,3618.857264540604,2801505,66.53730308999438,41.884653138110934,39.56048723622574,173005793,3163.787535714861,3452.5888793945314,3301.868583984375,3572.059977900248,3333.1177808888147
2024-01-16,3528.660400390625,3563.1126115927123,3523.405745987789,3563.1126115927123,1432672,61.67317716256137,45.08984995331639,40.66635977964387,171573121,3167.4181114827793,3452.684851074219,3311.02904296875,3572.3969030323083,3332.9727991161294
2024-01-17,3549.953369140625,3573.1194082779125,3484.1102174250937,3490.0045245140536,3458696,63.25898504057923,48.785783997101134,42.29024462313533,175031817,3171.224432454499,3455.8102172851563,3320.783515625,3582.0737057924466,3329.546728777866
2024-01-18,3566.40234375,3572.06818699225,3529.299827526345,3562.198531252639,2239110,64.48159656329429,52.437664382043295,44.31972857491692,177270927,3175.156550974852,3461.4098388671873,3330.33052734375,3596.549681248586,3326.269996485789
2024-01-19,3628.4716796875,3647.336180140823,3602.7055327268636,3630.266062846807,2941975,68.71248315051437,59.65264402472485,47.38631166487851,180212902,3179.6671492705004,3469.772509765625,3341.298046875,3623.281350983129,3316.2636685481207
2024-01-23,3550.43701171875,3620.051529496022,3536.17360896319,3588.8561772055014,2618854,59.16974860131834,58.40061588373737,49.58917250865029,177594048,3183.3564016331698,3472.565673828125,3350.5019970703124,3629.7664675138344,3315.3648801424156
2024-01-24,3535.29931640625,3573.8103676439687,3501.9874154730123,3570.4516563375996,2657709,57.501453484726596,55.5465826328641,50.780654533493056,174936339,3186.858321183151,3475.9019409179687,3360.0264453125,3635.43714729177,3316.3667345441672
2024-01-25,3506.31201171875,3552.9670901927334,3477.232988921668,3533.5503710597345,2205154,54.34179672230094,50.36512962496727,50.6975495517879,172731185,3190.0369648700726,3477.0737426757814,3369.227021484375,3637.140030949985,3317.007454401578
2024-01-29,3497.75439453125,3515.2385654063073,3479.212061073679,3497.5703955598956,1646747,53.40875040191386,45.048966157954055,49.56783287302114,171084438,3193.098829841826,3478.333984375,3378.291171875,3638.634664450803,3318.033304299197
2024-01-30,3497.340087890625,3540.820457055553,3484.871069366822,3503.6895122527035,1411621,53.36098133683299,40.33745218645072,47.72175673570706,169672817,3196.1261060413167,3479.8705078125,3386.0173779296874,3640.281288814927,3319.459726810073
2024-01-31,3511.51123046875,3528.1212358360913,3493.566951882729,3507.140188249078,2459358,54.84853893118543,37.31687053767109,45.640779496099874,172132175,3199.2642664833807,3481.3068359375,3392.3171875,3642.3096157521254,3320.304056122875
2024-02-01,3546.66357421875,3593.364709605868,3501.4809356666156,3515.2381710106256,2363107,58.393561691648145,37.32923005173052,43.978469607226,174495282,3202.720976013086,3485.7755859375,3399.2359765625,3648.8122120996654,3322.738959775335
2024-02-02,3649.866455078125,3666.522292350957,3563.089715877142,3565.896430136547,2826510,66.66788228521838,45.14621754523978,44.21201919482876,177321792,3207.1701847600016,3499.5830688476562,3407.90537109375,3668.970445469763,3330.1956922255495
2024-02-05,3656.3076171875,3701.122254954135,3646.001205318622,3665.2337000204675,1691523,67.10755054280224,51.26997603411928,45.62361056268687,179013315,3211.6392139383847,3514.8526611328125,3416.8753857421875,3682.9346807366524,3346.7706415289726
2024-02-06,3806.028076171875,3818.8190381100667,3671.6760212586514,3678.1175581380526,4474396,75.27236599897557,67.42703168046683,49.98429478624287,183487711,3217.5535309755337,3534.359521484375,3428.475185546875,3738.6324568448335,3330.0865861239163
2024-02-07,3757.6240234375,3823.511826118587,3748.927994541734,3821.671387213115,2124267,69.28450722831185,75.45600233420282,55.07863629583487,181363444,3222.9273667214243,3554.169482421875,3439.507177734375,3764.278545108733,3344.0604197350167
2024-02-08,3804.279296875,3826.272451742055,3760.062707616723,3763.697529491343,2345173,71.62733223543614,84.60839713958785,60.98458846458547,183708617,3228.711963041361,3575.7821533203123,3452.407138671875,3795.2203301412983,3356.3439764993263
2024-02-09,3803.91162109375,3850.8886480018823,3772.9000434452996,3806.533887272955,2100596,71.58099511264493,90.78554831066413,66.94478043380121,181608021,3234.435342723474,3596.318640136719,3465.06123046875,3820.3859592208437,3372.251321052594
2024-02-12,3791.9482421875,3827.7446868018023,3778.006558887105,3800.506102833991,1013716,69.99432502319875,93.63625990447736,72.28307632793644,180594305,3239.982734757942,3615.228894042969,3476.6791796875,3838.3055625166494,3392.1522255692885
2024-02-13,3818.450439453125,3837.3149373465553,3755.8755196115026,3796.3193423865514,1257415,71.50136795668038,96.91677891336121,77.2098168450214,181851720,3245.738632317098,3628.7359985351563,3489.305107421875,3866.217703052759,3391.2542940175535
2024-02-14,3772.991943359375,3786.6110118014235,3726.4287482560744,3779.3413678448446,1391283,65.43088961056336,94.75620262038319,80.71909400009375,180460437,3250.984933919509,3639.0106567382813,3500.5823095703126,3882.705633492503,3395.31567998406
2024-02-15,3775.8447265625,3815.505826442883,3757.2561134518432,3798.665989794075,1091582,65.62810934666345,92.21117310082991,83.01750982024097,181552019,3256.2074194184443,3651.369873046875,3511.9019482421877,3896.4933470389096,3406.2463990548404
2024-02-16,3798.94189453125,3817.024566750078,3772.9919748251077,3785.092771105926,1307556,67.25686907187603,91.00887365024482,84.61578258624175,182859575,3261.6077624543927,3663.819299316406,3523.333525390625,3912.342947077029,3415.2956515557835
2024-02-19,3776.396240234375,3798.9416158104596,3731.4897126948135,3794.1104639012988,772291,64.06557291806187,87.23124925188404,85.13887591937021,182087284,3266.7300358651387,3674.318994140625,3532.9891064453127,3923.2361088787716,3425.4018794024782
2024-02-20,3709.082763671875,3771.059638965151,3690.0803202172415,3756.4282382838423,1193648,55.58522463528762,77.9077476840589,83.69265027230794,180893636,3271.1315555448077,3678.3495483398438,3541.101025390625,3926.7767151852677,3429.92238149442
2024-02-21,3673.055908203125,3739.1737650742916,3663.0256061355944,3692.8406262355356,1885939,51.64495537633274,66.8412352196342,80.3223672617732,179007697,3275.1308028349404,3684.4804931640624,3548.276728515625,3925.932319434449,3443.028666893676
2024-02-22,3761.029052734375,3768.252640712782,3654.191483338692,3654.191483338692,2982052,59.2426364669939,64.42696792128572,77.1432873936757,181989749,3279.9656112916514,3695.766979980469,3556.9158154296874,3929.24155453917,3462.292405421768
2024-02-23,3728.8212890625,3800.5062936958448,3723.5758585151752,3800.5062936958448,2538072,55.786705002666196,59.23195720463764,73.56102135586809,179451677,3284.4318369411126,3706.892443847656,3564.37705078125,3923.8144428479764,3489.970444847336
2024-02-26,3681.84423828125,3726.888937419443,3665.0041766684662,3714.0058645493514,1379284,51.104012844560366,50.73932701155536,68.99668248700554,178072393,3288.3861891932534,3716.0969360351564,3572.3344091796876,3911.2737807955464,3520.9200912747665
2024-02-27,3776.948974609375,3794.985367384539,3679.957925356637,3679.957925356637,2960475,58.668023792829956,51.094033581480744,65.41615270590059,181032868,3293.247510441175,3730.0773803710936,3580.8468505859373,3898.843110994946,3561.311649747241
2024-02-28,3790.338134765625,3823.4197548467,3762.7773821335977,3768.850920451233,1939225,59.61520417795275,51.8577505523599,62.70447227519245,182972093,3298.193685807588,3744.0187255859373,3586.08587890625,3881.4103801171295,3606.627071054745
2024-02-29,3768.39111328125,3807.9605533454464,3740.2783615123485,3771.97987960793,3772719,57.29734031960651,50.11437323959581,60.18645246807312,179199374,3302.872267175485,3755.1051025390625,3590.9188818359376,3858.612721684674,3651.597483393451
2024-03-01,3767.70068359375,3809.708612609149,3760.752981650241,3779.5255936695676,2043265,57.22196620628141,48.12229835293283,57.77362164504507,177156109,3307.497425547806,3760.9968139648436,3596.523974609375,3852.602890813675,3669.390737116012
2024-03-04,3755.139404296875,3789.371522353806,3750.722306075315,3777.500781504877,1749271,55.78416840555537,45.011114285819986,55.221120173200056,175406838,3311.9515745900853,3765.9384033203123,3602.538564453125,3844.0978068455984,3687.7789997950263
2024-03-05,3692.012939453125,3739.7722441428095,3662.4738020886766,3737.9318050462825,2070859,49.10634500887908,37.02490035070787,51.58187620870162,173335979,3315.7332797131007,3760.237646484375,3607.1544580078125,3842.398807096583,3678.0764858721673
2024-03-06,3740.048095703125,3747.1337408010263,3642.642773405773,3675.4026769184316,1744204,53.65286667891372,34.177823260797595,48.10106561912082,175080183,3319.955317683151,3759.358850097656,3612.0639453125,3841.9876862739643,3676.730013921348
2024-03-07,3780.81396484375,3794.985255418292,3715.5702668526733,3740.6923043829674,2688905,57.15131381599336,34.809694608857626,45.442791417068186,177769088,3324.5409758638534,3758.185583496094,3618.3087451171873,3838.8733361714294,3677.4978308207583
2024-03-11,3793.466796875,3821.6714335783654,3762.7773878887397,3762.7773878887397,2304068,58.20580777161109,35.917401558020174,43.53771344525859,180073156,3329.206904431129,3757.6633422851564,3624.5205615234377,3837.288722591235,3678.037961979078
2024-03-12,3857.790283203125,3892.482738841845,3792.270473640545,3793.4670286122573,4039801,63.16824990429906,41.507166292992224,43.13160401480532,184112957,3334.4664405383132,3760.9554443359375,3632.2253759765626,3850.7710300240133,3671.1398586478617
2024-03-13,3817.99072265625,3902.650917036673,3802.2548792703546,3869.5230148878118,2837260,58.53694911223584,42.23870173923933,42.95302355969213,181275697,3339.277627425059,3760.9324584960937,3639.252998046875,3850.689391492976,3671.1755254992113
2024-03-14,3871.915283203125,3887.9270110877537,3760.0165129714937,3822.0854919676153,2919608,62.54394751707367,46.63216366537472,43.68885158082865,184195305,3344.5775045969804,3765.878625488281,3647.0356103515624,3867.8237086963763,3663.933542280186
2024-03-15,3882.6357421875,3900.8100755188275,3843.756472149597,3858.1119847979994,3373143,63.303219418966,50.39810733086824,45.030702730836566,187568448,3349.931317906339,3771.2181762695313,3655.5425537109377,3885.1713991549864,3657.2649533840763
2024-03-18,3821.211181640625,3915.3036183228055,3789.3256682682727,3878.9549508514497,1526904,56.265515561303516,47.87433064532661,45.59942831373458,186041544,3354.6206697842917,3772.331640625,3664.49244140625,3887.772175104248,3656.891106145752
2024-03-19,3659.989013671875,3734.250681402964,3650.142710085243,3728.0391998604628,8931209,42.81194569284774,32.49040866746236,42.97762438448014,177110335,3357.6591607682476,3766.511279296875,3670.67390625,3891.858315755833,3641.164242837917
2024-03-20,3654.099365234375,3697.441791681991,3644.2530619412323,3667.994768950826,1817913,42.41297292880945,19.5973877705037,38.301577061684846,175292422,3360.6088145440303,3763.762109375,3675.438076171875,3896.235988352203,3631.2882303977967
2024-03-21,3655.986083984375,3688.6078209191865,3633.0266519750294,3671.7219275853204,3829582,42.59752180415087,9.423193546157108,32.5259003585793,179122004,3363.5478918518947,3762.9086181640623,3681.3293017578126,3897.9050113228113,3627.9122250053133
2024-03-22,3598.88671875,3623.824759601789,3547.446533332884,3586.0957562641374,5852485,38.569099081753876,-3.210363184448397,25.37864764997376,173269519,3365.889571721528,3754.8015014648436,3685.8665185546874,3907.5792974478027,3602.0237054818845
2024-03-26,3568.151123046875,3631.8302677248153,3562.5837501208753,3565.850574289269,3440925,36.56459691014568,-15.523705998882178,17.198176920202577,169828594,3367.902124471034,3746.7679931640623,3689.3659033203126,3919.729215374,3573.8067709541247
2024-03-27,3534.47119140625,3584.255159090906,3523.8886665462896,3578.2737319961457,1968575,34.45163749519385,-27.680721770708715,8.22239718202032,167860019,3369.559528122131,3739.3993408203123,3691.7804638671873,3933.99986460328,3544.7988170373446
2024-03-28,3567.04638671875,3602.65883138375,3534.1024883599725,3542.9366841718333,4311783,38.17305715846758,-34.29140832745952,-0.2803639198756489,172171802,3371.5245714912517,3728.9042114257813,3692.155224609375,3936.4804288750393,3521.3279939765234
2024-04-01,3604.26953125,3619.499208082045,3577.8592779642013,3586.73930579266,1569676,42.210500562648114,-36.11056822182309,-7.446404780265137,173741478,3373.8404417376073,3719.60078125,3692.8906396484376,3931.953332709871,3507.2482297901292
2024-04-02,3573.947998046875,3597.9197573258816,3564.0095840186523,3579.6533131506735,2142666,39.92343129621878,-39.54313126384659,-13.865750076981428,171598812,3375.831561700884,3709.878625488281,3693.7963916015624,3930.0657554752893,3489.691495501273
2024-04-03,3632.38232421875,3663.3936751293795,3543.7651451703696,3543.7651451703696,3973090,45.99617437935494,-37.120399579198875,-18.516679977424918,175571902,3378.3843056065343,3703.1127075195313,3695.444970703125,3924.091708534236,3482.1337065048265
2024-04-04,3683.9150390625,3707.2424702980325,3621.2940525690565,3658.700888118243,3394637,50.72651817363359,-30.68835163840049,-20.951014309620035,178966539,3381.4244124070915,3699.5514892578126,3697.795224609375,3919.3544565870807,3479.7485219285445
2024-04-05,3661.783447265625,3682.718440901434,3644.5293316317166,3660.633172890031,1636819,48.751502717856404,-27.0647561399378,-22.173762675683587,177329720,3384.214054544988,3698.0400146484376,3698.4614599609376,3918.4444730364776,3477.6355562603976
2024-04-08,3655.6181640625,3710.923223399392,3644.069363948704,3665.2344132847697,2302538,48.18863654886416,-24.40914401187638,-22.62083894292215,175027182,3386.9145929481474,3693.8185180664063,3700.5650830078125,3914.077066255584,3473.5599698772285
2024-04-09,3631.6923828125,3695.4636403269888,3611.9076631803105,3666.1545588206272,1876992,45.97047140338869,-23.958978666393705,-22.88846688761646,173150190,3389.3501928472956,3686.362438964844,3702.4929443359374,3904.4214799891693,3468.3033979405186
2024-04-10,3666.752197265625,3671.8594599447097,3605.419663202159,3640.7559988262524,2101965,49.6294046891428,-20.53645391038026,-22.41806429216922,175252155,3392.110411796732,3680.026708984375,3705.701748046875,3892.5633484001173,3467.490069568633
2024-04-12,3682.166259765625,3693.163062647417,3630.7260789894453,3654.1916765092096,4354821,51.19430263621488,-16.391343159538792,-21.212720065643133,179606976,3394.996539637219,3671.2455078125,3709.3899853515627,3867.5725894639045,3474.9184261610953
2024-04-15,3626.769287109375,3739.956293057097,3606.386513708371,3682.1664597219246,4200329,45.699252792809936,-17.37608505485332,-20.44539306348517,175406647,3397.30273612948,3661.684436035156,3711.9785693359377,3846.799162195258,3476.5697098750543
2024-04-16,3563.825927734375,3615.2661050786087,3554.669789147579,3590.6962907179723,3051420,40.39389901289621,-22.97071110468869,-20.950456671725874,172355227,3398.9596833096284,3646.2799682617188,3713.02486328125,3808.7426625671364,3483.817273956301
2024-04-18,3553.8876953125,3621.983938050233,3542.84506135503,3567.5069887926393,3476284,39.61195538298289,-27.884984116365104,-22.337362160653722,168878943,3400.501255568364,3629.842565917969,3713.169345703125,3755.730731780638,3503.9544000552996
2024-04-19,3520.94384765625,3545.1917216335364,3497.6622490979976,3531.802482817412,2957749,37.05151043349994,-34.04541966086799,-24.678973660696577,165921194,3401.699689320482,3614.82919921875,3710.5908935546877,3714.79730581667,3514.8610926208303
2024-04-22,3556.2802734375,3568.6111245390066,3507.876639180684,3530.8821260588365,1728883,41.42505946394966,-35.6651295589304,-26.876204840343345,167650077,3403.237804585328,3609.643762207031,3708.5903466796876,3710.4593407775196,3508.8281836365427
2024-04-23,3565.574462890625,3584.2549637317557,3552.5995026977444,3567.737068587587,1807586,42.555558719283404,-35.78627599495303,-28.658219071265286,169457663,3404.853094717719,3605.2175170898436,3703.7812744140624,3705.609622354626,3504.825411825061
2024-04-24,3525.40673828125,3587.015384991863,3519.3332000987416,3579.6536294557072,1317312,39.047980272553254,-38.677633416573826,-30.662101940327,168140351,3406.0526334596448,3598.6885498046877,3699.1369287109374,3701.9674331746883,3495.409666434687
2024-04-25,3544.869384765625,3564.6080473941747,3506.9563876693583,3507.1403866301107,2856271,41.56137351270902,-38.94959539867341,-32.31960063199628,170996622,3407.4338946666694,3595.987683105469,3693.94873046875,3701.896330898557,3490.0790353123807
2024-04-26,3516.48046875,3567.5065891802196,3499.1802992219073,3547.5837045158246,2039178,39.03302930485951,-40.9834438656826,-34.05236927873354,168957444,3408.5189352048124,3593.404150390625,3688.200107421875,3704.3061238804585,3482.5021769007917
2024-04-29,3561.43310546875,3568.426862829934,3514.5019156929066,3531.802085484041,1110693,44.76317970519738,-38.52390177120833,-34.946675777228506,170068137,3410.0404692372895,3594.75224609375,3683.5898046875,3703.388285636754,3486.1162065507456
2024-04-30,3515.83642578125,3572.0619252249066,3506.036178297648,3563.089785398555,2203078,40.595345990176654,-39.79523324751881,-35.91638727128657,167865059,3411.093165322304,3592.191748046875,3677.5375244140623,3705.6271168564945,3478.7563792372557
2024-05-02,3555.08349609375,3562.261252029638,3476.6347957050957,3476.6347957050957,2491044,45.31506219393763,-37.20696331659383,-36.174502480348025,170356103,3412.52590493197,3589.7324462890624,3673.17935546875,3704.142324095191,3475.322568482934
2024-05-03,3536.771484375,3582.966682325397,3494.625611625741,3579.7917453667596,2962234,43.57545635690608,-36.215892786263794,-36.18278054153118,167393869,3413.762179354289,3587.8736206054687,3668.397890625,3704.436659962015,3471.3105812489225
2024-05-06,3608.226806640625,3625.618865765193,3545.6058231496777,3545.6058231496777,2053831,51.41349101205244,-29.326556631211588,-34.81153575946726,169447700,3415.6971507700737,3586.6658447265627,3664.5835888671877,3701.851576267541,3471.4801131855843
2024-05-07,3661.507080078125,3669.8351109068294,3601.278762922236,3617.198604098228,2062112,56.28926715533792,-19.344444592994478,-31.718117526172705,171509812,3418.1430207134376,3585.545446777344,3662.2858056640625,3697.3107925977883,3473.7801009568993
2024-05-08,3659.666748046875,3666.4304509643703,3624.3764664424393,3644.9892925462136,1247685,56.079928256451346,-11.450059145681735,-27.664505850074512,170262127,3420.5462418809348,3585.4396118164063,3661.2974853515625,3696.919630828314,3473.9595928044987
2024-05-09,3644.253173828125,3654.191589237616,3598.1042563399305,3645.9096138402,1726486,54.25983084234834,-6.364087189930615,-23.404422118045733,168535641,3422.7721815023,3584.8713623046874,3660.7214306640626,3695.022640940456,3474.720083668919
2024-05-10,3583.24267578125,3656.5843507790987,3575.098867879944,3646.4619361248674,1672489,47.66541330113141,-7.173760434150154,-20.158289781266618,166863152,3424.368902838409,3582.448876953125,3657.165703125,3690.4855345081423,3474.4122193981075
2024-05-13,3632.842529296875,3639.4680646589845,3561.2494084020914,3574.5925909400316,931326,52.69848968347648,-3.769684086533289,-16.880568642319954,167794478,3426.4432672807825,3580.7533935546876,3655.2461279296876,3684.4207210788823,3477.086066030493
2024-05-14,3589.960693359375,3631.0025777820974,3582.3228256727975,3621.9843806821505,1058317,48.36760183339788,-4.480486577442662,-14.400552229344497,166736161,3428.070306346241,3576.143115234375,3653.40845703125,3668.9975018758287,3483.288728592921
2024-05-15,3570.8193359375,3613.655594732349,3566.3103506592815,3592.996713752849,1115021,46.529411923612486,-6.513269331012452,-12.823095649678088,165621140,3429.4906947003833,3573.3456176757813,3649.2858642578126,3663.2550155030167,3483.436219848546
2024-05-16,3615.821044921875,3623.746152107256,3562.5702354838822,3606.691138597264,2599399,51.222870797174956,-4.441800180997689,-11.14683655594201,168220539,3431.3447280359205,3575.9453735351562,3645.7955224609377,3667.5934634234586,3484.297283646854
2024-05-17,3553.857177734375,3633.4784647992665,3550.0567653523444,3632.5515570276343,2765804,45.32362027768351,-7.711222016530428,-10.459713648059694,165454735,3432.563757386154,3575.94384765625,3641.50484375,3667.593407480032,3484.294287832468
2024-05-21,3540.972900390625,3563.7285306494523,3531.564877355128,3550.6128766567804,1908117,44.18414319263311,-11.212663276731291,-10.610303573794013,163546618,3433.642455326497,3576.9453002929686,3636.9702880859377,3666.584709131323,3487.305891454614
2024-05-22,3551.910888671875,3560.4847863024115,3538.517115470372,3554.691612227725,1311168,45.438241085619325,-12.955631999162506,-11.079369258867711,164857786,3434.819255658292,3576.7268310546874,3632.9057177734376,3666.5876589371014,3486.8660031722734
2024-05-23,3608.869384765625,3619.575215874568,3545.886040544983,3560.2067218121256,2095742,51.54384385900393,-9.62986556054966,-10.789468519204101,166953528,3436.551097738962,3578.8915771484376,3631.2428466796873,3669.654882364753,3488.128271932122
2024-05-24,3568.131591796875,3599.924574735908,3563.3117164748414,3594.7801911641072,1309452,47.453740344464876,-10.16420450717169,-10.66441571679762,165644076,3437.8603563863044,3581.0278198242186,3627.8045166015627,3668.6106566242115,3493.4449830242256
2024-05-27,3565.86083984375,3622.680335515065,3560.577510431646,3573.229711889253,1841538,47.228772195385126,-10.648157347570304,-10.661164042952159,163802538,3439.1339930376225,3582.077392578125,3623.5054541015625,3668.395802325059,3495.758982831191
2024-05-28,3559.233154296875,3587.1331694666214,3550.056857637509,3576.0102759178876,1801993,46.53532999848177,-11.434680416036372,-10.815867317569001,162000545,3440.3290095675657,3584.2150268554688,3618.82078125,3665.9240869492705,3502.505966761667
2024-05-29,3525.6328125,3567.57539103945,3522.2496895007944,3567.57539103945,1568095,43.08179483731603,-14.600961591183477,-11.572886172291897,160432450,3441.177803626595,3582.425012207031,3612.1776318359375,3667.5491913278297,3497.3008330862326
2024-05-30,3463.02001953125,3517.0585585131757,3443.879239356087,3500.930454720642,2919230,37.4972859814959,-21.910026206356633,-13.640314179104845,157513220,3441.3951391082337,3579.7841918945314,3605.0782177734377,3675.611811243245,3483.956572545818
2024-05-31,3402.63232421875,3475.7190986563346,3386.6895544695403,3466.635356473782,10956800,33.04785446306161,-32.20406647159098,-17.353064637602074,146556420,3441.009439457592,3572.1616333007814,3595.69255859375,3695.0642410907544,3449.2590255108084
2024-06-03,3432.20068359375,3477.3410487975398,3425.8512745605985,3459.961527315394,2156773,36.99038421615874,-37.54347030222607,-21.391145770526876,148713193,3440.9217901455145,3566.9330932617186,3586.683857421875,3703.545762652944,3430.320423870493
2024-06-04,3443.46240234375,3471.269635740873,3328.989291525593,3429.5587856451884,3395997,38.47636969963217,-40.40054735982085,-25.193026088385672,152109190,3440.94706986888,3558.694873046875,3579.1288818359376,3703.951599222261,3413.4381468714887
2024-06-05,3472.613525390625,3507.2336206771465,3429.5587052821297,3444.389229413079,2799670,42.27155423258816,-39.85314723471174,-28.12505031765089,154908860,3441.262158978549,3549.2501953125,3575.3813720703124,3691.062178054093,3407.4382125709076
2024-06-06,3550.42724609375,3559.2328694484427,3468.02524016659,3504.63809516768,4328036,50.966543106244615,-32.76274323747202,-29.052588901615117,159236896,3442.34837875084,3543.788220214844,3573.3079296875,3676.276785107787,3411.299655321901
2024-06-07,3609.332763671875,3628.844219100155,3556.8235246852323,3556.8235246852323,4552445,56.32892264639418,-22.135203168018506,-27.6691117548958,163789341,3444.0099149192083,3542.042199707031,3572.37486328125,3670.032830346274,3414.0515690677885
2024-06-10,3576.6591796875,3620.409183775903,3561.0870829656333,3610.305978999996,1734661,52.87478878139101,-16.16296960616819,-25.36788332515028,162054680,3445.3298081009825,3541.713024902344,3571.9303125,3669.3113764671975,3414.1146733374903
2024-06-11,3570.541748046875,3596.3559953752433,3560.2529805994373,3563.960611925237,1419898,52.22902061092586,-11.787676096208088,-22.651841879361847,160634782,3446.575698050693,3538.5979858398437,3571.978125,3660.0386182081515,3417.1573534715358
2024-06-12,3551.586181640625,3608.9155195936296,3547.693214139478,3591.211490093849,2177001,50.18378327181702,-9.737532049915444,-20.068979913472567,158457781,3447.6205784844237,3536.6792602539062,3572.3204248046877,3656.007439070992,3417.3510814368206
2024-06-13,3594.687744140625,3605.6716931586984,3570.4491933283566,3574.8983964608374,1932323,54.542680095344856,-4.582023528746049,-16.97158863652726,160390104,3449.0839333665754,3537.8726806640625,3572.873251953125,3659.006512180001,3416.738849148124
2024-06-14,3551.95703125,3604.7443844726295,3548.2030094526167,3604.7443844726295,1860730,49.882665208205474,-3.8993084959856787,-14.357132608418945,158529374,3450.1075462808385,3534.679479980469,3571.827001953125,3650.684235501528,3418.67472445941
2024-06-18,3536.24560546875,3561.17933171857,3517.661061094292,3546.3951993772894,1774045,48.25032304554109,-4.573314347500855,-12.400368956235328,156755329,3450.9646413971363,3533.7989013671877,3571.0729541015626,3649.474894383478,3418.1229083508974
2024-06-19,3523.8251953125,3553.6254156533255,3515.7147523909116,3547.8784064893566,1509050,46.942547459125215,-6.04006601744868,-11.128308368477999,155246279,3451.68962203311,3532.941516113281,3568.9018115234376,3648.646298350256,3417.236733876306
2024-06-20,3510.431640625,3531.4724028758133,3503.757949581445,3518.542084048452,2846526,45.51007860835594,-8.188829483020982,-10.540412591386596,152399753,3452.2741197305418,3530.8675537109375,3565.4321435546876,3646.6248983252926,3415.1102090965824
2024-06-21,3532.2138671875,3594.363079879569,3520.4421834921905,3547.2761188024833,4642195,48.27456093446581,-8.041400113648706,-10.040610095839018,157041948,3453.069540103248,3527.034777832031,3562.840751953125,3637.146119349757,3416.923436314305
2024-06-24,3537.821533203125,3575.0831793648726,3514.185385660008,3530.359880582307,1702154,48.992025190556404,-7.386917704903681,-9.50987161765195,158744102,3453.9128435171774,3525.5192749023436,3560.4848193359376,3634.150770008453,3416.887779796234
2024-06-25,3557.88916015625,3566.41666656242,3515.668465075754,3538.007033326123,1338808,51.580335953182434,-5.189128850453926,-8.645723064212346,160082910,3454.9474337324914,3525.1206909179687,3559.0087548828124,3633.214352962069,3417.0270288738684
2024-06-26,3574.017333984375,3584.3058742192884,3560.252663395376,3563.496840516408,1639845,53.61741169559541,-2.12150116508883,-7.340878684387643,161722755,3456.132208859376,3525.859899902344,3557.1540576171874,3635.07298686307,3416.6468129416176
2024-06-27,3646.59423828125,3653.8705550444147,3539.0267689087714,3550.9837890347926,4526556,61.47254643151796,6.095698089749931,-4.653563329560128,166249311,3458.027353430738,3531.9079711914064,3556.4426171875,3653.1372064329184,3410.6787359498944
2024-06-28,3618.787353515625,3670.5552497661556,3612.9480148367857,3631.439782010145,2731571,57.45755709115255,10.245995039277204,-1.6736516557926615,163517740,3459.6269554216324,3539.696337890625,3556.282978515625,3662.22955090529,3417.1631248759595
2024-07-01,3687.4248046875,3709.207139405148,3600.1101295040166,3600.1101295040166,2658723,63.75105457972541,18.856240947468905,2.4323268648596517,166176463,3461.89360068796,3553.9359619140623,3558.7549560546877,3675.6353946738122,3432.2365291543124
2024-07-02,3723.75927734375,3729.320724102144,3691.4566765329196,3701.699052905465,2307449,66.57036963259509,28.28575062079608,7.603011616046937,168483912,3464.4992293114005,3568.5138916015626,3562.1523876953124,3697.9927852225396,3439.0349979805856
2024-07-03,3675.421142578125,3731.8235725519535,3665.9203376575206,3726.169344471108,1821198,59.89611740119991,31.495164820922128,12.381442257021977,166662714,3466.597954816542,3580.1118286132814,3565.24193359375,3704.148082953516,3456.0755742730466
2024-07-04,3727.049560546875,3751.520060191937,3691.03933131472,3707.4919433847676,2518001,64.04271722557723,37.76925014535527,17.459003834688637,169180715,3469.1895130825155,3592.833630371094,3568.6573193359377,3722.234471963811,3463.432788778377
2024-07-05,3718.56884765625,3732.4260743437953,3696.508396221036,3716.900368316538,1668616,62.89236234517064,41.57790115019907,22.282783297790722,167512099,3471.6708994961846,3601.2407104492186,3571.71720703125,3740.03577704309,3462.445643855347
2024-07-08,3701.328369140625,3736.597257975855,3687.2858057778326,3728.023360391662,1758882,60.51272678120793,42.71275591741778,26.368777821716137,165753217,3473.9560484478707,3605.8404907226563,3575.2356396484374,3751.3391168877706,3460.341864557542
2024-07-09,3694.191162109375,3714.0732898340816,3684.551411180989,3693.727708193667,1305801,59.50890147780803,42.54578224345914,29.60417870606474,164447416,3476.147442613657,3611.71708984375,3578.2220751953123,3761.4587707184032,3461.9754089690964
2024-07-10,3623.421142578125,3710.6896382538157,3616.793843045769,3692.522156827311,2669716,50.55379274693871,36.28463855061773,30.940270674975338,161777700,3477.612852563552,3614.3610595703126,3580.360888671875,3762.9643028161136,3465.7578163245116
2024-07-11,3636.907958984375,3689.092911509367,3610.8619865173036,3643.6744309405326,4872189,52.03514015929564,32.0415553302214,31.16052760602455,166649889,3479.197878498088,3618.6271484375,3581.8703857421874,3764.6533834814127,3472.6009133935877
2024-07-12,3878.135498046875,3892.96602065641,3681.028447712036,3689.092499121807,13509164,69.5860309046796,47.59527893939594,34.44747787269883,180159053,3483.1674070508125,3632.7995361328126,3589.1163671875,3816.8498898867083,3448.749182378917
2024-07-15,3864.464111328125,3930.089001351756,3853.201819687219,3926.1034789200803,4848030,68.06591728575073,58.14825343694656,39.18763298554838,175311023,3486.961404108298,3648.4248901367187,3595.3039794921874,3854.1541270644943,3442.695653208943
2024-07-16,3873.037841796875,3887.9606943936283,3841.939815447988,3867.0591058147356,2029521,68.53020778982422,66.43753955148713,44.63761429873614,177340544,3490.8029607022145,3665.264501953125,3602.029306640625,3886.0892878159234,3444.439716090327
2024-07-18,4000.1171875,4008.8766481494176,3855.936845387648,3855.936845387648,5613364,74.45785721733077,82.31225522949353,52.172542484887614,182953908,3495.870763953934,3689.0791015625,3609.8671142578123,3943.8717508758727,3434.2864522491273
2024-07-19,3997.190185546875,4049.5428404415234,3981.2568871814256,4011.1260943754664,3903354,74.11159308331193,93.57818610085087,60.453671208080266,179050554,3500.859016905107,3713.417028808594,3616.5807763671874,3987.558343258835,3439.2757143583526
2024-07-22,3983.208251953125,4013.495719745839,3962.443655783337,3994.9145068230564,1896386,72.38000537890946,100.22298411963948,68.40753379039211,177154168,3505.658511781207,3735.966748046875,3623.0516064453127,4020.7650004967,3451.1684955970504
2024-07-23,3997.14404296875,4052.2838814085662,3963.6511354841136,3979.1666292711343,2365208,73.05573621711952,105.39856721686374,75.80574047568643,179519376,3510.5489150766057,3758.9328735351564,3630.109423828125,4050.1212722775304,3467.7444747927825
2024-07-24,4000.76708984375,4031.2868203752514,3965.3235197357376,3983.347204111484,1809793,73.2390431114006,108.54140595010995,82.35287357057115,181329169,3515.4267078603584,3781.076770019531,3638.459912109375,4075.0875141323754,3487.0660259066867
2024-07-25,4015.864501953125,4034.9102445303465,3970.991055777116,3990.3153350812427,2810342,74.03184878529177,110.97115685297194,88.07653022705132,184139511,3520.406188398595,3803.1691284179688,3646.1203515625,4098.025639722085,3508.312617113853
2024-07-26,4076.578369140625,4108.723954458355,4029.3818216621617,4041.4133370768022,3552210,76.98476180577197,116.45345073367025,93.75191432837511,187691721,3525.9402399482674,3824.6683349609375,3655.852705078125,4133.114249294016,3516.2224206278584
2024-07-29,4070.307861328125,4116.667898821432,4060.9242576728675,4101.802927848481,1746803,76.02324795685661,118.92137892599885,98.78580724789985,185944918,3531.356833195828,3847.2443603515626,3665.8424755859373,4158.1953758791215,3536.293344824004
2024-07-30,4055.674560546875,4086.0082967599183,4020.3235344521822,4079.597869696845,1797906,73.7095906005801,118.3323826733249,102.69512233298487,184147012,3536.573925010267,3865.656848144531,3674.6395458984375,4180.163806456864,3551.1498898321975
2024-07-31,4074.2568359375,4100.874336906317,4036.7691422423986,4041.414446203552,2330091,74.7600572374558,118.00474794614229,105.75704745561636,186477103,3541.924003725961,3883.1817260742187,3685.0475390625,4203.122264772721,3563.2411873757164
2024-08-01,4085.17236328125,4105.797235952523,4055.3956995339786,4087.309021156136,2202244,75.38230426049357,117.27402493721092,108.06044295193529,188679347,3547.329460039944,3903.669287109375,3695.9315283203123,4220.229137954274,3587.109436264476
2024-08-02,3979.212646484375,4086.0083392177967,3967.088587644382,4055.349340765276,2811282,59.93548015964813,106.9124380496969,107.83084197148762,185868065,3551.6268051786947,3916.27744140625,3704.4775634765624,4223.648115373009,3608.906767439491
2024-08-05,3860.29296875,3938.2877856411073,3818.9035015045465,3938.2877856411073,2787771,48.03805842481394,88.08954026386346,103.88258162996279,183080294,3554.698110288857,3923.3636474609375,3709.50603515625,4218.465305499284,3628.261989422591
2024-08-06,3875.2978515625,3956.1723973259723,3865.6352581703713,3875.065586406783,2203067,49.40282600139379,73.53535697779535,97.81313669952931,185283361,3557.8881574657094,3932.062121582031,3715.6493603515623,4210.242757055018,3653.881486109044
2024-08-07,3902.47314453125,3943.816345106616,3883.752208772118,3928.068585003328,1237666,51.868464232434285,63.46232669729761,90.94297469908298,186521027,3561.3168638046704,3942.476220703125,3722.3816064453126,4199.0093276321,3685.943113774149
2024-08-08,3876.552001953125,3931.7848414500368,3864.892471746728,3884.4027462435265,2441283,49.3958403358514,52.77935055452326,83.31024987017103,184079744,3564.453531845949,3955.132763671875,3728.7279833984376,4168.857948381222,3741.407578962529
2024-08-09,3928.76513671875,3951.898655663078,3907.210748658729,3917.8486743229014,1302536,54.138413681315896,47.97317372249108,76.24283464063505,185382280,3568.078522939211,3969.725622558594,3736.7906298828125,4126.927065120812,3812.5241799963756
2024-08-12,3898.013427734375,3938.28829973055,3889.3733446981496,3929.926753446621,936912,51.100818688782155,41.207819946817835,69.23583170187162,184445368,3571.3614573152827,3970.719519042969,3745.490498046875,4125.829543923512,3815.6094941624256
2024-08-13,3899.220947265625,3933.642459984778,3886.260370835221,3914.132187982019,1495593,51.2165647743252,35.534050655585816,62.49547549261446,185940961,3574.623740797376,3972.4573608398437,3755.4222705078123,4123.491814728714,3821.422906950973
2024-08-14,3990.547119140625,4000.7205130893644,3891.0446486995966,3910.415650884789,3226545,59.101496154937976,37.96912203675038,57.59020480144165,189167506,3578.762281875418,3978.3328247070312,3766.58919921875,4122.422802417559,3834.242846996504
2024-08-16,4102.77734375,4112.950737444536,4018.279565434088,4041.4130806152543,3457058,66.30836868187372,48.39708337787806,55.751580516728936,192624564,3583.9763620930757,3983.4658325195314,3779.775498046875,4137.2803525471145,3829.6513124919484
2024-08-19,4171.482421875,4175.430929735349,4078.901616536801,4107.377235436386,2055210,69.81503024972811,61.49635181889971,56.90053477716309,194679774,3589.822193533692,3992.1804443359374,3793.7528759765623,4166.50056576844,3817.860322903435
2024-08-20,4202.419921875,4241.161933038117,4180.772989851375,4185.418293173432,2212298,71.26533418847377,73.52644701549616,60.22571722482971,196892072,3595.9176933181825,4003.1410278320313,3806.7927294921874,4199.942945276685,3806.339110387378
2024-08-21,4228.61962890625,4236.516644581457,4173.851321089861,4197.496096539259,1896990,72.47160568023406,84.203832166143,65.02134021309237,198789062,3602.213234965825,4014.714807128906,3819.178466796875,4234.615039925575,3794.814574332238
2024-08-22,4182.630859375,4237.39916370202,4178.171549911448,4236.516374666815,1829872,67.14338522641347,87.94109723989914,69.60529161845373,196959190,3607.9885347111904,4023.807995605469,3831.297900390625,4255.380058761277,3792.235932449661
2024-08-23,4147.2333984375,4186.346939264392,4138.964850071652,4180.772575829952,1809253,63.28655299222881,87.04324709765706,73.0928827142944,195149937,3613.3541552457805,4030.3764404296876,3842.8317333984373,4268.04677673435,3792.706104125025
2024-08-26,4183.048828125,4229.222864979793,4166.836540173764,4170.5527823500615,1844164,65.44911902858527,88.20492873225248,76.11529191788603,196994101,3619.022758956022,4035.6999633789064,3855.460986328125,4281.888259450031,3789.511667307782
2024-08-27,4178.125,4190.06352004845,4168.509131570201,4185.4182168111465,930697,64.88327804325601,87.71710977807788,78.4356554899244,196063404,3624.5859653345688,4041.0908203125,3867.1297314453127,4294.684725325419,3787.4969152995814
2024-08-28,4186.39306640625,4238.838715366386,4141.101365063979,4179.611105918801,1848058,65.42384935352564,86.99485111102604,80.14749461414473,197911462,3630.1760857432423,4047.626745605469,3879.8184521484377,4309.005793790463,3786.2476974204747
2024-08-29,4191.7353515625,4232.8000107357375,4143.61019488178,4143.61019488178,2133641,65.79028379624306,85.86374981897916,81.29074565511162,200045103,3635.7637401295037,4053.5006713867188,3892.9282470703124,4322.187516121843,3784.813826651595
2024-08-30,4230.70849609375,4266.477318953945,4169.436785607308,4180.771503139583,3637222,68.41969792321485,87.10802387107697,82.4542012983047,203682325,3641.6835884475563,4060.777478027344,3907.0659130859376,4340.1709573502585,3781.3839987044294
2024-09-02,4200.32958984375,4262.530383589784,4191.921772178967,4251.381655472286,1216500,64.27275726475551,84.66680989342058,82.89672301732787,202465825,3647.2422551281156,4071.8333251953127,3920.8638720703125,4354.916675633511,3788.7499747571146
2024-09-03,4192.24658203125,4232.706988670382,4176.9633540945715,4200.329136859027,1717263,63.175568441424915,81.1445155852175,82.5462815309058,200748562,3652.6651837540176,4088.431005859375,3934.0645263671877,4358.586992809465,3818.275018909285
2024-09-04,4161.49462890625,4168.694848446134,4121.9632824379705,4159.357971016076,1265505,59.04578095907001,75.0070122102984,81.03842766678433,199483057,3657.7281633077714,4102.7408447265625,3946.53798828125,4356.014770825951,3849.466918627174
2024-09-05,4158.4287109375,4179.843374955519,4138.1749189531665,4163.120285213532,1688793,58.63425007767104,69.09907152634105,78.65055643869567,197794264,3662.7102583090623,4115.538623046875,3958.548779296875,4352.374740356667,3878.7025057370834
2024-09-06,4140.59130859375,4198.379066063604,4125.02954174146,4156.5713342216295,1649179,56.180908179745074,62.25996258098894,75.37243766715433,196145085,3667.4652936352786,4128.740588378906,3969.8802587890623,4338.732934206381,3918.748242551431
2024-09-09,4133.90087890625,4171.713821913821,4116.202458212613,4138.96443998131,1184938,55.247172735978154,55.65846160792353,71.42964245530817,194960147,3672.1064437374775,4138.997375488281,3979.6263916015623,4327.897529128311,3950.0972218482516
2024-09-10,4188.06640625,4217.8893457264885,4125.4478052150735,4127.305926632389,1385591,60.9113793040345,54.17295776632818,67.97830551751217,196345738,3677.2403737127265,4153.500024414063,3991.01197265625,4307.476847613975,3999.5232012141505
2024-09-11,4161.58740234375,4226.621639858806,4154.061921274154,4200.700941634944,1325919,57.10628137505963,50.27946062422416,64.43853653885458,195019819,3682.0597471319406,4166.618347167969,4000.495224609375,4267.127112141468,4066.1095821944687
2024-09-12,4197.216796875,4211.05970757852,4116.945606864631,4190.295114701829,2742216,60.666836873970155,49.49824549687128,61.450478330457926,197762035,3687.185687925404,4176.951831054687,4009.964375,4237.4656793593,4116.437982750074
2024-09-13,4201.76953125,4224.43851900476,4185.417974074432,4208.644488913913,1458786,61.111057528817746,48.68528088288531,58.89743884094341,199220821,3692.3059251724153,4181.901440429688,4020.4913427734373,4232.761484078783,4131.041396780593
2024-09-16,4193.08349609375,4223.556507717359,4175.617335175356,4205.8580816078,1155120,59.72515990685463,46.8006216898566,56.47807541072605,198065701,3697.288786574618,4182.981494140625,4029.812021484375,4233.828071804811,4132.134916476439
2024-09-17,4186.02197265625,4214.033060161901,4149.184809090063,4193.0829242332575,1699364,58.562395605471615,44.227384022927254,54.0279371331663,196366337,3702.1518033515495,4182.161596679687,4039.161083984375,4232.251155872578,4132.072037486796
2024-09-18,4037.8369140625,4178.032077529696,4014.4711290917844,4178.032077529696,2961779,40.669120365693544,29.88626853824826,49.19960341418269,193404558,3705.491953706882,4172.6224609375,4045.8912548828125,4249.298640733729,4095.946281141271
2024-09-19,3991.383544921875,4108.4919039466795,3978.0514347871863,4078.622243199174,2927551,36.86636163443477,14.604085722358832,42.280499875817924,190477007,3708.3366461567825,4163.060095214843,4051.8351025390625,4272.891586705831,4053.2286037238555
2024-09-20,3980.93212890625,4023.4833814320996,3927.604135103798,4010.6620715019503,5447908,36.04963362643556,1.630706048009415,34.15054111025623,185029099,3711.0490390199616,4154.745031738281,4058.985322265625,4290.2825459431015,4019.2075175334603
2024-09-23,3965.6953125,4003.6938016662916,3951.2948726865407,3994.9607224434812,1702319,34.83791142895481,-9.767678835218703,25.366897121161244,183326780,3713.582832785932,4143.877355957031,4065.5610693359376,4301.629473344121,3986.1252385699404
2024-09-24,3968.296630859375,3986.599307388911,3939.2172135467213,3950.040679548759,3012026,35.23813760808518,-18.379212206968532,16.61767525553529,186338806,3716.1172984384048,4133.3859375,4067.3642919921876,4307.67474688205,3959.09712811795
2024-09-25,3971.501708984375,3985.29834930729,3939.2168538730334,3950.69084274909,2713073,35.761659213364766,-24.661014602704654,8.3619372838873,189051879,3718.6584368517974,4122.641369628906,4069.5050439453125,4308.636411676562,3936.646327581251
2024-09-26,3987.992919921875,4010.568912711446,3957.7984481927056,3957.7984481927056,3964251,38.51574707006163,-27.9860792584509,1.0923339754196606,193016130,3721.3383819569726,4112.454248046875,4071.8041455078123,4304.418544767942,3920.4899513258088
2024-09-27,4003.0439453125,4067.4276691713644,3995.007207492202,4027.478059812212,3012477,41.00185543079498,-29.071605618447393,-4.94045394335375,196028607,3724.141422388371,4101.071020507812,4071.8626806640623,4290.62124913191,3911.5207918837136
2024-09-30,3965.6953125,3993.799396652073,3957.844568692927,3982.789937420948,2503416,37.003409737042006,-32.57016700099757,-10.466396554882515,193525191,3726.5449436830145,4089.339306640625,4071.232783203125,4281.884419476036,3896.7941938052145
2024-10-01,3983.718505859375,3991.011721656906,3941.957507745713,3953.6633073625258,1823365,40.04202933082585,-33.50228750850465,-15.073574745606944,195348556,3729.103884600192,4078.9129028320312,4071.24298828125,4270.620884244259,3887.204921419803
2024-10-03,3932.481201171875,3975.4502533375357,3911.345072809307,3960.2137504333123,3350119,34.889781374263194,-37.938095260015416,-19.64647884848864,191998437,3731.127539491453,4067.4622314453127,4069.9497314453124,4265.330821651698,3869.593641238927
2024-10-04,3950.597900390625,3993.1024224537377,3924.398210251953,3925.280999271066,2965463,37.93090163473175,-39.53589347226716,-23.624361773244345,194963900,3733.311324177017,4057.070690917969,4068.94634765625,4256.561334378929,3857.580047457009
2024-10-07,3969.736572265625,3992.4055595878863,3929.368708787632,3970.7119044131277,1472619,41.06268829254402,-38.810446526341366,-26.661578723863748,196436519,3735.6638142077495,4048.5279541015625,4068.0237890625,4247.613147825198,3849.4427603779272
2024-10-08,3951.526611328125,3975.821452918664,3905.7241096750513,3969.504022912318,1541867,39.044072156943834,-39.25243857766691,-29.17975069462438,194894652,3737.8117027363105,4039.4092407226562,4065.52275390625,4238.724206210095,3840.094275235217
2024-10-09,3951.24853515625,3990.315352669941,3945.4419062961365,3957.798231053306,1082504,39.01253300898794,-39.17359012358202,-31.17851858041591,193812148,3739.9354523126285,4027.5683471679686,4063.1415673828124,4218.094722914828,3837.04197142111
2024-10-10,3927.5107421875,3989.247001339516,3900.753978007147,3951.5270497469596,2378875,36.31572046650159,-40.55900470408733,-33.0546158051502,191433273,3741.8018731074035,4015.8645141601564,4060.578291015625,4200.695421910395,3831.0336064099174
2024-10-11,3854.858154296875,3941.028518940875,3820.7151796266107,3849.0977975212186,5759183,29.5767633746632,-46.977880635028214,-35.8392687711258,185674090,3742.926811228692,3998.74658203125,4056.1903173828123,4176.502733970938,3820.9904300915623
2024-10-14,3843.19873046875,3869.909224735711,3829.7740759707513,3846.311174442351,2137590,28.65769060173595,-52.401650508692,-39.15174511863904,183536500,3743.924541768394,3980.8180419921873,4051.3508447265626,4144.851217307188,3816.784866677187
2024-10-15,3824.756103515625,3874.1360322446685,3804.502765974405,3837.9952157049133,2759474,27.217002648076715,-57.52507976199786,-42.82641204731081,180777026,3744.7288359151325,3962.4016723632812,4048.2617138671876,4108.723143958911,3816.080200767651
2024-10-16,3804.45654296875,3823.0842527968452,3778.67511210238,3795.2124356440127,2359151,25.68633994833087,-62.50294420907403,-46.76171847966346,178417875,3745.323141457955,3943.3234008789063,4047.1449853515624,4065.5615958829703,3821.0852058748424
2024-10-17,3817.510009765625,3836.974010815032,3802.5985417542856,3821.0402585925135,2522659,28.472068438871872,-64.64939399766945,-50.33925358326466,180940534,3746.041418754549,3932.3070556640623,4045.989228515625,4058.1481376369393,3806.4659736911854
2024-10-18,3839.907958984375,3861.4217056150137,3799.81450984284,3809.127780700298,2361000,33.10574809367834,-63.80760920492867,-53.032924707597466,183301534,3746.9754141797216,3924.7332763671875,4044.7379248046873,4053.636502384195,3795.83005035018
2024-10-21,3799.67529296875,3855.6481475353057,3790.501629279664,3848.802801800323,1595450,29.419075275952892,-65.63038240610877,-55.552416247299725,181706084,3747.4997910830953,3915.6704345703124,4043.200390625,4052.7242156522143,3778.6166534884105
2024-10-22,3739.744140625,3808.941792786158,3731.222588221232,3786.7761613201965,1928049,24.960091750183764,-71.09138914777577,-58.66021082739494,179778035,3747.422620431771,3904.3728759765627,4039.419970703125,4059.171823279247,3749.5739286738785
2024-10-23,3787.009033203125,3831.0606256089795,3720.791581721823,3724.936169449571,1966476,33.51824494752621,-70.78937862122257,-61.08604438616047,181744511,3747.8165150862123,3895.30849609375,4037.1998828125,4055.2199315379517,3735.397060649548
2024-10-24,3769.918701171875,3798.88306357982,3729.033534340181,3729.033534340181,2676744,32.09298404844594,-71.10937545195702,-63.090710599319785,179067767,3748.036437335821,3885.229345703125,4034.613837890625,4049.9981203281377,3720.4605710781125
2024-10-25,3778.906494140625,3810.990668738502,3755.762923689694,3778.440830569176,1759676,33.68989270128378,-69.83274702893505,-64.43911788524284,180827443,3748.343602080148,3874.7750244140625,4030.381025390625,4038.6665039747822,3710.8835448533428
2024-10-28,3809.919677734375,3850.106352412569,3772.8062006829505,3789.5234771784344,1532534,39.01881356221531,-65.56273863841761,-64.66384203587779,182359977,3748.956299350339,3865.1188110351563,4024.5238720703123,4020.1610866577234,3710.0765354125892
2024-10-29,3795.39111328125,3821.701106275593,3781.2815973687175,3814.576544255364,1445885,37.49849561465538,-62.629110555059924,-64.25689573971422,180914092,3749.4183372999005,3856.6036010742187,4017.0020458984377,4007.2599513052623,3705.947250843175
2024-10-30,3804.145263671875,3824.960515939356,3781.2347527404995,3795.158047833668,1935002,39.03978031827219,-58.91862515311914,-63.18924162239521,182849094,3749.962883830965,3847.6249389648438,4009.036552734375,3987.958847913241,3707.2910300164467
2024-10-31,3695.92529296875,3798.231674391787,3688.0556237919313,3790.5016133417075,3740372,29.39079202769011,-63.973044507938084,-63.346002199503786,179108722,3749.4251963596994,3835.7971435546874,3998.382666015625,3985.1171304807413,3686.4771566286336
2024-11-01,3710.59375,3724.3308260712956,3703.0035243410357,3715.8558850555814,154895,31.849490249558073,-66.03388880329021,-63.88357952026107,179263617,3749.0388138088565,3823.7969360351562,3988.941923828125,3972.85992195403,3674.7339501162824
2024-11-04,3691.920166015625,3717.764492575113,3644.5157084293937,3693.922655669424,2269192,30.398310327555336,-68.38561808411941,-64.78398723303275,176994425,3748.470469054695,3809.906115722656,3979.8356591796874,3953.6648553692385,3666.1473760760737
2024-11-05,3698.626220703125,3712.2700726947464,3670.453574014962,3670.453574014962,967590,31.603558214896893,-68.91386181244297,-65.6099621489148,177962015,3747.9745063845303,3797.261096191406,3970.14720703125,3933.2477102421813,3661.274482140631
2024-11-06,3855.3681640625,3864.8210432401042,3702.258078759821,3728.6612931693503,3792017,52.36593475250676,-56.03875401750429,-63.695720522632705,181754032,3749.0430999932664,3792.467077636719,3963.6920703125,3912.1887913769942,3672.7453638964435
2024-11-07,3865.845703125,3916.975471746434,3804.5179478782275,3883.3549260647524,3724349,53.38460051450813,-44.47698548921926,-59.85197351595002,185478381,3750.2053149498015,3789.383825683594,3957.281123046875,3897.6648916144927,3681.102759752695
2024-11-08,3862.213623046875,3883.401315336317,3834.879080725745,3869.6642401156896,1648039,52.961778652962046,-35.20149818139089,-54.921878449038196,183830342,3751.3198254781305,3789.751599121094,3950.6906884765626,3898.9656391766184,3680.5375590655694
2024-11-11,3910.36376953125,3943.5186546704363,3834.8794257124828,3844.7052007056577,1406487,57.740311832610644,-23.692184494949743,-48.67593965822051,185236829,3752.9023522846296,3793.1098510742186,3944.2837939453125,3912.360574681575,3673.859127466862
2024-11-12,3909.152587890625,3928.3380186185295,3878.3724067000553,3926.4753642711526,1587640,57.5818496347427,-14.501538011150387,-41.84105932880649,183649189,3754.457080997127,3797.3296752929687,3938.46025390625,3926.335077156538,3668.3242734293995
2024-11-13,3865.334228515625,3908.5477229218827,3847.3593393431142,3891.178560274982,1098813,52.01966248310957,-10.631111023716585,-35.599069667788505,182550376,3755.5603361963163,3800.3735595703124,3931.9220068359373,3932.7370673329683,3668.0100518076565
2024-11-14,3861.18896484375,3874.3207680121654,3833.7616543718636,3851.0375903197846,1825432,51.512724031973185,-7.808249249280834,-30.04090558408697,180724944,3756.6113673271366,3802.557507324219,3925.9158935546875,3937.3981198811293,3667.7168947673085
2024-11-18,3743.469482421875,3923.6812860911455,3716.181551430071,3923.6812860911455,3313944,39.6851306643919,-14.898350453969215,-27.01239455806342,177411000,3756.480602303204,3797.7355834960936,3917.616708984375,3933.7806300308134,3661.6905369613737
2024-11-19,3762.142578125,3848.383334503383,3738.440347986104,3743.8418634756777,1776233,41.96154026997962,-18.7938995986583,-25.368695566182396,179187233,3756.5369403710824,3795.8589477539062,3910.047734375,3932.7778564243317,3658.9400390834808
2024-11-21,3793.155517578125,3811.4093915788644,3747.660099623591,3767.1247442805748,2384347,45.6316849402329,-19.157825842838974,-24.126521621513714,181571580,3756.9013043233913,3798.5295166015626,3903.2328271484375,3933.0283909118716,3664.0306422912536
2024-11-22,3953.111083984375,3962.7504103811857,3775.6000484761144,3791.4326091135326,3096553,59.764238515419926,-6.464642237150201,-20.59414574464101,184668133,3758.853640439421,3806.834619140625,3898.533720703125,3957.0564423400583,3656.6127959411915
2024-11-25,4018.769775390625,4030.8770280377776,3960.1893900708537,3986.0801022933974,4052167,63.91115507457096,8.791561238313534,-14.717004348050102,188720300,3761.43987063794,3819.2771728515627,3895.6773681640625,3994.371640739647,3644.1827049634785
2024-11-26,4053.78759765625,4066.7329532289605,4014.0197491006056,4024.310731522724,2060669,65.92808675578988,23.437682988276265,-7.086066880784829,190780969,3764.3488032450878,3833.0212280273436,3892.8087841796873,4034.454954108183,3631.5875019465043
2024-11-27,4035.02099609375,4076.7911069702654,4027.104715840101,4059.6083950341376,1558993,63.868012889728206,33.14841776188496,0.9608300477491287,189221976,3767.042058895323,3844.2762939453123,3889.4738134765626,4063.6455828216913,3624.9070050689334
2024-11-28,3953.390869140625,4041.9137952346705,3942.3081660494468,4022.4023078590976,2558544,55.71310262351712,33.86697855107968,7.542059748415239,186663432,3768.8962759126894,3852.1762817382814,3884.6799609375,4075.2827397351566,3629.0698237414063
2024-11-29,3977.55908203125,4003.4966369290128,3907.523090835983,3930.201000354305,2017425,57.44554793676355,35.97195366151209,13.22803853103461,188680857,3770.97252273974,3860.84697265625,3880.510703125,4089.2294186946747,3632.464526617825
2024-12-02,3982.96044921875,3993.71755141835,3939.5605099829345,3976.767214179378,1670944,57.84246822857709,37.64209218565111,18.11084926195791,190351801,3773.081855341521,3875.19873046875,3879.413173828125,4096.280520751682,3654.1169401858174
2024-12-03,4007.267822265625,4027.9898509787527,3972.529502098055,4018.071307960362,2010905,59.66573996876199,40.46068526459203,22.580816462484734,192362706,3775.412063967632,3890.032434082031,3879.730859375,4104.6634943360095,3675.4013738280523
2024-12-04,4055.37109375,4085.686067146796,3994.5087699045835,4017.3262864453577,3302642,63.06967042629905,46.04519226519824,27.27369162302744,195665348,3778.1977259555165,3908.20498046875,3881.219638671875,4114.028221579939,3702.381739357561
2024-12-05,4157.490234375,4180.727025606259,4060.585839082934,4098.583799897478,3746747,69.042610270691,58.042042959232276,33.42736189026841,199412095,3781.9717807656607,3931.1481811523436,3885.055537109375,4140.675317831881,3721.6210444728054
2024-12-06,4140.21435546875,4158.375232745017,4109.713394915021,4147.199308267314,1842087,67.0664243838402,65.40170438272935,39.822230388760595,197570008,3785.5363834990253,3945.390490722656,3888.4938916015626,4170.52036063816,3720.2606208071516
2024-12-09,4146.408203125,4162.473596939852,4112.321537472264,4126.198676219265,2066639,67.4264068191087,70.9165984234869,46.04110399570585,199636647,3789.1271478734134,3959.4186157226563,3891.992021484375,4197.562384604425,3721.2748468408886
2024-12-10,4128.15380859375,4185.1975942064855,4109.108442002176,4122.193406026578,2087828,65.16565551097199,72.97302697231635,51.42748859102796,197548819,3792.500547482571,3972.715625,3894.7952392578127,4217.275972924097,3728.1552770759026
2024-12-11,4123.40478515625,4143.148648906342,4104.358962055129,4127.502533877997,1635256,64.5591951150758,73.37374801729902,55.81674047628218,195913563,3795.7931269619116,3983.36767578125,3897.2024560546874,4234.604203489723,3732.131148072777
2024-12-12,4149.015625,4177.00182096417,4122.05352499162,4125.825217645854,1914642,66.37651187993298,74.89456514244421,59.632305409514586,197828205,3799.307778683684,3995.3608276367186,3900.8688623046874,4254.070554649929,3736.6511006235073
2024-12-13,4166.66455078125,4186.222421425734,4092.624040484277,4130.389630221359,1967048,67.60913071547154,76.64048072854166,63.03394047332,199795253,3802.9630699483364,4010.42734375,3904.527783203125,4272.172129823992,3748.6825576760084
2024-12-16,4111.99658203125,4167.689774095836,4095.0462428378523,4152.788536914711,1646224,60.24220579323668,72.77398995436124,64.98195036952825,198149029,3806.0380302675694,4022.967724609375,3908.1180908203123,4278.878122432169,3767.057326786581
2024-12-17,4031.249267578125,4128.526563027335,4021.470333233763,4107.152424631981,3225027,51.3431621326658,62.47397363696973,64.48035502301656,194924002,3808.2789381015054,4037.3567138671874,3909.7311181640625,4258.833175325248,3815.8802524091275
2024-12-18,4049.27099609375,4062.449184824082,3995.021187516033,4015.60360927398,1575404,53.01151144627436,55.129836932145736,62.6102514048424,196499406,3810.6768690268013,4051.713134765625,3911.321806640625,4233.66703447009,3869.75923506116
2024-12-19,3978.536376953125,4064.311698759071,3969.3163290813845,3987.942872155441,3015763,46.3010254412229,43.10497574270812,58.70919627241555,193483643,3812.347112886765,4060.982177734375,3911.862001953125,4204.03503608782,3917.9293193809294
2024-12-20,3883.91357421875,4081.075721006082,3867.3361322404735,4031.715380245397,4116989,39.15980026037428,25.644305638353217,52.09621814560309,189366654,3813.0592169796205,4057.5223022460937,3910.515302734375,4213.598119803919,3901.446484688268
2024-12-23,3872.737548828125,3927.406635038312,3832.3180410204754,3911.620457771177,2195338,38.406338392940526,10.780515860038122,43.8330776884901,187171316,3813.6530312268696,4050.2206909179686,3909.4198388671875,4225.363878241959,3875.077503593978
2024-12-24,3892.481689453125,3928.337783494026,3872.737372652853,3872.737372652853,1181886,40.58143479219226,0.587272797426067,35.183916710277295,188353202,3814.4373959853397,4042.1553955078125,3910.1723095703123,4230.2742782859195,3854.036512729705
2024-12-26,3882.7958984375,3911.527430384508,3858.62777832456,3892.48160931481,1208464,39.83820385591657,-8.178234558259192,26.511486456569997,187144738,3815.1175800893416,4034.544140625,3910.9642529296875,4235.108093478994,3833.980187771006
2024-12-27,3878.838134765625,3893.832593461187,3862.446685286308,3877.1150885157394,858100,39.51970380328725,-15.268317086443858,18.15552574796723,186286638,3815.751615459255,4030.81650390625,3912.0458935546876,4239.866783599925,3821.766224212575
2024-12-30,3873.202880859375,3910.9216276232846,3829.6169553875666,3865.938711530591,1527169,39.041095674393155,-21.098763058751956,10.304667986623393,184759469,3816.323269841346,4025.5986938476562,3913.4208203125,4244.674611076848,3806.522776618465
2024-12-31,3813.598388671875,3855.6479451405453,3755.1576110916253,3851.0376939335874,1555429,34.30831895978005,-30.18110884621592,2.20751262005553,183204040,3816.2961565958785,4017.1305908203126,3913.342587890625,4254.475580934287,3779.7856007063388
2025-01-01,3830.036376953125,3850.1062943866386,3804.890317466962,3813.22564967337,763161,36.59127422561876,-35.64167005502668,-5.362323914960912,183967201,3816.432875206399,4008.2690185546876,3913.14515625,4259.266884306431,3757.2711528029445
2025-01-02,3888.989501953125,3895.7416240603297,3815.6011015015547,3837.0680112666887,1720835,44.095054409608906,-34.81090125788387,-11.252039383545505,185688036,3817.154831691441,3999.9499389648436,3914.9314404296874,4255.1457457282795,3744.754132201408
2025-01-03,3818.347900390625,3892.900907869697,3811.269950829448,3892.900907869697,1791953,38.25335743803668,-39.39853607128589,-16.88133872109358,183896083,3817.1667030217814,3982.992822265625,3916.503515625,4239.1310578141565,3726.8545867170933
2025-01-06,3813.784423828125,3864.6813582169702,3787.148378172113,3823.5633582481973,2085593,37.904012623686235,-42.907888701343836,-22.086648717143632,181810490,3817.133048502442,3966.6713256835938,3917.0390234375,4222.256546357666,3711.086105009522
2025-01-07,3751.6650390625,3856.020287112112,3736.065309985075,3832.364669490885,2669054,33.42872856745669,-50.123795230968426,-27.69407801990859,179141436,3816.4816255229402,3946.9341674804687,3916.6739501953125,4204.907140882943,3688.961194077994
2025-01-08,3826.264404296875,3842.655853224678,3741.839688389106,3757.8118581960475,2181277,42.24733775780364,-49.25512539666761,-32.006287495260395,181322713,3816.5789666052683,3931.839697265625,3917.6211083984376,4180.803167610488,3682.8762269207614
2025-01-09,3761.49072265625,3853.5988861539504,3748.8711943929684,3819.3726136468736,2392472,37.59099253488224,-53.18036294629155,-36.24110258546663,178930241,3816.0308248744327,3913.743994140625,3916.652529296875,4156.925633517839,3670.5623547634113
2025-01-10,3972.715087890625,4001.9122814759207,3883.633747673863,3911.5735588082075,7894300,55.006198854401035,-38.79984057534875,-36.75285018344306,186824541,3817.589872267629,3904.9289672851564,3920.1990087890626,4125.045892710047,3684.8120418602657
2025-01-13,3996.418212890625,4026.0810749677194,3937.0924887364367,3953.4839382998034,4003771,56.474029949159046,-25.200038540275273,-34.44228785480951,190828312,3819.3692587414894,3896.416650390625,3924.0444677734376,4086.5076180391125,3706.3256827421374
2025-01-14,3942.354248046875,4017.6521397931906,3929.3156678223904,4006.5694375522967,3441709,52.28433899197764,-18.570537975656407,-31.267937878978888,187386603,3820.592989978359,3887.934533691406,3928.973046875,4052.1718679281494,3723.697199454663
2025-01-15,3957.76806640625,3964.1477485251917,3918.5127168051804,3928.338036632813,1653474,53.34701212579023,-11.935262416580827,-27.401402786499276,189040077,3821.9579161119705,3884.2604736328126,3933.916533203125,4038.4922114704505,3730.0287357951747
2025-01-16,3917.44091796875,3999.1184848526354,3903.9835145012657,3967.4533641062476,2637705,50.19716206142871,-9.81765081497997,-23.884652392195417,186402372,3822.907995732436,3877.6689697265624,3938.4269482421873,4013.2718131116953,3742.0661263414295
2025-01-17,3911.750244140625,3946.179768328342,3888.7499900580783,3945.5156582213353,1761466,49.75075574917743,-8.50062823232247,-20.807847560220825,184640906,3823.7919982041594,3874.3296630859377,3942.6894287109376,4002.941432157776,3745.7178940140993
2025-01-20,3867.647216796875,3932.1425484323627,3858.447160711793,3932.1425484323627,1287799,46.31323247421982,-10.89008989176682,-18.824296026530025,183353107,3824.2283685384155,3873.5163452148436,3942.935009765625,4002.0811224561667,3744.9515679735205
2025-01-21,3827.85888671875,3899.135870393051,3822.3102791739225,3884.245030505511,1971591,43.39979540855346,-15.81206948996487,-18.221850719216995,181381516,3824.264493097424,3871.272412109375,3942.1752734375,4001.37068420584,3741.1741400129104
2025-01-22,3942.38623046875,3948.598485486215,3835.77871966863,3841.2798581228535,2409223,52.635884937211365,-10.352042386103676,-16.647889052594333,183790739,3825.4398337677853,3873.7676391601562,3943.7787255859375,4007.2671676746318,3740.2681106456807
2025-01-23,3931.810546875,3975.3449548724125,3926.688470425829,3953.198226312215,1822998,51.795370797806456,-6.799915655387849,-14.678294373153037,181967741,3826.4982488235787,3876.218371582031,3944.2076611328125,4012.069737751296,3740.367005412766
2025-01-24,3938.35498046875,3962.682991900412,3892.4966488174464,3892.4966488174464,1910099,52.302948953434864,-3.4173553870305113,-12.426106575928532,183877840,3827.611251128506,3879.1942138671875,3944.791708984375,4017.7257631322987,3740.6626646020763
2025-01-27,3855.648681640625,3942.148791419916,3832.7908361324735,3890.599675788401,1551782,45.74709985869824,-7.325910577460945,-11.406067376235015,182326058,3827.890230536587,3878.31650390625,3944.597998046875,4017.210736493547,3739.4222713189533
2025-01-28,3832.07958984375,3890.599779117484,3820.69802052405,3861.007745197988,2468272,44.05251836898531,-12.184838228090939,-11.5618215466062,179857786,3827.931915703822,3879.2405639648437,3944.015810546875,4016.6380743300365,3741.843053599651
2025-01-29,3888.51318359375,3896.148597963248,3845.0737102492853,3845.0737102492853,1217089,48.9304987628668,-11.351006678264184,-11.519658572937798,181074875,3828.5347143892945,3882.164404296875,3946.9166845703126,4017.725705472631,3746.603103121119
2025-01-30,3888.75,3917.061745659292,3849.3415023779007,3888.6078230102007,1531251,48.95061324240246,-10.549472312764465,-11.325621320903132,182606126,3829.133871460048,3882.1524291992187,3949.4488330078125,4017.7113589139435,3746.593499484494
2025-01-31,3900.463623046875,3915.686749530312,3874.7129156799383,3898.1874018590165,1492943,49.9996350072296,-8.866847568958747,-10.833866570514255,184099069,3829.8436202320563,3886.2582153320313,3951.5949951171874,4018.7785907127864,3753.7378399512763
2025-02-01,3863.236572265625,3922.7526963272944,3846.970505085766,3901.032960408717,437172,46.71418532690303,-10.417184398168047,-10.750530136045013,183661897,3830.1758884114947,3888.730822753906,3949.7975048828125,4017.543492395174,3759.9181531126383
2025-02-03,3858.968017578125,3866.887784717726,3792.6230061167257,3823.163501052961,1265713,46.33819729441904,-11.853632893010854,-10.971150687438183,182396184,3830.4623772589243,3894.0959716796874,3946.6014697265623,4007.6623561018646,3780.5295872575102
2025-02-04,3895.389404296875,3906.5815588564824,3856.5026066809596,3873.242905885086,2547132,50.03361458673187,-9.938561600659796,-10.764632870082504,184943316,3831.108417328954,3897.5522216796876,3943.433505859375,4006.7751647884547,3788.3292785709205
2025-02-05,3880.26123046875,3936.125668416328,3865.9393311963745,3936.125668416328,1693912,48.53841712778894,-9.531695547635081,-10.51804540559302,183249404,3831.5975000467633,3903.4907470703124,3940.338310546875,3993.745034160683,3813.2364599799416
2025-02-06,3872.341796875,3926.1671344471406,3842.749763323274,3893.8244160755,2284536,47.73422676885495,-9.7360522252784,-10.361646769530095,180964868,3832.002915935602,3898.4720825195313,3938.7173291015624,3983.799322659773,3813.1448423792895
2025-02-07,3821.7412109375,3879.218228908592,3801.444171507491,3879.218228908592,1548940,42.84924916755196,-13.8217225492117,-11.053661925466416,179415928,3831.900809418208,3889.738232421875,3935.6009716796875,3968.6967899039523,3810.779674939798
2025-02-10,3828.902099609375,3843.176530616503,3807.4669498989556,3831.7949614241543,1339511,43.72691555179296,-16.293994817223847,-12.101728503817903,180755439,3831.870971509663,3884.065625,3932.5198046875,3963.389378635752,3804.7418713642483
2025-02-11,3759.284912109375,3831.7949459001434,3751.1754977809574,3811.308028813468,1810908,37.670169870762216,-23.598781553504523,-14.401139113755228,178944531,3831.1487221623966,3874.141467285156,3927.560146484375,3963.169202028432,3785.11373254188
2025-02-12,3746.575439453125,3814.4855628593755,3737.090798282343,3766.445947952812,1678002,36.67151575517178,-30.06683414791496,-17.534278120587174,177266529,3830.3071969613093,3865.598193359375,3921.3842333984376,3968.1342223516444,3763.062164367105
2025-02-13,3708.63671875,3779.10764599597,3701.143945163747,3763.5054582381317,2277310,33.791683565283435,-37.81820539167211,-21.59106357480416,174989219,3829.096545436819,3855.442517089844,3912.4071630859376,3976.2831755768952,3734.6018586027926
2025-02-14,3732.06396484375,3744.536174828968,3699.009899147157,3722.7215010647665,1681975,37.077674250951056,-41.591400206035814,-25.59113090105049,176671194,3828.13104712246,3848.6633544921874,3904.2441552734376,3980.69857348077,3716.628135503605
2025-02-17,3703.278076171875,3731.257767104663,3657.467213858333,3657.7517993998813,1799806,34.79268177938134,-46.369941106145234,-29.74689294206944,174871388,3826.888729003549,3842.4343139648436,3895.381552734375,3988.786307201647,3696.08232072804
2025-02-18,3673.591064453125,3722.1523795147264,3665.33947318774,3697.492313192335,2149879,32.56383910173088,-51.953574471473985,-34.18822924795035,172721509,3825.363379107525,3828.9945556640623,3886.2902978515626,3985.1993218212638,3672.789789506861
2025-02-19,3589.083251953125,3675.251080308744,3573.955063643061,3672.6428039185434,4366672,27.218546338103323,-62.4775164303901,-39.846086684438305,168354837,3823.0123330661877,3811.858190917969,3875.6038671875,3992.475383076688,3631.2409987592496
2025-02-20,3584.625,3592.781883594646,3557.973298668796,3567.647585834546,2888572,26.967055678413715,-70.36641964311866,-45.950153276174376,165466265,3820.640319801848,3794.1716918945312,3864.3160546875,3990.380810362804,3597.9625734262586
2025-02-21,3590.88525390625,3620.287642408916,3580.4521483085296,3581.4955514917533,1833931,27.973434896192998,-75.24589427432375,-51.809301475804254,167300196,3818.3541997431853,3780.9335205078123,3852.80046875,3993.7860811308506,3568.080959884774
2025-02-24,3486.1748046875,3569.260122487774,3480.8633130033377,3550.2433706104594,2508516,22.410775245246725,-86.5643117233526,-58.76030352531393,164791680,3815.048932130691,3763.63828125,3840.284033203125,4010.5452827476256,3516.7312797523746
2025-02-25,3442.497802734375,3469.4815591448155,3434.6255046618817,3438.1822449152423,4101954,20.573041172950198,-97.92973510305956,-66.59418984086307,160689726,3811.3419557187876,3741.337512207031,3828.50900390625,4017.889972565086,3464.7850518489763
2025-02-27,3426.374267578125,3450.512634279707,3415.134874592875,3425.567980413952,3823856,19.923533503251917,-107.00446864545893,-74.67624560178224,156865870,3807.5114314586817,3718.2187255859376,3816.0510693359374,4017.9479883093786,3418.4894628624966
2025-02-28,3303.7373046875,3414.470479257877,3278.840124109578,3400.196049414815,7085018,15.82989398832963,-122.67788406003228,-84.27657329343225,149780852,3802.4987535803616,3688.3824096679687,3802.555087890625,4026.011106710145,3350.753712625792
2025-03-03,3313.032470703125,3341.6760393458467,3297.0032889623258,3305.3972886171223,4990439,17.21824194245231,-132.81809219202705,-93.98487707315121,154771291,3797.6284423079514,3660.872204589844,3791.1374658203126,4025.603079665251,3296.141329514437
2025-03-04,3350.022705078125,3367.996053645755,3285.7642616440216,3294.9643171966636,2797737,22.683694860583827,-136.29831528328214,-102.4475647151774,157569028,3793.174653877804,3635.424938964844,3780.6831689453124,4012.1416096428934,3258.7082682867945
2025-03-05,3364.249755859375,3414.8029405590255,3339.400041837824,3339.400041837824,2501894,24.741755088542376,-136.33680721230485,-109.2254132146029,160070922,3788.9067444447846,3608.867956542969,3770.1185302734375,3983.414679989742,3234.3212330961956
2025-03-06,3415.98876953125,3423.434074596987,3353.8643641732256,3373.6871734120996,2786513,31.84671644426888,-130.68594017190435,-113.51751860606319,162857435,3785.1961178287297,3585.654333496094,3760.7823876953125,3947.3715893671583,3223.9370776250294
2025-03-07,3425.093505859375,3438.1823567291294,3390.1899807262357,3414.4707542689284,2051315,33.044634011362405,-124.04302047394094,-115.62261897963876,164908750,3781.6130072618707,3563.2919189453123,3751.7074951171876,3906.1578962590143,3220.4259416316104
2025-03-10,3404.654052734375,3435.4318979249574,3397.9675660982793,3420.635765390215,1004626,31.69767571646929,-119.05535576928105,-116.30916633756723,163904124,3777.862171893438,3542.4375610351562,3742.3365185546877,3870.296446284343,3214.5786757859696
2025-03-11,3391.043701171875,3403.8004968476407,3355.3338893126197,3374.6352261327497,1995450,30.79744737840106,-114.87661111655007,-116.02265529336381,161908674,3774.013231886258,3520.544641113281,3733.8854248046873,3826.7241352907467,3214.3651469358156
2025-03-12,3325.505126953125,3385.3058409889845,3307.1524836446633,3381.274868144773,3174167,26.84392971090027,-115.52167907711282,-115.92246005011361,158734507,3769.5504646729933,3498.8556518554688,3723.7947998046875,3795.6264938402815,3202.084809870656
2025-03-13,3330.10498046875,3342.672130004524,3304.5439188567675,3321.8059194545594,1693004,27.54693312059254,-114.34364795007286,-115.60669763010546,160427511,3765.1778727903643,3478.03212890625,3712.617109375,3760.4516668378806,3195.6125909746193
2025-03-17,3317.44287109375,3348.505070694925,3298.141765391246,3309.1912796488264,2690906,26.78392693814591,-113.12771037390121,-115.11090017886461,157736605,3760.7227981466167,3458.4724365234374,3702.5990087890623,3728.1992533485864,3188.7456196982885
2025-03-18,3317.44287109375,3317.44287109375,3317.44287109375,3317.44287109375,0,26.78392693814591,-110.88584805212713,-114.26588975351711,157736605,3756.312052603802,3437.7413818359373,3692.672177734375,3682.7737307046755,3192.709032967199
2025-03-19,3316.874267578125,3364.202538836237,3284.2944294770737,3364.202538836237,3051244,26.745345726264617,-107.91110551007841,-112.99493290482938,154685361,3751.939537329915,3418.42119140625,3683.9763623046874,3636.062174709496,3200.7802081030036
2025-03-20,3379.52001953125,3394.505799750347,3331.0061697900233,3331.0061697900233,2845192,37.43786294465698,-99.35332865597275,-110.26661205505806,157530553,3748.233870486147,3403.717639160156,3675.041474609375,3587.519563064905,3219.915715255407
2025-03-21,3393.699462890625,3429.883275405574,3286.428081377204,3295.9127223046994,4161925,39.58730233446759,-90.38516237800832,-106.29032211964812,161692478,3744.706164937933,3393.948449707031,3667.6856494140625,3556.888284218834,3231.0086151952282
2025-03-24,3441.9287109375,3461.6568103088644,3382.792113898217,3414.470721860925,1834751,46.34031741216137,-78.48144351400606,-100.72854639851971,163527229,3741.6934539528543,3386.8136352539063,3657.069921875,3526.580151590384,3247.0471189174286
2025-03-25,3469.24462890625,3518.8018790902024,3450.5124625687754,3457.1517113972473,3135390,49.76533638149908,-66.08174503884493,-93.79918612658476,166662619,3738.9825203703012,3380.7316040039063,3646.5264501953125,3492.161596857518,3269.301611150295
2025-03-26,3448.426025390625,3490.822326860632,3438.9888533482517,3459.7601257453803,1734499,47.287992816522305,-57.27455654201549,-86.49426020967091,164928120,3736.0914109675186,3378.8441650390623,3636.6478857421876,3484.17814259269,3273.5101874854345
2025-03-27,3463.0322265625,3474.2241497420814,3424.4297823215356,3428.5556939598323,2528474,49.1987438964448,-48.55646909013831,-78.90670198576439,167456594,3733.3744041575187,3379.870886230469,3626.7531689453126,3488.0290991590036,3271.712673301934
2025-03-28,3420.303955078125,3472.279837617975,3406.7883407304835,3462.8426654904715,2051919,44.156207356605265,-44.5812316996421,-72.04160792853993,165404675,3730.2592753109575,3379.5673706054686,3616.8104296875,3487.234841333124,3271.899899877813
2025-04-01,3367.80615234375,3399.2951120927096,3343.335733852344,3388.577422151902,2618493,38.88310220616938,-45.14654015370934,-66.66259437357382,162786182,3726.6527765749656,3382.7708129882812,3605.9315478515623,3484.8926106226054,3280.649015353957
2025-04-02,3361.309326171875,3380.4210168658315,3348.1257677061367,3361.3567956889556,1764313,38.273954231667794,-45.593220487231065,-62.448719596305274,161021869,3723.0175183619995,3385.1846557617187,3595.8047900390625,3482.7806946703968,3287.5886168530405
2025-04-03,3227.765380859375,3321.521146037298,3221.1261324235493,3311.088041352429,4537821,28.418600388751827,-56.0766811097933,-61.17431189900288,156484048,3718.0896363967995,3379.0717895507814,3583.802919921875,3497.749552187232,3260.394026914331
2025-04-04,3129.362060546875,3224.4455775061174,3125.6631435329964,3189.3051711984813,5317367,23.5969566642177,-71.50100565542152,-63.23965065028661,151166681,3712.231650567447,3367.3274047851564,3567.5424365234376,3528.447671249659,3206.207138320654
2025-04-07,3105.319091796875,3121.7748058386424,2898.5539074179674,2940.238860434007,6623955,22.588531993802633,-84.68872175919978,-67.52946487206925,144542726,3706.192719634407,3351.7939208984376,3551.012607421875,3547.3717041718933,3156.216137624982
2025-04-08,3123.244873046875,3176.4063332063806,3087.535291604866,3131.875989149625,5557558,25.15665224775063,-92.62588747573,-72.54874939280141,150100284,3700.392243548959,3336.7014892578127,3534.7104052734376,3552.830874031223,3120.572104484402
2025-04-09,3079.28369140625,3101.4776590955953,3046.5142098890965,3092.5147195117684,2990265,23.130075517155646,-101.29577382353727,-78.29815427894859,147110019,3694.212058950524,3320.432971191406,3519.18310546875,3561.2285828535933,3079.637359529219
2025-04-11,3064.961669921875,3128.9355257101774,3040.7758359181594,3120.020055994998,7108961,22.49430208524943,-108.07654947002038,-84.25383331716296,140001058,3687.9508610497414,3304.128869628906,3503.8407470703123,3566.7601202475635,3041.497619010249
2025-04-15,3080.80126953125,3143.5895512500647,3071.696152437833,3143.5895512500647,3512160,24.951235755990552,-110.89392358922305,-89.58185137157497,143513218,3681.909571581896,3291.8936767578125,3487.6865087890624,3571.6436160621597,3012.1437374534653
2025-04-16,3105.08203125,3109.1604734732773,3062.590790324908,3080.8012559903377,2384391,28.683338541983346,-109.9005927068838,-93.64559963863675,145897609,3676.1699940661565,3280.642529296875,3472.0131494140624,3571.2305068479845,2990.054551745766
2025-04-17,3128.888427734375,3133.346394679939,3052.157767289551,3078.2405325476193,2932346,32.2412215030092,-105.97082784923896,-96.1106452807572,148829955,3670.7244063414623,3271.214807128906,3456.5816455078125,3568.5712487155533,2973.858365542259
2025-04-21,3150.418701171875,3181.1488478659085,3114.8512945544117,3120.5420796132057,2432946,35.3810168351371,-99.96679279653381,-96.88187478391254,151262901,3665.547235145745,3262.8635986328127,3442.3252880859377,3563.916443965623,2961.8107533000025
2025-04-22,3143.58935546875,3162.0844056249766,3125.189244347029,3151.3669464223676,2710498,34.829701892215326,-94.66834512988862,-96.43916885310776,148552403,3660.3536244026905,3254.199353027344,3428.01771484375,3558.492595837337,2949.906110217351
2025-04-23,3237.108154296875,3244.6009284823726,3165.3094642241085,3191.581874951358,3543923,47.00703483555874,-81.97810907281064,-93.54695689704835,152096326,3656.142226690195,3247.078759765625,3414.85208984375,3545.924763838689,2948.2327556925607
2025-04-24,3226.295654296875,3236.633820616935,3213.1118640484187,3225.8214222352462,2252175,45.93825355877067,-71.96392858281706,-89.23035123420209,149844151,3651.8651463678734,3238.7085693359377,3401.7727783203127,3529.939672030571,2947.4774666413045
2025-04-25,3270.30419921875,3298.568475558524,3229.5202431380058,3243.747204561521,2742991,50.837769048786875,-59.78730577115857,-83.34174214159339,152587142,3648.068520028081,3230.12734375,3389.7320263671877,3506.6431245320946,2953.6115629679052
2025-04-28,3266.0361328125,3279.5992157727555,3229.520264912607,3257.9741879514845,1593296,50.36107807995972,-49.9063523896325,-76.6546641912012,150993846,3644.2672027423537,3219.9669189453125,3378.6179248046874,3474.663823337518,2965.270014553107
2025-04-29,3293.54150390625,3314.881945616226,3253.6110736832507,3276.943382576269,1578332,53.39401354170535,-39.40197067993677,-69.20412548894832,152572178,3640.777394793736,3212.222692871094,3367.910712890625,3447.328099452683,2977.1172862895046
2025-04-30,3275.71044921875,3329.014085869881,3192.53019311335,3293.06738873724,2809332,51.20959248261416,-32.14543700006243,-61.792387791171144,149762846,3637.1448878725923,3202.8566040039063,3358.2392236328124,3410.579285298785,2995.1339227090275
2025-05-02,3254.180419921875,3311.562499608635,3243.7473145242825,3293.0674491310842,1721761,48.62294458299125,-27.81128403808725,-54.99616704055437,148041085,3633.3342961516896,3194.550427246094,3348.3913232421874,3378.7864138318937,3010.314440660294
2025-05-05,3276.279541015625,3323.892391856476,3268.7865357954893,3272.201099131072,1284443,51.33984990339646,-22.335749589880834,-48.464083550419666,149325528,3629.781512518495,3189.9740966796876,3339.7441796875,3360.8294387065566,3019.1187546528186
2025-05-06,3281.685791015625,3294.01582433447,3259.871116682284,3281.685791015625,1324763,52.008464337435214,-17.359994684990852,-42.2432657773339,150650291,3626.3178734985663,3185.992919921875,3330.7366162109374,3343.9144308954474,3028.0714089483026
2025-05-07,3267.553466796875,3281.2112559731218,3244.316098457132,3244.316098457132,1477128,50.07161407921327,-14.39114141017717,-36.67284090390256,149173163,3622.748078407007,3187.98232421875,3322.0221240234373,3348.9320355359973,3027.0326129015025
2025-05-08,3271.157470703125,3297.8094023272533,3251.998543783033,3270.3039457073255,2543591,50.577097143511395,-11.613616266046847,-31.660995976331417,151716754,3619.2496644000034,3195.0720947265627,3313.9734521484374,3357.55318324347,3032.5910062096555
2025-05-09,3263.00146484375,3268.5973110539226,3222.9763215318844,3223.8298466966075,2531757,49.35921767166908,-9.955765224345214,-27.31994982593418,149184997,3615.7049061954635,3202.9562133789063,3307.45181640625,3362.5282233802427,3043.38420337757
2025-05-12,3433.8193359375,3443.3989159735165,3321.7109255991563,3324.3666713915923,2228678,67.18273077660763,5.083073772778334,-20.83934510619168,151413675,3613.8950995262303,3218.4849365234377,3304.435703125,3402.5703463794716,3034.3995266674037
2025-05-13,3333.851318359375,3436.2854413701325,3329.5832299005933,3433.819342081611,3062887,54.98567700516361,8.833056499076065,-14.90486478513813,148350788,3611.108594240988,3231.2133178710938,3299.2950244140625,3410.1710627107254,3052.255573031462
2025-05-14,3365.814453125,3377.4806076856794,3327.7811822404,3339.542044274439,2119499,57.63409622341693,14.220181277346455,-9.079855572641215,150470287,3608.667856518441,3246.25595703125,3296.8878173828125,3417.183782441972,3075.328131620528
2025-05-15,3395.40625,3414.470469410984,3332.9975027782,3380.3257647168743,3548330,59.98158000448367,20.639408916705634,-3.136002674771846,154018617,3606.545850483432,3261.9862060546875,3295.945986328125,3426.9124617499815,3097.0599503593935
2025-05-16,3377.765380859375,3408.6851728219754,3363.3487722739774,3408.6851728219754,1666727,57.92115568137032,24.026262561205385,2.2964503724236005,152351890,3604.269427900108,3275.6203735351564,3294.97380859375,3431.2297793421026,3120.0109677282103
2025-05-19,3337.45556640625,3367.0476004136544,3323.133665679634,3367.0476004136544,2537377,53.40665571433245,23.190379077744183,6.475236113487718,149814513,3601.614563606637,3286.04873046875,3295.648173828125,3428.3088798221006,3143.788581115399
2025-05-20,3318.01220703125,3374.6354708973113,3313.9337648440714,3349.785756293493,2038374,51.32850869038934,20.720169571297447,9.324222805049665,147776139,3598.792649610862,3294.4284057617188,3295.7477685546874,3422.8118395035904,3166.044972019847
2025-05-21,3344.094970703125,3354.7177229486574,3318.012206388427,3327.212262398612,1440153,53.91893013052497,20.629369258632323,11.585252095766197,149216292,3596.2583443480985,3304.4536865234377,3295.6292138671874,3414.103815378389,3194.8035576684865
2025-05-22,3297.809814453125,3317.5379148748953,3273.4343323692665,3314.8821689714327,2034383,48.94107671718508,16.63087370872472,12.594376418357903,147181909,3593.2887072347157,3307.48876953125,3294.3004150390625,3412.7885696616004,3202.1889694008996
2025-05-23,3333.47216796875,3352.820743852965,3286.9974249846496,3297.8098235860703,1274331,52.574109225550735,16.15348375823487,13.306197886333297,148456240,3590.70346803804,3312.8475952148438,3292.6500830078126,3411.790724654149,3213.9044657755385
2025-05-26,3355.00244140625,3362.3055693919314,3329.2042616284266,3339.54242872468,967470,54.671102399872815,17.312889697927858,14.10753624865221,149423710,3588.358184190957,3317.0825073242186,3291.24826171875,3415.6290599978397,3218.5359546505974
2025-05-27,3318.391357421875,3357.5629717372003,3303.5954561426133,3349.9752588067204,2467680,50.57592185632721,15.103415974456311,14.30671219381303,146956030,3585.671947108678,3319.7002685546877,3289.5230078125,3415.4249179192757,3223.9756191900997
2025-05-28,3317.44287109375,3347.129844047208,3312.985136088664,3338.593667057572,1222933,50.47044540005662,13.124565390296539,14.070282833109733,145733097,3583.0030010786786,3320.8953369140627,3288.0509912109374,3415.8777495887884,3225.912924239337
2025-05-29,3317.822509765625,3350.4495836467595,3306.820233088302,3324.0822341714443,3188072,50.514930028248855,11.454900748152795,13.547206416118346,148921169,3580.364389224818,3323.000939941406,3287.8973388671875,3415.723526721576,3230.2783531612363
2025-05-30,3284.91064453125,3325.979188538535,3275.141649033021,3310.1398835450454,3404365,46.60686179416242,7.390770816115946,12.315919296117867,145516804,3577.424550969161,3324.537451171875,3286.9934521484374,3413.5933659552043,3235.481536388546
2025-06-02,3272.011474609375,3281.6857620470387,3242.41944121709,3272.201121116267,1877585,45.133086185284206,3.0934045130193226,10.471416339498159,143639219,3574.385614885979,3324.3240478515627,3286.08482421875,3413.8606563322633,3234.787439370862
2025-06-03,3229.709716796875,3294.4898573234195,3225.2519821011338,3268.4070961095445,2848125,40.599108911335065,-3.683229589982602,7.640487153602006,140791094,3570.956003959719,3321.725244140625,3284.3301611328125,3418.7642016489267,3224.686286632323
2025-06-04,3235.164306640625,3248.465279476926,3224.7342507303856,3242.9152450223373,2544807,41.41634797476906,-8.515460200640064,4.409297682753593,143335901,3567.614793041121,3320.1057861328127,3282.6959619140625,3421.6819230223464,3218.529649243279
2025-06-05,3225.78662109375,3262.0528233362247,3218.7054627680072,3262.0528233362247,3584683,40.3875689072005,-12.952431062294181,0.9369519337440377,139751218,3564.2135176983616,3317.8372436523437,3279.6212939453126,3425.527354189527,3210.14713311516
2025-06-06,3238.322021484375,3244.7331673196672,3213.9212139850256,3225.7868448606714,2070390,42.44561896418054,-15.281109272460071,-2.306660307496784,141821608,3560.9708162434963,3316.603271484375,3276.5137451171877,3427.30201014946,3205.90453281929
2025-06-09,3274.396728515625,3285.975243758928,3244.7330032516393,3253.440835404879,1718678,48.0085111208388,-14.053674155168665,-4.65606307703116,143540286,3558.1193327835176,3308.6321411132812,3273.16310546875,3406.6546505953766,3210.609631631186
2025-06-10,3313.629638671875,3335.5426613582063,3275.6409764041855,3291.7168496023487,2419874,53.29555443283198,-9.802161795479606,-5.6852828207208495,145960160,3555.686599508775,3307.621057128906,3270.0508056640624,3404.9972185753777,3210.2448956824346
2025-06-11,3322.24169921875,3338.604687522634,3300.424692969312,3320.423693236899,2847013,54.39194033848119,-5.67249729004152,-5.682725714584984,148807173,3553.363764680019,3305.442419433594,3267.527119140625,3399.402992743529,3211.4818461236587
2025-06-12,3286.166748046875,3324.9209717927824,3275.640909498604,3322.2416207116808,4060134,49.18349651998937,-5.250135195046823,-5.596207610677352,144747039,3550.7050878975997,3299.9804443359376,3263.9898095703124,3384.625992289197,3215.3348963826784
2025-06-13,3297.171142578125,3301.7642826377164,3246.934184213111,3246.934184213111,2178493,50.73328393801501,-3.9815506828567777,-5.2732762251132375,146925532,3548.1823620735254,3295.950732421875,3261.5271533203127,3372.7061468312068,3219.195318012543
2025-06-16,3345.590087890625,3357.7426005937496,3278.5116939874692,3291.716884024651,1934088,56.95392027944849,0.9202083266409318,-4.0345793147624045,148859620,3546.1665185493175,3296.357458496094,3261.08283203125,3374.06855686825,3218.6463601239375
2025-06-17,3363.77099609375,3368.2683531373627,3337.743514633776,3358.6994089523137,2111940,59.045011318406345,6.200459961948127,-1.9875714594202984,150971560,3544.3516377288643,3298.645397949219,3261.1320654296874,3381.3086154398557,3215.982180458582
2025-06-18,3302.625244140625,3385.4923927635227,3294.683207501011,3367.4071820205213,2696327,50.21072921256668,5.389024933954261,-0.5122521807453868,148275233,3541.9463999817176,3296.571911621094,3262.6292626953127,3376.6096854915077,3216.53413775068
2025-06-19,3276.40625,3302.242397415304,3265.8804121641356,3301.2855030665887,2672768,46.96580719741711,2.600328157966942,0.1102638869970789,145602465,3539.304209434636,3295.5017333984374,3265.570146484375,3376.0156354368896,3214.987831359985
2025-06-20,3287.602294921875,3297.745469784743,3263.8712652626323,3277.3635707817734,2351248,48.49646483934678,1.2789501858414951,0.34400114676596216,147953713,3536.7997127728177,3293.2082397460936,3269.215810546875,3371.8566816523476,3214.5597978398396
2025-06-23,3247.317138671875,3277.3635313225304,3224.73433592903,3267.7945867055305,3123421,43.61830537423587,-2.984523085035562,-0.32170369959434264,144830292,3533.919289149923,3287.823974609375,3271.697255859375,3363.5016472072357,3212.1463020115143
2025-06-24,3244.25439453125,3293.726017546798,3236.2165757260095,3286.549310178985,3403048,43.26201588350059,-6.535160957083008,-1.5643951510920757,141427244,3531.037051392523,3284.1171264648438,3274.996669921875,3360.6999960924445,3207.534256837243
2025-06-25,3296.31005859375,3301.2858630262535,3253.441140373699,3260.426516604334,1757699,50.64167932386104,-5.0899363907992665,-2.269503399033514,143184943,3528.701459424376,3283.0604858398438,3279.6236376953125,3358.3471541850577,3207.77381749463
2025-06-26,3293.43896484375,3302.625010278294,3268.0812649976842,3296.3096478451916,2879106,50.25344621469724,-4.128666087975489,-2.641335936821909,140305837,3526.36053908029,3281.84130859375,3283.8763916015623,3355.6112195445994,3208.0713976429006
2025-06-27,3292.76953125,3316.978773543857,3283.1048040170426,3306.0702704397795,1778433,50.15689451525548,-3.381885868592235,-2.7894459231759745,138527404,3524.0362504451628,3282.2342529296875,3287.6301416015626,3356.1489550271535,3208.3195508322215
2025-06-30,3312.768310546875,3315.5432107745055,3282.1476906920225,3291.6208515129015,1468351,53.058458100210835,-1.1629174238137239,-2.464140223303524,139995755,3521.934081888961,3284.2720947265625,3291.3077392578125,3359.187625059048,3209.356564394077
2025-07-01,3281.860595703125,3334.776901436363,3266.35895353028,3306.0700701470973,2375183,48.371759980208246,-1.8767294569074693,-2.346658070024313,137620572,3519.5452909816395,3286.879638671875,3293.9365771484377,3357.5258840903703,3216.2333932533797
2025-07-02,3275.736572265625,3339.4655976963195,3272.57877409358,3336.8820295980254,3090585,47.476911620052434,-2.903122754693868,-2.457951006958224,134529987,3517.1193335814805,3288.908251953125,3296.579521484375,3355.724188500607,3222.0923154056427
2025-07-03,3254.206787109375,3287.2196465963534,3251.144771503511,3282.1480591402083,2531870,44.369293761083476,-5.391668766794282,-3.0446945589254364,131998117,3514.5032883429526,3290.3292602539063,3296.921494140625,3352.781342639881,3227.8771778679316
2025-07-04,3272.387451171875,3279.2770439923584,3243.967734776887,3261.096050751665,1109320,47.49467654824853,-5.829631400727976,-3.601681927285944,133107437,3512.0941755352806,3292.0325317382812,3297.843330078125,3350.445622609144,3233.6194408674187
2025-07-07,3264.63671875,3278.416138875185,3261.4789203702617,3270.952315509477,1639174,46.30043708360787,-6.724622017654838,-4.226269945359723,131468263,3509.631912283686,3291.54453125,3297.72998046875,3350.6972016037344,3232.391860896266
2025-07-08,3259.37353515625,3277.363195918518,3247.125240576613,3258.2253086430815,2325242,45.464432388071366,-7.769046724803502,-4.9348253012484795,129143021,3507.1417791779404,3288.8317260742188,3297.596728515625,3348.656849277236,3229.0066028712017
2025-07-09,3237.939208984375,3266.837372173034,3221.8633368794976,3263.0097947012437,2034938,42.128297987033534,-10.208652822750082,-5.989590805548801,127108083,3504.463146638701,3284.6166015625,3296.4846826171874,3346.2829673197202,3222.9502358052796
2025-07-10,3236.216796875,3252.484001353674,3211.33754296644,3234.303008112803,3035012,41.86246523746495,-12.141087593994143,-7.21989016323787,124073071,3501.7940287306046,3282.119104003906,3295.6948095703124,3347.2790481215584,3216.959159886254
2025-07-11,3125.21728515625,3191.2430024482833,3120.528595780786,3157.655913683438,7635550,29.113035881665,-22.371405371319725,-10.250193204854241,116437521,3498.0469964562335,3273.5214111328123,3293.115546875,3367.481298345843,3179.561523919782
2025-07-14,3083.783447265625,3130.9583865491522,3062.0619917351123,3125.217020314649,3924009,25.937527267747143,-33.436930238034165,-14.887540611490227,112513512,3493.924971091153,3260.4310791015623,3289.265625,3380.0318875724943,3140.8302706306304
2025-07-15,3112.107666015625,3118.9014760029677,3067.8034091107847,3067.8034091107847,2590889,31.4426532456917,-39.46597152690674,-19.803226794573533,115104401,3490.1257939262227,3247.8479125976564,3285.8740625,3374.0824100812765,3121.6134151140363
2025-07-16,3104.234375,3115.5638600833036,3092.2326031663256,3098.3774165813243,2540733,30.75824743504883,-44.367893512005594,-24.716160138059948,112563668,3486.2860783150168,3237.928369140625,3282.6076806640626,3376.0095677573345,3099.8471705239153
2025-07-17,3081.286865234375,3112.7795615982277,3076.3902829424,3095.593117992358,2947640,28.79118568005127,-49.53338423933246,-29.679604958314453,109616028,3482.2562353987914,3228.172399902344,3278.8102685546874,3380.8056346660433,3075.5391651386444
2025-07-18,3062.756103515625,3100.105758589483,3059.9717861781455,3096.4571730230687,3432645,27.274301450332587,-54.494175524753246,-34.64251907160221,106183383,3478.0821047332875,3216.9300903320313,3274.805361328125,3382.9345300141813,3050.9256506498814
2025-07-21,3032.319580078125,3070.1493050764375,3026.3667482040605,3062.8521341278406,3844346,24.949229093380367,-60.18780389410267,-39.75157603610231,102339037,3473.646656726769,3206.180212402344,3266.7753662109376,3389.828702867285,3022.531721937403
2025-07-22,3033.6640625,3053.3469689942053,3028.8633535989743,3033.6640625,3198036,25.25235643448501,-63.8554707835101,-44.57235498558387,105537073,3469.268720465806,3195.6506958007812,3260.77162109375,3392.997398071353,2998.3039935302095
2025-07-23,3052.38671875,3055.171036049811,3031.743671209123,3033.6639547012974,1922875,29.52134117208493,-64.50775607255036,-48.55943520297717,107459948,3465.1206408467433,3183.4545288085938,3254.50306640625,3384.5246332507213,2982.384424366466
2025-07-24,3022.5263671875,3047.2019644087272,3014.8452328363246,3038.944885626984,2934778,26.884183571702053,-66.66569702396282,-52.1806875671743,104525170,3460.7167177257556,3169.908898925781,3247.04546875,3375.9562477348204,2963.861550116742
2025-07-25,3010.812744140625,3031.0715957495104,3001.019344529776,3014.845292873372,2568917,25.906518575592102,-68.53108853067215,-55.45076775987388,101956253,3456.2400612721726,3155.8110595703124,3239.706416015625,3364.8657986979542,2946.7563204426706
2025-07-28,2956.564697265625,2993.72213811463,2947.539223682625,2986.041003699968,3374473,21.929175426555418,-73.53907605979566,-59.068429419858234,98581780,3451.2681671029536,3138.00087890625,3232.0885986328126,3351.1857298269615,2924.8160279855383
2025-07-29,2934.193359375,2951.4759118844077,2919.9832137631183,2938.0339265993125,4785312,20.529416798138087,-78.40926901480316,-62.93659733884722,93796468,3446.1231441404866,3120.6175170898437,3224.4122216796877,3340.6344095550494,2900.600624624638
2025-07-30,2931.88916015625,2946.6752504448114,2925.7441118523307,2938.033974050545,2880121,20.385086944683138,-81.51520509654802,-66.65231889038739,90916347,3441.006388080942,3103.425146484375,3216.16810546875,3325.9929267859,2880.85736618285
2025-07-31,2915.7587890625,2937.8420514011964,2894.827650050853,2920.4633903186314,2968371,19.3590284194526,-84.30643584503468,-70.18314228131686,87947976,3435.7800438121017,3086.5027465820312,3208.5270849609374,3312.0856760474803,2860.919817116582
2025-08-01,2883.3056640625,2915.758501968501,2880.4252388236764,2909.133383273443,2053847,17.455384041996894,-88.12139371527337,-73.77079256810816,85894129,3430.2827863021557,3067.0486572265627,3199.5237548828127,3292.261884823012,2841.835429630113
2025-08-04,2951.859619140625,2956.660327755159,2872.360072011628,2889.1625521624956,2519252,32.544968746755586,-84.63739684139045,-75.94411342276462,88413381,3425.5223567781604,3051.409802246094,3191.4608984375,3262.568977352752,2840.250627139436
2025-08-05,2941.7783203125,2954.836342347973,2920.751308991888,2951.859809051624,1927996,31.62928282599485,-81.74744709638799,-77.1047801574893,86485385,3420.7089832809897,3035.5300415039064,3183.9286376953123,3228.748983514811,2842.311099493002
2025-08-06,2911.437744140625,2944.5626330221426,2905.3888045064286,2940.9140476547227,1487081,28.9860036228672,-80.97197747972496,-77.87821962193644,84998304,3415.6416077671556,3019.204968261719,3175.80853515625,3195.7082626312967,2842.701673892141
2025-08-07,2925.552001953125,2929.9687479023937,2890.890789951502,2895.7876067904904,2543076,31.83967684951496,-78.31573453598912,-77.96572260474697,87541380,3410.7650942764685,3003.671728515625,3167.963125,3153.750493313776,2853.592963717474
2025-08-08,2915.37451171875,2937.841970823321,2904.4289887975438,2926.6083584758467,2762140,30.87617809845571,-76.15402507414046,-77.60338309862567,84779240,3405.8358347485314,2993.17958984375,3160.57240234375,3137.0125171542168,2849.346662533283
2025-08-11,2919.599365234375,2928.3365153663553,2900.876599282036,2915.3746004762743,1884215,31.798813426889097,-73.25550057060082,-76.7338065930207,86663455,3400.99766092252,2984.9703857421873,3153.52416015625,3125.8935738467076,2844.047197637667
2025-08-12,2914.4140625,2972.982707005533,2906.2528579377536,2919.7909498577897,3358232,31.247542175104584,-70.5633986783123,-75.49972501007903,83305223,3396.15603307752,2975.0857055664064,3147.2182470703124,3106.354051635281,2843.817359497532
2025-08-13,2915.1826171875,2923.055733419127,2907.8856798255947,2915.086743648966,2148166,31.43726862619168,-67.58875153773533,-73.91753031561029,85453389,3391.3702279442864,2965.6331176757812,3140.81861328125,3085.030660550458,2846.2355748011046
2025-08-14,2901.83642578125,2934.0970475783347,2898.7640190971856,2913.0700372499637,3342174,29.894508758912323,-65.55259880145422,-72.24454401277909,82111215,3386.4992448381868,2956.660595703125,3134.339609375,3066.5359539813976,2846.7852374248528
2025-08-18,2891.178955078125,2927.4723621732833,2883.6898021204543,2925.072007661826,2945609,28.683981850880997,-64.06045288123914,-70.60772578647111,79165606,3381.570684741072,2948.08173828125,3127.396748046875,3049.9862272614173,2846.177249301083
2025-08-19,2895.979736328125,2904.429031301108,2891.083153648401,2891.1790271854784,2650784,30.05791019846052,-61.77839073142604,-68.8418587754621,81816390,3376.738934010595,2941.26474609375,3119.828408203125,3037.817116690006,2844.712375497494
2025-08-20,2975.095458984375,2979.7039520714934,2890.890836056874,2890.890836056874,4952358,47.87872611812377,-52.97519731689863,-65.66852648374942,86768748,3372.7424815227723,2938.336315917969,3113.057724609375,3026.7073187811716,2849.9653130547663
2025-08-21,2978.93603515625,3005.2438266480435,2960.2132701020532,3005.2438266480435,3230726,48.56386026677132,-45.168031758279994,-61.568427538655534,89999474,3368.824009419623,2934.663781738281,3106.191611328125,3008.715470990181,2860.6120924863812
2025-08-22,2932.27294921875,2972.3108139224278,2928.4323821601793,2962.997485687316,1593791,41.43682622362771,-42.25898261468137,-57.70653855386071,88405683,3364.4802177758334,2930.1511108398436,3099.1137353515624,2992.2749574542677,2868.0272642254195
2025-08-25,3015.42138671875,3026.366909314735,2954.4523833109183,2964.245782645686,3448370,54.30529400078023,-32.865305421095854,-52.73829192730774,91854053,3361.0069955762606,2930.38154296875,3093.478740234375,2993.722715160709,2867.0403707767914
2025-08-26,3031.35986328125,3035.9685911364395,2995.6426326203955,3004.283909445262,5522097,56.288096040576,-23.859608003232097,-46.96255514249262,97376150,3357.7269246081514,2934.121301269531,3087.1941357421874,3010.661314640959,2857.5812878981033
2025-08-28,2970.390380859375,3021.0859103623443,2963.477407383879,3019.6456977878825,3116051,47.752064592650406,-21.395620213736038,-41.8491681567413,94260099,3353.8728296454774,2935.93115234375,3079.3265234375,3014.087147581734,2857.775157105766
2025-08-29,2961.749267578125,2990.841610057071,2954.548204311535,2969.7184911417403,2271789,46.671786068528434,-19.91064029609697,-37.461462584612434,91988310,3349.9711026597324,2937.4241577148437,3072.50900390625,3016.351281101989,2858.497034327698
2025-09-01,2988.537353515625,3006.2999761800884,2966.8380558481663,2966.8380558481663,1246862,50.41665064683442,-16.383351279615,-33.245840323612946,93235172,3346.3747469468562,2941.0630859375,3066.7516259765625,3022.335207411943,2859.790964463057
2025-09-02,2987.48095703125,3029.2471217848606,2979.4158603599094,2996.6984112924383,2185229,50.2667409401354,-13.517371840616306,-29.300146627013618,91049943,3342.803664460134,2946.2718505859375,3060.74919921875,3025.3943670231142,2867.1493341487608
2025-09-03,2974.0390625,3016.6692623196923,2964.917715899919,3005.1475613511693,1799774,48.298807560675,-12.19019011351611,-25.87815532431412,89250169,3339.1343649381424,2947.380822753906,3055.2836376953123,3027.402146851211,2867.3594986566013
2025-09-04,2972.310791015625,2993.7219990840686,2967.6061901689773,2991.8017155695825,1481391,48.03839953926804,-11.149323635328074,-22.93238898651691,87768778,3335.484379127968,2948.9074462890626,3049.844765625,3029.6051107496805,2868.2097818284446
2025-09-05,2926.800048828125,2979.703716897792,2907.8853038462717,2973.6550115959403,2802055,41.667483797957146,-13.837258692898104,-21.113362927793148,84966723,3331.417868378716,2949.6755615234374,3042.4545654296876,3029.216146975306,2870.134976071569
2025-09-08,2898.668212890625,2942.7386295513115,2895.7877873726816,2928.432609909376,2626187,38.28732432843519,-18.02963622084644,-20.496617586403808,82340536,3327.111901657441,2948.3313720703127,3034.559150390625,3030.3279454775216,2866.334798663104
2025-09-09,2927.8564453125,2938.034042622692,2909.997947659983,2911.246178939102,2489301,43.41624608990514,-18.780390544180136,-20.153372177959074,84829837,3323.139210549531,2948.95546875,3027.260888671875,3030.1250052779515,2867.7859322220484
2025-09-10,2986.041015625,2998.2347696750494,2931.696895660388,2934.5773210773896,2079428,51.983253569255666,-14.513062646715298,-19.02531027171032,86909265,3319.7849996547598,2952.277551269531,3020.7263427734374,3033.807055902981,2870.748046636081
2025-09-11,2999.675048828125,3013.885194748687,2986.137189714118,3013.885194748687,2263446,53.750298228194126,-9.916708367293268,-17.203589890826912,89172711,3316.599826014694,2956.5406005859377,3015.0826318359377,3038.619474643046,2874.4617265288293
2025-09-12,3008.50830078125,3023.198517586115,2996.6026359147436,3018.685897890405,1447167,54.908100197196354,-5.497918296074658,-14.862455571876463,90619878,3313.5342386989387,2961.206884765625,3009.73806640625,3043.9587823200695,2878.4549872111807
2025-09-15,2987.865234375,3009.0844623500607,2972.5990732086116,3009.0844623500607,1732539,51.65374158859775,-3.619989283554787,-12.613962314212129,88887339,3310.2937510937254,2965.5083251953124,3004.4112353515625,3044.3184148447776,2886.698235545847
2025-09-16,3020.318115234375,3024.4467719955323,2985.1770648150605,3003.3236516831826,2573429,56.062608499529716,0.48140986071803127,-9.994887879226098,91460768,3307.4084213836823,2971.965283203125,2999.3698486328126,3046.397215652309,2897.5333507539412
2025-09-17,3046.337890625,3055.5551110798156,3017.1494398273812,3026.366894691811,2418271,59.26973662027994,5.7649222144773375,-6.842925860485411,93879039,3304.810704659715,2979.483190917969,2995.0038720703124,3052.047184073331,2906.9191977626065
2025-09-18,3050.082275390625,3075.334050504916,3035.392059613066,3058.0514988629902,2633138,59.72532816967559,10.137426436309852,-3.4468554011263586,96512177,3302.276093423207,2983.232531738281,2990.818046875,3061.9872051467546,2904.4778583298075
2025-09-19,3042.881591796875,3053.731241896356,3018.6860633617807,3043.64975218093,4901694,58.373102549836624,12.87323787401283,-0.18283674609852074,91610483,3299.6950536060294,2986.4298095703125,2986.91689453125,3069.3111605374233,2903.5484586032017
2025-09-22,2951.283935546875,2983.0644887376598,2942.8346407567424,2971.6388949892716,3634901,44.55417503728315,7.5630407767835095,1.3663387584778852,87975582,3296.2282763119088,2987.3803588867186,2981.2182373046876,3068.1649957285604,2906.5957220448768
2025-09-23,2940.338134765625,2957.9087764692863,2930.352753876681,2947.6353061603577,3177741,43.23693676357542,2.443272153648195,1.5817254375119472,84797841,3292.687080873637,2983.6261962890626,2977.520654296875,3065.815714623861,2901.4366779542643
2025-09-24,2914.4140625,2935.1532172690772,2912.1098161521463,2928.4322252766387,1625714,40.20515431118384,-3.663803297674349,0.5326196904746879,83172127,3288.923170243054,2977.77890625,2974.1332666015624,3062.1632473372256,2893.3945651627746
2025-09-25,2839.52294921875,2908.845366983573,2833.3781361471615,2901.548196352667,4974361,33.00509803449509,-14.381016140403972,-2.450107475701044,78197766,3284.4515262527625,2971.2355346679688,2968.681572265625,3074.973078708296,2867.4979906276417
2025-09-26,2783.547119140625,2837.0269692313786,2776.057966398974,2823.7769658283983,3934636,28.84687424872901,-27.07911502751631,-7.375908986064098,74263130,3279.467402798911,2962.3254272460936,2962.2678271484374,3094.504504253063,2830.1463502391243
2025-09-29,2780.666748046875,2812.5434087793974,2778.6503565122343,2799.773476015783,3110035,28.646871202047407,-36.94894729096541,-13.29051664704436,71153095,3274.5042122043633,2951.9318969726564,2956.2554248046877,3105.234762706353,2798.6290312389597
2025-09-30,2773.2734375,2799.101392157332,2770.105157137798,2794.9727356006983,2253458,28.10817284182231,-44.85043099067252,-19.602499515769992,68899637,3269.5168413117826,2941.2215209960937,2950.465771484375,3112.0253322004846,2770.4177097917027
2025-10-01,2798.044921875,2808.2225177556543,2752.3423171660024,2775.7696811050214,1952902,32.676260757703986,-48.553863272600665,-25.39277226713613,70852539,3264.825578431815,2932.4218139648438,2945.7802783203124,3113.3878661616745,2751.455761768013
2025-10-03,2786.2353515625,2807.454578770542,2775.8660078142957,2807.454578770542,2899519,31.64394558796799,-51.84416638710127,-30.683051091129162,67953020,3260.06348662217,2923.1180419921875,2940.8317041015625,3113.796676390329,2732.439407594046
2025-10-06,2869.287841796875,2874.28076699856,2780.1868646812827,2786.3316788238635,2112774,44.84155365843882,-47.20595261039716,-33.98763139498276,70065794,3256.1751717482866,2920.242431640625,2937.1697265625,3112.341603247661,2728.143260033589
2025-10-07,2855.173583984375,2884.745997894136,2837.699050349848,2875.624650921264,3062943,43.311143087742,-44.15998856400074,-36.02210282878636,67002851,3252.185106198397,2918.0677001953127,2933.8226708984375,3112.069956648171,2724.0654437424546
2025-10-08,2906.541015625,2921.711301932003,2849.70067174965,2856.421663900003,4121889,49.999455189187344,-37.17261490886585,-36.252205244802255,71124740,3248.745861516075,2917.0019287109376,2931.737236328125,3111.0115702719067,2722.9922871499684
2025-10-09,2939.666015625,2943.794672125363,2899.628150625765,2913.070135429991,3211304,53.7860161879448,-28.632107174399152,-34.72818563072163,74336044,3245.670440163925,2914.6831787109377,2931.3992626953127,3106.432201329333,2722.9341560925423
2025-10-10,2907.597412109375,2947.635277630445,2887.0502372807746,2928.4324419455565,8817365,49.850106236845534,-24.172713564033984,-32.6170912173841,65518679,3242.306529437014,2910.079296875,2930.86734375,3097.8243974335387,2722.3341963164617
2025-10-13,2887.33837890625,2914.5104387736105,2878.6971026918,2906.349233459963,2866865,47.48601178987629,-22.01951935486295,-30.497576844879873,62651814,3238.774508038698,2904.02080078125,2929.976328125,3086.413721126533,2721.6278804359667
2025-10-14,2842.307861328125,2906.5412549765147,2837.699133735008,2900.5884226064827,3611416,42.644963771924765,-23.67378718177406,-29.132818912258713,59040398,3234.8295662803844,2896.7429321289064,2928.5073095703124,3076.7735613947493,2716.7123028630635
2025-10-15,2862.063720703125,2871.604481316868,2843.945686891503,2863.2201408860237,4282226,45.28061866282664,-23.124113225003384,-27.931077774807648,63322624,3231.120453389068,2888.830212402344,2928.082470703125,3060.139719742373,2717.520705062315
2025-10-16,2862.93115234375,2867.075207263124,2836.332545372744,2862.1601270799792,3251495,45.3992609534948,-22.36073750719879,-26.817009721285878,66574119,3227.456878254289,2879.659875488281,2926.3039013671873,3035.168671095408,2724.151079881154
2025-10-17,2854.73974609375,2880.374867719902,2848.1863837329993,2862.2568312933195,4374683,44.41980947739182,-22.161273411970342,-25.885862459422775,62199436,3223.7482500735873,2869.8927490234373,2924.5631298828125,3004.491568356191,2735.293929690684
2025-10-20,2905.81689453125,2913.333979311689,2870.4483153754104,2877.1943748710046,3133039,51.4529578293305,-17.677917639646694,-24.24427349546756,65332475,3220.5847539985393,2863.039514160156,2924.450712890625,2973.5024299042225,2752.57659841609
2025-10-21,2897.62548828125,2921.815026282457,2887.3137006926995,2921.1404673344027,310644,50.35251516117884,-14.617304725265967,-22.318879741427242,65021831,3217.3712289665264,2860.356591796875,2923.8921826171877,2964.5443348622503,2756.1688487314996
2025-10-23,2961.712890625,2985.613263353556,2925.958915568601,2944.1731825516827,5564758,57.93300769669145,-6.940424280876414,-19.243188649317077,70586589,3214.8273649034268,2861.425329589844,2924.8189501953125,2969.2479961422487,2753.602663037439
2025-10-24,2952.075439453125,2977.9032558486515,2947.3532921577225,2968.2660284834456,2684318,56.53505587702892,-1.6154807295429237,-15.717647065362247,67902271,3212.212917884021,2863.3083984375,2925.4684716796874,2975.9737034337195,2750.64309344128
2025-10-27,2972.988525390625,2981.9511949510156,2949.1846180560947,2955.256119066933,1946312,58.85523405789191,4.243173987792943,-11.72548285473121,69848583,3209.8325756701565,2869.9816772460936,2926.6399609375,2991.670365629384,2748.292988862803
2025-10-28,2946.9677734375,2978.0960660621163,2929.9099274122086,2964.4112497423184,3470737,54.92651763638158,6.709203322916892,-8.03854561920159,66377846,3207.2170054986877,2878.1527099609375,2927.2756640625,2997.45174186111,2758.853678060765
2025-10-29,2946.678955078125,2964.4113606511696,2935.596142774,2946.96788369373,2895420,54.88272602732871,8.541779789597967,-4.72248053744168,63482426,3204.624587086543,2886.4533203125,2928.1725146484373,3000.4494833329927,2772.4571572920077
2025-10-30,2925.187744140625,2952.653842834952,2922.778437237614,2938.487165302022,2241536,51.58686602696425,8.165818259481512,-2.1448207780570416,61240890,3201.844120987579,2894.049035644531,2928.8526904296873,2996.5306416084445,2791.567429680618
2025-10-31,2947.064208984375,2956.1231088421955,2915.357824198127,2924.898585437403,1868085,54.5771239490311,9.5233348458205,0.18881034671846675,63108975,3199.30899748506,2901.5,2929.8743798828127,2996.3639859501654,2806.6360140498346
2025-11-03,2907.359130859375,2947.06446508497,2900.80576844531,2936.367047373489,2194877,48.698029512719025,7.3110315249082305,1.6132545823564197,60914098,3196.4040236877895,2907.556188964844,2928.5196533203125,2986.3098820734403,2828.8024958562473
2025-11-04,2881.72412109375,2919.405779977123,2868.039303195767,2910.0577150577624,2670720,45.304779007478736,3.449470804714565,1.9804978268280489,58243378,3193.272880378396,2908.1780029296874,2926.5754150390626,2985.9029245116435,2830.4530813477313
2025-11-06,2901.6728515625,2914.2977142131544,2881.531139384038,2881.627605776501,2542721,48.3224566977032,1.9760730037255598,1.9796128622075513,60786099,3190.3713875543576,2910.502966308594,2925.9634130859376,2984.436120775208,2836.5698118419796
2025-11-07,2883.265869140625,2895.023240036059,2853.1012989769483,2892.1320716871546,1830520,45.81089272772164,-0.6691811133664487,1.4498540670927516,58955579,3187.3156112517336,2909.339208984375,2923.320302734375,2984.211944253825,2834.466473714925
2025-11-10,2915.4541015625,2937.3305615709287,2883.4585523829414,2884.422275161144,1556656,50.64205396257591,-0.16632541517401478,1.1266181706393983,60512235,3184.6105216030846,2908.12861328125,2921.0021875,2981.773705860106,2834.4835207023943
2025-11-11,2936.46337890625,2944.847720230334,2908.5154176367123,2934.5359333014544,2806868,53.55275855019749,1.905499041488838,1.2823943448092863,63319103,3182.141395805106,2909.571911621094,2920.3236474609375,2984.243074557162,2834.900748685026
2025-11-12,3018.18701171875,3022.619995280987,2946.1969680097523,2948.991669923252,4460315,62.75392348391595,10.026272398088167,3.031169955465063,67779418,3180.5100088987747,2916.1143432617187,2921.45240234375,3003.6651909194325,2828.563495604005
2025-11-13,2993.03369140625,3018.2831803470704,2989.4679642954256,3018.186949242595,1740435,58.887258322087,14.267909477069225,5.278517859785895,66038983,3178.644572903824,2923.650634765625,2921.5423291015627,3010.4366131018173,2836.8646564294327
2025-11-14,2993.322998046875,3000.1655239975616,2965.6642009169345,2977.9034333434784,2210794,58.91861200446652,17.45161074416046,7.713136436660808,68249777,3176.8005771341036,2930.2135986328126,2921.659169921875,3017.229540282447,2843.197656983178
2025-11-17,2989.66064453125,3010.187986001932,2974.6267109195564,2993.322838009285,2232853,58.312351586079835,19.454931277026844,10.061495404734016,66016924,3174.9384882524832,2936.5500732421874,2921.9716015625,3021.476954715333,2851.623191769042
2025-11-18,2975.108642578125,2992.3591859617445,2966.338671301208,2989.4680176661295,2548350,55.85310979128683,19.641932321877448,11.977582788162703,63468574,3172.9501315791067,2942.5685180664063,2922.02755859375,3020.1987648299264,2864.9382713028863
2025-11-19,3033.51025390625,3040.5454775036865,2971.639296317787,2984.6495543039355,3151053,62.659377111227215,24.223421425107972,14.426750515551758,66619627,3171.5626701097253,2948.9531860351562,2924.1617626953125,3034.0845126388167,2863.821859431496
2025-11-20,3030.715576171875,3049.7008686990343,3024.2586803244717,3033.79944214396,2700767,62.16546501664145,27.31391954797209,17.004184322035826,63918860,3170.161206488453,2955.6076904296874,2926.8027099609376,3044.378880751674,2866.836500107701
2025-11-21,3036.30517578125,3055.0013041600305,3021.463703354114,3030.715536432949,4177037,62.79711123419213,29.869874233608243,19.57732230435031,68095897,3168.8293056853963,2959.3373046875,2928.9716845703124,3054.8341437747818,2863.840465600218
2025-11-24,3027.24609375,3063.578397230728,3017.4161679823073,3043.4366842823783,6703764,61.01908022032581,30.809343591844026,21.823726561849053,61392133,3167.420517506935,2963.095837402344,2929.7957861328123,3062.970327598983,2863.2213472057047
2025-11-25,3006.04443359375,3035.534448554938,3001.9968444557608,3031.197695489111,2737920,56.954654004590445,29.50299092737805,23.359579434954853,58654213,3165.8147853286946,2964.7486328125,2929.923173828125,3066.3032003572594,2863.194065267741
2025-11-26,3048.15869140625,3062.71099952004,3003.923909850209,3005.658657913636,2508527,62.323144650204306,31.50282076302574,24.98822770056903,61162740,3164.6440779264813,2969.8081787109377,2930.716181640625,3077.228614165787,2862.3877432560885
2025-11-27,3022.81298828125,3064.6384631299097,3011.6337098367826,3064.6384631299097,2836233,57.66216886274769,30.68875305433812,26.12833277132285,58326507,3163.232823303146,2973.614880371094,2931.41513671875,3082.8673211380506,2864.3624396041373
2025-11-28,3023.68017578125,3033.12470593688,3011.6336412163846,3026.089482694223,1616690,57.77851563378069,29.770398689363446,26.85674595493097,59943197,3161.8442397457143,2978.539501953125,2931.4823779296876,3087.495261226497,2869.5837426797534
2025-12-01,3019.72900390625,3039.581788202742,3008.935355329588,3024.0657566161144,1747647,57.009787550555274,28.396433283022816,27.16468342054934,58195550,3160.4301577970627,2982.172741699219,2930.9502001953124,3091.533301113306,2872.8121822851317
2025-12-02,3021.94580078125,3029.9447477765,3007.2007935969305,3017.416350282513,2512003,57.35262114573191,27.173197079673173,27.16638615237411,60707553,3159.0522039959105,2987.9020751953126,2930.387470703125,3092.9039555522554,2882.9001948383698
2025-12-03,3064.638427734375,3095.3810901757683,3025.125793917674,3026.089516693691,3952112,63.40525219718526,29.310834716276077,27.595275865154502,64659665,3158.112763436094,2997.0477905273438,2930.822607421875,3095.097575919851,2898.9980051348366
2025-12-04,3112.0537109375,3132.0991928283806,3071.7700496468055,3078.130714428876,5025905,68.7156718648807,34.43401118604288,28.96302292933218,69685570,3157.6544644062574,3007.5668334960938,2934.0380029296875,3107.5526120096956,2907.581054982492
2025-12-05,3120.727294921875,3152.9157793761647,3105.5004267906515,3112.824814585589,5244013,69.58515393421852,38.74739533420325,30.919897410306394,74929583,3157.287029884025,3019.439904785156,2937.6457861328126,3113.801913431166,2925.077896139146
2025-12-08,3119.0888671875,3141.6398867746047,3092.2010949656524,3125.353065437683,2544725,69.19393916728731,41.55456081239345,33.0468300907238,72384858,3156.906948663164,3029.6216430664062,2941.7392822265624,3120.7967009780896,2938.446585154723
2025-12-09,3091.911865234375,3116.390329915732,3065.794883587669,3112.824602659864,2734893,62.879078749829795,41.112384768419815,34.659941026263006,69649965,3156.2602314151163,3037.3940673828124,2946.787060546875,3121.7241971435456,2953.0639376220793
2025-12-10,3073.504638671875,3108.005961204973,3062.8074569989867,3108.005961204973,1386849,58.95457533790519,38.82905059486848,35.4937629399841,68263116,3155.436792681353,3040.159948730469,2952.5862109375,3125.412414156712,2954.9074833042255
2025-12-11,3076.10693359375,3092.0083609433445,3038.714674477584,3088.73179730002,1914362,59.340932347800475,36.80520773933176,35.75605189985363,70177478,3154.6474408496356,3044.313610839844,2958.4950146484375,3128.0586497606773,2960.5685719190105
2025-12-12,3103.669189453125,3106.078496384854,3070.131589906683,3081.696263178982,1146554,63.28308269421388,36.99884177874037,36.00460987563098,71324032,3154.1401945670837,3049.830920410156,2965.1029296875,3133.950342354058,2965.711498466254
2025-12-15,3113.017333984375,3120.727116365754,3081.31094805451,3094.610369719165,1562190,64.53889120097321,37.474631068191684,36.29861411414312,72886222,3153.7310118747187,3055.9987548828126,2971.4023779296876,3139.654720432519,2972.3427893331063
2025-12-16,3088.827880859375,3103.187255724176,3075.3357623562265,3103.187255724176,1734623,58.92289741688599,35.49069614746895,36.13703052080829,71151599,3153.085209576059,3061.684716796875,2977.454228515625,3137.68411264477,2985.68532094898
2025-12-17,3101.067138671875,3119.474102184826,3084.394687896739,3084.394687896739,1376350,60.782412515792785,34.508229853911416,35.81127038742892,72527949,3152.5676168307436,3065.0625610351562,2982.089814453125,3141.7548279280163,2988.370294142296
2025-12-18,3161.78173828125,3168.5277977297296,3104.1510690788923,3110.897128527372,2307422,68.41969652791387,38.18856500752554,36.28672931144824,74835371,3152.659299631246,3071.615869140625,2988.2219775390627,3157.318244768477,2985.9134935127727
2025-12-19,3162.938232421875,3197.5357868591873,3159.854366515901,3179.3215200364916,3902511,68.54535098427178,40.72907709627589,37.17519886841377,78737882,3152.7615775694617,3077.9475219726564,2993.349921875,3170.7005471085868,2985.194496836726
2025-12-22,3204.281982421875,3207.8479451634685,3171.6118722000997,3189.9226061933546,2632816,72.72364538525771,45.553434691777966,38.85084603308661,81370698,3153.274218413764,3086.79931640625,2998.6422412109373,3191.525907240306,2982.072725572194
2025-12-23,3189.922607421875,3199.463369445318,3174.0211805268714,3199.463369445318,2365420,69.28140470391986,47.66859736982906,40.614396300435104,79005278,3153.6388790009096,3095.9932250976562,3004.2887451171873,3203.0079876773425,2988.97846251797
2025-12-24,3198.595947265625,3206.4021959958864,3176.5267894381177,3184.236571775606,1367708,70.19896056579135,49.4744345852414,42.38640395739637,80372986,3154.0862130134938,3103.515087890625,3010.513896484375,3216.9773323909094,2990.052843390341
2025-12-26,3161.010986328125,3199.559900795541,3153.108505919085,3192.9103071634727,1176664,61.61079518596353,47.32722258993499,43.37456768390409,79196322,3154.155116230555,3110.4249877929688,3016.887958984375,3220.1577720990063,3000.6922034869312
2025-12-29,3133.544677734375,3168.7205598617948,3125.2565675579217,3161.010777477703,2079473,56.19982028450897,42.914547861462324,43.28256371941574,77116849,3153.950037240543,3115.918212890625,3022.317578125,3218.497710813304,3013.338714967946
2025-12-30,3129.01513671875,3148.9641510011397,3121.9799134409154,3132.099002526,2807593,55.33670151975634,38.60693848763549,42.34743867305969,74309256,3153.7019287776398,3121.38251953125,3027.6392578125,3214.0483271603953,3028.716711902105
2025-12-31,3089.887939453125,3128.2441532690227,3082.4673210816295,3122.461816571668,3362634,48.4190159625804,31.67080784606742,40.21211250766124,70946622,3153.0669637097344,3124.7796264648437,3032.3422216796876,3207.0088187823826,3042.5504341473047
2026-01-01,3110.31884765625,3116.775978595714,3082.1781891606697,3098.368779137981,1255735,51.80688171510397,27.505412609234554,37.670772527975906,72202357,3152.6416093211424,3127.0636474609373,3036.4322607421873,3204.9045308664786,3049.222764055396
2026-01-02,3132.7734375,3136.242933448354,3102.7053353217875,3116.679314934201,1184324,55.28312492370183,25.719723649289335,35.280562752238595,73386681,3152.443916069191,3128.0996337890624,3041.1352197265624,3205.6649015333137,3050.534366044811
2026-01-05,3099.428955078125,3129.207895137578,3075.2394189664337,3122.94369701057,2341703,49.56558861790142,21.367618616825894,32.49797392515605,71044978,3151.9164040195287,3127.034716796875,3043.889541015625,3205.554560498394,3048.5148730953556
2026-01-06,3137.688720703125,3144.8201752673103,3088.7315556964636,3093.550169667909,2912325,55.280579270717375,20.76640516698353,30.15166017352155,73957303,3151.774835031306,3127.964709472656,3047.601806640625,3206.526663140108,3049.402755805204
2026-01-07,3176.044921875,3180.8635358265738,3106.271250685878,3125.2565425983025,1989442,60.15517353789226,23.11846873803188,28.745021886423615,75946745,3152.016328432736,3132.1713623046876,3051.6629345703127,3211.566429539667,3052.7762950697083
2026-01-08,3087.671630859375,3167.6606296336045,3066.566193971062,3167.6606296336045,4159336,47.348910487877184,17.648074033326793,26.525632315804252,71787409,3151.3760826857374,3132.8797119140627,3054.47701171875,3210.399115884615,3055.36030794351
2026-01-09,3091.43017578125,3112.5356118812538,3075.239584998998,3075.239584998998,1938673,47.85733451084485,13.460861548669527,23.912678162377308,73726082,3150.779606000121,3133.6458740234375,3057.3720361328124,3209.1832363808953,3058.1085116659797
2026-01-12,3122.076416015625,3134.026484388671,3059.145271347969,3086.804068110982,2228342,51.933080675001456,12.471596155755833,21.624461761053013,75954424,3150.494002119678,3134.5662353515627,3061.3098095703126,3209.0615707771985,3060.070899925927
2026-01-13,3149.4462890625,3161.0109633185434,3094.0322249189585,3127.2806634050835,5645341,55.29401361027588,13.737755921106327,20.047120593063678,81599765,3150.4835771141343,3136.3876831054686,3065.357451171875,3210.466671234078,3062.308694976859
2026-01-14,3076.68505859375,3141.7363480080267,3067.529691935444,3141.7363480080267,3539511,46.07134888115405,8.768891130969678,17.79147470064488,78060254,3149.7492634970163,3135.7805419921874,3068.7439697265627,3211.587637422713,3059.9734465616616
2026-01-15,3076.68505859375,3076.68505859375,3076.68505859375,3076.68505859375,0,46.07134888115405,4.775975513272897,15.188374863170484,78060254,3149.0222564830538,3134.5614379882813,3072.6431884765625,3213.2902257150513,3055.8326502615114
2026-01-16,3146.54931640625,3161.464149941515,3111.519017760894,3159.0110444402844,4293470,54.51894624514916,7.16641289740528,13.583982470017443,82353724,3148.9976501141305,3133.7998168945314,3077.5407177734373,3211.7514342372774,3055.8481995517855
2026-01-19,3104.258056640625,3159.600023336744,3092.973770842994,3128.2002715520307,3387562,49.467519729587195,5.583932429055494,11.983972461825054,78966162,3148.552480029817,3130.8658081054687,3081.9605615234377,3208.6266895558724,3053.104926655065
2026-01-20,3044.10791015625,3100.7255406282875,3033.118044759914,3092.4832014713097,4499273,43.31967950660241,-0.5178395369698592,9.483610062066072,74466889,3147.513230578339,3122.8571044921873,3084.5336376953123,3201.7088450610822,3044.0053639232924
2026-01-21,3064.027099609375,3079.6287553253787,3024.188569033875,3041.8509292683366,2015150,45.72525973949468,-3.703533633327879,6.846181322987282,76482039,3146.6825228075036,3116.5623291015627,3087.084912109375,3193.058981055296,3040.0656771478293
2026-01-22,3091.305419921875,3100.7254411371077,3063.7326570458863,3090.9130188550284,2269827,48.92230985571109,-3.9811939558780978,4.680706267214206,78751866,3146.131506858393,3111.197802734375,3088.5472802734375,3178.416137866974,3043.9794676017755
2026-01-23,3103.178466796875,3134.578217290946,3092.875423666008,3130.457047950816,2068857,50.29471857499704,-3.2062267204873933,3.1033196696738865,80820723,3145.7041134249453,3108.3061767578124,3090.75017578125,3171.563191172594,3045.0491623430307
2026-01-27,3098.762939453125,3115.4440572399217,3071.2881572160486,3115.4440572399217,4279874,49.75925349338364,-2.914756261828188,1.8997044833734718,76540849,3145.237037067017,3106.56708984375,3092.858974609375,3168.858104194419,3044.2760754930814
2026-01-28,3140.073486328125,3145.0776781720924,3111.1268393421374,3116.425451779539,2751234,54.62640648583729,0.6422486204469351,1.6482133107881645,79292083,3145.1856584526995,3107.120007324219,3095.8672314453124,3170.386905124313,3043.8531095241246
2026-01-29,3085.41796875,3140.07335254898,3066.9708064954257,3140.07335254898,2457641,48.00080667782791,-0.9382275734092218,1.1309251339486874,76834442,3144.5909550725733,3106.8965087890624,3098.07341796875,3170.4363184669273,3043.3566991111975
2026-01-30,3065.302734375,3082.082073579965,3034.001200735196,3082.082073579965,3022068,45.79912021017718,-3.7704344267335728,0.1506532218122354,73812374,3143.8020175531947,3104.645703125,3098.709267578125,3170.681366540211,3038.6100397097894
2026-02-02,3110.1455078125,3138.0126916764966,3075.2131881532646,3138.0126916764966,2636272,51.17557642166169,-2.3692306965549506,-0.3533235618612018,76448646,3143.4671269090086,3103.514306640625,3100.2978662109376,3168.3479729936366,3038.680640287613
2026-02-03,3164.80078125,3287.1616459496977,3126.532332237451,3287.1616459496977,4366060,56.800226812618696,3.1155431063948527,0.3404497717900092,80814706,3143.6794020765806,3106.7828979492188,3102.8677783203125,3176.8438564834437,3036.721939414994
2026-02-04,2942.84375,3061.475843095512,2929.9893806035893,3061.475843095512,10852595,37.77049684474829,-10.32874820874622,-1.7933898243172364,69962111,3141.6810373793014,3097.0406494140625,3101.1797314453124,3195.5955435324954,2998.4857552956296
2026-02-05,2935.38623046875,2972.869637012123,2916.5464269268496,2933.9143670738968,3521545,37.31810752538409,-21.339220190807737,-5.702555897615337,66440566,3139.628352733426,3085.00771484375,3099.7665673828124,3199.515340426917,2970.5000892605826
2026-02-06,2886.422119140625,2929.0079343210614,2861.302223276454,2920.765595757455,4687389,34.40442573952045,-33.62844535175145,-11.28773378844256,61753177,3137.1088877225525,3074.9452392578123,3096.5318359375,3218.4471944064094,2931.4432841092153
2026-02-09,2892.8984375,2921.15826303242,2882.3991930324937,2903.5941220720847,2380318,35.12591315664068,-42.356896131780104,-17.50156625711007,64133495,3134.67893299397,3065.01865234375,3093.933544921875,3228.641754624674,2901.3955500628263
2026-02-10,2928.61572265625,2955.109263473934,2888.2865702537815,2894.468444356794,3547763,39.10403151033863,-45.86348415344901,-23.173949836377858,67681258,3132.6285527916048,3055.3456176757813,3092.032255859375,3227.0089025322186,2883.682332819344
2026-02-11,2855.21875,2941.76426862986,2849.723697569715,2924.1019081110685,3363513,34.431551764575815,-53.94317932074273,-29.327795733250834,64317745,3129.8682562464146,3040.634240722656,3088.74205078125,3227.293690744166,2853.9747907011465
2026-02-12,2698.514404296875,2825.977676593803,2688.603761759382,2815.9690535680857,10612156,27.01075961290391,-72.15931930196894,-37.89410044699446,53705589,3125.576178117564,3021.7257080078125,3082.2734228515624,3259.551030557757,2783.900385457868
2026-02-13,2641.700439453125,2662.110326952746,2536.5113141072056,2536.5113141072056,11168735,24.91423498203173,-90.14106355625472,-48.34349306884651,42536854,3120.761494150754,2999.9764770507813,3073.8146630859374,3287.984294239383,2711.9686598621797
2026-02-16,2655.830322265625,2668.7826718221954,2620.898002964758,2649.3540277067937,2918730,26.443395201140248,-102.07490599771836,-59.08977565462089,45455584,3116.1353133359767,2975.44052734375,3064.6901953125,3291.5592505680734,2659.321804119427
2026-02-17,2666.427490234375,2708.228504276998,2644.6439610469733,2665.0538469624375,4209118,27.633725634186092,-109.41617763386239,-69.1550560504692,49664702,3111.6606086284983,2953.5489990234373,3055.60419921875,3290.8813446027816,2616.216653444093
2026-02-18,2644.349609375,2678.7913077273606,2607.4550449905755,2678.7913077273606,2950820,26.665561809831544,-115.68217664658732,-78.46048016969283,46713882,3107.0107479394087,2933.561083984375,3046.1094140625,3293.6662264335046,2573.455941535245
2026-02-19,2627.66845703125,2697.140454434555,2616.5806115438327,2657.2039438116426,3238849,25.926457165678272,-120.60380994441721,-86.8891461246377,43475033,3102.241172905497,2911.7431518554686,3036.8245458984375,3290.0041841691686,2533.4821195417685
2026-02-20,2635.81298828125,2651.905505554349,2597.838959616639,2616.973184248376,2293482,26.990500445765434,-122.43568185930417,-93.99845327157101,45768515,3097.6000964415744,2888.9685302734374,3028.070712890625,3275.9900341018374,2501.9470264450374
2026-02-23,2626.0986328125,2653.2789947204583,2610.3005370564806,2635.616634548502,4699596,26.501511102042585,-123.25056505668817,-99.84887562859444,41068919,3092.908539589544,2865.114538574219,3019.070546875,3255.181878866636,2475.0471982818017
2026-02-24,2525.423095703125,2597.8388206557183,2513.255787797201,2591.460746119642,7798833,22.04416157684571,-130.51553844163482,-105.98220819120252,33270086,3087.261918257341,2836.447546386719,3007.505625,3237.726856124715,2435.1682366487225
2026-02-25,2579.980224609375,2604.4130601353972,2546.3235684513456,2547.3048106742554,3621285,29.012075354363873,-130.3679769536543,-110.85936194369287,36891371,3082.214339216068,2808.4428833007814,2996.8448828125,3199.0902881973757,2417.795478404187
2026-02-26,2598.03515625,2620.8981494569975,2585.573427113137,2600.292061423079,3464267,31.20361222399744,-127.32641170309398,-114.15277189557311,40355638,3077.396635902973,2784.0737426757814,2987.0290283203126,3163.2059328441374,2404.9415525074255
2026-02-27,2587.92822265625,2638.168017666852,2576.8403768444346,2631.299321894741,5083717,30.633488638872322,-124.29865685952836,-116.18194888836416,35271921,3072.5263034328564,2760.2050170898438,2976.76625,3125.3611716700207,2395.048862509667
2026-03-02,2564.4765625,2574.5834053591284,2531.8993684474203,2543.37985460111,3374385,29.295937489763602,-122.38076305598497,-117.42171172188833,31897536,3067.4710821300423,2732.9215698242188,2964.820146484375,3069.86626473242,2395.9768749160176
2026-03-04,2539.2587890625,2585.5733762002424,2531.997452542583,2575.7609535201655,3446434,27.885943957686607,-121.49516136952252,-118.23640165141516,28451102,3062.2152384179276,2701.6444702148438,2952.3465576171875,2984.161413892569,2419.1275265371187
2026-03-05,2530.427490234375,2560.551578540278,2498.6350985020495,2551.229777430436,2960636,27.38879653182164,-120.12124472545429,-118.613370266223,25490466,3056.9238180379916,2681.0236572265626,2938.8694677734375,2949.9894247226575,2412.0578897304677
2026-03-06,2509.625244140625,2570.069622274581,2505.7002751879877,2523.7550365456814,3998643,26.20375464330499,-119.3353496673476,-118.75776614644793,21491823,3051.478061083789,2659.7356079101564,2925.2635205078127,2911.658769565393,2407.81244625492
2026-03-09,2479.99169921875,2511.9802941008847,2458.0119674698108,2482.54302502939,3653428,24.572688798496202,-119.723602425649,-118.95093340228816,17838395,3045.7916296224453,2639.4140869140624,2910.891435546875,2880.241083290209,2398.5870905379156
2026-03-10,2465.9599609375,2497.45769299971,2443.39138949283,2493.3365235176843,4323710,23.816722360306073,-119.78275846754468,-119.11729841533948,13514685,3040.0221602822967,2618.0671630859374,2896.9904150390626,2840.19613715534,2395.938189016535
2026-03-11,2418.6640625,2473.711851651557,2413.954291083466,2461.053921737681,2720664,21.42422413086058,-122.23695229632267,-119.74122919153612,10794021,3033.8394926426718,2592.569580078125,2882.692802734375,2780.731775799216,2404.407384357034
2026-03-12,2396.5859375,2426.513825649523,2390.3060830242093,2413.6596961153996,2752075,20.394307692709546,-124.52795797646104,-120.69857494852111,8041946,3027.498661248217,2569.637939453125,2868.04421875,2734.5214488501347,2404.7544300561153
2026-03-13,2365.284423828125,2400.0203033629555,2352.0376535639975,2391.287343235487,2466488,18.99976159913028,-127.40077026405288,-122.03901401162747,5575458,3020.9094648559776,2552.9764404296875,2853.5521484375,2729.346485232587,2376.606395626788
2026-03-16,2364.0087890625,2379.5124645789865,2321.7173916761253,2364.793830777467,3807907,18.942913444476133,-128.301448530347,-123.29150091537139,1767551,3014.3731397237043,2539.0918579101562,2838.625947265625,2728.5717545454304,2349.611961274882
2026-03-17,2346.837158203125,2374.6063631722786,2315.7318252423875,2374.6063631722786,2993367,18.155424425778023,-128.91480007784503,-124.41616074786612,-1225816,3007.730990653848,2523.642199707031,2822.9072216796876,2722.676527335242,2324.60787207882
2026-03-18,2395.01611328125,2436.326267951688,2364.793804301608,2364.793804301608,3082388,27.288767176780652,-124.0828961834377,-124.34950783498044,1856572,3001.634325207355,2510.071630859375,2808.81896484375,2705.2879939098766,2314.8552678088736
2026-03-19,2311.806640625,2378.5311107279285,2306.115387909886,2371.6624152761565,2757060,22.598303577688682,-125.52095908565843,-124.58379808511606,-900488,2994.770368146834,2493.444482421875,2792.3013232421877,2696.5682533343247,2290.320711509425
2026-03-20,2345.7578125,2362.6351312433567,2319.8528734315287,2341.2440023374425,4206320,28.033659126966754,-122.50885267331614,-124.16880900275609,3305832,2988.312531772239,2479.3489501953127,2775.6955810546874,2682.384872182601,2276.313028208024
2026-03-23,2339.085205078125,2361.6537756859007,2303.956686393805,2320.6378037995523,3860515,27.623100305612553,-119.2851157323621,-123.1920703486773,-554683,2981.852558372297,2464.512561035156,2760.7238525390626,2662.9607820904484,2266.0643399798637
2026-03-24,2353.803955078125,2389.7172776589064,2334.47353068287,2359.0045869106293,3420182,30.05644341260755,-114.22587606942261,-121.39883149282636,2865499,2975.6033185385245,2450.8978271484375,2745.971328125,2640.2903293571812,2261.5053249396938
2026-03-25,2332.80517578125,2376.1762738846405,2325.3478785890734,2355.864368126978,5843778,28.580140305061676,-110.63548122248903,-119.2461614387589,-2978279,2969.207317118054,2441.2669311523437,2730.1859033203127,2634.0799882643955,2248.453874040292
2026-03-27,2344.97265625,2376.6668272056972,2340.262645780238,2358.8080275261386,4979411,30.704054947437314,-105.59106537940806,-116.51514222688874,2001132,2962.9960269601634,2429.516552734375,2714.0964306640626,2615.610161814558,2243.4229436541923
2026-03-30,2314.652099609375,2353.0187649541185,2302.1903717438945,2330.5484146912077,6804756,28.434770245538843,-102.85430460326097,-113.78297470216319,-4803624,2956.5448436034394,2415.3473999023436,2698.855771484375,2590.8091801986466,2239.8856196060406
2026-04-01,2363.02734375,2425.6306420517385,2352.9205014959025,2383.437228779803,4132661,36.49869694035719,-95.67899614801627,-110.1621789913338,-670963,2950.639196838729,2404.1023559570312,2684.5826171875,2561.8099393831108,2246.3947725309517
2026-04-02,2404.730224609375,2423.570027038862,2331.1370592120925,2341.24390183887,5378361,42.51245352989464,-85.64023126526172,-105.25778944611939,4707398,2945.207266766795,2396.1150390625,2669.7462353515625,2535.6592777982887,2256.570800326711
2026-04-06,2427.4951171875,2435.4432752720936,2402.2772391631793,2427.593337237373,2572417,45.544191416288285,-74.98314220541533,-99.20285999797858,7279815,2940.0559020943642,2390.52685546875,2656.2109765625,2514.8112012595807,2266.2425096779193
2026-04-07,2492.1591796875,2496.182129281132,2402.0810908677395,2414.837240451596,4516550,53.10887239403837,-60.62067550946267,-91.4864231002754,11796365,2935.599218289321,2388.6134399414063,2645.172001953125,2505.1610367265384,2272.0658431562742
2026-04-08,2511.195068359375,2531.899375247164,2492.453485493659,2523.755016821873,4769337,55.08682123334626,-47.15866432360099,-82.62087134494053,16565702,2931.3762914243466,2388.691931152344,2634.115361328125,2505.567067288817,2271.816795015871
2026-04-09,2540.436279296875,2556.136155878084,2483.622446743067,2506.0927992754805,5628261,58.01643628806207,-33.74145167500774,-72.84498741095396,22193963,2927.486341054919,2391.71416015625,2623.097978515625,2520.405270506875,2263.023049805625
2026-04-10,2476.94970703125,2517.671257898199,2454.1849361455575,2517.671257898199,10480239,50.33905618454648,-27.909328422512772,-63.85785561326573,11713724,2923.0033894725943,2392.2636474609376,2610.5734033203125,2522.3048949233134,2262.2223999985617
2026-04-13,2426.2197265625,2457.9136601554055,2423.6684008424363,2443.195026142192,3739587,45.19272190166555,-27.06878211196863,-56.50004091300631,7974137,2918.0602684486134,2392.6414306640627,2597.1225390625,2523.0307010804586,2262.252160247667
2026-04-15,2506.975830078125,2510.9990192902537,2446.629429262826,2454.9699887251027,5261384,53.36591449823197,-19.65967595161237,-49.131967920727526,13235521,2913.9698760270167,2398.160925292969,2584.4605859375,2537.7706015583517,2258.551249027586
2026-04-16,2528.56298828125,2545.3423261167095,2510.0176060935014,2523.754997213638,3905403,55.28549668602667,-11.90872630035301,-41.68731959665263,17140924,2910.134981621586,2406.324853515625,2573.323486328125,2556.0213115479796,2256.62839548327
2026-04-17,2533.07666015625,2540.435976426315,2507.9567647966655,2521.7923752088177,2718206,55.69613929758305,-5.340267976142968,-34.417909272550695,19859130,2906.383157527404,2414.7782470703123,2562.67896484375,2572.8233809158155,2256.733113224809
2026-04-20,2531.212646484375,2545.3424392975157,2513.15764504414,2538.571963483115,2288558,55.4695839576235,-0.2818784369696914,-27.590703105434496,17570572,2902.650117616528,2423.997021484375,2551.1003076171874,2586.5593685624863,2261.434674406264
2026-04-21,2561.532958984375,2564.9673069470045,2511.9802240950007,2511.9802240950007,2719959,58.43156419502845,6.103173947703908,-20.851927694806818,20290531,2899.2559170331238,2432.322863769531,2539.034951171875,2604.846735454757,2259.798992084305
2026-04-22,2490.883544921875,2531.6050998221144,2456.6382849386455,2531.6050998221144,5232045,50.073710696576185,5.4003053330156945,-15.601481089242316,15058486,2895.1925103454496,2441.276708984375,2529.9957470703125,2606.276222898615,2276.2771950701353
2026-04-23,2474.496826171875,2511.4896121641627,2469.0999936393873,2481.5617226658205,2509050,48.34636528819649,3.4808802179977647,-11.7850088277943,12549436,2891.006483637255,2447.713659667969,2520.777958984375,2607.2600340410486,2288.167285294889
2026-04-24,2351.939453125,2458.0118361710306,2343.991534636913,2441.3307179215667,5107719,37.83431525369731,-7.839267567798288,-10.9958605757951,7441717,2885.6426325873817,2448.3563720703123,2510.0883056640623,2606.2421052989293,2290.4706388416953
2026-04-27,2401.6884765625,2412.874541687738,2351.9393059532576,2351.9393059532576,5853425,43.23029178587834,-12.650409774558284,-11.326770415547736,13295142,2880.8271683483285,2450.750598144531,2500.2641064453123,2604.2189077904404,2297.2822884986217
2026-04-28,2398.8427734375,2440.349366669426,2381.867235359066,2398.155951805419,4508363,43.000369413891825,-16.50266662715285,-12.36194965786876,8786779,2876.0313037223505,2454.0524780273436,2489.6686474609373,2599.879678317287,2308.2252777374
2026-04-29,2428.280029296875,2441.2323784506298,2401.688509360205,2405.024637022461,2835961,46.18866963093704,-16.98448088325631,-13.28645590294627,11622740,2871.576067160903,2458.2178466796877,2481.129873046875,2595.8744247254936,2320.561268633882
2026-04-30,2427.4951171875,2444.2744555611544,2392.26861608113,2432.4995485090735,3970446,46.11460105181337,-17.231029418749586,-14.075370606106935,7652294,2867.15735124077,2463.859997558594,2475.7094873046876,2585.8786456753396,2341.8413494418483
2026-05-01,2427.4951171875,2427.4951171875,2427.4951171875,2427.4951171875,0,46.11460105181337,-17.22782921813905,-14.705862328513359,7652294,2862.782602643225,2467.083386230469,2471.425380859375,2581.442581926234,2352.7241905347037
2026-05-04,2385.6943359375,2451.4375668418284,2379.512461835769,2447.2181772447047,2632358,41.95880342423683,-20.363528656770086,-15.837395594164704,5019936,2858.03545571083,2466.131591796875,2466.0226611328126,2582.8434341193065,2349.4197494744435
2026-05-05,2381.76953125,2414.248508305356,2366.9526763935437,2384.418837601779,3385720,41.57990935498036,-22.90130005918172,-17.25017648716811,1634216,2853.296491288334,2463.8453125,2460.329501953125,2585.194321000678,2342.496303999322
2026-05-06,2389.71728515625,2424.6496051586114,2361.3594798924314,2396.0953597954776,3147628,42.70814200758083,-23.99459016189212,-18.599059222112913,4781844,2848.6837628691096,2458.7232177734377,2455.23685546875,2583.46012618109,2333.9863093657855
2026-05-07,2356.35498046875,2393.9366055534624,2353.018852732181,2392.4647422177254,5829594,39.27894403362974,-27.239094289663626,-20.327066235623057,-1047750,2843.7849690143794,2450.9812133789064,2449.8105859375,2580.8455039745527,2321.11692278326
2026-05-08,2349.486083984375,2361.8498307717123,2330.5483023329007,2353.018651512491,3792199,38.591885888005265,-30.018613832515257,-22.2653757550015,-4839949,2838.8665721484094,2441.433703613281,2444.0840478515624,2571.663979261829,2311.2034279647332
2026-05-11,2348.014404296875,2369.699953108347,2326.5252955775945,2326.5252955775945,1975188,38.436757442810595,-31.971606568140032,-24.206621917629207,-6815137,2833.982470975757,2434.9869384765625,2438.52236328125,2570.2157718287044,2299.7581051244206
2026-05-12,2257.151611328125,2330.450360002076,2240.176072372522,2330.450360002076,6347884,30.33032199793726,-40.385694258023705,-27.442436385708106,-13163021,2828.242860432,2426.5335327148437,2433.15693359375,2582.4524379487557,2270.6146274809316
2026-05-13,2230.167236328125,2265.8843552424923,2226.4384681959255,2262.7444282326155,3171843,28.41376005996652,-48.670292086188965,-31.68800752580428,-16334864,2822.2918591971356,2412.6931030273436,2426.160673828125,2585.7891077874597,2239.5970982672275
2026-05-14,2203.8701171875,2222.513720137884,2165.012827845418,2222.513720137884,5633313,26.646629584656466,-56.70420254299279,-36.69124652924199,-21968177,2816.1384090278857,2396.458459472656,2418.277373046875,2583.3921752111128,2209.5247437341995
2026-05-15,2221.532470703125,2261.665183205434,2209.7575636145925,2209.7575636145925,3410637,29.804360543093665,-60.9434124205186,-41.54167970749731,-18557540,2810.2219320296294,2380.88125,2410.9494580078126,2571.565622767569,2190.196877232431
2026-05-18,2240.3720703125,2249.8900714309348,2209.953563101145,2221.5322685970373,3773336,33.11194830675633,-62.0673448352627,-45.646812733050396,-14784204,2804.551784151847,2366.339221191406,2404.4673681640625,2553.270512771451,2179.407929611361
2026-05-19,2283.448974609375,2333.0017090765828,2254.0117066090534,2256.857213357978,10394707,40.065915218059104,-58.8042642495102,-48.278303036342365,-4389497,2799.366681569335,2352.435021972656,2399.351171875,2519.539900085455,2185.3301438598573
2026-05-20,2283.7431640625,2298.0693970332622,2274.3233820043192,2280.308816116464,2537422,40.1117076070095,-55.554117460998896,-49.73346592127367,-1852075,2794.2360993055854,2342.0780029296875,2394.4174853515624,2498.9380822441312,2185.2179236152438
2026-05-21,2283.546875,2292.0836345084317,2270.594525446405,2287.275643394801,3299087,40.0896983239219,-52.390269190530034,-50.26482657512494,-5151162,2789.1546144866243,2332.5305053710936,2389.89591796875,2478.8817789616687,2186.1792317805184
2026-05-22,2273.83251953125,2296.1066687906364,2264.805139514887,2287.373709336333,2617262,38.95062482443915,-50.08936492267776,-50.22973424463551,-7768424,2784.0270314522427,2328.6251586914063,2385.772734375,2476.852813360086,2180.3975040227265
2026-05-25,2295.61328125,2313.415817804508,2280.496215777924,2312.3217190072714,3298364,42.87008531953563,-45.978346513917586,-49.37945669849192,-4470060,2779.1671931417727,2323.321398925781,2382.36580078125,2468.2669930800926,2178.3758047714696
2026-05-26,2263.78759765625,2315.205623652634,2260.008270887014,2295.613098349941,3587597,38.936477261466486,-44.77229435482923,-48.45802422975938,-8057657,2774.0390379628125,2316.568640136719,2379.268271484375,2459.3796528660796,2173.757627407358
2026-05-27,2271.744140625,2283.0821217701528,2248.571147658945,2262.5943570616037,2653950,40.40862533880578,-42.682446137469015,-47.30290861130131,-5403707,2769.0410787853216,2308.741845703125,2376.771435546875,2443.114129936294,2174.369561469956
2026-05-28,2271.744140625,2271.744140625,2271.744140625,2271.744140625,0,40.40862533880578,-40.55869102543511,-45.954065094128076,-5403707,2764.0928505449206,2300.954296875,2374.9006298828126,2424.51248252694,2177.3961112230604
2026-05-29,2246.58203125,2321.2726050840133,2222.81245602518,2278.507085795833,16331582,37.125871635852626,-40.439806816286364,-44.85121343855973,-21735289,2758.9434891589012,2291.908642578125,2372.5520947265627,2402.9405416330005,2180.87674352325
2026-06-01,2284.8720703125,2322.267132829976,2267.5670504720965,2271.5452382799426,7505095,44.513049075522375,-36.83133536748028,-43.24723782434384,-14230194,2754.226360613166,2286.867529296875,2371.31279296875,2389.225639524373,2184.509419069377
2026-06-02,2433.556884765625,2443.9996279549005,2303.569644295269,2307.34897134468,11306127,62.7936116693541,-21.723558174946902,-38.942501894464456,-2924067,2751.0356195599566,2289.456896972656,2372.0836083984377,2403.2665575297824,2175.6472364155297
2026-06-03,2229.475830078125,2379.9508308808004,2212.6680838914085,2379.9508308808004,15660062,42.22868985785523,-25.91938886042726,-36.33787928765702,-18584129,2745.8459699133714,2281.44482421875,2370.4369921875,2388.238935415431,2174.650713022069
2026-06-04,2228.77978515625,2240.8139007540485,2204.5129359355733,2229.4759194813155,4867263,42.17795384092097,-28.96686789426758,-34.86367700897913,-23451392,2740.701032751609,2275.066064453125,2368.097431640625,2378.384227656455,2171.7479012497947
2026-06-05,2186.9091796875,2259.4117976453776,2180.0469028924485,2250.560184151513,5019717,39.132168241036396,-34.364492440859976,-34.763840095355306,-28471109,2735.190666054454,2266.937219238281,2365.0539111328126,2371.1340990116796,2162.7403394648827
2026-06-08,2139.668212890625,2165.128711955583,2131.6125282744956,2158.1668832997775,6536734,35.97559395741693,-41.97029258576595,-36.20513059343744,-35007843,2729.2650695055604,2256.519909667969,2360.7711962890626,2367.6400536910764,2145.3997656448614
2026-06-09,2139.2705078125,2162.145087858845,2121.169801728995,2162.145087858845,4148655,35.94930341028872,-47.48268464187322,-38.4606414031246,-39156498,2723.394476851898,2250.6258544921875,2356.9005029296877,2372.9292947534946,2128.3224142308804
2026-06-10,2142.154541015625,2168.907999188303,2133.1043096144995,2139.568864676436,2848650,36.31277276146565,-51.03033178482019,-40.97457947946372,-36307848,2717.6109949032784,2246.2252197265625,2352.844140625,2377.183851791879,2115.266587661246
2026-06-11,2123.95458984375,2142.8509821277357,2098.494090484758,2115.4013888441136,3079815,34.96435606059708,-54.68013312380526,-43.715690208332035,-39387663,2711.7039659972133,2242.229443359375,2349.0301904296875,2382.6485618635224,2101.810324855228
2026-06-12,2149.61376953125,2156.177876796519,2126.3414670622496,2138.276030955957,2124656,38.43534620943526,-54.86964253826545,-45.94648067431872,-37263007,2706.1110287189454,2238.633508300781,2344.7619189453126,2384.563853047856,2092.7031635537064
2026-06-15,2150.21044921875,2180.046856932239,2147.525221086398,2180.046856932239,3337083,38.51752059742443,-54.34522512394551,-47.62622956424408,-33925924,2700.5796796691925,2234.1254272460938,2339.6715234375,2385.0475836537225,2083.203270838465
2026-06-16,2187.0087890625,2196.954258771743,2148.818282502735,2155.183285992923,3079898,43.524086706834225,-50.379557873065096,-48.176895226008284,-30846026,2695.4695215537035,2229.30341796875,2334.861796875,2379.7757518201624,2078.831084117338
2026-06-17,2210.8779296875,2218.8343055028395,2188.6994835403766,2196.9542720106556,2865010,46.563699119487,-44.794336611001654,-47.500383503006965,-27981016,2690.647714669463,2225.66015625,2329.236171875,2374.1996875661307,2077.1206249338693
2026-06-18,2191.285400390625,2201.927004470057,2170.101501243751,2196.9542695909468,3735188,44.448968569181034,-41.47091104633182,-46.29448901167194,-31716204,2685.678935422907,2221.047082519531,2322.837978515625,2367.829305193787,2074.264859845275
2026-06-19,2113.412353515625,2126.341464384191,2048.6672473500757,2093.521413717831,13286502,37.21457719367796,-44.606579530749514,-45.95690711548745,-45002706,2679.984740578059,2213.02607421875,2314.2975,2364.8399770801,2061.2121713574
2026-06-22,2116.197021484375,2145.237743488044,2109.434053749718,2120.5729308842238,4566101,37.605649010849156,-46.33282400928783,-46.032090494247534,-40436605,2674.3749125273753,2204.0552612304687,2307.0824462890623,2356.490830888457,2051.6196915724804
2026-06-23,2048.368896484375,2102.4721508294924,2043.7938836114508,2099.4885101234904,6392736,32.32426829944548,-52.56807596245244,-47.33928758788852,-46829341,2668.145996944858,2193.284326171875,2299.5254296875,2357.316667981056,2029.2519843626937
2026-06-24,2097.49951171875,2109.1356624395376,2049.7612582514666,2049.7612582514666,4747277,39.00627099736429,-52.93492712116449,-48.458415494543715,-42082064,2662.4679224649963,2184.5720947265627,2291.3359033203124,2349.516797253008,2019.6273922001174
2026-06-25,2083.27734375,2136.78401555451,2076.61392807904,2121.965363861958,4738903,37.84150060939747,-53.75363100517097,-49.51745859666917,-46820967,2656.7048321295238,2175.1487548828127,2282.4301904296876,2340.6295385229423,2009.667971242683
2026-06-26,2083.27734375,2083.27734375,2083.27734375,2083.27734375,0,37.84150060939747,-53.78248868061564,-50.37046461345847,-46820967,2650.9990859764935,2166.9835205078125,2273.4342041015625,2333.6710550949956,2000.2959859206292
2026-06-29,2086.4599609375,2093.521341445675,2059.706744956766,2078.6031371123327,3412470,38.319515724242706,-52.9383081244182,-50.88403331565043,-43408497,2645.3817812497377,2157.0629150390623,2264.539150390625,2318.023553797274,1996.1022762808507
2026-06-30,2020.422119140625,2092.8251853118586,2007.791421498655,2078.60311543387,6848411,32.70018637478388,-56.94160352288145,-52.095547357096635,-50256908,2639.16327714915,2136.4061767578123,2253.71693359375,2248.860088408286,2023.9522651073387
2026-07-01,1971.788818359375,2040.8104030555382,1966.0205187179013,2028.776408877907,4658295,29.29329519829008,-63.30876090852507,-54.33819006738233,-54915203,2632.5227352706447,2123.521826171875,2243.3350390625,2248.698657689495,1998.3449946542553
2026-07-02,2056.82275390625,2065.5745732846704,1991.580373389582,1997.0503819057583,6040621,40.88950013630345,-60.79247327919575,-55.62904670974501,-48874582,2626.7943772471185,2114.923974609375,2234.9815576171877,2233.4459244968757,1996.4020247218739
2026-07-03,2082.083984375,2105.0581154318793,2073.6303355251375,2088.5485393778363,4028819,43.83634679718592,-56.1130902469813,-55.72585541719227,-44845763,2621.3743733379433,2109.68271484375,2229.5844482421876,2224.2116999571404,1995.15372973036
2026-07-06,2046.3798828125,2081.5867473982344,2039.4180542258837,2078.6031065753987,2567386,40.74455145488495,-54.65563198174732,-55.511810730103285,-47413149,2615.65303512376,2105.0182983398436,2222.4782763671874,2221.8578678179406,1988.1787288617465
2026-07-07,2084.669921875,2111.124724588052,2037.8266642409067,2038.8212111731864,4769048,45.20776611706374,-49.83641647002014,-54.37673187808666,-42644101,2610.3696210615835,2102.2882690429688,2216.1948193359376,2218.347914355968,1986.2286237299697
2026-07-08,2046.2803955078125,2098.1956989000228,2037.6278854106638,2082.5813599967723,3666985,41.80769980565986,-48.55515381097803,-53.21241626466494,-46311086,2604.756792946621,2097.494561767578,2208.5548266601563,2214.487874413204,1980.5012491219522
2026-07-09,2038.323974609375,2053.7394523387943,2005.006651774823,2046.280350211656,3791498,41.117475168207456,-47.6326807017922,-52.09646915209039,-50102584,2599.1206455004794,2093.213031005859,2200.7714038085937,2212.268960051472,1974.1571019602466
2026-07-10,2057.717529296875,2121.666943317309,2053.341620075063,2093.7200783959847,6714551,43.56327192050738,-44.820058596141735,-50.64118704090066,-43388033,2593.733549816862,2088.6182189941405,2193.3758520507813,2205.6893192635684,1971.5471187247126
2026-07-13,2169.604248046875,2192.8765503750355,2053.8390761022306,2063.684994131224,12382622,55.14027923940712,-33.18023113620302,-47.14899585996114,-31005411,2589.5133577594493,2089.5879089355467,2189.054050292969,2208.9818289629184,1970.1939889081752
2026-07-14,2188.60009765625,2215.850586742918,2167.1177865856457,2170.996422535663,9546290,56.76195993951801,-22.167247474976648,-42.15264618296424,-21459121,2585.5241710917558,2089.6674743652343,2185.1906616210936,2209.322812495143,1970.0121362353257
2026-07-15,2189.199951171875,2202.89990234375,2145.39990234375,2174.10009765625,5426489,56.815049896527334,-13.238371705248483,-36.36979128742109,-16032632,2581.5806465154387,2088.583575439453,2181.1803149414063,2204.150216333027,1973.0169345458792
2026-07-16,2201.0,2231.39990234375,2187.800048828125,2206.0,5197595,57.90988758491418,-5.150634694753535,-30.125959968887578,-10835037,2577.7937744108076,2089.069305419922,2178.0732153320314,2206.4262919418316,1971.712318898012
2026-07-17,2269.0,2275.0,2215.10009765625,2224.800048828125,5615138,63.63188776582406,6.669109512269642,-22.766946072656136,-5219899,2574.7211995410485,2096.8486877441405,2176.463493652344,2237.8702509903833,1955.8271244978976
2026-07-20,2251.10009765625,2283.39990234375,2245.10009765625,2280.10009765625,2202693,61.27061345436772,14.425679179669714,-15.328421022190968,-7422592,2571.501089074533,2103.5938415527344,2174.5252075195312,2259.763367354274,1947.4243157511949
2026-07-21,2221.10009765625,2259.89990234375,2218.5,2245.10009765625,2382160,57.42448304623839,17.945206079431046,-8.673695601866566,-9804752,2568.014512045496,2112.230401611328,2173.804177246094,2274.2246769534745,1950.2361262691813
2026-07-22,2208.300048828125,2226.800048828125,2201.0,2216.0,1599665,55.814598840819976,19.477079885497005,-3.043540504393852,-11404417,2564.435263655273,2117.770428466797,2173.366833496094,2284.868762549625,1950.672094383969
2026-07-23,2242.89990234375,2250.0,2193.60009765625,2204.0,2503539,59.14850106564004,23.215407166304885,2.208249029745895,-8900878,2561.2359068263027,2125.7515563964844,2174.1474291992185,2300.5674083923054,1950.9357044006633
2026-07-24,2254.300048828125,2264.300048828125,2205.10009765625,2205.10009765625,3211699,60.21369460453675,26.789146411659658,7.124428506128648,-5689179,2558.1818186870173,2134.3026916503904,2174.8027807617186,2316.5449087292113,1952.0604745715693
2026-07-27,2295.60009765625,2315.0,2272.39990234375,2286.0,4007292,63.88739827370474,32.578385938763404,12.2152199926556,-1681887,2555.5690652439253,2144.759698486328,2175.907341308594,2338.461569872144,1951.0578271005118
2026-07-28,2398.0,2417.39990234375,2323.0,2325.0,8248513,71.02995028200455,44.91150443398692,18.754476880921864,6566626,2554.0012138484635,2163.638592529297,2178.1983618164063,2377.7155127048777,1949.5616723537166
2026-07-29,2446.60009765625,2475.5,2415.10009765625,2440.0,7169419,73.68971081574952,57.93932296055527,26.591446096848546,13736045,2552.9325460256555,2187.3791564941407,2181.4555004882814,2415.910654868694,1958.8476581195875
2026-07-30,2431.800048828125,2495.0,2423.0,2440.0,4901582,71.53580140612438,66.30539542715587,34.53423596291002,8834463,2551.727247546078,2206.1280212402344,2184.420563964844,2449.766864002999,1962.48917847747
2026-07-31,2365.60009765625,2391.0,2326.10009765625,2385.0,4343683,62.70674941817999,66.82348577984476,40.992085926296966,4490780,2549.875236104388,2220.303826904297,2186.255915527344,2466.403310554304,1974.2043432542896
2026-08-03,2473.699951171875,2473.699951171875,2383.0,2383.89990234375,3036839,69.35745319906908,75.09122595735971,47.81191393250951,7527619,2549.1172730702338,2241.6698303222656,2189.817648925781,2497.659953056816,1985.6797075877153
2026-08-04,2460.0,2467.39990234375,2435.10009765625,2463.10009765625,2792792,67.70942333270882,79.62018610600535,54.17356836720868,4734827,2548.2305340347093,2260.4363342285155,2193.7418969726564,2522.592842082142,1998.2798263748891
2026-08-05,2413.0,2460.89990234375,2408.0,2460.0,3014409,62.24505093278976,78.51187640929174,59.0412299756253,1720418,2546.8849565816276,2278.772314453125,2196.5670141601563,2529.498825081094,2028.0458038251566
2026-08-06,2373.0,2434.5,2368.5,2417.0,2729141,57.95806674636516,73.5579371721592,61.944571414932085,-1008723,2545.1547580086763,2295.5061157226564,2198.592131347656,2523.44556652033,2067.566664924983
2026-08-07,2452.699951171875,2457.699951171875,2375.0,2375.0,4547979,63.37124099464576,75.19620951948764,64.5948990358432,3539256,2544.2348096819424,2315.255236816406,2202.714489746094,2525.0875034195565,2105.4229702132557
2026-08-10,2425.699951171875,2472.89990234375,2423.5,2452.699951171875,2322023,60.527985163969504,73.46897321589086,66.36971387185272,1217233,2543.055358353484,2328.060021972656,2205.5310473632812,2531.9484593498855,2124.171584595427
2026-08-11,2445.699951171875,2456.60009765625,2428.0,2438.0,1514105,61.89191420220457,72.87391373910259,67.6705538453027,2731338,2542.086647834264,2340.9150146484376,2205.773908691406,2540.3830773544323,2141.446951942443
2026-08-12,2349.699951171875,2445.800048828125,2300.10009765625,2445.699951171875,7022647,52.51221816398494,63.91910743974904,66.92026456419197,-4291309,2540.172352345086,2348.9400146484377,2208.178391113281,2535.8674028623836,2162.0126264344917
2026-08-13,2375.0,2375.0,2332.300048828125,2349.699951171875,2123494,54.47053175334984,58.19304819503759,65.1748212903611,-2167815,2538.5288463516026,2357.6400146484375,2211.1027954101564,2531.989271730181,2183.290757566694
2026-08-14,2361.0,2390.0,2333.39990234375,2375.10009765625,2232160,53.16403114285128,51.92684168484993,62.52522536925887,-4399975,2536.762390169,2362.2400146484374,2214.5846118164063,2531.7801895507105,2192.6998397461643
2026-08-17,2313.199951171875,2361.10009765625,2310.60009765625,2351.0,2237636,48.85534304470861,42.612552442033575,58.54269078381382,-6637611,2534.5378882884315,2365.345007324219,2218.055246582031,2528.794927248267,2201.8950874001707
2026-08-18,2280.0,2307.0,2280.0,2300.0,1797822,46.06297338931483,32.18099009344405,53.27035064573987,-8435433,2532.005172982079,2368.290002441406,2220.869836425781,2523.1338579870066,2213.4461468958057
2026-08-19,2289.0,2308.199951171875,2258.300048828125,2293.60009765625,3368922,46.948192489086225,24.359327397614834,47.488145996114866,-5066511,2529.5872110618593,2372.325,2223.8067456054687,2513.9213227807522,2230.7286772192474
2026-08-20,2298.0,2329.0,2288.10009765625,2319.39990234375,2047848,47.86957449734984,18.67159363424298,41.724835523740495,-3018663,2527.2828607030347,2375.0800048828123,2227.287653808594,2508.398527083397,2241.761482682228
2026-08-21,2302.0,2307.199951171875,2263.300048828125,2290.10009765625,2066749,48.29934612722272,14.321698593033943,36.24420813759918,-951914,2525.041240198527,2377.4650024414063,2230.335378417969,2503.5667604551218,2251.363244427691
2026-08-24,2284.10009765625,2321.60009765625,2279.5,2302.39990234375,1542723,46.45372574008262,9.322538489531325,30.859874207985612,-2494637,2522.6438158946235,2376.890002441406,2233.0131713867186,2504.574611679017,2249.205393203795
2026-08-25,2296.199951171875,2313.5,2262.0,2305.0,3041609,47.90292661934735,6.264808335730777,25.94086103353465,546972,2520.3906431113123,2371.8,2235.1969946289064,2503.7574833502767,2239.8425166497236
2026-08-26,2270.0,2306.300048828125,2266.39990234375,2305.10009765625,1660737,45.0591998957838,1.7077323857292868,21.09423530397358,-1113765,2517.8991939261255,2362.9699951171874,2236.3794360351562,2497.3371731977722,2228.6028170366026
2026-08-27,2248.39990234375,2283.60009765625,2243.89990234375,2270.0,1709113,42.80318573357104,-3.6051723156047046,16.154353780057924,-2822878,2515.217608935256,2353.7999877929688,2237.521726074219,2493.069253537021,2214.5307220489167
2026-08-28,2342.0,2348.5,2263.300048828125,2272.0,4054069,53.63606503591057,-0.25994544731247515,12.871493934583846,1231191,2513.494050637393,2352.619982910156,2242.0934790039064,2491.869249186928,2213.3707166333843
